stock_code,expiry_date,strike_price,datetime,call_open,call_high,call_low,call_close,call_OI,call_volume,put_open,put_high,put_low,put_close,put_OI,put_volume
NIFTY,26-DEC-2024,26000.0,28-10-2024 09:15:00,83.35,92.85,83.35,86.85,1989925.0,0.0,1537.0,1537.0,1537.0,1537.0,0.0,0.0
NIFTY,26-DEC-2024,26000.0,28-10-2024 09:16:00,85.0,86.85,85.0,86.85,1989925.0,7550.0,1537.0,1537.0,1504.25,1504.25,1039700.0,300.0
NIFTY,26-DEC-2024,26000.0,28-10-2024 09:17:00,87.0,87.0,86.25,86.25,1989925.0,5325.0,1504.25,1504.25,1488.5,1488.8,1039700.0,150.0
NIFTY,26-DEC-2024,26000.0,28-10-2024 09:18:00,86.0,86.0,84.05,85.0,1987450.0,0.0,1490.3,1500.0,1490.3,1499.8,1039700.0,75.0
NIFTY,26-DEC-2024,26000.0,28-10-2024 09:19:00,85.0,85.5,85.0,85.3,1987450.0,1200.0,1505.0,1505.0,1502.0,1502.0,1039600.0,150.0
NIFTY,26-DEC-2024,26000.0,28-10-2024 09:20:00,85.25,85.25,84.0,84.0,1987450.0,3975.0,1500.0,1500.0,1500.0,1500.0,1039600.0,0.0
NIFTY,26-DEC-2024,26000.0,28-10-2024 09:21:00,83.95,83.95,82.2,83.0,1987450.0,11825.0,1501.0,1503.05,1501.0,1503.05,1039600.0,2525.0
NIFTY,26-DEC-2024,26000.0,28-10-2024 09:22:00,83.0,85.25,82.45,85.25,1979900.0,3900.0,1504.0,1504.0,1494.35,1494.35,1039400.0,650.0
NIFTY,26-DEC-2024,26000.0,28-10-2024 09:23:00,85.7,86.0,84.4,85.0,1979900.0,3875.0,1494.35,1494.35,1488.1,1488.1,1039400.0,50.0
NIFTY,26-DEC-2024,26000.0,28-10-2024 09:24:00,85.0,85.95,85.0,85.45,1980100.0,1200.0,1488.1,1490.0,1488.1,1490.0,1039400.0,25.0
NIFTY,26-DEC-2024,26000.0,28-10-2024 09:25:00,85.45,86.0,85.05,85.05,1980100.0,1350.0,1490.0,1500.25,1490.0,1500.25,1039100.0,75.0
NIFTY,26-DEC-2024,26000.0,28-10-2024 09:26:00,86.0,86.0,84.3,85.0,1980100.0,0.0,1500.25,1500.25,1499.9,1499.9,1039100.0,200.0
NIFTY,26-DEC-2024,26000.0,28-10-2024 09:27:00,85.95,86.35,84.0,84.35,1980325.0,10400.0,1499.9,1515.0,1499.9,1500.25,1039100.0,525.0
NIFTY,26-DEC-2024,26000.0,28-10-2024 09:28:00,83.95,84.5,82.25,82.25,1980325.0,0.0,1525.0,1530.0,1525.0,1530.0,1038625.0,0.0
NIFTY,26-DEC-2024,26000.0,28-10-2024 09:29:00,83.25,83.5,82.75,82.8,1980325.0,5350.0,1528.0,1530.0,1526.0,1530.0,1038625.0,850.0
NIFTY,26-DEC-2024,26000.0,28-10-2024 09:30:00,82.8,83.05,81.05,81.8,1980050.0,100.0,1530.0,1550.0,1530.0,1550.0,1038625.0,100.0
NIFTY,26-DEC-2024,26000.0,28-10-2024 09:31:00,82.35,82.35,80.1,81.05,1980050.0,13925.0,1555.0,1563.6,1550.0,1556.05,1038200.0,300.0
NIFTY,26-DEC-2024,26000.0,28-10-2024 09:32:00,81.4,81.4,80.8,81.25,1980050.0,5275.0,1556.05,1557.0,1556.05,1557.0,1038200.0,150.0
NIFTY,26-DEC-2024,26000.0,28-10-2024 09:33:00,81.3,82.5,81.3,81.3,1979125.0,2300.0,1549.0,1549.0,1530.1,1540.0,1038200.0,1500.0
NIFTY,26-DEC-2024,26000.0,28-10-2024 09:34:00,81.3,82.8,81.3,82.8,1979125.0,1900.0,1539.0,1544.25,1530.0,1544.25,1037400.0,1550.0
NIFTY,26-DEC-2024,26000.0,28-10-2024 09:35:00,82.8,85.7,82.8,83.2,1979125.0,25.0,1544.25,1544.25,1544.25,1544.25,1037400.0,9800.0
NIFTY,26-DEC-2024,26000.0,28-10-2024 09:36:00,82.4,82.95,81.35,81.55,1978375.0,9925.0,1544.25,1548.2,1544.25,1548.2,1037400.0,150.0
NIFTY,26-DEC-2024,26000.0,28-10-2024 09:37:00,81.9,82.5,81.3,82.15,1978375.0,1650.0,1548.7,1562.8,1548.7,1562.8,1028975.0,50.0
NIFTY,26-DEC-2024,26000.0,28-10-2024 09:38:00,82.15,82.5,81.45,81.95,1978375.0,1250.0,1562.8,1562.8,1562.8,1562.8,1028975.0,225.0
NIFTY,26-DEC-2024,26000.0,28-10-2024 09:39:00,82.25,82.75,81.3,82.0,1978025.0,0.0,1562.8,1562.8,1562.8,1562.8,1028975.0,0.0
NIFTY,26-DEC-2024,26000.0,28-10-2024 09:40:00,83.0,83.0,81.0,81.05,1978025.0,4775.0,1562.8,1562.8,1555.1,1561.05,1028925.0,125.0
NIFTY,26-DEC-2024,26000.0,28-10-2024 09:41:00,83.0,83.35,81.0,81.0,1978025.0,0.0,1562.0,1575.85,1562.0,1574.35,1028925.0,0.0
NIFTY,26-DEC-2024,26000.0,28-10-2024 09:42:00,82.3,82.9,81.05,81.1,1978850.0,3825.0,1574.35,1590.1,1574.35,1579.85,1028925.0,1025.0
NIFTY,26-DEC-2024,26000.0,28-10-2024 09:43:00,81.1,81.75,81.05,81.75,1978850.0,400.0,1580.0,1586.5,1580.0,1586.5,1028250.0,3925.0
NIFTY,26-DEC-2024,26000.0,28-10-2024 09:44:00,81.75,82.05,81.0,81.0,1978850.0,3725.0,1578.1,1594.45,1578.1,1585.8,1028250.0,250.0
NIFTY,26-DEC-2024,26000.0,28-10-2024 09:45:00,81.0,81.6,80.0,80.85,1979850.0,5175.0,1594.75,1597.1,1586.15,1597.1,1028800.0,0.0
NIFTY,26-DEC-2024,26000.0,28-10-2024 09:46:00,80.85,82.0,80.75,81.9,1979850.0,200.0,1585.0,1585.0,1585.0,1585.0,1028800.0,1525.0
NIFTY,26-DEC-2024,26000.0,28-10-2024 09:47:00,83.0,84.0,83.0,83.5,1979850.0,2250.0,1585.0,1585.0,1543.75,1554.45,1028800.0,475.0
NIFTY,26-DEC-2024,26000.0,28-10-2024 09:48:00,83.5,84.0,83.0,83.0,1979650.0,1925.0,1546.6,1552.05,1545.0,1548.45,1028475.0,150.0
NIFTY,26-DEC-2024,26000.0,28-10-2024 09:49:00,83.0,83.0,82.2,82.2,1979650.0,500.0,1554.6,1554.6,1554.6,1554.6,1028475.0,50.0
NIFTY,26-DEC-2024,26000.0,28-10-2024 09:50:00,82.2,82.2,80.05,81.0,1979650.0,5825.0,1554.6,1579.0,1554.6,1579.0,1028475.0,450.0
NIFTY,26-DEC-2024,26000.0,28-10-2024 09:51:00,81.6,83.0,81.5,82.7,1981175.0,4825.0,1579.0,1579.0,1560.0,1560.0,1028275.0,400.0
NIFTY,26-DEC-2024,26000.0,28-10-2024 09:52:00,82.7,83.5,82.0,82.25,1981175.0,3050.0,1555.0,1555.0,1540.0,1550.0,1028275.0,1750.0
NIFTY,26-DEC-2024,26000.0,28-10-2024 09:53:00,83.5,85.05,83.3,84.95,1981175.0,0.0,,,,,,
NIFTY,26-DEC-2024,26000.0,28-10-2024 09:54:00,84.05,87.0,84.0,86.5,1981175.0,4500.0,1514.6,1538.85,1494.65,1494.65,1028275.0,25.0
NIFTY,26-DEC-2024,26000.0,28-10-2024 09:55:00,86.95,88.95,86.55,88.5,1982175.0,11400.0,1495.95,1501.95,1481.2,1481.2,1020400.0,11125.0
NIFTY,26-DEC-2024,26000.0,28-10-2024 09:56:00,87.25,90.0,87.15,88.3,1982175.0,5800.0,1475.5,1480.0,1475.0,1480.0,1020400.0,0.0
NIFTY,26-DEC-2024,26000.0,28-10-2024 09:57:00,88.3,89.6,87.6,89.6,1986700.0,3800.0,1477.35,1477.35,1475.0,1475.0,1020400.0,4025.0
NIFTY,26-DEC-2024,26000.0,28-10-2024 09:58:00,89.6,90.0,88.25,89.45,1986700.0,5000.0,1473.0,1473.0,1466.5,1471.3,1017000.0,1225.0
NIFTY,26-DEC-2024,26000.0,28-10-2024 09:59:00,88.5,89.15,87.15,87.7,1986700.0,1700.0,1471.3,1471.3,1469.9,1469.9,1017000.0,1075.0
NIFTY,26-DEC-2024,26000.0,28-10-2024 10:00:00,88.55,89.5,87.75,88.8,1985800.0,1375.0,1469.9,1469.9,1469.9,1469.9,1017000.0,0.0
NIFTY,26-DEC-2024,26000.0,28-10-2024 10:01:00,88.8,88.8,87.95,87.95,1985800.0,0.0,1469.9,1473.6,1469.9,1473.6,1015050.0,25.0
NIFTY,26-DEC-2024,26000.0,28-10-2024 10:02:00,87.15,87.45,85.4,86.35,1985800.0,8175.0,1487.8,1498.3,1480.85,1490.85,1015050.0,0.0
NIFTY,26-DEC-2024,26000.0,28-10-2024 10:03:00,86.3,87.85,85.6,86.35,1985800.0,2100.0,1493.3,1493.3,1480.0,1490.0,1015050.0,2675.0
NIFTY,26-DEC-2024,26000.0,28-10-2024 10:04:00,87.0,87.0,86.8,86.95,1987000.0,1400.0,1490.0,1494.0,1490.0,1492.0,1016325.0,3175.0
NIFTY,26-DEC-2024,26000.0,28-10-2024 10:05:00,86.0,87.0,86.0,87.0,1987000.0,1450.0,1492.0,1499.3,1490.0,1490.0,1016325.0,175.0
NIFTY,26-DEC-2024,26000.0,28-10-2024 10:06:00,86.9,87.5,86.35,87.5,1987000.0,350.0,1490.0,1490.0,1490.0,1490.0,1016325.0,25.0
NIFTY,26-DEC-2024,26000.0,28-10-2024 10:07:00,87.5,88.0,86.55,86.55,1986675.0,1100.0,1490.0,1490.0,1479.2,1479.2,1013350.0,50.0
NIFTY,26-DEC-2024,26000.0,28-10-2024 10:08:00,86.55,87.5,85.15,85.15,1986675.0,450.0,1479.2,1479.2,1479.2,1479.2,1013350.0,0.0
NIFTY,26-DEC-2024,26000.0,28-10-2024 10:09:00,85.15,86.0,85.0,86.0,1986675.0,1500.0,1479.2,1506.0,1479.2,1506.0,1013350.0,2000.0
NIFTY,26-DEC-2024,26000.0,28-10-2024 10:10:00,85.0,87.0,85.0,87.0,1987675.0,6500.0,1506.0,1506.0,1496.95,1496.95,1011300.0,25.0
NIFTY,26-DEC-2024,26000.0,28-10-2024 10:11:00,87.05,87.45,86.7,87.25,1987675.0,4850.0,1496.95,1496.95,1488.2,1492.0,1011300.0,2675.0
NIFTY,26-DEC-2024,26000.0,28-10-2024 10:12:00,86.65,87.4,86.2,86.85,1984950.0,2550.0,1492.0,1500.0,1492.0,1500.0,1011300.0,725.0
NIFTY,26-DEC-2024,26000.0,28-10-2024 10:13:00,86.45,89.0,86.45,88.8,1984950.0,6825.0,1500.0,1500.0,1490.75,1490.75,1011850.0,10750.0
NIFTY,26-DEC-2024,26000.0,28-10-2024 10:14:00,88.8,89.75,88.05,88.5,1984950.0,425.0,1490.75,1490.75,1483.9,1484.7,1011850.0,75.0
NIFTY,26-DEC-2024,26000.0,28-10-2024 10:15:00,89.65,90.0,89.3,90.0,1984950.0,1450.0,1484.7,1484.7,1468.0,1470.1,1001250.0,75.0
NIFTY,26-DEC-2024,26000.0,28-10-2024 10:16:00,90.0,92.0,89.5,92.0,1984975.0,4450.0,1470.1,1470.1,1442.9,1442.9,1001250.0,425.0
NIFTY,26-DEC-2024,26000.0,28-10-2024 10:17:00,92.0,93.6,91.75,93.0,1984975.0,7250.0,1442.9,1442.9,1436.05,1436.05,1001250.0,675.0
NIFTY,26-DEC-2024,26000.0,28-10-2024 10:18:00,93.0,95.0,92.85,95.0,1983075.0,7275.0,1436.05,1436.05,1421.05,1421.05,1001250.0,100.0
NIFTY,26-DEC-2024,26000.0,28-10-2024 10:19:00,95.0,97.0,94.6,95.5,1983075.0,9175.0,1421.05,1422.1,1420.1,1420.1,1001025.0,200.0
NIFTY,26-DEC-2024,26000.0,28-10-2024 10:20:00,95.5,98.0,95.5,97.65,1983075.0,11200.0,1420.1,1423.0,1400.0,1400.9,1001025.0,5075.0
NIFTY,26-DEC-2024,26000.0,28-10-2024 10:21:00,98.7,99.05,96.05,97.5,1983075.0,11100.0,1405.0,1406.4,1400.0,1402.55,1001025.0,1150.0
NIFTY,26-DEC-2024,26000.0,28-10-2024 10:22:00,97.5,98.55,95.75,95.75,1983525.0,6325.0,1405.0,1408.5,1405.0,1408.5,995675.0,1050.0
NIFTY,26-DEC-2024,26000.0,28-10-2024 10:23:00,96.7,98.2,95.9,96.3,1983525.0,4725.0,1407.0,1407.85,1400.45,1400.45,995675.0,0.0
NIFTY,26-DEC-2024,26000.0,28-10-2024 10:24:00,96.3,99.6,96.3,99.6,1987100.0,5275.0,1400.45,1403.0,1390.35,1390.35,995675.0,4800.0
NIFTY,26-DEC-2024,26000.0,28-10-2024 10:25:00,98.3,98.85,97.05,97.25,1987100.0,800.0,1390.35,1402.7,1390.35,1400.0,990425.0,125.0
NIFTY,26-DEC-2024,26000.0,28-10-2024 10:26:00,98.25,98.6,97.0,97.0,1987100.0,8225.0,1395.45,1406.9,1394.15,1400.25,990425.0,475.0
NIFTY,26-DEC-2024,26000.0,28-10-2024 10:27:00,97.0,97.5,96.0,96.0,1987100.0,325.0,1400.85,1414.45,1400.85,1406.7,990425.0,600.0
NIFTY,26-DEC-2024,26000.0,28-10-2024 10:28:00,96.0,98.15,95.8,98.1,1986375.0,775.0,1412.95,1412.95,1410.65,1412.95,990600.0,875.0
NIFTY,26-DEC-2024,26000.0,28-10-2024 10:29:00,96.55,98.25,96.5,97.0,1986375.0,9475.0,1412.95,1412.95,1402.8,1403.65,990600.0,11850.0
NIFTY,26-DEC-2024,26000.0,28-10-2024 10:30:00,97.7,99.0,96.75,98.4,1986375.0,7375.0,1403.65,1403.65,1394.3,1397.3,990600.0,375.0
NIFTY,26-DEC-2024,26000.0,28-10-2024 10:31:00,98.2,98.4,96.95,96.95,1986675.0,9750.0,1397.3,1397.3,1396.1,1396.1,980875.0,100.0
NIFTY,26-DEC-2024,26000.0,28-10-2024 10:32:00,96.5,96.55,95.0,95.95,1986675.0,1200.0,1396.1,1413.95,1396.1,1405.5,980875.0,625.0
NIFTY,26-DEC-2024,26000.0,28-10-2024 10:33:00,95.2,96.0,95.2,95.95,1986675.0,1450.0,1405.5,1413.1,1403.3,1403.3,980875.0,300.0
NIFTY,26-DEC-2024,26000.0,28-10-2024 10:34:00,96.45,98.3,95.55,98.15,1986725.0,2675.0,1408.65,1408.65,1408.65,1408.65,980800.0,3575.0
NIFTY,26-DEC-2024,26000.0,28-10-2024 10:35:00,96.45,98.15,96.45,98.15,1986725.0,2275.0,1408.65,1408.65,1394.0,1394.0,980800.0,7275.0
NIFTY,26-DEC-2024,26000.0,28-10-2024 10:36:00,98.15,101.1,97.75,99.8,1986725.0,10600.0,1392.4,1399.55,1378.55,1384.55,980800.0,3850.0
NIFTY,26-DEC-2024,26000.0,28-10-2024 10:37:00,99.8,101.4,99.8,100.25,1987750.0,4850.0,1387.8,1387.8,1380.45,1383.1,965175.0,8550.0
NIFTY,26-DEC-2024,26000.0,28-10-2024 10:38:00,101.35,101.5,100.0,100.0,1987750.0,5625.0,1383.15,1387.6,1380.0,1385.3,965175.0,575.0
NIFTY,26-DEC-2024,26000.0,28-10-2024 10:39:00,100.0,100.95,100.0,100.5,1987750.0,2775.0,1387.45,1387.45,1380.85,1380.85,965175.0,400.0
NIFTY,26-DEC-2024,26000.0,28-10-2024 10:40:00,100.95,102.0,100.0,102.0,1987550.0,3100.0,1380.8,1385.0,1378.9,1378.9,964350.0,4000.0
NIFTY,26-DEC-2024,26000.0,28-10-2024 10:41:00,101.8,102.0,100.05,100.05,1987550.0,18150.0,1378.9,1379.2,1374.3,1379.2,964350.0,400.0
NIFTY,26-DEC-2024,26000.0,28-10-2024 10:42:00,100.05,101.55,99.85,101.55,1987550.0,2650.0,1380.0,1386.45,1375.0,1375.0,964350.0,775.0
NIFTY,26-DEC-2024,26000.0,28-10-2024 10:43:00,100.8,101.95,100.25,101.2,1979000.0,1350.0,1375.4,1379.1,1375.0,1377.35,960250.0,200.0
NIFTY,26-DEC-2024,26000.0,28-10-2024 10:44:00,100.85,100.9,100.85,100.9,1979000.0,1425.0,1379.95,1380.0,1379.95,1380.0,960250.0,400.0
NIFTY,26-DEC-2024,26000.0,28-10-2024 10:45:00,101.05,102.55,101.05,102.15,1979000.0,1050.0,1375.0,1379.0,1375.0,1375.0,960250.0,1400.0
NIFTY,26-DEC-2024,26000.0,28-10-2024 10:46:00,101.35,102.2,101.35,102.1,1978675.0,1300.0,1375.0,1375.0,1370.5,1370.5,960100.0,25.0
NIFTY,26-DEC-2024,26000.0,28-10-2024 10:47:00,102.1,102.5,102.0,102.0,1978675.0,1825.0,1370.5,1372.65,1370.0,1372.65,960100.0,350.0
NIFTY,26-DEC-2024,26000.0,28-10-2024 10:48:00,102.0,102.0,101.0,101.0,1978675.0,75.0,1372.65,1376.15,1372.55,1375.0,960100.0,250.0
NIFTY,26-DEC-2024,26000.0,28-10-2024 10:49:00,101.0,102.0,101.0,101.0,1983050.0,4850.0,1373.0,1373.0,1368.05,1373.0,960175.0,575.0
NIFTY,26-DEC-2024,26000.0,28-10-2024 10:50:00,101.0,102.0,100.15,100.95,1983050.0,5000.0,1371.4,1371.4,1366.75,1366.75,960175.0,200.0
NIFTY,26-DEC-2024,26000.0,28-10-2024 10:51:00,100.95,100.95,99.45,99.65,1983050.0,4625.0,1366.75,1366.75,1366.75,1366.75,960175.0,0.0
NIFTY,26-DEC-2024,26000.0,28-10-2024 10:52:00,99.35,100.7,99.35,100.35,1985050.0,2050.0,1375.0,1375.0,1372.0,1372.8,959600.0,250.0
NIFTY,26-DEC-2024,26000.0,28-10-2024 10:53:00,100.35,101.2,99.75,100.05,1985050.0,150.0,1372.8,1375.0,1372.8,1375.0,959600.0,25.0
NIFTY,26-DEC-2024,26000.0,28-10-2024 10:54:00,100.05,100.1,100.0,100.0,1985050.0,825.0,1375.0,1383.1,1375.0,1380.1,959600.0,175.0
NIFTY,26-DEC-2024,26000.0,28-10-2024 10:55:00,99.05,100.7,98.2,99.15,1986325.0,3000.0,1380.1,1381.0,1380.1,1381.0,959525.0,25.0
NIFTY,26-DEC-2024,26000.0,28-10-2024 10:56:00,99.15,99.15,97.95,98.0,1986325.0,25700.0,1381.0,1381.0,1381.0,1381.0,959525.0,0.0
NIFTY,26-DEC-2024,26000.0,28-10-2024 10:57:00,97.1,97.95,96.3,96.3,1986325.0,7100.0,1381.0,1400.0,1381.0,1396.15,959525.0,125.0
NIFTY,26-DEC-2024,26000.0,28-10-2024 10:58:00,96.35,96.35,95.0,96.0,1992500.0,650.0,1396.15,1403.15,1396.15,1400.0,959575.0,650.0
NIFTY,26-DEC-2024,26000.0,28-10-2024 10:59:00,95.95,95.95,95.35,95.75,1992500.0,2575.0,1398.4,1398.4,1391.85,1391.85,959575.0,175.0
NIFTY,26-DEC-2024,26000.0,28-10-2024 11:00:00,95.75,96.0,95.3,96.0,1992500.0,1525.0,1391.85,1391.85,1388.25,1391.5,959575.0,125.0
NIFTY,26-DEC-2024,26000.0,28-10-2024 11:01:00,95.6,96.45,95.6,96.45,1994250.0,350.0,1391.5,1395.0,1391.5,1395.0,959575.0,25.0
NIFTY,26-DEC-2024,26000.0,28-10-2024 11:02:00,95.25,96.0,93.25,94.0,1994250.0,1750.0,1396.25,1418.5,1396.25,1413.15,959375.0,375.0
NIFTY,26-DEC-2024,26000.0,28-10-2024 11:03:00,94.05,94.7,93.05,93.45,1994250.0,4800.0,1413.15,1417.8,1412.75,1415.4,959375.0,75.0
NIFTY,26-DEC-2024,26000.0,28-10-2024 11:04:00,93.45,94.75,93.05,94.0,1995550.0,3775.0,1423.85,1424.9,1423.85,1424.9,959050.0,350.0
NIFTY,26-DEC-2024,26000.0,28-10-2024 11:05:00,94.5,94.5,92.4,93.05,1995550.0,4500.0,1415.1,1420.0,1415.1,1420.0,959050.0,25.0
NIFTY,26-DEC-2024,26000.0,28-10-2024 11:06:00,93.05,94.05,91.6,93.6,1995550.0,3125.0,1420.0,1429.95,1420.0,1427.75,959050.0,575.0
NIFTY,26-DEC-2024,26000.0,28-10-2024 11:07:00,93.5,93.85,91.85,92.0,1995925.0,1675.0,1421.05,1429.85,1419.0,1424.65,958625.0,375.0
NIFTY,26-DEC-2024,26000.0,28-10-2024 11:08:00,92.85,93.4,92.2,93.4,1995925.0,2575.0,1424.65,1433.55,1419.2,1419.2,958625.0,100.0
NIFTY,26-DEC-2024,26000.0,28-10-2024 11:09:00,93.0,95.15,92.95,92.95,1995925.0,4525.0,1420.0,1425.0,1420.0,1425.0,958625.0,2850.0
NIFTY,26-DEC-2024,26000.0,28-10-2024 11:10:00,93.45,93.45,91.55,92.35,1996850.0,0.0,1425.0,1433.3,1425.0,1433.3,960300.0,100.0
NIFTY,26-DEC-2024,26000.0,28-10-2024 11:11:00,91.6,92.15,90.95,91.8,1996850.0,0.0,1433.3,1433.3,1433.3,1433.3,960300.0,0.0
NIFTY,26-DEC-2024,26000.0,28-10-2024 11:12:00,92.05,93.0,91.55,93.0,1996850.0,5075.0,1433.3,1433.75,1430.35,1430.35,960300.0,300.0
NIFTY,26-DEC-2024,26000.0,28-10-2024 11:13:00,93.0,94.8,93.0,94.8,1995475.0,1075.0,1424.05,1424.05,1420.0,1420.0,960025.0,850.0
NIFTY,26-DEC-2024,26000.0,28-10-2024 11:14:00,96.05,97.0,96.05,97.0,1995475.0,0.0,1420.0,1420.0,1399.3,1399.3,960025.0,250.0
NIFTY,26-DEC-2024,26000.0,28-10-2024 11:15:00,96.2,97.5,96.2,96.3,1995475.0,0.0,1399.3,1399.3,1397.3,1397.3,960025.0,25.0
NIFTY,26-DEC-2024,26000.0,28-10-2024 11:16:00,97.2,97.35,97.2,97.35,1998625.0,0.0,1399.0,1399.0,1395.0,1395.0,960050.0,125.0
NIFTY,26-DEC-2024,26000.0,28-10-2024 11:17:00,97.35,97.8,97.0,97.8,1998625.0,7550.0,1395.0,1396.9,1395.0,1396.9,960050.0,25.0
NIFTY,26-DEC-2024,26000.0,28-10-2024 11:18:00,97.8,97.8,96.55,96.55,1998625.0,325.0,1396.9,1396.9,1390.45,1394.95,960050.0,125.0
NIFTY,26-DEC-2024,26000.0,28-10-2024 11:19:00,96.55,96.6,96.15,96.2,1998925.0,1425.0,1394.95,1401.8,1394.95,1401.8,960050.0,100.0
NIFTY,26-DEC-2024,26000.0,28-10-2024 11:20:00,97.75,97.75,97.75,97.75,1998925.0,275.0,1401.8,1401.8,1401.8,1401.8,960050.0,0.0
NIFTY,26-DEC-2024,26000.0,28-10-2024 11:21:00,97.0,97.05,96.6,96.85,1998925.0,3775.0,1401.8,1407.1,1398.55,1407.1,960050.0,50.0
NIFTY,26-DEC-2024,26000.0,28-10-2024 11:22:00,96.95,97.0,95.55,95.75,1999275.0,11225.0,1407.1,1407.1,1407.1,1407.1,960050.0,0.0
NIFTY,26-DEC-2024,26000.0,28-10-2024 11:23:00,95.8,97.0,95.8,96.45,1999275.0,5300.0,1407.1,1407.1,1388.55,1388.55,960050.0,25.0
NIFTY,26-DEC-2024,26000.0,28-10-2024 11:24:00,96.35,97.0,95.05,96.6,1999275.0,1475.0,1395.3,1395.3,1391.0,1391.0,960050.0,50.0
NIFTY,26-DEC-2024,26000.0,28-10-2024 11:25:00,96.6,96.6,96.05,96.05,2005450.0,0.0,1391.0,1391.0,1391.0,1391.0,960050.0,0.0
NIFTY,26-DEC-2024,26000.0,28-10-2024 11:26:00,96.5,96.5,95.25,95.25,2005450.0,900.0,1391.0,1408.15,1391.0,1391.15,960050.0,75.0
NIFTY,26-DEC-2024,26000.0,28-10-2024 11:27:00,95.25,96.0,95.25,96.0,2005450.0,125.0,1391.15,1399.25,1391.15,1399.25,960050.0,25.0
NIFTY,26-DEC-2024,26000.0,28-10-2024 11:28:00,95.05,97.2,95.05,97.2,2005775.0,0.0,1399.25,1399.25,1399.25,1399.25,960050.0,0.0
NIFTY,26-DEC-2024,26000.0,28-10-2024 11:29:00,97.0,97.0,97.0,97.0,2005775.0,1325.0,1399.25,1399.25,1399.25,1399.25,960050.0,0.0
NIFTY,26-DEC-2024,26000.0,28-10-2024 11:30:00,97.0,97.0,96.5,96.5,2005775.0,0.0,1400.0,1410.55,1400.0,1410.55,960025.0,75.0
NIFTY,26-DEC-2024,26000.0,28-10-2024 11:31:00,96.5,97.0,96.5,97.0,2005775.0,750.0,1410.55,1410.55,1410.55,1410.55,960025.0,0.0
NIFTY,26-DEC-2024,26000.0,28-10-2024 11:32:00,97.0,97.0,96.5,96.95,2006625.0,75.0,1410.55,1410.55,1398.75,1398.75,960025.0,25.0
NIFTY,26-DEC-2024,26000.0,28-10-2024 11:33:00,96.95,97.0,96.95,97.0,2006625.0,2275.0,1398.75,1398.75,1398.75,1398.75,960025.0,0.0
NIFTY,26-DEC-2024,26000.0,28-10-2024 11:34:00,97.0,97.0,95.5,95.5,2007125.0,175.0,1398.75,1398.75,1398.75,1398.75,960025.0,0.0
NIFTY,26-DEC-2024,26000.0,28-10-2024 11:35:00,95.5,95.5,95.0,95.0,2007125.0,225.0,1398.75,1407.15,1398.75,1407.15,960025.0,25.0
NIFTY,26-DEC-2024,26000.0,28-10-2024 11:36:00,95.45,95.5,94.3,95.2,2007125.0,11925.0,1407.15,1407.15,1404.8,1404.8,960050.0,25.0
NIFTY,26-DEC-2024,26000.0,28-10-2024 11:37:00,95.2,95.35,94.35,94.35,2009450.0,750.0,1404.8,1407.6,1398.75,1406.4,959975.0,325.0
NIFTY,26-DEC-2024,26000.0,28-10-2024 11:38:00,94.2,95.4,92.55,94.4,2009450.0,4675.0,1406.4,1406.4,1392.8,1393.9,959975.0,200.0
NIFTY,26-DEC-2024,26000.0,28-10-2024 11:39:00,94.4,94.85,94.3,94.3,2009450.0,400.0,1393.9,1393.9,1391.95,1391.95,959975.0,150.0
NIFTY,26-DEC-2024,26000.0,28-10-2024 11:40:00,94.85,94.85,94.85,94.85,2007775.0,900.0,1391.95,1391.95,1391.95,1391.95,959975.0,0.0
NIFTY,26-DEC-2024,26000.0,28-10-2024 11:41:00,94.85,95.5,94.8,95.0,2007775.0,3800.0,1387.05,1387.65,1387.05,1387.65,960000.0,125.0
NIFTY,26-DEC-2024,26000.0,28-10-2024 11:42:00,95.0,95.75,94.85,95.15,2007775.0,700.0,1387.65,1387.8,1384.55,1387.8,960000.0,450.0
NIFTY,26-DEC-2024,26000.0,28-10-2024 11:43:00,95.15,95.15,94.3,94.3,2008100.0,500.0,1387.8,1392.0,1383.5,1384.25,960025.0,650.0
NIFTY,26-DEC-2024,26000.0,28-10-2024 11:44:00,95.0,95.95,95.0,95.5,2008100.0,5400.0,1384.25,1384.25,1375.95,1378.35,960025.0,300.0
NIFTY,26-DEC-2024,26000.0,28-10-2024 11:45:00,95.5,96.0,95.5,96.0,2008100.0,350.0,1378.35,1378.5,1376.65,1378.5,960025.0,100.0
NIFTY,26-DEC-2024,26000.0,28-10-2024 11:46:00,96.0,96.95,96.0,96.0,2010200.0,1250.0,1378.5,1381.85,1375.4,1381.85,959750.0,1075.0
NIFTY,26-DEC-2024,26000.0,28-10-2024 11:47:00,96.0,96.4,95.3,95.3,2010200.0,1450.0,1381.85,1383.2,1375.8,1378.2,959750.0,625.0
NIFTY,26-DEC-2024,26000.0,28-10-2024 11:48:00,96.35,96.35,96.0,96.0,2010200.0,275.0,1377.15,1377.15,1375.55,1375.55,959750.0,250.0
NIFTY,26-DEC-2024,26000.0,28-10-2024 11:49:00,96.0,99.0,96.0,96.8,2009875.0,5025.0,1375.55,1379.7,1375.55,1379.7,959750.0,25.0
NIFTY,26-DEC-2024,26000.0,28-10-2024 11:50:00,96.8,97.9,96.8,97.75,2009875.0,4025.0,1379.7,1379.7,1373.0,1373.0,959750.0,25.0
NIFTY,26-DEC-2024,26000.0,28-10-2024 11:51:00,97.9,98.0,97.8,97.95,2009875.0,2250.0,1373.0,1376.1,1373.0,1376.1,959750.0,25.0
NIFTY,26-DEC-2024,26000.0,28-10-2024 11:52:00,97.2,97.2,96.5,96.5,2012100.0,125.0,1376.1,1380.25,1375.0,1380.25,959750.0,50.0
NIFTY,26-DEC-2024,26000.0,28-10-2024 11:53:00,96.55,96.85,95.05,95.4,2012100.0,1025.0,1380.25,1385.05,1380.25,1384.3,959750.0,125.0
NIFTY,26-DEC-2024,26000.0,28-10-2024 11:54:00,95.4,95.4,95.05,95.05,2012100.0,275.0,1384.3,1384.3,1381.85,1381.85,959750.0,25.0
NIFTY,26-DEC-2024,26000.0,28-10-2024 11:55:00,95.05,95.05,94.05,94.1,2012650.0,1100.0,1381.85,1384.25,1381.85,1384.25,959625.0,50.0
NIFTY,26-DEC-2024,26000.0,28-10-2024 11:56:00,94.1,95.5,94.0,94.0,2012650.0,1950.0,1384.25,1384.25,1384.25,1384.25,959625.0,0.0
NIFTY,26-DEC-2024,26000.0,28-10-2024 11:57:00,93.95,94.1,93.95,94.1,2012650.0,3275.0,1384.25,1384.25,1384.25,1384.25,959625.0,100.0
NIFTY,26-DEC-2024,26000.0,28-10-2024 11:58:00,93.6,95.0,93.6,95.0,2012500.0,725.0,1384.25,1384.25,1384.25,1384.25,959625.0,0.0
NIFTY,26-DEC-2024,26000.0,28-10-2024 11:59:00,95.0,95.0,94.7,95.0,2012500.0,250.0,1384.25,1384.25,1384.25,1384.25,959625.0,0.0
NIFTY,26-DEC-2024,26000.0,28-10-2024 12:00:00,95.0,95.0,93.8,95.0,2012500.0,850.0,1384.25,1385.15,1384.25,1385.15,959675.0,25.0
NIFTY,26-DEC-2024,26000.0,28-10-2024 12:01:00,95.0,95.0,92.55,92.55,2012725.0,325.0,1385.15,1400.0,1385.15,1400.0,959675.0,125.0
NIFTY,26-DEC-2024,26000.0,28-10-2024 12:02:00,94.2,94.75,93.8,94.75,2012725.0,1250.0,1400.0,1400.0,1400.0,1400.0,959675.0,0.0
NIFTY,26-DEC-2024,26000.0,28-10-2024 12:03:00,94.75,94.75,94.75,94.75,2012725.0,0.0,1400.0,1400.0,1388.45,1389.95,959675.0,50.0
NIFTY,26-DEC-2024,26000.0,28-10-2024 12:04:00,93.75,94.75,93.75,94.75,2013400.0,1250.0,1389.95,1389.95,1389.95,1389.95,959675.0,0.0
NIFTY,26-DEC-2024,26000.0,28-10-2024 12:05:00,94.75,95.0,94.75,95.0,2013400.0,825.0,1389.95,1389.95,1389.95,1389.95,959675.0,0.0
NIFTY,26-DEC-2024,26000.0,28-10-2024 12:06:00,95.0,95.35,95.0,95.0,2013400.0,275.0,1389.95,1389.95,1389.95,1389.95,959675.0,0.0
NIFTY,26-DEC-2024,26000.0,28-10-2024 12:07:00,95.0,95.7,94.95,95.0,2013475.0,6675.0,1369.1,1370.65,1368.2,1370.65,959725.0,350.0
NIFTY,26-DEC-2024,26000.0,28-10-2024 12:08:00,94.95,94.95,94.1,94.1,2013475.0,175.0,1370.65,1370.65,1370.65,1370.65,959725.0,150.0
NIFTY,26-DEC-2024,26000.0,28-10-2024 12:09:00,95.0,95.85,95.0,95.0,2013475.0,5625.0,1370.65,1370.65,1365.0,1368.35,959725.0,275.0
NIFTY,26-DEC-2024,26000.0,28-10-2024 12:10:00,95.0,95.0,95.0,95.0,2015800.0,3000.0,1368.35,1374.3,1368.35,1374.3,960250.0,25.0
NIFTY,26-DEC-2024,26000.0,28-10-2024 12:11:00,95.0,95.0,94.5,94.5,2015800.0,475.0,1374.3,1374.3,1365.9,1365.9,960250.0,25.0
NIFTY,26-DEC-2024,26000.0,28-10-2024 12:12:00,94.6,95.0,94.45,95.0,2015800.0,500.0,1365.9,1369.35,1365.9,1369.3,960250.0,250.0
NIFTY,26-DEC-2024,26000.0,28-10-2024 12:13:00,95.0,99.2,95.0,99.1,2019150.0,17150.0,1369.3,1369.3,1324.65,1324.65,960150.0,1175.0
NIFTY,26-DEC-2024,26000.0,28-10-2024 12:14:00,99.95,99.95,99.0,99.35,2019150.0,3150.0,1324.65,1330.45,1322.55,1325.7,960150.0,400.0
NIFTY,26-DEC-2024,26000.0,28-10-2024 12:15:00,99.5,100.9,97.9,97.9,2019150.0,0.0,1325.7,1328.0,1320.0,1323.6,960150.0,225.0
NIFTY,26-DEC-2024,26000.0,28-10-2024 12:16:00,97.7,98.75,96.7,97.35,2021100.0,5925.0,1330.0,1338.55,1330.0,1332.2,960325.0,400.0
NIFTY,26-DEC-2024,26000.0,28-10-2024 12:17:00,97.05,98.15,97.05,98.05,2021100.0,2650.0,1340.0,1340.0,1333.15,1333.15,960325.0,125.0
NIFTY,26-DEC-2024,26000.0,28-10-2024 12:18:00,98.7,99.0,98.25,98.4,2021100.0,2650.0,1333.15,1340.0,1333.15,1340.0,960325.0,125.0
NIFTY,26-DEC-2024,26000.0,28-10-2024 12:19:00,98.4,98.4,97.1,97.1,2020075.0,1750.0,1340.0,1346.65,1340.0,1346.65,960550.0,25.0
NIFTY,26-DEC-2024,26000.0,28-10-2024 12:20:00,98.0,99.05,96.0,99.05,2020075.0,900.0,1346.65,1346.65,1346.0,1346.0,960550.0,100.0
NIFTY,26-DEC-2024,26000.0,28-10-2024 12:21:00,99.05,99.35,98.4,98.4,2020075.0,925.0,1346.0,1346.0,1346.0,1346.0,960550.0,0.0
NIFTY,26-DEC-2024,26000.0,28-10-2024 12:22:00,99.55,99.95,99.5,99.75,2020250.0,0.0,1346.0,1346.0,1334.05,1334.05,960550.0,100.0
NIFTY,26-DEC-2024,26000.0,28-10-2024 12:23:00,99.75,99.75,99.0,99.0,2020250.0,2950.0,1334.05,1334.05,1334.05,1334.05,960550.0,0.0
NIFTY,26-DEC-2024,26000.0,28-10-2024 12:24:00,99.75,99.75,99.4,99.7,2020250.0,1175.0,1334.05,1348.6,1334.05,1341.6,960625.0,725.0
NIFTY,26-DEC-2024,26000.0,28-10-2024 12:25:00,99.35,99.35,97.45,98.1,2023100.0,1525.0,1341.6,1341.6,1339.35,1341.0,960825.0,200.0
NIFTY,26-DEC-2024,26000.0,28-10-2024 12:26:00,99.0,99.1,98.1,98.95,2023100.0,1175.0,1341.0,1341.0,1337.0,1339.0,960825.0,175.0
NIFTY,26-DEC-2024,26000.0,28-10-2024 12:27:00,99.1,99.1,99.0,99.1,2023100.0,2575.0,1339.0,1339.0,1337.0,1337.0,960825.0,150.0
NIFTY,26-DEC-2024,26000.0,28-10-2024 12:28:00,99.75,99.95,99.0,99.45,2019250.0,2450.0,1337.0,1337.0,1337.0,1337.0,960825.0,0.0
NIFTY,26-DEC-2024,26000.0,28-10-2024 12:29:00,100.0,100.0,99.45,99.85,2019250.0,1575.0,1337.0,1337.0,1323.4,1330.0,960725.0,200.0
NIFTY,26-DEC-2024,26000.0,28-10-2024 12:30:00,99.45,99.95,98.2,99.2,2019250.0,1250.0,1330.0,1330.0,1330.0,1330.0,960725.0,25.0
NIFTY,26-DEC-2024,26000.0,28-10-2024 12:31:00,98.6,99.8,98.2,98.2,2019800.0,1400.0,1330.0,1334.85,1330.0,1334.85,960725.0,50.0
NIFTY,26-DEC-2024,26000.0,28-10-2024 12:32:00,98.1,99.45,98.1,99.2,2019800.0,0.0,1334.85,1334.85,1320.1,1328.0,960700.0,150.0
NIFTY,26-DEC-2024,26000.0,28-10-2024 12:33:00,99.35,100.5,99.35,100.5,2019800.0,2000.0,1328.0,1328.0,1323.05,1325.0,960700.0,175.0
NIFTY,26-DEC-2024,26000.0,28-10-2024 12:34:00,100.35,102.0,99.4,100.75,2019625.0,1850.0,1325.0,1325.0,1310.35,1316.4,960725.0,350.0
NIFTY,26-DEC-2024,26000.0,28-10-2024 12:35:00,100.95,101.0,99.9,99.9,2019625.0,1550.0,1319.9,1319.9,1317.25,1317.3,960725.0,75.0
NIFTY,26-DEC-2024,26000.0,28-10-2024 12:36:00,100.8,100.85,100.0,100.85,2019625.0,1850.0,1317.3,1321.95,1317.15,1321.95,960725.0,100.0
NIFTY,26-DEC-2024,26000.0,28-10-2024 12:37:00,99.5,99.5,98.1,99.0,2019775.0,2350.0,1325.3,1333.5,1324.3,1328.8,960325.0,375.0
NIFTY,26-DEC-2024,26000.0,28-10-2024 12:38:00,99.05,100.15,99.0,99.9,2019775.0,1025.0,1328.8,1330.95,1328.8,1330.95,960325.0,25.0
NIFTY,26-DEC-2024,26000.0,28-10-2024 12:39:00,99.9,99.9,98.55,99.7,2019775.0,225.0,1330.95,1330.95,1325.0,1326.0,960325.0,150.0
NIFTY,26-DEC-2024,26000.0,28-10-2024 12:40:00,99.45,99.7,98.3,99.7,2019775.0,950.0,1326.0,1326.0,1323.9,1323.9,960325.0,100.0
NIFTY,26-DEC-2024,26000.0,28-10-2024 12:41:00,99.7,100.0,99.7,100.0,2018750.0,700.0,1324.8,1324.8,1324.35,1324.35,960250.0,225.0
NIFTY,26-DEC-2024,26000.0,28-10-2024 12:42:00,99.7,99.8,98.5,99.15,2018750.0,1850.0,1328.25,1328.25,1328.25,1328.25,960250.0,250.0
NIFTY,26-DEC-2024,26000.0,28-10-2024 12:43:00,99.05,100.1,98.55,99.0,2018725.0,875.0,1328.25,1333.15,1328.25,1333.15,960075.0,175.0
NIFTY,26-DEC-2024,26000.0,28-10-2024 12:44:00,98.85,98.85,98.05,98.2,2018725.0,0.0,1333.15,1348.9,1333.1,1348.9,960075.0,0.0
NIFTY,26-DEC-2024,26000.0,28-10-2024 12:45:00,97.6,97.6,94.7,95.45,2018725.0,0.0,1354.95,1361.4,1354.95,1361.4,960075.0,0.0
NIFTY,26-DEC-2024,26000.0,28-10-2024 12:46:00,95.0,96.3,94.75,96.3,2019125.0,5850.0,1348.9,1348.9,1337.6,1337.6,959950.0,450.0
NIFTY,26-DEC-2024,26000.0,28-10-2024 12:47:00,96.2,96.2,95.0,95.3,2019125.0,0.0,1337.6,1354.85,1337.6,1354.85,959950.0,200.0
NIFTY,26-DEC-2024,26000.0,28-10-2024 12:48:00,96.15,96.15,94.55,96.15,2019125.0,0.0,1350.0,1350.0,1350.0,1350.0,959950.0,25.0
NIFTY,26-DEC-2024,26000.0,28-10-2024 12:49:00,95.0,95.0,94.0,94.0,2018950.0,1625.0,1350.0,1364.0,1350.0,1364.0,959950.0,50.0
NIFTY,26-DEC-2024,26000.0,28-10-2024 12:50:00,95.2,95.25,92.1,92.1,2018950.0,0.0,1364.0,1380.0,1364.0,1380.0,959950.0,125.0
NIFTY,26-DEC-2024,26000.0,28-10-2024 12:51:00,92.35,94.0,91.2,91.5,2018950.0,0.0,1380.0,1381.0,1380.0,1381.0,959950.0,100.0
NIFTY,26-DEC-2024,26000.0,28-10-2024 12:52:00,91.9,94.45,91.7,93.5,2018500.0,9700.0,1381.0,1383.7,1368.85,1370.55,959575.0,900.0
NIFTY,26-DEC-2024,26000.0,28-10-2024 12:53:00,93.6,94.25,93.6,94.25,2018500.0,125.0,1369.25,1378.45,1369.25,1378.45,959575.0,550.0
NIFTY,26-DEC-2024,26000.0,28-10-2024 12:54:00,94.0,94.95,94.0,94.05,2018500.0,0.0,1367.7,1367.7,1360.45,1361.7,959575.0,375.0
NIFTY,26-DEC-2024,26000.0,28-10-2024 12:55:00,94.1,95.2,94.1,94.3,2017975.0,0.0,1361.7,1367.0,1361.7,1367.0,959575.0,100.0
NIFTY,26-DEC-2024,26000.0,28-10-2024 12:56:00,94.35,94.35,93.75,93.75,2017975.0,5150.0,1367.0,1375.0,1367.0,1375.0,959400.0,150.0
NIFTY,26-DEC-2024,26000.0,28-10-2024 12:57:00,93.3,95.0,93.25,95.0,2017975.0,2375.0,1375.0,1375.0,1375.0,1375.0,959400.0,0.0
NIFTY,26-DEC-2024,26000.0,28-10-2024 12:58:00,94.2,95.85,94.2,95.85,2018725.0,0.0,1375.0,1375.0,1360.95,1360.95,959250.0,25.0
NIFTY,26-DEC-2024,26000.0,28-10-2024 12:59:00,95.9,96.2,95.9,96.2,2018725.0,0.0,1360.95,1368.75,1360.95,1368.75,959250.0,25.0
NIFTY,26-DEC-2024,26000.0,28-10-2024 13:00:00,96.0,96.0,95.1,95.1,2018725.0,6225.0,1368.75,1369.6,1359.2,1369.6,959250.0,125.0
NIFTY,26-DEC-2024,26000.0,28-10-2024 13:01:00,95.1,95.25,95.1,95.25,2024725.0,925.0,1369.6,1369.6,1369.6,1369.6,959250.0,0.0
NIFTY,26-DEC-2024,26000.0,28-10-2024 13:02:00,95.25,95.25,93.95,94.0,2024725.0,2150.0,1369.6,1388.85,1369.6,1388.85,959275.0,225.0
NIFTY,26-DEC-2024,26000.0,28-10-2024 13:03:00,93.2,94.5,93.2,94.45,2024725.0,175.0,1388.85,1388.85,1374.0,1374.0,959275.0,75.0
NIFTY,26-DEC-2024,26000.0,28-10-2024 13:04:00,93.85,94.5,93.85,94.5,2024725.0,650.0,1374.0,1380.0,1373.45,1380.0,959300.0,325.0
NIFTY,26-DEC-2024,26000.0,28-10-2024 13:05:00,94.35,94.9,94.35,94.9,2025825.0,75.0,1380.0,1380.0,1374.5,1374.5,959300.0,25.0
NIFTY,26-DEC-2024,26000.0,28-10-2024 13:06:00,95.0,96.05,95.0,96.05,2025825.0,700.0,1374.5,1374.5,1360.55,1360.55,959300.0,25.0
NIFTY,26-DEC-2024,26000.0,28-10-2024 13:07:00,96.05,96.05,95.2,95.2,2026350.0,200.0,1360.55,1360.55,1360.55,1360.55,959300.0,25.0
NIFTY,26-DEC-2024,26000.0,28-10-2024 13:08:00,96.25,96.25,95.15,95.15,2026350.0,1475.0,1360.55,1360.55,1360.55,1360.55,959300.0,0.0
NIFTY,26-DEC-2024,26000.0,28-10-2024 13:09:00,95.15,95.55,94.9,95.55,2026350.0,1600.0,1360.55,1360.55,1360.55,1360.55,959300.0,0.0
NIFTY,26-DEC-2024,26000.0,28-10-2024 13:10:00,95.55,97.4,95.4,96.85,2026175.0,925.0,1362.25,1362.25,1362.25,1362.25,959300.0,25.0
NIFTY,26-DEC-2024,26000.0,28-10-2024 13:11:00,96.85,97.25,96.85,97.25,2026175.0,0.0,1360.0,1360.0,1356.1,1357.75,958950.0,100.0
NIFTY,26-DEC-2024,26000.0,28-10-2024 13:12:00,97.25,97.25,96.45,96.75,2026175.0,100.0,1357.75,1357.75,1357.75,1357.75,958950.0,125.0
NIFTY,26-DEC-2024,26000.0,28-10-2024 13:13:00,96.75,96.75,94.7,95.6,2026450.0,2250.0,1357.75,1357.75,1357.75,1357.75,958950.0,0.0
NIFTY,26-DEC-2024,26000.0,28-10-2024 13:14:00,95.75,95.75,95.45,95.45,2026450.0,75.0,1357.75,1374.45,1357.75,1374.45,958825.0,100.0
NIFTY,26-DEC-2024,26000.0,28-10-2024 13:15:00,94.4,94.5,94.4,94.5,2026450.0,75.0,1374.45,1375.2,1366.75,1375.2,958825.0,125.0
NIFTY,26-DEC-2024,26000.0,28-10-2024 13:16:00,95.8,95.8,95.25,95.25,2026825.0,775.0,1375.2,1375.2,1373.1,1373.1,958825.0,50.0
NIFTY,26-DEC-2024,26000.0,28-10-2024 13:17:00,96.0,96.0,95.15,95.15,2026825.0,0.0,1373.1,1373.1,1373.1,1373.1,958825.0,0.0
NIFTY,26-DEC-2024,26000.0,28-10-2024 13:18:00,95.9,97.25,95.8,96.15,2026825.0,8575.0,1373.1,1373.1,1366.0,1366.0,958800.0,0.0
NIFTY,26-DEC-2024,26000.0,28-10-2024 13:19:00,95.75,95.75,95.45,95.65,2023325.0,1700.0,1366.0,1366.0,1366.0,1366.0,958800.0,50.0
NIFTY,26-DEC-2024,26000.0,28-10-2024 13:20:00,95.65,97.2,95.65,97.0,2023325.0,1250.0,1366.0,1366.0,1350.0,1350.0,958800.0,0.0
NIFTY,26-DEC-2024,26000.0,28-10-2024 13:21:00,97.0,97.0,95.9,96.25,2023325.0,275.0,,,,,,
NIFTY,26-DEC-2024,26000.0,28-10-2024 13:22:00,95.85,96.3,95.85,96.2,2022925.0,1075.0,1350.0,1355.6,1350.0,1355.6,958750.0,100.0
NIFTY,26-DEC-2024,26000.0,28-10-2024 13:23:00,96.3,96.95,96.3,96.95,2022925.0,475.0,1355.6,1359.0,1355.6,1359.0,958750.0,50.0
NIFTY,26-DEC-2024,26000.0,28-10-2024 13:24:00,96.95,99.2,96.95,99.2,2022925.0,325.0,1359.0,1359.0,1350.0,1350.0,958750.0,200.0
NIFTY,26-DEC-2024,26000.0,28-10-2024 13:25:00,98.5,99.5,98.5,98.6,2021775.0,3550.0,1350.0,1350.0,1328.7,1329.6,958600.0,0.0
NIFTY,26-DEC-2024,26000.0,28-10-2024 13:26:00,98.5,98.65,97.3,98.05,2021775.0,1325.0,1329.6,1335.0,1329.6,1335.0,958600.0,175.0
NIFTY,26-DEC-2024,26000.0,28-10-2024 13:27:00,98.9,98.9,98.9,98.9,2021775.0,500.0,1335.0,1335.0,1335.0,1335.0,958600.0,25.0
NIFTY,26-DEC-2024,26000.0,28-10-2024 13:28:00,98.9,98.9,97.95,97.95,2021825.0,0.0,1335.0,1335.0,1335.0,1335.0,958600.0,0.0
NIFTY,26-DEC-2024,26000.0,28-10-2024 13:29:00,97.75,97.9,96.65,96.65,2021825.0,325.0,1335.0,1354.5,1335.0,1354.5,958600.0,0.0
NIFTY,26-DEC-2024,26000.0,28-10-2024 13:30:00,97.05,97.05,95.45,96.0,2021825.0,3150.0,1354.5,1360.0,1354.5,1360.0,958600.0,100.0
NIFTY,26-DEC-2024,26000.0,28-10-2024 13:31:00,96.0,96.4,95.1,95.6,2021900.0,1675.0,1360.0,1360.0,1360.0,1360.0,958600.0,0.0
NIFTY,26-DEC-2024,26000.0,28-10-2024 13:32:00,95.45,95.45,94.0,94.0,2021900.0,11825.0,1360.0,1360.0,1360.0,1360.0,958600.0,0.0
NIFTY,26-DEC-2024,26000.0,28-10-2024 13:33:00,94.0,96.45,93.55,96.45,2021900.0,7925.0,1360.0,1360.0,1360.0,1360.0,958600.0,0.0
NIFTY,26-DEC-2024,26000.0,28-10-2024 13:34:00,96.45,96.65,95.95,96.25,2023300.0,1650.0,1360.0,1360.0,1360.0,1360.0,958600.0,0.0
NIFTY,26-DEC-2024,26000.0,28-10-2024 13:35:00,96.25,96.55,95.05,96.05,2023300.0,1425.0,1360.0,1360.0,1352.95,1353.0,958625.0,100.0
NIFTY,26-DEC-2024,26000.0,28-10-2024 13:36:00,95.1,95.25,93.75,93.75,2023300.0,1225.0,1357.9,1360.0,1357.9,1360.0,958625.0,3100.0
NIFTY,26-DEC-2024,26000.0,28-10-2024 13:37:00,93.7,93.85,93.65,93.65,2023175.0,600.0,1360.0,1373.05,1360.0,1373.05,961625.0,500.0
NIFTY,26-DEC-2024,26000.0,28-10-2024 13:38:00,93.55,93.55,93.5,93.5,2023175.0,800.0,1373.05,1374.7,1364.25,1364.25,961625.0,800.0
NIFTY,26-DEC-2024,26000.0,28-10-2024 13:39:00,93.0,93.6,93.0,93.5,2023175.0,250.0,1366.85,1372.85,1366.55,1366.55,961625.0,225.0
NIFTY,26-DEC-2024,26000.0,28-10-2024 13:40:00,93.55,94.5,93.55,93.6,2023250.0,1150.0,,,,,,
NIFTY,26-DEC-2024,26000.0,28-10-2024 13:41:00,93.6,94.25,93.1,93.1,2023250.0,825.0,1366.55,1366.55,1366.55,1366.55,961625.0,75.0
NIFTY,26-DEC-2024,26000.0,28-10-2024 13:42:00,93.1,93.95,93.1,93.6,2023250.0,50.0,1366.55,1366.55,1366.55,1366.55,961625.0,0.0
NIFTY,26-DEC-2024,26000.0,28-10-2024 13:43:00,93.35,93.8,93.1,93.1,2023175.0,0.0,1366.55,1366.55,1366.55,1366.55,961625.0,0.0
NIFTY,26-DEC-2024,26000.0,28-10-2024 13:44:00,93.1,94.05,93.1,94.0,2023175.0,1800.0,1366.55,1366.55,1366.55,1366.55,961625.0,0.0
NIFTY,26-DEC-2024,26000.0,28-10-2024 13:45:00,94.0,94.9,93.85,94.9,2023175.0,1425.0,1366.55,1366.55,1365.0,1365.0,960375.0,0.0
NIFTY,26-DEC-2024,26000.0,28-10-2024 13:46:00,95.0,95.0,94.5,94.75,2023600.0,725.0,1365.0,1365.0,1365.0,1365.0,960375.0,600.0
NIFTY,26-DEC-2024,26000.0,28-10-2024 13:47:00,94.75,95.65,94.75,95.65,2023600.0,0.0,1365.0,1365.0,1365.0,1365.0,960375.0,0.0
NIFTY,26-DEC-2024,26000.0,28-10-2024 13:48:00,95.65,95.85,95.3,95.35,2023600.0,200.0,1365.0,1365.0,1350.8,1350.8,960375.0,0.0
NIFTY,26-DEC-2024,26000.0,28-10-2024 13:49:00,95.35,95.9,95.35,95.9,2024000.0,1000.0,1350.8,1350.8,1350.8,1350.8,960375.0,50.0
NIFTY,26-DEC-2024,26000.0,28-10-2024 13:50:00,96.0,96.0,96.0,96.0,2024000.0,725.0,1350.8,1350.8,1350.8,1350.8,960375.0,0.0
NIFTY,26-DEC-2024,26000.0,28-10-2024 13:51:00,96.05,96.05,95.0,95.0,2024000.0,600.0,1355.0,1355.0,1355.0,1355.0,960425.0,75.0
NIFTY,26-DEC-2024,26000.0,28-10-2024 13:52:00,95.0,95.95,94.35,94.35,2024625.0,175.0,1355.0,1355.0,1355.0,1355.0,960425.0,0.0
NIFTY,26-DEC-2024,26000.0,28-10-2024 13:53:00,94.35,94.35,94.35,94.35,2024625.0,0.0,1355.0,1355.0,1355.0,1355.0,960425.0,0.0
NIFTY,26-DEC-2024,26000.0,28-10-2024 13:54:00,93.2,93.2,93.2,93.2,2024625.0,1700.0,1370.0,1370.0,1370.0,1370.0,960425.0,200.0
NIFTY,26-DEC-2024,26000.0,28-10-2024 13:55:00,93.2,93.2,93.1,93.1,2024700.0,875.0,1370.0,1373.2,1370.0,1373.2,960425.0,100.0
NIFTY,26-DEC-2024,26000.0,28-10-2024 13:56:00,93.1,93.1,93.0,93.0,2024700.0,25.0,1373.2,1380.0,1373.2,1380.0,960475.0,75.0
NIFTY,26-DEC-2024,26000.0,28-10-2024 13:57:00,93.35,94.85,93.35,94.85,2024700.0,0.0,1380.0,1380.0,1372.8,1372.8,960475.0,25.0
NIFTY,26-DEC-2024,26000.0,28-10-2024 13:58:00,95.0,95.0,94.9,94.9,2024700.0,3725.0,1372.8,1374.8,1367.9,1368.05,960575.0,575.0
NIFTY,26-DEC-2024,26000.0,28-10-2024 13:59:00,94.9,94.9,94.9,94.9,2024700.0,0.0,1368.05,1370.95,1364.05,1364.05,960575.0,200.0
NIFTY,26-DEC-2024,26000.0,28-10-2024 14:00:00,94.9,95.95,94.9,95.95,2026900.0,200.0,1364.05,1364.05,1364.0,1364.0,960575.0,300.0
NIFTY,26-DEC-2024,26000.0,28-10-2024 14:01:00,95.05,95.5,94.3,95.5,2026900.0,600.0,1364.0,1371.4,1364.0,1371.4,960575.0,25.0
NIFTY,26-DEC-2024,26000.0,28-10-2024 14:02:00,93.05,93.2,92.85,92.85,2026975.0,400.0,1371.4,1399.75,1371.4,1399.75,960775.0,200.0
NIFTY,26-DEC-2024,26000.0,28-10-2024 14:03:00,92.9,93.95,92.2,93.95,2026975.0,1050.0,1399.75,1399.75,1391.7,1391.7,960775.0,0.0
NIFTY,26-DEC-2024,26000.0,28-10-2024 14:04:00,92.7,93.7,92.0,92.05,2027000.0,1200.0,1391.45,1400.0,1391.45,1400.0,960775.0,125.0
NIFTY,26-DEC-2024,26000.0,28-10-2024 14:05:00,92.45,92.6,91.4,91.4,2027000.0,1725.0,1390.2,1409.3,1390.2,1409.3,960750.0,950.0
NIFTY,26-DEC-2024,26000.0,28-10-2024 14:06:00,91.15,92.95,91.15,92.95,2027000.0,750.0,1400.25,1400.8,1400.0,1400.0,960750.0,375.0
NIFTY,26-DEC-2024,26000.0,28-10-2024 14:07:00,93.0,93.4,92.5,93.4,2025325.0,2300.0,1388.35,1389.55,1384.3,1384.3,960750.0,125.0
NIFTY,26-DEC-2024,26000.0,28-10-2024 14:08:00,94.0,95.0,94.0,95.0,2025325.0,275.0,1383.45,1386.0,1383.45,1386.0,960425.0,75.0
NIFTY,26-DEC-2024,26000.0,28-10-2024 14:09:00,94.0,94.45,94.0,94.45,2025325.0,1500.0,1386.0,1386.0,1386.0,1386.0,960425.0,0.0
NIFTY,26-DEC-2024,26000.0,28-10-2024 14:10:00,93.15,93.25,93.15,93.25,2025325.0,0.0,,,,,,
NIFTY,26-DEC-2024,26000.0,28-10-2024 14:11:00,93.8,94.75,93.0,93.0,2025325.0,2200.0,1386.0,1386.0,1386.0,1386.0,960425.0,0.0
NIFTY,26-DEC-2024,26000.0,28-10-2024 14:12:00,94.0,94.0,94.0,94.0,2025325.0,0.0,1401.0,1401.0,1401.0,1401.0,960425.0,0.0
NIFTY,26-DEC-2024,26000.0,28-10-2024 14:13:00,93.95,94.35,93.0,93.0,2025750.0,575.0,1401.0,1401.0,1401.0,1401.0,960425.0,75.0
NIFTY,26-DEC-2024,26000.0,28-10-2024 14:14:00,95.0,96.0,93.6,96.0,2025750.0,0.0,1401.0,1403.9,1401.0,1403.9,960425.0,600.0
NIFTY,26-DEC-2024,26000.0,28-10-2024 14:15:00,94.35,94.35,93.15,93.15,2025750.0,3250.0,1403.9,1403.9,1391.1,1397.6,960425.0,350.0
NIFTY,26-DEC-2024,26000.0,28-10-2024 14:16:00,93.4,93.4,93.4,93.4,2025750.0,1300.0,1397.6,1397.6,1397.6,1397.6,960425.0,0.0
NIFTY,26-DEC-2024,26000.0,28-10-2024 14:17:00,91.95,92.1,91.95,92.1,2025075.0,8250.0,1397.6,1397.6,1397.6,1397.6,960425.0,0.0
NIFTY,26-DEC-2024,26000.0,28-10-2024 14:18:00,92.5,93.45,91.5,91.5,2025075.0,3600.0,1397.6,1406.0,1397.6,1406.0,960500.0,0.0
NIFTY,26-DEC-2024,26000.0,28-10-2024 14:19:00,92.5,92.5,92.0,92.0,2026025.0,800.0,,,,,,
NIFTY,26-DEC-2024,26000.0,28-10-2024 14:20:00,91.25,93.15,91.0,93.15,2026025.0,450.0,1406.0,1410.0,1406.0,1410.0,960525.0,150.0
NIFTY,26-DEC-2024,26000.0,28-10-2024 14:21:00,92.85,93.8,92.85,93.3,2026025.0,700.0,1410.0,1410.0,1395.75,1395.75,960525.0,25.0
NIFTY,26-DEC-2024,26000.0,28-10-2024 14:22:00,93.3,93.3,91.85,91.85,2026000.0,25.0,1395.75,1400.0,1395.75,1400.0,960525.0,50.0
NIFTY,26-DEC-2024,26000.0,28-10-2024 14:23:00,91.8,91.8,91.5,91.5,2026000.0,400.0,1400.0,1403.1,1400.0,1403.1,960525.0,25.0
NIFTY,26-DEC-2024,26000.0,28-10-2024 14:24:00,92.0,92.95,91.6,92.95,2026000.0,0.0,1405.5,1405.5,1402.0,1402.0,960575.0,275.0
NIFTY,26-DEC-2024,26000.0,28-10-2024 14:25:00,92.7,92.95,92.05,92.05,2026200.0,2075.0,1393.8,1393.8,1390.0,1390.0,960325.0,50.0
NIFTY,26-DEC-2024,26000.0,28-10-2024 14:26:00,92.05,93.5,92.05,92.5,2026200.0,2300.0,1390.0,1390.0,1389.0,1389.0,960325.0,200.0
NIFTY,26-DEC-2024,26000.0,28-10-2024 14:27:00,91.95,93.0,91.5,91.5,2026200.0,0.0,1389.0,1398.0,1389.0,1397.85,960325.0,225.0
NIFTY,26-DEC-2024,26000.0,28-10-2024 14:28:00,91.0,92.95,91.0,92.95,2027425.0,4250.0,1400.0,1402.85,1400.0,1402.85,960325.0,475.0
NIFTY,26-DEC-2024,26000.0,28-10-2024 14:29:00,92.6,93.05,92.45,93.05,2027425.0,900.0,1402.85,1402.85,1400.0,1400.0,961075.0,150.0
NIFTY,26-DEC-2024,26000.0,28-10-2024 14:30:00,93.45,93.5,93.45,93.5,2027425.0,825.0,1400.0,1400.0,1400.0,1400.0,961075.0,0.0
NIFTY,26-DEC-2024,26000.0,28-10-2024 14:31:00,94.0,94.0,93.95,94.0,2026975.0,50.0,1400.0,1400.0,1384.7,1384.7,961075.0,25.0
NIFTY,26-DEC-2024,26000.0,28-10-2024 14:32:00,94.0,94.9,94.0,94.5,2026975.0,750.0,1384.7,1386.0,1382.0,1382.0,961225.0,75.0
NIFTY,26-DEC-2024,26000.0,28-10-2024 14:33:00,94.5,94.5,94.5,94.5,2026975.0,425.0,1382.0,1385.2,1382.0,1385.2,961225.0,0.0
NIFTY,26-DEC-2024,26000.0,28-10-2024 14:34:00,94.85,94.85,93.05,93.4,2026750.0,300.0,1384.0,1387.7,1376.85,1387.7,961225.0,350.0
NIFTY,26-DEC-2024,26000.0,28-10-2024 14:35:00,93.5,94.0,93.5,94.0,2026750.0,475.0,1387.7,1387.7,1387.7,1387.7,961225.0,0.0
NIFTY,26-DEC-2024,26000.0,28-10-2024 14:36:00,94.55,95.0,94.55,95.0,2026750.0,0.0,1387.7,1387.7,1363.7,1369.2,961000.0,300.0
NIFTY,26-DEC-2024,26000.0,28-10-2024 14:37:00,95.3,95.3,94.75,94.8,2026325.0,1600.0,1369.2,1374.5,1369.2,1374.5,961000.0,25.0
NIFTY,26-DEC-2024,26000.0,28-10-2024 14:38:00,94.75,96.25,94.5,95.2,2026325.0,1500.0,1374.5,1376.95,1374.5,1376.95,960775.0,100.0
NIFTY,26-DEC-2024,26000.0,28-10-2024 14:39:00,95.35,96.15,95.35,96.15,2026325.0,225.0,1376.95,1376.95,1363.0,1363.3,960775.0,375.0
NIFTY,26-DEC-2024,26000.0,28-10-2024 14:40:00,95.65,97.4,95.65,97.4,2026325.0,0.0,1363.3,1363.3,1353.0,1353.0,960775.0,300.0
NIFTY,26-DEC-2024,26000.0,28-10-2024 14:41:00,97.4,97.4,96.7,96.7,2025825.0,1925.0,1353.0,1356.0,1353.0,1356.0,961225.0,0.0
NIFTY,26-DEC-2024,26000.0,28-10-2024 14:42:00,96.7,97.2,95.95,95.95,2025825.0,625.0,1356.0,1356.0,1356.0,1356.0,961225.0,300.0
NIFTY,26-DEC-2024,26000.0,28-10-2024 14:43:00,95.85,95.85,95.2,95.2,2025825.0,0.0,1356.0,1364.0,1356.0,1364.0,961225.0,100.0
NIFTY,26-DEC-2024,26000.0,28-10-2024 14:44:00,94.05,94.05,94.05,94.05,2026350.0,650.0,1364.0,1364.0,1364.0,1364.0,961225.0,0.0
NIFTY,26-DEC-2024,26000.0,28-10-2024 14:45:00,94.05,95.0,94.0,94.0,2026350.0,400.0,1364.0,1364.0,1364.0,1364.0,961225.0,0.0
NIFTY,26-DEC-2024,26000.0,28-10-2024 14:46:00,94.0,95.85,94.0,94.55,2025900.0,925.0,1364.0,1364.0,1364.0,1364.0,961225.0,0.0
NIFTY,26-DEC-2024,26000.0,28-10-2024 14:47:00,94.55,94.75,94.55,94.75,2025900.0,925.0,1364.0,1364.0,1364.0,1364.0,961225.0,0.0
NIFTY,26-DEC-2024,26000.0,28-10-2024 14:48:00,95.75,95.75,94.0,94.0,2025900.0,700.0,1364.0,1364.0,1364.0,1364.0,961225.0,0.0
NIFTY,26-DEC-2024,26000.0,28-10-2024 14:49:00,94.8,95.45,94.35,95.0,2026000.0,225.0,1364.0,1364.0,1364.0,1364.0,961225.0,0.0
NIFTY,26-DEC-2024,26000.0,28-10-2024 14:50:00,95.5,95.9,95.5,95.8,2026000.0,0.0,1364.0,1364.0,1364.0,1364.0,961225.0,0.0
NIFTY,26-DEC-2024,26000.0,28-10-2024 14:51:00,95.8,95.8,95.8,95.8,2026000.0,200.0,1364.0,1364.0,1364.0,1364.0,961625.0,25.0
NIFTY,26-DEC-2024,26000.0,28-10-2024 14:52:00,95.0,95.0,95.0,95.0,2026000.0,1050.0,1364.0,1366.8,1364.0,1366.8,961625.0,25.0
NIFTY,26-DEC-2024,26000.0,28-10-2024 14:53:00,95.0,95.2,95.0,95.2,2026975.0,0.0,1366.8,1366.8,1366.8,1366.8,961625.0,0.0
NIFTY,26-DEC-2024,26000.0,28-10-2024 14:54:00,95.3,95.75,95.0,95.55,2026975.0,825.0,1366.8,1366.8,1366.8,1366.8,961625.0,0.0
NIFTY,26-DEC-2024,26000.0,28-10-2024 14:55:00,95.15,95.5,95.0,95.5,2026900.0,0.0,,,,,,
NIFTY,26-DEC-2024,26000.0,28-10-2024 14:56:00,95.9,95.9,95.0,95.0,2026900.0,2075.0,1370.35,1370.35,1370.35,1370.35,961625.0,100.0
NIFTY,26-DEC-2024,26000.0,28-10-2024 14:57:00,95.05,95.9,95.0,95.9,2026900.0,0.0,1370.35,1373.9,1368.6,1368.6,961600.0,50.0
NIFTY,26-DEC-2024,26000.0,28-10-2024 14:58:00,95.9,96.95,95.25,96.0,2028475.0,4125.0,1368.6,1368.6,1366.7,1367.35,961600.0,75.0
NIFTY,26-DEC-2024,26000.0,28-10-2024 14:59:00,95.95,95.95,95.05,95.05,2028475.0,275.0,1367.35,1375.0,1364.0,1364.0,961550.0,50.0
NIFTY,26-DEC-2024,26000.0,28-10-2024 15:00:00,95.1,95.1,94.0,94.0,2028475.0,5000.0,1364.0,1392.9,1364.0,1392.9,961550.0,25.0
NIFTY,26-DEC-2024,26000.0,28-10-2024 15:01:00,94.0,94.0,91.0,91.0,2031825.0,4450.0,1392.9,1414.55,1392.9,1414.55,961550.0,325.0
NIFTY,26-DEC-2024,26000.0,28-10-2024 15:02:00,90.0,91.0,90.0,90.75,2031825.0,0.0,1429.35,1429.35,1420.0,1420.0,961575.0,0.0
NIFTY,26-DEC-2024,26000.0,28-10-2024 15:03:00,90.0,90.15,87.8,88.2,2031825.0,0.0,1425.0,1447.75,1425.0,1447.75,961575.0,0.0
NIFTY,26-DEC-2024,26000.0,28-10-2024 15:04:00,87.5,88.05,86.55,87.05,2033575.0,10275.0,1444.35,1450.0,1439.7,1450.0,961750.0,975.0
NIFTY,26-DEC-2024,26000.0,28-10-2024 15:05:00,87.05,88.55,86.35,87.5,2033575.0,7000.0,1424.0,1438.05,1424.0,1438.05,961750.0,250.0
NIFTY,26-DEC-2024,26000.0,28-10-2024 15:06:00,87.5,89.05,87.0,89.05,2033575.0,2725.0,1438.05,1438.05,1410.7,1410.7,961750.0,75.0
NIFTY,26-DEC-2024,26000.0,28-10-2024 15:07:00,88.35,90.05,88.35,90.05,2033725.0,425.0,1410.7,1410.7,1406.6,1406.6,961800.0,125.0
NIFTY,26-DEC-2024,26000.0,28-10-2024 15:08:00,90.0,90.35,90.0,90.0,2033725.0,2350.0,1406.6,1411.25,1406.6,1411.25,961800.0,25.0
NIFTY,26-DEC-2024,26000.0,28-10-2024 15:09:00,89.85,89.85,89.05,89.4,2033725.0,175.0,1411.25,1435.95,1411.25,1435.95,961800.0,50.0
NIFTY,26-DEC-2024,26000.0,28-10-2024 15:10:00,90.0,90.5,89.6,90.0,2034250.0,800.0,1435.95,1435.95,1435.95,1435.95,961800.0,0.0
NIFTY,26-DEC-2024,26000.0,28-10-2024 15:11:00,89.15,90.8,89.05,89.05,2034250.0,750.0,1434.95,1435.0,1434.95,1435.0,961800.0,25.0
NIFTY,26-DEC-2024,26000.0,28-10-2024 15:12:00,90.0,90.15,89.05,89.3,2034250.0,1650.0,1433.65,1433.65,1433.65,1433.65,961800.0,50.0
NIFTY,26-DEC-2024,26000.0,28-10-2024 15:13:00,89.65,90.8,89.45,90.0,2036175.0,825.0,1433.65,1433.65,1433.65,1433.65,961800.0,0.0
NIFTY,26-DEC-2024,26000.0,28-10-2024 15:14:00,90.0,90.5,90.0,90.5,2036175.0,2250.0,1433.65,1433.65,1413.4,1413.4,961775.0,125.0
NIFTY,26-DEC-2024,26000.0,28-10-2024 15:15:00,90.2,90.5,90.2,90.4,2036175.0,1425.0,1413.4,1413.4,1399.15,1399.15,961775.0,100.0
NIFTY,26-DEC-2024,26000.0,28-10-2024 15:16:00,90.5,90.5,89.05,89.05,2036175.0,0.0,1399.15,1424.95,1399.15,1424.95,961700.0,150.0
NIFTY,26-DEC-2024,26000.0,28-10-2024 15:17:00,89.05,89.75,89.0,89.0,2037725.0,3075.0,1425.0,1425.0,1422.4,1423.5,961700.0,75.0
NIFTY,26-DEC-2024,26000.0,28-10-2024 15:18:00,89.0,89.0,89.0,89.0,2037725.0,100.0,1423.5,1423.5,1423.5,1423.5,961700.0,0.0
NIFTY,26-DEC-2024,26000.0,28-10-2024 15:19:00,89.9,89.9,89.9,89.9,2037725.0,225.0,1423.5,1424.1,1423.5,1424.1,961700.0,125.0
NIFTY,26-DEC-2024,26000.0,28-10-2024 15:20:00,89.05,89.95,89.05,89.95,2038950.0,0.0,1424.1,1424.1,1417.55,1417.55,961825.0,25.0
NIFTY,26-DEC-2024,26000.0,28-10-2024 15:21:00,89.45,89.85,88.65,89.0,2038950.0,800.0,1417.55,1417.55,1413.2,1413.2,961825.0,50.0
NIFTY,26-DEC-2024,26000.0,28-10-2024 15:22:00,89.15,90.0,89.0,89.0,2038950.0,1300.0,1417.95,1418.0,1417.95,1418.0,961825.0,50.0
NIFTY,26-DEC-2024,26000.0,28-10-2024 15:23:00,89.3,90.0,89.0,90.0,2039850.0,125.0,1420.5,1420.5,1420.5,1420.5,961850.0,75.0
NIFTY,26-DEC-2024,26000.0,28-10-2024 15:24:00,90.0,91.0,89.8,90.0,2039850.0,2100.0,1420.5,1420.5,1405.4,1407.95,961850.0,50.0
NIFTY,26-DEC-2024,26000.0,28-10-2024 15:25:00,90.0,90.0,89.55,90.0,2041350.0,350.0,1407.95,1418.5,1407.95,1418.5,961850.0,50.0
NIFTY,26-DEC-2024,26000.0,28-10-2024 15:26:00,90.0,90.65,90.0,90.35,2041350.0,2500.0,1418.5,1418.5,1414.2,1414.6,961775.0,50.0
NIFTY,26-DEC-2024,26000.0,28-10-2024 15:27:00,90.95,90.95,90.25,90.65,2041350.0,1450.0,1418.45,1418.45,1414.85,1415.2,961775.0,150.0
NIFTY,26-DEC-2024,26000.0,28-10-2024 15:28:00,89.8,90.65,89.8,90.15,2041075.0,1775.0,1415.2,1417.4,1412.0,1412.5,961850.0,200.0
NIFTY,26-DEC-2024,26000.0,28-10-2024 15:29:00,90.3,90.95,89.0,90.0,2041075.0,1325.0,1412.5,1412.6,1410.0,1411.05,961850.0,225.0
NIFTY,26-DEC-2024,26000.0,29-10-2024 09:15:00,90.0,90.0,82.0,87.3,2037225.0,0.0,1411.05,1413.85,1408.85,1413.85,961575.0,150.0
NIFTY,26-DEC-2024,26000.0,29-10-2024 09:16:00,87.25,88.1,85.55,86.2,2037925.0,0.0,1432.05,1439.0,1431.15,1439.0,961625.0,75.0
NIFTY,26-DEC-2024,26000.0,29-10-2024 09:17:00,86.3,87.0,85.0,85.6,2037925.0,0.0,1440.0,1457.55,1440.0,1454.95,961625.0,950.0
NIFTY,26-DEC-2024,26000.0,29-10-2024 09:18:00,85.2,86.3,85.0,86.0,2037925.0,16525.0,1454.95,1459.5,1454.95,1456.0,961625.0,75.0
NIFTY,26-DEC-2024,26000.0,29-10-2024 09:19:00,86.0,86.95,85.5,86.5,2039625.0,0.0,1456.0,1456.0,1438.75,1438.75,961875.0,75.0
NIFTY,26-DEC-2024,26000.0,29-10-2024 09:20:00,86.0,86.7,84.95,85.45,2039625.0,8425.0,1438.75,1456.3,1438.75,1455.0,961875.0,150.0
NIFTY,26-DEC-2024,26000.0,29-10-2024 09:21:00,85.45,87.6,85.45,86.75,2039625.0,6500.0,1455.0,1455.0,1446.15,1446.15,961875.0,875.0
NIFTY,26-DEC-2024,26000.0,29-10-2024 09:22:00,86.2,86.2,84.0,84.75,2038975.0,0.0,1446.15,1462.2,1446.15,1461.35,962375.0,3450.0
NIFTY,26-DEC-2024,26000.0,29-10-2024 09:23:00,84.0,84.7,82.65,83.4,2038975.0,10275.0,1461.35,1466.0,1460.05,1466.0,962375.0,550.0
NIFTY,26-DEC-2024,26000.0,29-10-2024 09:24:00,84.2,85.65,82.7,85.1,2038975.0,3075.0,1466.0,1472.05,1458.5,1458.5,962375.0,325.0
NIFTY,26-DEC-2024,26000.0,29-10-2024 09:25:00,84.5,85.0,84.3,84.4,2036900.0,0.0,1461.0,1461.0,1461.0,1461.0,962375.0,25.0
NIFTY,26-DEC-2024,26000.0,29-10-2024 09:26:00,85.1,86.2,85.1,86.2,2036900.0,0.0,1461.0,1461.0,1461.0,1461.0,962375.0,0.0
NIFTY,26-DEC-2024,26000.0,29-10-2024 09:27:00,86.0,86.0,84.65,84.65,2036900.0,4425.0,1461.0,1461.0,1455.0,1457.0,965875.0,250.0
NIFTY,26-DEC-2024,26000.0,29-10-2024 09:28:00,84.95,84.95,83.2,83.5,2037250.0,0.0,1457.0,1477.1,1457.0,1477.1,966075.0,50.0
NIFTY,26-DEC-2024,26000.0,29-10-2024 09:29:00,83.1,83.5,81.55,82.95,2037250.0,21200.0,1477.1,1488.7,1477.1,1488.7,966075.0,2075.0
NIFTY,26-DEC-2024,26000.0,29-10-2024 09:30:00,82.95,82.95,81.6,82.0,2037250.0,325.0,1488.7,1495.7,1488.7,1494.7,966075.0,1875.0
NIFTY,26-DEC-2024,26000.0,29-10-2024 09:31:00,82.0,84.5,82.0,84.0,2039825.0,12725.0,1494.7,1494.7,1470.0,1470.0,966075.0,450.0
NIFTY,26-DEC-2024,26000.0,29-10-2024 09:32:00,84.0,84.5,84.0,84.5,2039825.0,1850.0,1470.0,1473.1,1470.0,1470.0,966125.0,75.0
NIFTY,26-DEC-2024,26000.0,29-10-2024 09:33:00,84.5,84.5,83.2,83.55,2039825.0,1900.0,1470.0,1477.85,1470.0,1477.85,966125.0,125.0
NIFTY,26-DEC-2024,26000.0,29-10-2024 09:34:00,83.55,84.1,83.55,83.9,2040825.0,450.0,1480.3,1488.8,1477.0,1488.8,966125.0,75.0
NIFTY,26-DEC-2024,26000.0,29-10-2024 09:35:00,83.9,83.9,82.8,82.8,2040825.0,0.0,1488.8,1500.15,1488.8,1500.15,966025.0,200.0
NIFTY,26-DEC-2024,26000.0,29-10-2024 09:36:00,82.8,83.0,82.1,82.1,2040825.0,3175.0,1500.15,1505.0,1500.15,1505.0,966025.0,75.0
NIFTY,26-DEC-2024,26000.0,29-10-2024 09:37:00,82.1,83.5,81.75,83.2,2040975.0,2175.0,1505.0,1519.85,1505.0,1511.5,966200.0,250.0
NIFTY,26-DEC-2024,26000.0,29-10-2024 09:38:00,83.05,83.2,82.45,82.45,2040975.0,1775.0,1505.0,1505.0,1500.0,1500.0,966200.0,350.0
NIFTY,26-DEC-2024,26000.0,29-10-2024 09:39:00,83.0,83.0,82.15,82.15,2040975.0,875.0,1497.35,1497.35,1497.35,1497.35,966200.0,25.0
NIFTY,26-DEC-2024,26000.0,29-10-2024 09:40:00,82.15,82.35,82.0,82.25,2040950.0,1075.0,1497.35,1497.35,1497.35,1497.35,966200.0,0.0
NIFTY,26-DEC-2024,26000.0,29-10-2024 09:41:00,82.25,82.7,81.7,82.3,2040950.0,900.0,1497.35,1519.9,1497.35,1519.9,965975.0,200.0
NIFTY,26-DEC-2024,26000.0,29-10-2024 09:42:00,82.3,82.4,81.5,82.4,2040950.0,3075.0,1519.9,1521.7,1519.9,1521.7,965975.0,25.0
NIFTY,26-DEC-2024,26000.0,29-10-2024 09:43:00,82.4,82.45,81.4,82.3,2040375.0,2350.0,1518.45,1522.65,1518.1,1518.1,965675.0,275.0
NIFTY,26-DEC-2024,26000.0,29-10-2024 09:44:00,82.3,82.3,81.75,81.75,2040375.0,1275.0,1513.6,1519.6,1512.45,1514.25,965675.0,600.0
NIFTY,26-DEC-2024,26000.0,29-10-2024 09:45:00,81.75,82.0,81.0,82.0,2040375.0,1575.0,1514.25,1524.25,1514.25,1522.0,965675.0,1025.0
NIFTY,26-DEC-2024,26000.0,29-10-2024 09:46:00,82.1,82.4,81.25,81.5,2041125.0,3325.0,1522.0,1522.0,1522.0,1522.0,965675.0,0.0
NIFTY,26-DEC-2024,26000.0,29-10-2024 09:47:00,81.0,82.1,81.0,82.0,2041125.0,2000.0,1515.2,1524.5,1515.2,1524.5,965650.0,125.0
NIFTY,26-DEC-2024,26000.0,29-10-2024 09:48:00,82.0,82.0,81.05,81.95,2041125.0,3675.0,1524.5,1548.0,1524.5,1548.0,965650.0,125.0
NIFTY,26-DEC-2024,26000.0,29-10-2024 09:49:00,81.9,81.9,81.1,81.1,2042925.0,1325.0,1548.0,1548.0,1548.0,1548.0,965650.0,0.0
NIFTY,26-DEC-2024,26000.0,29-10-2024 09:50:00,81.1,81.45,80.45,81.05,2042925.0,8950.0,1548.0,1548.0,1534.4,1534.4,965650.0,50.0
NIFTY,26-DEC-2024,26000.0,29-10-2024 09:51:00,81.0,81.45,81.0,81.45,2042925.0,1350.0,1534.4,1534.4,1520.0,1520.0,965650.0,150.0
NIFTY,26-DEC-2024,26000.0,29-10-2024 09:52:00,81.45,81.5,81.45,81.5,2039975.0,0.0,,,,,,
NIFTY,26-DEC-2024,26000.0,29-10-2024 09:53:00,81.5,81.75,81.35,81.5,2039975.0,2250.0,,,,,,
NIFTY,26-DEC-2024,26000.0,29-10-2024 09:54:00,81.5,81.95,81.5,81.5,2039975.0,1275.0,1520.0,1520.0,1520.0,1520.0,965650.0,0.0
NIFTY,26-DEC-2024,26000.0,29-10-2024 09:55:00,81.65,81.65,80.4,80.4,2038950.0,525.0,1515.0,1534.3,1515.0,1534.3,965500.0,25.0
NIFTY,26-DEC-2024,26000.0,29-10-2024 09:56:00,81.0,81.0,80.25,80.25,2038950.0,425.0,1543.4,1543.4,1531.5,1531.5,965500.0,125.0
NIFTY,26-DEC-2024,26000.0,29-10-2024 09:57:00,80.75,81.85,80.7,81.85,2038950.0,175.0,1530.7,1530.7,1530.7,1530.7,965500.0,50.0
NIFTY,26-DEC-2024,26000.0,29-10-2024 09:58:00,81.55,81.55,81.55,81.55,2038950.0,150.0,1518.15,1518.15,1518.15,1518.15,965400.0,25.0
NIFTY,26-DEC-2024,26000.0,29-10-2024 09:59:00,80.8,81.5,80.8,81.5,2039175.0,1250.0,1518.15,1518.15,1518.15,1518.15,965400.0,0.0
NIFTY,26-DEC-2024,26000.0,29-10-2024 10:00:00,81.5,81.5,80.8,80.8,2039175.0,400.0,1518.15,1526.0,1518.15,1526.0,965400.0,25.0
NIFTY,26-DEC-2024,26000.0,29-10-2024 10:01:00,81.0,81.5,80.8,80.8,2041125.0,3275.0,1526.0,1531.05,1526.0,1531.05,965400.0,50.0
NIFTY,26-DEC-2024,26000.0,29-10-2024 10:02:00,80.05,81.45,80.05,80.95,2041125.0,5325.0,1531.05,1531.05,1515.55,1515.55,965400.0,0.0
NIFTY,26-DEC-2024,26000.0,29-10-2024 10:03:00,80.95,81.0,80.4,81.0,2041125.0,275.0,1515.55,1524.75,1515.55,1524.75,965400.0,250.0
NIFTY,26-DEC-2024,26000.0,29-10-2024 10:04:00,81.0,82.55,81.0,82.15,2043550.0,2375.0,1515.55,1520.0,1515.55,1520.0,965525.0,75.0
NIFTY,26-DEC-2024,26000.0,29-10-2024 10:05:00,81.3,81.55,80.4,80.4,2043550.0,475.0,1520.0,1520.0,1520.0,1520.0,965525.0,25.0
NIFTY,26-DEC-2024,26000.0,29-10-2024 10:06:00,80.0,80.35,80.0,80.0,2043550.0,7600.0,1545.3,1550.0,1545.3,1550.0,965525.0,100.0
NIFTY,26-DEC-2024,26000.0,29-10-2024 10:07:00,80.0,80.3,79.3,79.3,2043900.0,6575.0,1558.75,1565.8,1551.7,1565.8,965600.0,0.0
NIFTY,26-DEC-2024,26000.0,29-10-2024 10:08:00,79.3,80.0,79.25,79.5,2043900.0,0.0,1570.0,1570.0,1570.0,1570.0,965600.0,0.0
NIFTY,26-DEC-2024,26000.0,29-10-2024 10:09:00,79.95,80.7,79.65,80.05,2043900.0,0.0,1564.5,1564.5,1564.5,1564.5,965600.0,0.0
NIFTY,26-DEC-2024,26000.0,29-10-2024 10:10:00,80.5,80.5,80.0,80.0,2049350.0,3850.0,1551.0,1551.0,1551.0,1551.0,965100.0,1100.0
NIFTY,26-DEC-2024,26000.0,29-10-2024 10:11:00,80.0,80.0,79.5,79.95,2049350.0,2300.0,1551.0,1551.0,1548.4,1548.4,965100.0,100.0
NIFTY,26-DEC-2024,26000.0,29-10-2024 10:12:00,80.0,80.35,80.0,80.05,2049350.0,0.0,,,,,,
NIFTY,26-DEC-2024,26000.0,29-10-2024 10:13:00,80.05,81.05,80.0,80.8,2052325.0,4425.0,1548.4,1548.4,1548.4,1548.4,965100.0,225.0
NIFTY,26-DEC-2024,26000.0,29-10-2024 10:14:00,80.9,80.9,80.65,80.8,2052325.0,5025.0,,,,,,
NIFTY,26-DEC-2024,26000.0,29-10-2024 10:15:00,81.05,81.05,81.0,81.0,2052325.0,0.0,1502.0,1502.0,1502.0,1502.0,964875.0,0.0
NIFTY,26-DEC-2024,26000.0,29-10-2024 10:16:00,81.4,81.4,80.5,80.5,2054050.0,3600.0,1502.0,1519.85,1502.0,1519.85,964875.0,100.0
NIFTY,26-DEC-2024,26000.0,29-10-2024 10:17:00,80.3,80.3,79.45,79.45,2054050.0,0.0,1519.85,1519.85,1519.85,1519.85,964875.0,0.0
NIFTY,26-DEC-2024,26000.0,29-10-2024 10:18:00,79.45,80.0,79.45,80.0,2054050.0,0.0,1534.3,1534.3,1524.0,1524.0,964875.0,225.0
NIFTY,26-DEC-2024,26000.0,29-10-2024 10:19:00,79.45,80.0,79.35,79.85,2054800.0,0.0,1524.0,1527.0,1524.0,1527.0,964850.0,25.0
NIFTY,26-DEC-2024,26000.0,29-10-2024 10:20:00,79.85,79.85,79.35,79.8,2054800.0,0.0,1527.0,1527.0,1515.45,1515.45,964850.0,75.0
NIFTY,26-DEC-2024,26000.0,29-10-2024 10:21:00,79.8,79.8,79.8,79.8,2054800.0,8125.0,1515.45,1515.45,1510.0,1510.0,964850.0,150.0
NIFTY,26-DEC-2024,26000.0,29-10-2024 10:22:00,79.0,79.0,79.0,79.0,2056675.0,0.0,1510.0,1525.0,1510.0,1520.0,964825.0,25.0
NIFTY,26-DEC-2024,26000.0,29-10-2024 10:23:00,79.0,79.8,79.0,79.8,2056675.0,5400.0,1512.3,1512.3,1512.3,1512.3,964825.0,75.0
NIFTY,26-DEC-2024,26000.0,29-10-2024 10:24:00,79.95,80.0,78.85,80.0,2056675.0,1250.0,1517.0,1517.5,1510.7,1510.7,964825.0,100.0
NIFTY,26-DEC-2024,26000.0,29-10-2024 10:25:00,80.0,80.0,80.0,80.0,2057900.0,0.0,1510.7,1511.0,1510.7,1511.0,964725.0,50.0
NIFTY,26-DEC-2024,26000.0,29-10-2024 10:26:00,80.5,80.75,80.0,80.0,2057900.0,5925.0,1507.45,1507.45,1497.95,1497.95,964725.0,0.0
NIFTY,26-DEC-2024,26000.0,29-10-2024 10:27:00,80.0,81.4,79.95,81.4,2057900.0,2850.0,1497.95,1497.95,1492.0,1496.3,964725.0,325.0
NIFTY,26-DEC-2024,26000.0,29-10-2024 10:28:00,81.4,81.8,81.25,81.8,2058750.0,5175.0,1496.3,1496.3,1496.3,1496.3,964725.0,0.0
NIFTY,26-DEC-2024,26000.0,29-10-2024 10:29:00,80.4,80.4,80.4,80.4,2058750.0,0.0,1486.0,1496.0,1486.0,1496.0,964725.0,0.0
NIFTY,26-DEC-2024,26000.0,29-10-2024 10:30:00,81.0,81.0,80.0,80.0,2058750.0,2825.0,1500.0,1514.9,1500.0,1514.9,964725.0,325.0
NIFTY,26-DEC-2024,26000.0,29-10-2024 10:31:00,80.35,80.55,79.05,79.05,2059575.0,1025.0,1514.9,1535.0,1514.9,1535.0,964750.0,275.0
NIFTY,26-DEC-2024,26000.0,29-10-2024 10:32:00,79.85,79.85,79.05,79.65,2059575.0,0.0,1542.0,1542.0,1542.0,1542.0,964750.0,0.0
NIFTY,26-DEC-2024,26000.0,29-10-2024 10:33:00,79.65,79.65,79.05,79.05,2059575.0,0.0,1542.0,1546.55,1537.6,1546.55,964750.0,350.0
NIFTY,26-DEC-2024,26000.0,29-10-2024 10:34:00,79.1,79.1,79.05,79.05,2059575.0,3575.0,1537.95,1545.0,1537.95,1545.0,964750.0,25.0
NIFTY,26-DEC-2024,26000.0,29-10-2024 10:35:00,79.05,79.05,78.8,78.8,2059900.0,100.0,1545.0,1550.0,1545.0,1545.25,964750.0,100.0
NIFTY,26-DEC-2024,26000.0,29-10-2024 10:36:00,78.6,78.6,78.5,78.5,2059900.0,2375.0,1545.25,1545.25,1545.25,1545.25,964750.0,200.0
NIFTY,26-DEC-2024,26000.0,29-10-2024 10:37:00,78.6,78.6,78.5,78.5,2062800.0,1000.0,1545.25,1545.25,1545.25,1545.25,964750.0,0.0
NIFTY,26-DEC-2024,26000.0,29-10-2024 10:38:00,78.5,78.5,78.5,78.5,2062800.0,0.0,,,,,,
NIFTY,26-DEC-2024,26000.0,29-10-2024 10:39:00,78.6,78.6,78.5,78.6,2062800.0,1125.0,1540.0,1540.0,1540.0,1540.0,964750.0,325.0
NIFTY,26-DEC-2024,26000.0,29-10-2024 10:40:00,78.6,78.75,78.0,78.2,2064900.0,2950.0,1533.25,1550.0,1532.95,1550.0,964400.0,1625.0
NIFTY,26-DEC-2024,26000.0,29-10-2024 10:41:00,78.6,78.95,78.05,78.5,2064900.0,1525.0,1550.1,1550.1,1538.4,1548.15,964400.0,875.0
NIFTY,26-DEC-2024,26000.0,29-10-2024 10:42:00,78.85,78.85,78.0,78.0,2064900.0,2450.0,1545.05,1545.7,1528.05,1534.45,964400.0,3125.0
NIFTY,26-DEC-2024,26000.0,29-10-2024 10:43:00,78.45,78.6,77.95,77.95,2064925.0,0.0,1534.45,1544.45,1534.45,1544.45,963375.0,75.0
NIFTY,26-DEC-2024,26000.0,29-10-2024 10:44:00,77.95,78.0,77.45,77.9,2064925.0,2375.0,1544.45,1556.0,1544.45,1556.0,963375.0,100.0
NIFTY,26-DEC-2024,26000.0,29-10-2024 10:45:00,77.85,77.9,77.0,77.0,2064925.0,0.0,1556.75,1565.35,1553.15,1565.35,963375.0,50.0
NIFTY,26-DEC-2024,26000.0,29-10-2024 10:46:00,76.9,77.7,76.8,76.8,2065225.0,2750.0,1576.15,1580.0,1576.15,1580.0,963575.0,375.0
NIFTY,26-DEC-2024,26000.0,29-10-2024 10:47:00,77.85,78.15,76.8,77.0,2065225.0,2225.0,1580.0,1582.1,1579.45,1579.45,963575.0,100.0
NIFTY,26-DEC-2024,26000.0,29-10-2024 10:48:00,77.0,77.0,77.0,77.0,2065225.0,1350.0,1579.45,1584.55,1576.45,1576.45,963575.0,125.0
NIFTY,26-DEC-2024,26000.0,29-10-2024 10:49:00,76.8,77.0,76.8,77.0,2065225.0,0.0,1576.45,1576.45,1569.6,1572.1,963575.0,75.0
NIFTY,26-DEC-2024,26000.0,29-10-2024 10:50:00,78.15,78.35,77.2,78.35,2063750.0,0.0,1572.1,1572.1,1553.5,1555.15,963700.0,50.0
NIFTY,26-DEC-2024,26000.0,29-10-2024 10:51:00,78.55,78.85,78.3,78.85,2063750.0,2450.0,1555.15,1555.8,1553.6,1555.8,963700.0,50.0
NIFTY,26-DEC-2024,26000.0,29-10-2024 10:52:00,78.5,78.6,78.3,78.35,2064450.0,1775.0,1555.8,1561.75,1555.8,1556.6,963700.0,175.0
NIFTY,26-DEC-2024,26000.0,29-10-2024 10:53:00,78.95,78.95,78.75,78.75,2064450.0,650.0,1556.6,1556.6,1544.0,1544.0,963725.0,200.0
NIFTY,26-DEC-2024,26000.0,29-10-2024 10:54:00,78.75,79.0,78.75,79.0,2064450.0,0.0,1544.0,1545.05,1539.0,1541.25,963725.0,125.0
NIFTY,26-DEC-2024,26000.0,29-10-2024 10:55:00,79.05,80.0,79.0,80.0,2064175.0,1475.0,1541.25,1541.25,1541.25,1541.25,963725.0,0.0
NIFTY,26-DEC-2024,26000.0,29-10-2024 10:56:00,79.95,80.2,79.95,80.2,2064175.0,2975.0,1541.25,1541.25,1533.2,1533.4,963650.0,525.0
NIFTY,26-DEC-2024,26000.0,29-10-2024 10:57:00,79.95,79.95,79.65,79.7,2064175.0,300.0,1533.4,1533.4,1533.4,1533.4,963650.0,0.0
NIFTY,26-DEC-2024,26000.0,29-10-2024 10:58:00,79.7,79.7,79.7,79.7,2064575.0,650.0,1533.4,1549.95,1533.4,1549.95,963650.0,25.0
NIFTY,26-DEC-2024,26000.0,29-10-2024 10:59:00,79.95,80.0,79.55,79.55,2064575.0,1300.0,1549.95,1549.95,1522.55,1522.55,963650.0,25.0
NIFTY,26-DEC-2024,26000.0,29-10-2024 11:00:00,79.65,80.0,79.6,80.0,2064575.0,0.0,1522.55,1532.0,1522.55,1532.0,963425.0,550.0
NIFTY,26-DEC-2024,26000.0,29-10-2024 11:01:00,80.0,80.0,79.15,79.8,2064650.0,0.0,1532.0,1550.0,1532.0,1550.0,962925.0,500.0
NIFTY,26-DEC-2024,26000.0,29-10-2024 11:02:00,79.8,79.8,79.0,79.65,2064650.0,2200.0,1550.0,1550.0,1550.0,1550.0,962925.0,0.0
NIFTY,26-DEC-2024,26000.0,29-10-2024 11:03:00,79.8,79.8,78.0,78.55,2064650.0,2275.0,1548.45,1555.25,1548.45,1553.5,962925.0,175.0
NIFTY,26-DEC-2024,26000.0,29-10-2024 11:04:00,78.55,78.55,78.0,78.55,2066300.0,0.0,1553.5,1563.25,1553.5,1553.5,962375.0,600.0
NIFTY,26-DEC-2024,26000.0,29-10-2024 11:05:00,79.2,79.25,78.75,79.25,2066300.0,0.0,1553.5,1553.5,1537.5,1547.5,962375.0,400.0
NIFTY,26-DEC-2024,26000.0,29-10-2024 11:06:00,79.15,79.25,79.05,79.05,2066300.0,0.0,1547.5,1548.0,1530.75,1539.8,962375.0,1325.0
NIFTY,26-DEC-2024,26000.0,29-10-2024 11:07:00,79.45,79.5,79.05,79.5,2066225.0,2575.0,1539.8,1539.8,1539.8,1539.8,962375.0,0.0
NIFTY,26-DEC-2024,26000.0,29-10-2024 11:08:00,79.5,79.5,78.45,79.2,2066225.0,1075.0,1539.8,1539.8,1539.8,1539.8,962375.0,0.0
NIFTY,26-DEC-2024,26000.0,29-10-2024 11:09:00,79.2,80.0,78.05,78.4,2066225.0,0.0,1539.8,1539.8,1539.8,1539.8,962375.0,0.0
NIFTY,26-DEC-2024,26000.0,29-10-2024 11:10:00,78.4,78.4,78.4,78.4,2065025.0,4425.0,1539.8,1539.8,1539.8,1539.8,962375.0,0.0
NIFTY,26-DEC-2024,26000.0,29-10-2024 11:11:00,78.2,78.2,78.2,78.2,2065025.0,700.0,1539.8,1550.0,1539.0,1550.0,960875.0,150.0
NIFTY,26-DEC-2024,26000.0,29-10-2024 11:12:00,78.25,78.4,78.25,78.4,2065025.0,1225.0,1550.0,1550.4,1550.0,1550.4,960875.0,25.0
NIFTY,26-DEC-2024,26000.0,29-10-2024 11:13:00,78.4,78.4,78.0,78.0,2064875.0,0.0,1550.4,1550.4,1550.4,1550.4,960875.0,0.0
NIFTY,26-DEC-2024,26000.0,29-10-2024 11:14:00,78.0,78.4,78.0,78.0,2064875.0,300.0,1550.4,1552.35,1530.0,1530.0,960900.0,150.0
NIFTY,26-DEC-2024,26000.0,29-10-2024 11:15:00,78.0,78.0,78.0,78.0,2064875.0,4800.0,1530.0,1539.35,1530.0,1539.35,960900.0,100.0
NIFTY,26-DEC-2024,26000.0,29-10-2024 11:16:00,78.0,78.75,78.0,78.05,2062050.0,0.0,1539.35,1539.35,1539.35,1539.35,960800.0,25.0
NIFTY,26-DEC-2024,26000.0,29-10-2024 11:17:00,78.0,78.6,77.75,78.05,2062050.0,3175.0,1539.35,1540.0,1537.5,1540.0,960800.0,575.0
NIFTY,26-DEC-2024,26000.0,29-10-2024 11:18:00,78.05,78.15,78.05,78.05,2062050.0,0.0,1540.0,1540.0,1540.0,1540.0,960800.0,0.0
NIFTY,26-DEC-2024,26000.0,29-10-2024 11:19:00,78.2,78.7,78.05,78.7,2063125.0,825.0,1540.0,1540.0,1540.0,1540.0,960800.0,0.0
NIFTY,26-DEC-2024,26000.0,29-10-2024 11:20:00,77.85,78.6,77.75,78.25,2063125.0,0.0,1540.0,1548.0,1540.0,1542.0,960775.0,75.0
NIFTY,26-DEC-2024,26000.0,29-10-2024 11:21:00,78.05,78.55,78.05,78.25,2063125.0,0.0,1542.0,1542.0,1542.0,1542.0,960775.0,0.0
NIFTY,26-DEC-2024,26000.0,29-10-2024 11:22:00,78.25,79.0,78.25,78.25,2063900.0,0.0,1542.0,1542.0,1542.0,1542.0,960725.0,200.0
NIFTY,26-DEC-2024,26000.0,29-10-2024 11:23:00,,,,,,,1542.0,1542.0,1542.0,1542.0,960725.0,0.0
NIFTY,26-DEC-2024,26000.0,29-10-2024 11:24:00,78.7,78.7,78.7,78.7,2063900.0,0.0,1542.0,1544.5,1542.0,1542.45,960725.0,75.0
NIFTY,26-DEC-2024,26000.0,29-10-2024 11:25:00,79.0,79.0,79.0,79.0,2063900.0,0.0,1542.45,1542.45,1542.45,1542.45,960725.0,0.0
NIFTY,26-DEC-2024,26000.0,29-10-2024 11:26:00,79.5,79.5,79.5,79.5,2063850.0,3550.0,1542.45,1542.45,1527.35,1535.4,960725.0,50.0
NIFTY,26-DEC-2024,26000.0,29-10-2024 11:27:00,79.4,79.4,79.4,79.4,2063850.0,0.0,1535.4,1535.4,1535.4,1535.4,960725.0,50.0
NIFTY,26-DEC-2024,26000.0,29-10-2024 11:28:00,78.9,78.9,78.9,78.9,2065125.0,1700.0,1535.4,1535.4,1534.0,1534.0,960700.0,75.0
NIFTY,26-DEC-2024,26000.0,29-10-2024 11:29:00,79.25,79.25,79.15,79.15,2065125.0,75.0,1534.0,1534.0,1528.2,1528.2,960700.0,25.0
NIFTY,26-DEC-2024,26000.0,29-10-2024 11:30:00,79.15,79.15,79.0,79.0,2065125.0,50.0,1528.2,1528.2,1528.2,1528.2,960700.0,0.0
NIFTY,26-DEC-2024,26000.0,29-10-2024 11:31:00,79.0,79.0,78.75,78.75,2065175.0,850.0,1528.2,1546.05,1528.2,1546.05,960700.0,25.0
NIFTY,26-DEC-2024,26000.0,29-10-2024 11:32:00,78.65,78.65,78.25,78.25,2065175.0,0.0,1546.05,1546.05,1546.05,1546.05,960700.0,0.0
NIFTY,26-DEC-2024,26000.0,29-10-2024 11:33:00,78.25,78.25,77.75,78.25,2065175.0,625.0,1546.05,1546.05,1540.0,1540.0,960675.0,25.0
NIFTY,26-DEC-2024,26000.0,29-10-2024 11:34:00,78.0,78.25,77.45,78.25,2065850.0,425.0,1540.0,1540.75,1540.0,1540.75,960675.0,0.0
NIFTY,26-DEC-2024,26000.0,29-10-2024 11:35:00,78.2,78.25,78.2,78.2,2065850.0,550.0,1540.15,1540.15,1540.15,1540.15,960675.0,150.0
NIFTY,26-DEC-2024,26000.0,29-10-2024 11:36:00,78.2,78.25,77.85,77.85,2065850.0,0.0,1540.15,1540.15,1540.15,1540.15,960675.0,0.0
NIFTY,26-DEC-2024,26000.0,29-10-2024 11:37:00,79.0,79.0,79.0,79.0,2065725.0,1225.0,1540.15,1540.15,1532.4,1532.4,960675.0,50.0
NIFTY,26-DEC-2024,26000.0,29-10-2024 11:38:00,78.85,80.0,78.8,80.0,2065725.0,0.0,1532.4,1532.4,1518.55,1518.55,960675.0,175.0
NIFTY,26-DEC-2024,26000.0,29-10-2024 11:39:00,80.0,80.95,80.0,80.95,2065725.0,2100.0,1518.55,1518.55,1509.25,1513.0,960800.0,100.0
NIFTY,26-DEC-2024,26000.0,29-10-2024 11:40:00,80.95,81.75,80.35,81.05,2065775.0,725.0,1513.0,1513.0,1502.0,1502.0,960800.0,100.0
NIFTY,26-DEC-2024,26000.0,29-10-2024 11:41:00,81.15,82.5,81.15,82.3,2065775.0,475.0,1502.0,1503.05,1487.95,1495.0,960700.0,25.0
NIFTY,26-DEC-2024,26000.0,29-10-2024 11:42:00,81.05,81.9,80.35,80.35,2065775.0,2000.0,1495.0,1495.0,1495.0,1495.0,960700.0,600.0
NIFTY,26-DEC-2024,26000.0,29-10-2024 11:43:00,80.35,81.95,80.35,81.7,2067050.0,275.0,1493.45,1500.45,1493.45,1500.05,960725.0,0.0
NIFTY,26-DEC-2024,26000.0,29-10-2024 11:44:00,81.7,82.1,81.7,82.1,2067050.0,125.0,1500.05,1500.05,1499.5,1499.5,960725.0,175.0
NIFTY,26-DEC-2024,26000.0,29-10-2024 11:45:00,82.0,82.85,82.0,82.5,2067050.0,0.0,1499.5,1499.5,1490.85,1490.85,960725.0,25.0
NIFTY,26-DEC-2024,26000.0,29-10-2024 11:46:00,82.5,82.5,81.55,81.55,2067300.0,1275.0,1490.85,1490.85,1490.85,1490.85,960725.0,0.0
NIFTY,26-DEC-2024,26000.0,29-10-2024 11:47:00,81.55,81.6,81.05,81.3,2067300.0,875.0,1490.85,1505.0,1490.85,1505.0,960775.0,0.0
NIFTY,26-DEC-2024,26000.0,29-10-2024 11:48:00,81.95,81.95,81.0,81.2,2067300.0,650.0,,,,,,
NIFTY,26-DEC-2024,26000.0,29-10-2024 11:49:00,81.7,81.7,81.2,81.2,2067300.0,1275.0,1505.0,1505.0,1505.0,1505.0,960775.0,125.0
NIFTY,26-DEC-2024,26000.0,29-10-2024 11:50:00,81.2,81.8,81.0,81.0,2067625.0,25.0,1505.0,1505.0,1505.0,1505.0,960775.0,0.0
NIFTY,26-DEC-2024,26000.0,29-10-2024 11:51:00,81.0,81.0,80.65,81.0,2067625.0,100.0,1505.0,1505.0,1505.0,1505.0,960775.0,0.0
NIFTY,26-DEC-2024,26000.0,29-10-2024 11:52:00,80.5,80.5,80.0,80.0,2067625.0,75.0,1505.0,1505.0,1497.1,1497.1,960850.0,25.0
NIFTY,26-DEC-2024,26000.0,29-10-2024 11:53:00,80.0,80.15,80.0,80.15,2068100.0,725.0,1497.1,1497.1,1497.1,1497.1,960850.0,0.0
NIFTY,26-DEC-2024,26000.0,29-10-2024 11:54:00,81.0,81.0,81.0,81.0,2068100.0,0.0,1497.1,1497.1,1492.75,1492.75,960825.0,0.0
NIFTY,26-DEC-2024,26000.0,29-10-2024 11:55:00,81.0,82.45,81.0,82.05,2068400.0,1725.0,1492.75,1492.75,1492.75,1492.75,960825.0,125.0
NIFTY,26-DEC-2024,26000.0,29-10-2024 11:56:00,82.2,83.0,82.1,83.0,2068400.0,0.0,1492.75,1497.0,1491.7,1491.7,960825.0,100.0
NIFTY,26-DEC-2024,26000.0,29-10-2024 11:57:00,82.85,83.0,82.65,82.95,2068400.0,2900.0,1491.7,1492.4,1480.35,1490.0,960825.0,75.0
NIFTY,26-DEC-2024,26000.0,29-10-2024 11:58:00,82.65,83.1,82.6,83.05,2066725.0,3050.0,1490.0,1490.0,1490.0,1490.0,960825.0,350.0
NIFTY,26-DEC-2024,26000.0,29-10-2024 11:59:00,82.95,83.05,82.5,82.9,2066725.0,2375.0,1490.0,1490.0,1490.0,1490.0,960825.0,0.0
NIFTY,26-DEC-2024,26000.0,29-10-2024 12:00:00,82.9,83.25,82.9,82.9,2066725.0,750.0,1490.0,1490.0,1490.0,1490.0,960825.0,0.0
NIFTY,26-DEC-2024,26000.0,29-10-2024 12:01:00,82.9,83.0,82.9,83.0,2066325.0,300.0,1490.0,1490.0,1490.0,1490.0,960825.0,0.0
NIFTY,26-DEC-2024,26000.0,29-10-2024 12:02:00,83.0,85.0,83.0,84.3,2066325.0,0.0,1490.0,1490.0,1467.55,1467.55,961050.0,100.0
NIFTY,26-DEC-2024,26000.0,29-10-2024 12:03:00,85.0,87.75,84.75,86.5,2066325.0,8950.0,1467.55,1468.25,1454.4,1463.0,961050.0,25.0
NIFTY,26-DEC-2024,26000.0,29-10-2024 12:04:00,86.75,87.45,85.95,86.3,2071075.0,2550.0,,,,,,
NIFTY,26-DEC-2024,26000.0,29-10-2024 12:05:00,86.15,86.15,85.55,85.55,2071075.0,150.0,,,,,,
NIFTY,26-DEC-2024,26000.0,29-10-2024 12:06:00,85.4,86.0,85.4,85.5,2071075.0,650.0,1463.0,1463.0,1463.0,1463.0,960975.0,150.0
NIFTY,26-DEC-2024,26000.0,29-10-2024 12:07:00,85.75,85.75,85.25,85.6,2071300.0,0.0,1463.0,1463.0,1463.0,1463.0,960975.0,0.0
NIFTY,26-DEC-2024,26000.0,29-10-2024 12:08:00,85.8,85.8,85.5,85.7,2071300.0,425.0,1463.0,1463.0,1463.0,1463.0,960975.0,0.0
NIFTY,26-DEC-2024,26000.0,29-10-2024 12:09:00,85.75,86.0,85.7,85.7,2071300.0,2225.0,1463.0,1463.0,1463.0,1463.0,960975.0,0.0
NIFTY,26-DEC-2024,26000.0,29-10-2024 12:10:00,85.7,85.75,85.65,85.7,2070500.0,425.0,1463.0,1463.7,1463.0,1463.7,960975.0,25.0
NIFTY,26-DEC-2024,26000.0,29-10-2024 12:11:00,85.8,85.8,85.0,85.0,2070500.0,725.0,1463.7,1463.7,1463.7,1463.7,960975.0,0.0
NIFTY,26-DEC-2024,26000.0,29-10-2024 12:12:00,84.55,84.55,84.55,84.55,2070500.0,275.0,1463.7,1463.7,1462.75,1462.75,961050.0,25.0
NIFTY,26-DEC-2024,26000.0,29-10-2024 12:13:00,85.55,87.0,85.55,85.9,2070150.0,0.0,1462.75,1464.6,1462.75,1464.6,961050.0,25.0
NIFTY,26-DEC-2024,26000.0,29-10-2024 12:14:00,85.9,87.95,85.9,87.05,2070150.0,1250.0,1464.6,1464.6,1449.95,1449.95,961025.0,150.0
NIFTY,26-DEC-2024,26000.0,29-10-2024 12:15:00,87.05,87.6,87.05,87.5,2070150.0,200.0,1449.95,1450.0,1440.55,1450.0,961025.0,25.0
NIFTY,26-DEC-2024,26000.0,29-10-2024 12:16:00,87.1,87.15,87.1,87.1,2070525.0,0.0,1450.0,1450.0,1445.0,1445.7,961250.0,0.0
NIFTY,26-DEC-2024,26000.0,29-10-2024 12:17:00,88.0,88.0,87.15,87.3,2070525.0,0.0,1445.7,1456.2,1445.7,1456.2,961250.0,200.0
NIFTY,26-DEC-2024,26000.0,29-10-2024 12:18:00,87.1,87.85,86.6,86.6,2070525.0,3500.0,1456.2,1456.2,1452.65,1452.65,961250.0,25.0
NIFTY,26-DEC-2024,26000.0,29-10-2024 12:19:00,86.85,88.0,86.85,87.5,2070375.0,2075.0,1448.0,1448.0,1439.15,1439.15,961150.0,0.0
NIFTY,26-DEC-2024,26000.0,29-10-2024 12:20:00,87.2,87.5,87.2,87.3,2070375.0,1600.0,1439.15,1439.15,1439.15,1439.15,961150.0,750.0
NIFTY,26-DEC-2024,26000.0,29-10-2024 12:21:00,87.3,87.95,87.2,87.95,2070375.0,75.0,1439.15,1439.15,1439.15,1439.15,961150.0,0.0
NIFTY,26-DEC-2024,26000.0,29-10-2024 12:22:00,87.95,88.05,86.65,86.65,2069075.0,0.0,1439.15,1445.0,1439.15,1445.0,961150.0,100.0
NIFTY,26-DEC-2024,26000.0,29-10-2024 12:23:00,86.75,87.5,85.9,86.05,2069075.0,3700.0,1445.0,1445.0,1445.0,1445.0,961150.0,0.0
NIFTY,26-DEC-2024,26000.0,29-10-2024 12:24:00,85.55,85.55,84.85,84.95,2069075.0,0.0,1445.0,1445.0,1445.0,1445.0,961150.0,0.0
NIFTY,26-DEC-2024,26000.0,29-10-2024 12:25:00,85.0,85.4,85.0,85.4,2069075.0,3750.0,1445.0,1445.0,1445.0,1445.0,961150.0,0.0
NIFTY,26-DEC-2024,26000.0,29-10-2024 12:26:00,84.5,84.5,84.5,84.5,2067975.0,100.0,1445.0,1445.0,1445.0,1445.0,961150.0,0.0
NIFTY,26-DEC-2024,26000.0,29-10-2024 12:27:00,85.0,86.25,85.0,86.25,2067975.0,0.0,1445.0,1445.0,1445.0,1445.0,961150.0,0.0
NIFTY,26-DEC-2024,26000.0,29-10-2024 12:28:00,85.25,86.95,85.25,86.95,2067875.0,0.0,1445.0,1445.0,1445.0,1445.0,961150.0,0.0
NIFTY,26-DEC-2024,26000.0,29-10-2024 12:29:00,86.95,86.95,84.0,84.0,2067875.0,0.0,1445.0,1445.0,1445.0,1445.0,961150.0,0.0
NIFTY,26-DEC-2024,26000.0,29-10-2024 12:30:00,84.0,84.0,84.0,84.0,2067875.0,2950.0,1445.0,1445.0,1445.0,1445.0,961150.0,0.0
NIFTY,26-DEC-2024,26000.0,29-10-2024 12:31:00,83.45,85.1,83.45,85.1,2067875.0,50.0,1445.0,1445.0,1445.0,1445.0,961150.0,0.0
NIFTY,26-DEC-2024,26000.0,29-10-2024 12:32:00,85.1,85.65,85.1,85.65,2067875.0,75.0,1445.0,1445.0,1445.0,1445.0,961150.0,0.0
NIFTY,26-DEC-2024,26000.0,29-10-2024 12:33:00,85.65,86.0,85.65,86.0,2068500.0,75.0,1445.0,1445.0,1445.0,1445.0,961150.0,0.0
NIFTY,26-DEC-2024,26000.0,29-10-2024 12:34:00,85.95,86.7,84.8,84.8,2068675.0,1025.0,1445.0,1455.95,1445.0,1455.95,961150.0,1525.0
NIFTY,26-DEC-2024,26000.0,29-10-2024 12:35:00,84.8,86.8,84.8,86.5,2068675.0,550.0,1455.95,1455.95,1446.95,1446.95,961150.0,250.0
NIFTY,26-DEC-2024,26000.0,29-10-2024 12:36:00,86.5,88.5,85.75,85.75,2068675.0,1225.0,1446.95,1446.95,1446.95,1446.95,961150.0,0.0
NIFTY,26-DEC-2024,26000.0,29-10-2024 12:37:00,85.75,85.8,85.75,85.75,2068975.0,875.0,1446.95,1459.0,1446.95,1459.0,961150.0,75.0
NIFTY,26-DEC-2024,26000.0,29-10-2024 12:38:00,85.05,85.95,84.3,84.3,2068975.0,2100.0,1459.0,1466.0,1459.0,1466.0,960175.0,25.0
NIFTY,26-DEC-2024,26000.0,29-10-2024 12:39:00,84.3,84.65,84.3,84.65,2068975.0,650.0,1466.0,1468.65,1466.0,1468.65,960175.0,125.0
NIFTY,26-DEC-2024,26000.0,29-10-2024 12:40:00,84.65,86.75,84.65,85.55,2068975.0,0.0,1468.65,1468.65,1468.65,1468.65,960175.0,0.0
NIFTY,26-DEC-2024,26000.0,29-10-2024 12:41:00,86.65,86.65,86.65,86.65,2068225.0,475.0,1468.65,1468.65,1468.65,1468.65,960175.0,0.0
NIFTY,26-DEC-2024,26000.0,29-10-2024 12:42:00,86.65,86.65,85.55,86.0,2068225.0,0.0,1468.65,1468.65,1463.65,1463.65,960175.0,25.0
NIFTY,26-DEC-2024,26000.0,29-10-2024 12:43:00,86.0,86.85,86.0,86.85,2068550.0,900.0,1463.65,1463.65,1453.3,1453.35,960175.0,100.0
NIFTY,26-DEC-2024,26000.0,29-10-2024 12:44:00,86.85,87.05,86.85,87.0,2068550.0,500.0,1453.35,1453.35,1453.35,1453.35,960175.0,0.0
NIFTY,26-DEC-2024,26000.0,29-10-2024 12:45:00,87.0,87.65,87.0,87.05,2068550.0,625.0,1453.35,1453.35,1450.0,1450.0,960175.0,75.0
NIFTY,26-DEC-2024,26000.0,29-10-2024 12:46:00,87.1,87.25,86.25,87.25,2068600.0,1250.0,1450.0,1452.0,1450.0,1452.0,960175.0,25.0
NIFTY,26-DEC-2024,26000.0,29-10-2024 12:47:00,87.25,87.55,86.7,87.25,2068600.0,225.0,1452.0,1452.7,1448.3,1448.3,960275.0,50.0
NIFTY,26-DEC-2024,26000.0,29-10-2024 12:48:00,87.25,87.25,87.25,87.25,2068600.0,150.0,1448.3,1455.0,1448.3,1455.0,960275.0,50.0
NIFTY,26-DEC-2024,26000.0,29-10-2024 12:49:00,86.55,87.2,86.55,87.0,2068600.0,2650.0,1455.0,1455.0,1455.0,1455.0,960275.0,150.0
NIFTY,26-DEC-2024,26000.0,29-10-2024 12:50:00,87.0,87.3,86.35,87.3,2070275.0,4875.0,1455.0,1455.0,1450.0,1455.0,960425.0,300.0
NIFTY,26-DEC-2024,26000.0,29-10-2024 12:51:00,87.3,90.0,87.3,89.6,2070275.0,0.0,1455.0,1455.0,1433.0,1433.0,960425.0,25.0
NIFTY,26-DEC-2024,26000.0,29-10-2024 12:52:00,90.0,90.4,89.65,89.65,2066900.0,4000.0,1433.0,1433.0,1426.3,1426.3,960600.0,0.0
NIFTY,26-DEC-2024,26000.0,29-10-2024 12:53:00,89.65,90.0,89.65,90.0,2066900.0,175.0,1426.3,1426.3,1426.3,1426.3,960600.0,100.0
NIFTY,26-DEC-2024,26000.0,29-10-2024 12:54:00,90.0,90.0,89.0,89.0,2066900.0,450.0,1426.3,1426.3,1426.3,1426.3,960600.0,0.0
NIFTY,26-DEC-2024,26000.0,29-10-2024 12:55:00,89.0,89.0,88.3,89.0,2066900.0,0.0,1426.3,1426.3,1426.3,1426.3,960600.0,0.0
NIFTY,26-DEC-2024,26000.0,29-10-2024 12:56:00,88.3,88.3,88.15,88.15,2066150.0,0.0,,,,,,
NIFTY,26-DEC-2024,26000.0,29-10-2024 12:57:00,89.25,89.35,88.3,88.3,2066150.0,1175.0,1426.3,1426.3,1426.3,1426.3,960600.0,0.0
NIFTY,26-DEC-2024,26000.0,29-10-2024 12:58:00,88.25,89.2,88.25,89.2,2066150.0,75.0,1426.3,1426.3,1426.3,1426.3,960600.0,0.0
NIFTY,26-DEC-2024,26000.0,29-10-2024 12:59:00,89.8,90.15,89.8,90.15,2066075.0,0.0,1439.65,1439.65,1439.65,1439.65,960650.0,0.0
NIFTY,26-DEC-2024,26000.0,29-10-2024 13:00:00,90.5,90.95,90.05,90.85,2066075.0,6000.0,1428.1,1428.1,1428.1,1428.1,960650.0,525.0
NIFTY,26-DEC-2024,26000.0,29-10-2024 13:01:00,90.85,91.0,89.8,91.0,2066425.0,2050.0,1420.0,1420.0,1420.0,1420.0,960650.0,25.0
NIFTY,26-DEC-2024,26000.0,29-10-2024 13:02:00,91.0,92.6,91.0,92.4,2066425.0,2475.0,1414.05,1414.05,1414.05,1414.05,960175.0,25.0
NIFTY,26-DEC-2024,26000.0,29-10-2024 13:03:00,92.4,92.95,92.0,92.0,2066425.0,1650.0,,,,,,
NIFTY,26-DEC-2024,26000.0,29-10-2024 13:04:00,92.0,92.6,92.0,92.6,2065400.0,25.0,1414.05,1414.05,1414.05,1414.05,960175.0,0.0
NIFTY,26-DEC-2024,26000.0,29-10-2024 13:05:00,93.0,93.3,91.75,91.75,2065400.0,0.0,1410.0,1410.0,1410.0,1410.0,960175.0,0.0
NIFTY,26-DEC-2024,26000.0,29-10-2024 13:06:00,92.5,93.0,92.35,92.7,2065400.0,0.0,1410.0,1416.1,1409.35,1409.35,960175.0,75.0
NIFTY,26-DEC-2024,26000.0,29-10-2024 13:07:00,92.5,92.5,92.0,92.0,2065550.0,6400.0,1409.35,1418.95,1409.35,1418.95,960150.0,100.0
NIFTY,26-DEC-2024,26000.0,29-10-2024 13:08:00,90.4,92.5,90.4,92.5,2065550.0,2200.0,1418.95,1418.95,1418.95,1418.95,960150.0,25.0
NIFTY,26-DEC-2024,26000.0,29-10-2024 13:09:00,92.45,93.0,92.35,93.0,2065550.0,800.0,1420.0,1420.0,1420.0,1420.0,960150.0,25.0
NIFTY,26-DEC-2024,26000.0,29-10-2024 13:10:00,93.45,93.45,92.15,92.15,2065550.0,2775.0,1420.0,1420.0,1420.0,1420.0,960150.0,0.0
NIFTY,26-DEC-2024,26000.0,29-10-2024 13:11:00,92.25,92.25,91.3,91.45,2063250.0,500.0,1420.0,1428.0,1420.0,1423.5,960125.0,50.0
NIFTY,26-DEC-2024,26000.0,29-10-2024 13:12:00,90.9,90.9,90.9,90.9,2063250.0,650.0,1423.5,1438.6,1423.5,1438.6,960125.0,25.0
NIFTY,26-DEC-2024,26000.0,29-10-2024 13:13:00,90.55,90.85,90.0,90.35,2062600.0,650.0,1438.6,1438.6,1438.6,1438.6,960125.0,50.0
NIFTY,26-DEC-2024,26000.0,29-10-2024 13:14:00,90.05,90.85,90.0,90.15,2062600.0,1575.0,1441.55,1441.55,1440.0,1440.0,960150.0,175.0
NIFTY,26-DEC-2024,26000.0,29-10-2024 13:15:00,90.8,91.0,90.8,90.9,2062600.0,1400.0,1435.95,1435.95,1434.25,1434.25,960150.0,125.0
NIFTY,26-DEC-2024,26000.0,29-10-2024 13:16:00,91.0,91.0,90.1,90.3,2062150.0,425.0,1443.0,1443.0,1443.0,1443.0,960150.0,25.0
NIFTY,26-DEC-2024,26000.0,29-10-2024 13:17:00,90.2,90.95,90.1,90.95,2062150.0,500.0,1428.95,1439.3,1427.4,1427.4,960025.0,75.0
NIFTY,26-DEC-2024,26000.0,29-10-2024 13:18:00,90.9,91.0,90.9,91.0,2062150.0,950.0,1427.4,1427.4,1427.4,1427.4,960025.0,0.0
NIFTY,26-DEC-2024,26000.0,29-10-2024 13:19:00,91.4,91.4,90.3,90.3,2062150.0,1675.0,1424.75,1424.75,1424.75,1424.75,960025.0,50.0
NIFTY,26-DEC-2024,26000.0,29-10-2024 13:20:00,91.85,91.85,90.3,90.3,2061350.0,2400.0,1424.75,1424.75,1424.75,1424.75,960025.0,0.0
NIFTY,26-DEC-2024,26000.0,29-10-2024 13:21:00,90.05,90.05,89.9,89.9,2061350.0,1225.0,1444.25,1444.25,1444.25,1444.25,960025.0,25.0
NIFTY,26-DEC-2024,26000.0,29-10-2024 13:22:00,89.95,89.95,86.0,86.0,2061350.0,0.0,1451.65,1451.65,1451.65,1451.65,959975.0,25.0
NIFTY,26-DEC-2024,26000.0,29-10-2024 13:23:00,87.2,87.2,85.05,86.35,2061400.0,4150.0,1470.6,1480.0,1470.6,1477.85,959975.0,150.0
NIFTY,26-DEC-2024,26000.0,29-10-2024 13:24:00,87.9,87.9,87.0,87.0,2061400.0,1350.0,1471.15,1471.15,1471.15,1471.15,959975.0,25.0
NIFTY,26-DEC-2024,26000.0,29-10-2024 13:25:00,86.45,86.45,86.45,86.45,2061400.0,775.0,1470.95,1470.95,1470.95,1470.95,959975.0,150.0
NIFTY,26-DEC-2024,26000.0,29-10-2024 13:26:00,87.95,87.95,86.05,86.05,2061550.0,200.0,1464.15,1478.7,1464.15,1478.7,959975.0,125.0
NIFTY,26-DEC-2024,26000.0,29-10-2024 13:27:00,86.05,88.0,86.05,88.0,2061550.0,325.0,1470.05,1470.05,1457.8,1457.8,959975.0,75.0
NIFTY,26-DEC-2024,26000.0,29-10-2024 13:28:00,88.0,89.65,87.65,89.65,2061550.0,1950.0,1465.0,1465.0,1457.45,1463.65,959975.0,350.0
NIFTY,26-DEC-2024,26000.0,29-10-2024 13:29:00,89.65,89.65,88.9,88.9,2062650.0,150.0,1462.35,1462.35,1450.0,1450.0,959900.0,225.0
NIFTY,26-DEC-2024,26000.0,29-10-2024 13:30:00,89.65,89.65,88.9,88.9,2062650.0,1150.0,1449.9,1449.9,1449.9,1449.9,959900.0,175.0
NIFTY,26-DEC-2024,26000.0,29-10-2024 13:31:00,88.9,88.9,88.0,88.0,2062625.0,350.0,1449.9,1449.9,1449.9,1449.9,959900.0,0.0
NIFTY,26-DEC-2024,26000.0,29-10-2024 13:32:00,88.0,89.0,88.0,89.0,2062625.0,200.0,1463.75,1463.75,1463.75,1463.75,960175.0,25.0
NIFTY,26-DEC-2024,26000.0,29-10-2024 13:33:00,89.0,89.4,88.6,89.1,2062625.0,350.0,1449.95,1449.95,1449.95,1449.95,960175.0,25.0
NIFTY,26-DEC-2024,26000.0,29-10-2024 13:34:00,89.05,89.45,88.8,89.45,2062625.0,150.0,1449.95,1449.95,1449.95,1449.95,960175.0,0.0
NIFTY,26-DEC-2024,26000.0,29-10-2024 13:35:00,88.8,88.8,86.7,86.7,2062825.0,300.0,1449.95,1472.0,1449.95,1472.0,960150.0,0.0
NIFTY,26-DEC-2024,26000.0,29-10-2024 13:36:00,86.7,88.7,86.7,88.25,2062825.0,2025.0,1472.0,1472.0,1472.0,1472.0,960150.0,25.0
NIFTY,26-DEC-2024,26000.0,29-10-2024 13:37:00,87.65,87.95,87.5,87.95,2062825.0,475.0,1470.0,1470.0,1470.0,1470.0,960150.0,25.0
NIFTY,26-DEC-2024,26000.0,29-10-2024 13:38:00,87.75,87.75,86.9,87.4,2061900.0,1200.0,1470.0,1476.7,1470.0,1476.7,960150.0,75.0
NIFTY,26-DEC-2024,26000.0,29-10-2024 13:39:00,86.95,86.95,85.8,86.2,2061900.0,1075.0,1476.7,1476.7,1476.7,1476.7,960150.0,0.0
NIFTY,26-DEC-2024,26000.0,29-10-2024 13:40:00,86.05,86.95,86.0,86.95,2061900.0,250.0,1476.7,1476.7,1476.7,1476.7,960150.0,0.0
NIFTY,26-DEC-2024,26000.0,29-10-2024 13:41:00,87.85,87.85,87.25,87.25,2062025.0,125.0,1476.7,1476.7,1476.7,1476.7,960150.0,0.0
NIFTY,26-DEC-2024,26000.0,29-10-2024 13:42:00,87.0,87.95,87.0,87.95,2062025.0,725.0,1476.7,1476.7,1476.7,1476.7,960150.0,0.0
NIFTY,26-DEC-2024,26000.0,29-10-2024 13:43:00,87.95,88.5,87.95,88.5,2062075.0,200.0,1476.7,1476.7,1476.7,1476.7,960150.0,0.0
NIFTY,26-DEC-2024,26000.0,29-10-2024 13:44:00,88.95,88.95,88.95,88.95,2062075.0,1850.0,1476.7,1476.7,1476.7,1476.7,960150.0,0.0
NIFTY,26-DEC-2024,26000.0,29-10-2024 13:45:00,88.95,88.95,86.2,87.4,2062075.0,0.0,1476.7,1476.7,1476.7,1476.7,960150.0,0.0
NIFTY,26-DEC-2024,26000.0,29-10-2024 13:46:00,87.8,88.6,87.8,88.1,2060900.0,3250.0,1473.95,1475.6,1465.35,1469.2,960225.0,350.0
NIFTY,26-DEC-2024,26000.0,29-10-2024 13:47:00,88.1,90.3,88.1,90.3,2060900.0,2125.0,1469.2,1469.2,1462.85,1462.85,960225.0,425.0
NIFTY,26-DEC-2024,26000.0,29-10-2024 13:48:00,90.3,90.3,88.55,88.55,2060900.0,0.0,1462.85,1462.85,1462.85,1462.85,960225.0,0.0
NIFTY,26-DEC-2024,26000.0,29-10-2024 13:49:00,86.5,87.25,86.5,87.25,2060900.0,2000.0,1476.8,1477.5,1476.8,1477.5,960225.0,50.0
NIFTY,26-DEC-2024,26000.0,29-10-2024 13:50:00,87.2,87.5,86.5,86.5,2061050.0,450.0,1477.5,1477.5,1477.5,1477.5,960225.0,200.0
NIFTY,26-DEC-2024,26000.0,29-10-2024 13:51:00,86.45,87.3,86.3,86.5,2061050.0,1625.0,1480.0,1480.0,1480.0,1480.0,960225.0,25.0
NIFTY,26-DEC-2024,26000.0,29-10-2024 13:52:00,87.15,87.65,87.15,87.25,2061025.0,150.0,1473.6,1473.6,1473.6,1473.6,960375.0,25.0
NIFTY,26-DEC-2024,26000.0,29-10-2024 13:53:00,87.7,87.7,87.25,87.35,2061025.0,450.0,1473.6,1473.6,1473.6,1473.6,960375.0,25.0
NIFTY,26-DEC-2024,26000.0,29-10-2024 13:54:00,87.35,88.0,87.35,88.0,2061025.0,100.0,1474.8,1474.8,1474.8,1474.8,960375.0,200.0
NIFTY,26-DEC-2024,26000.0,29-10-2024 13:55:00,88.0,88.85,87.7,88.85,2061025.0,275.0,1474.8,1474.8,1474.8,1474.8,960375.0,0.0
NIFTY,26-DEC-2024,26000.0,29-10-2024 13:56:00,88.85,89.0,88.85,89.0,2061175.0,50.0,1474.8,1474.8,1474.8,1474.8,960375.0,0.0
NIFTY,26-DEC-2024,26000.0,29-10-2024 13:57:00,89.0,89.0,88.45,88.45,2061175.0,125.0,1474.8,1474.8,1474.8,1474.8,960375.0,0.0
NIFTY,26-DEC-2024,26000.0,29-10-2024 13:58:00,88.45,88.45,88.45,88.45,2061175.0,25.0,1474.8,1474.8,1474.8,1474.8,960375.0,0.0
NIFTY,26-DEC-2024,26000.0,29-10-2024 13:59:00,88.45,93.0,88.45,91.8,2061325.0,0.0,1474.8,1474.8,1444.1,1444.1,960450.0,0.0
NIFTY,26-DEC-2024,26000.0,29-10-2024 14:00:00,91.65,91.75,90.75,91.25,2061325.0,2550.0,1435.8,1435.8,1435.8,1435.8,960450.0,150.0
NIFTY,26-DEC-2024,26000.0,29-10-2024 14:01:00,90.75,92.85,90.75,92.85,2061325.0,25.0,1439.0,1439.0,1436.0,1436.0,960450.0,225.0
NIFTY,26-DEC-2024,26000.0,29-10-2024 14:02:00,92.85,94.0,92.5,93.3,2063025.0,1275.0,1426.0,1426.0,1408.3,1408.3,960625.0,150.0
NIFTY,26-DEC-2024,26000.0,29-10-2024 14:03:00,94.0,95.0,93.95,94.25,2063025.0,2050.0,1408.3,1408.3,1400.0,1401.0,960625.0,225.0
NIFTY,26-DEC-2024,26000.0,29-10-2024 14:04:00,94.25,94.95,94.25,94.3,2062025.0,75.0,1401.0,1401.0,1401.0,1401.0,960625.0,250.0
NIFTY,26-DEC-2024,26000.0,29-10-2024 14:05:00,94.95,95.0,94.95,95.0,2062025.0,7475.0,1388.0,1388.0,1380.15,1380.15,960425.0,250.0
NIFTY,26-DEC-2024,26000.0,29-10-2024 14:06:00,96.25,97.0,96.05,96.8,2062025.0,0.0,1383.8,1383.8,1377.1,1377.1,960425.0,0.0
NIFTY,26-DEC-2024,26000.0,29-10-2024 14:07:00,96.4,98.0,96.25,96.25,2062025.0,2825.0,1377.1,1377.1,1362.65,1362.65,960425.0,100.0
NIFTY,26-DEC-2024,26000.0,29-10-2024 14:08:00,97.35,98.0,96.85,96.85,2060175.0,2225.0,1362.65,1362.65,1362.65,1362.65,960425.0,50.0
NIFTY,26-DEC-2024,26000.0,29-10-2024 14:09:00,96.85,98.1,96.85,97.9,2060175.0,1750.0,1357.6,1357.6,1357.6,1357.6,960425.0,50.0
NIFTY,26-DEC-2024,26000.0,29-10-2024 14:10:00,98.15,98.45,96.75,96.8,2060175.0,3575.0,1356.0,1357.0,1356.0,1357.0,960475.0,200.0
NIFTY,26-DEC-2024,26000.0,29-10-2024 14:11:00,97.0,98.0,96.9,97.25,2059875.0,750.0,1351.3,1351.3,1350.7,1350.7,960500.0,150.0
NIFTY,26-DEC-2024,26000.0,29-10-2024 14:12:00,97.75,97.95,97.0,97.95,2059875.0,3500.0,1351.35,1351.35,1351.35,1351.35,960500.0,0.0
NIFTY,26-DEC-2024,26000.0,29-10-2024 14:13:00,97.95,97.95,97.05,97.15,2059875.0,1125.0,1351.35,1351.35,1351.35,1351.35,960500.0,625.0
NIFTY,26-DEC-2024,26000.0,29-10-2024 14:14:00,97.95,99.0,97.85,99.0,2058825.0,6075.0,1352.6,1352.6,1349.75,1349.75,961200.0,175.0
NIFTY,26-DEC-2024,26000.0,29-10-2024 14:15:00,99.85,100.0,98.95,99.95,2058825.0,2075.0,1349.0,1349.9,1349.0,1349.9,961200.0,0.0
NIFTY,26-DEC-2024,26000.0,29-10-2024 14:16:00,100.0,100.0,99.0,100.0,2055175.0,5350.0,1349.9,1349.9,1345.9,1345.9,961200.0,150.0
NIFTY,26-DEC-2024,26000.0,29-10-2024 14:17:00,99.2,100.95,99.2,100.95,2055175.0,3350.0,,,,,,
NIFTY,26-DEC-2024,26000.0,29-10-2024 14:18:00,101.0,103.0,100.55,102.5,2055175.0,5725.0,1328.75,1328.75,1328.0,1328.0,961375.0,300.0
NIFTY,26-DEC-2024,26000.0,29-10-2024 14:19:00,101.8,102.95,100.05,101.55,2052525.0,5075.0,1328.0,1328.0,1320.55,1320.55,961375.0,50.0
NIFTY,26-DEC-2024,26000.0,29-10-2024 14:20:00,101.55,101.95,100.0,100.4,2052525.0,3725.0,1320.55,1345.0,1320.55,1332.65,961125.0,650.0
NIFTY,26-DEC-2024,26000.0,29-10-2024 14:21:00,101.95,102.0,100.8,101.95,2052525.0,4775.0,1331.95,1332.75,1331.95,1332.0,961125.0,475.0
NIFTY,26-DEC-2024,26000.0,29-10-2024 14:22:00,101.95,103.95,101.85,103.7,2053325.0,6750.0,1332.0,1332.0,1329.0,1329.0,961125.0,25.0
NIFTY,26-DEC-2024,26000.0,29-10-2024 14:23:00,103.85,103.95,102.5,103.75,2053325.0,4375.0,1329.0,1335.0,1329.0,1335.0,960850.0,0.0
NIFTY,26-DEC-2024,26000.0,29-10-2024 14:24:00,103.65,103.75,102.45,102.95,2053325.0,3800.0,1339.85,1339.85,1339.85,1339.85,960850.0,250.0
NIFTY,26-DEC-2024,26000.0,29-10-2024 14:25:00,103.6,104.0,102.0,102.7,2053325.0,6050.0,1340.0,1345.0,1334.4,1345.0,960850.0,100.0
NIFTY,26-DEC-2024,26000.0,29-10-2024 14:26:00,102.75,103.0,100.85,100.85,2052350.0,2925.0,1345.0,1345.0,1340.0,1345.0,960925.0,175.0
NIFTY,26-DEC-2024,26000.0,29-10-2024 14:27:00,101.95,102.1,101.55,102.0,2052350.0,4800.0,1345.0,1345.0,1345.0,1345.0,960925.0,0.0
NIFTY,26-DEC-2024,26000.0,29-10-2024 14:28:00,103.25,103.9,101.55,102.7,2052350.0,2450.0,1345.0,1345.0,1345.0,1345.0,960925.0,200.0
NIFTY,26-DEC-2024,26000.0,29-10-2024 14:29:00,102.7,103.05,100.55,101.95,2050575.0,700.0,1345.0,1354.95,1345.0,1354.95,960925.0,0.0
NIFTY,26-DEC-2024,26000.0,29-10-2024 14:30:00,101.95,102.0,100.0,100.05,2050575.0,0.0,1355.0,1355.65,1355.0,1355.65,960925.0,0.0
NIFTY,26-DEC-2024,26000.0,29-10-2024 14:31:00,101.3,101.65,99.55,100.6,2050575.0,5600.0,1358.0,1369.6,1358.0,1369.6,960925.0,0.0
NIFTY,26-DEC-2024,26000.0,29-10-2024 14:32:00,100.6,100.6,99.55,100.35,2049275.0,600.0,1369.6,1369.6,1369.6,1369.6,960925.0,875.0
NIFTY,26-DEC-2024,26000.0,29-10-2024 14:33:00,100.3,100.4,98.3,99.0,2049275.0,2225.0,1369.6,1369.6,1369.6,1369.6,961075.0,0.0
NIFTY,26-DEC-2024,26000.0,29-10-2024 14:34:00,98.55,99.95,98.25,99.95,2049275.0,450.0,1371.35,1371.65,1370.35,1370.35,961075.0,775.0
NIFTY,26-DEC-2024,26000.0,29-10-2024 14:35:00,99.85,100.45,99.85,100.4,2048950.0,1000.0,1365.2,1365.2,1363.15,1363.15,960575.0,0.0
NIFTY,26-DEC-2024,26000.0,29-10-2024 14:36:00,100.0,101.0,100.0,101.0,2048950.0,2425.0,1361.5,1361.5,1361.5,1361.5,960575.0,700.0
NIFTY,26-DEC-2024,26000.0,29-10-2024 14:37:00,101.65,102.0,101.0,102.0,2048950.0,0.0,1361.5,1361.5,1349.5,1349.5,960575.0,375.0
NIFTY,26-DEC-2024,26000.0,29-10-2024 14:38:00,102.0,102.85,101.75,102.65,2046825.0,0.0,1349.5,1349.5,1334.55,1334.55,959125.0,0.0
NIFTY,26-DEC-2024,26000.0,29-10-2024 14:39:00,102.65,103.0,102.05,102.95,2046825.0,3850.0,1334.55,1334.55,1334.55,1334.55,959125.0,350.0
NIFTY,26-DEC-2024,26000.0,29-10-2024 14:40:00,103.0,104.0,103.0,104.0,2046825.0,1650.0,1334.55,1342.05,1334.55,1340.0,959125.0,200.0
NIFTY,26-DEC-2024,26000.0,29-10-2024 14:41:00,104.0,104.2,103.0,104.2,2046300.0,1475.0,1340.0,1340.0,1340.0,1340.0,959125.0,0.0
NIFTY,26-DEC-2024,26000.0,29-10-2024 14:42:00,104.2,104.2,102.55,102.85,2046300.0,150.0,1340.0,1340.0,1340.0,1340.0,959125.0,0.0
NIFTY,26-DEC-2024,26000.0,29-10-2024 14:43:00,104.2,104.2,102.05,102.6,2046300.0,2650.0,1340.0,1353.4,1340.0,1352.3,958975.0,50.0
NIFTY,26-DEC-2024,26000.0,29-10-2024 14:44:00,102.7,102.95,102.0,102.0,2045650.0,650.0,1352.3,1352.3,1346.9,1346.9,958975.0,75.0
NIFTY,26-DEC-2024,26000.0,29-10-2024 14:45:00,102.0,103.9,102.0,103.8,2045650.0,5625.0,1346.9,1349.65,1338.5,1338.5,958975.0,100.0
NIFTY,26-DEC-2024,26000.0,29-10-2024 14:46:00,103.8,103.8,103.0,103.75,2045650.0,1800.0,1338.5,1338.5,1338.5,1338.5,958975.0,0.0
NIFTY,26-DEC-2024,26000.0,29-10-2024 14:47:00,103.75,103.75,102.45,103.75,2044900.0,300.0,1349.0,1351.7,1343.5,1343.5,958975.0,1025.0
NIFTY,26-DEC-2024,26000.0,29-10-2024 14:48:00,104.1,104.9,104.1,104.2,2044900.0,0.0,1343.5,1343.5,1328.25,1328.55,958475.0,0.0
NIFTY,26-DEC-2024,26000.0,29-10-2024 14:49:00,104.15,104.75,103.75,104.75,2044900.0,5875.0,1330.4,1334.4,1329.35,1334.4,958475.0,0.0
NIFTY,26-DEC-2024,26000.0,29-10-2024 14:50:00,104.45,104.45,103.75,103.75,2045625.0,175.0,1338.45,1338.45,1338.45,1338.45,958450.0,0.0
NIFTY,26-DEC-2024,26000.0,29-10-2024 14:51:00,102.5,103.55,102.35,102.35,2045625.0,0.0,1347.65,1347.65,1340.35,1340.35,958450.0,0.0
NIFTY,26-DEC-2024,26000.0,29-10-2024 14:52:00,102.4,104.9,102.4,104.9,2045625.0,3775.0,1340.4,1340.4,1337.7,1337.7,958450.0,1475.0
NIFTY,26-DEC-2024,26000.0,29-10-2024 14:53:00,104.2,104.85,104.2,104.85,2045450.0,0.0,1333.6,1339.5,1333.6,1339.5,958950.0,0.0
NIFTY,26-DEC-2024,26000.0,29-10-2024 14:54:00,104.85,104.85,104.0,104.0,2045450.0,0.0,1339.5,1339.5,1325.9,1325.9,958950.0,500.0
NIFTY,26-DEC-2024,26000.0,29-10-2024 14:55:00,104.0,104.25,104.0,104.25,2045450.0,0.0,1325.9,1332.2,1325.9,1332.0,958950.0,125.0
NIFTY,26-DEC-2024,26000.0,29-10-2024 14:56:00,104.9,105.05,104.75,104.8,2045950.0,0.0,1332.0,1332.0,1328.85,1330.0,958700.0,525.0
NIFTY,26-DEC-2024,26000.0,29-10-2024 14:57:00,104.95,105.95,104.95,105.7,2045950.0,13700.0,1330.0,1330.0,1325.0,1328.45,958700.0,0.0
NIFTY,26-DEC-2024,26000.0,29-10-2024 14:58:00,105.7,105.7,104.95,105.35,2045950.0,3300.0,1325.25,1325.25,1324.65,1324.65,958700.0,0.0
NIFTY,26-DEC-2024,26000.0,29-10-2024 14:59:00,105.2,105.45,103.7,104.45,2046325.0,2375.0,1330.0,1333.95,1330.0,1333.95,959375.0,350.0
NIFTY,26-DEC-2024,26000.0,29-10-2024 15:00:00,103.75,105.0,103.75,104.8,2046325.0,0.0,1326.9,1327.5,1326.9,1327.5,959375.0,575.0
NIFTY,26-DEC-2024,26000.0,29-10-2024 15:01:00,104.75,105.1,104.45,104.7,2046325.0,0.0,1327.5,1327.5,1327.5,1327.5,959375.0,0.0
NIFTY,26-DEC-2024,26000.0,29-10-2024 15:02:00,104.7,104.7,103.2,103.2,2045625.0,4775.0,1327.5,1327.6,1324.6,1327.5,959275.0,400.0
NIFTY,26-DEC-2024,26000.0,29-10-2024 15:03:00,103.55,104.45,103.15,103.15,2045625.0,0.0,1327.5,1330.4,1327.5,1330.4,959275.0,425.0
NIFTY,26-DEC-2024,26000.0,29-10-2024 15:04:00,104.2,104.35,104.15,104.3,2045625.0,0.0,1330.4,1330.4,1330.4,1330.4,959275.0,0.0
NIFTY,26-DEC-2024,26000.0,29-10-2024 15:05:00,103.85,104.95,103.8,104.95,2044900.0,4275.0,1330.4,1330.4,1320.0,1324.6,959675.0,125.0
NIFTY,26-DEC-2024,26000.0,29-10-2024 15:06:00,104.9,105.7,104.5,105.35,2044900.0,0.0,1316.35,1316.35,1315.4,1315.4,959675.0,0.0
NIFTY,26-DEC-2024,26000.0,29-10-2024 15:07:00,105.8,106.8,105.8,106.2,2044900.0,1950.0,1315.2,1315.2,1308.05,1308.05,959675.0,400.0
NIFTY,26-DEC-2024,26000.0,29-10-2024 15:08:00,106.2,107.0,106.2,106.2,2045150.0,1850.0,1307.0,1307.65,1298.8,1298.8,959750.0,0.0
NIFTY,26-DEC-2024,26000.0,29-10-2024 15:09:00,107.5,107.5,106.0,106.2,2045150.0,4650.0,1301.0,1309.95,1301.0,1303.25,959750.0,0.0
NIFTY,26-DEC-2024,26000.0,29-10-2024 15:10:00,106.0,106.0,103.8,105.75,2045150.0,0.0,1303.25,1305.5,1293.25,1303.7,959750.0,2975.0
NIFTY,26-DEC-2024,26000.0,29-10-2024 15:11:00,105.75,106.15,105.6,105.75,2048600.0,3775.0,1305.0,1308.65,1305.0,1308.65,959125.0,200.0
NIFTY,26-DEC-2024,26000.0,29-10-2024 15:12:00,105.0,105.8,105.0,105.75,2048600.0,2800.0,1305.0,1305.65,1305.0,1305.65,959125.0,25.0
NIFTY,26-DEC-2024,26000.0,29-10-2024 15:13:00,105.5,105.8,105.0,105.2,2048600.0,875.0,1305.0,1313.05,1305.0,1313.05,959125.0,100.0
NIFTY,26-DEC-2024,26000.0,29-10-2024 15:14:00,104.8,104.8,104.75,104.8,2045825.0,1475.0,1313.05,1313.05,1311.0,1311.0,959125.0,25.0
NIFTY,26-DEC-2024,26000.0,29-10-2024 15:15:00,105.35,105.75,105.0,105.0,2045825.0,500.0,1311.0,1311.0,1311.0,1311.0,959100.0,100.0
NIFTY,26-DEC-2024,26000.0,29-10-2024 15:16:00,104.05,106.0,103.0,103.9,2045825.0,4450.0,1314.95,1320.0,1312.6,1320.0,959100.0,200.0
NIFTY,26-DEC-2024,26000.0,29-10-2024 15:17:00,103.85,104.9,103.85,104.85,2045675.0,0.0,1320.0,1324.05,1320.0,1324.05,959125.0,125.0
NIFTY,26-DEC-2024,26000.0,29-10-2024 15:18:00,104.85,105.5,104.8,105.5,2045675.0,1400.0,1324.05,1324.05,1316.0,1321.0,959125.0,200.0
NIFTY,26-DEC-2024,26000.0,29-10-2024 15:19:00,105.5,105.5,103.3,104.0,2045675.0,125.0,1321.0,1321.0,1312.05,1312.05,959125.0,125.0
NIFTY,26-DEC-2024,26000.0,29-10-2024 15:20:00,104.2,105.0,103.75,104.0,2044375.0,4375.0,1312.05,1325.4,1312.05,1325.4,959125.0,25.0
NIFTY,26-DEC-2024,26000.0,29-10-2024 15:21:00,104.0,104.55,103.0,104.35,2044375.0,100.0,1325.4,1338.65,1325.35,1338.1,959025.0,375.0
NIFTY,26-DEC-2024,26000.0,29-10-2024 15:22:00,104.4,104.95,104.05,104.4,2044375.0,10075.0,1338.1,1338.1,1321.5,1321.5,959025.0,150.0
NIFTY,26-DEC-2024,26000.0,29-10-2024 15:23:00,104.4,104.5,104.0,104.3,2043975.0,1900.0,1321.5,1321.5,1321.5,1321.5,959025.0,0.0
NIFTY,26-DEC-2024,26000.0,29-10-2024 15:24:00,104.0,104.95,103.8,104.95,2043975.0,4725.0,1321.5,1321.5,1315.05,1315.05,959175.0,25.0
NIFTY,26-DEC-2024,26000.0,29-10-2024 15:25:00,104.95,105.95,104.15,105.05,2043975.0,2225.0,1315.05,1323.0,1315.05,1320.65,959175.0,100.0
NIFTY,26-DEC-2024,26000.0,29-10-2024 15:26:00,106.0,106.5,105.05,106.25,2043675.0,3350.0,1320.65,1320.65,1320.65,1320.65,959250.0,25.0
NIFTY,26-DEC-2024,26000.0,29-10-2024 15:27:00,106.25,106.25,105.0,106.0,2043675.0,650.0,1320.65,1323.45,1320.0,1320.0,959250.0,150.0
NIFTY,26-DEC-2024,26000.0,29-10-2024 15:28:00,105.5,106.15,104.1,105.2,2043675.0,2025.0,1320.0,1324.0,1315.15,1323.3,959250.0,800.0
NIFTY,26-DEC-2024,26000.0,29-10-2024 15:29:00,105.25,105.3,104.0,105.0,2044250.0,1175.0,1314.05,1323.3,1305.0,1305.0,959875.0,900.0
NIFTY,26-DEC-2024,26000.0,30-10-2024 09:15:00,98.0,105.3,95.05,99.4,2043175.0,0.0,1305.0,1305.0,1305.0,1305.0,0.0,0.0
NIFTY,26-DEC-2024,26000.0,30-10-2024 09:16:00,97.0,97.0,96.0,96.0,2043300.0,0.0,1380.0,1397.65,1373.9,1373.9,959050.0,125.0
NIFTY,26-DEC-2024,26000.0,30-10-2024 09:17:00,97.0,99.9,97.0,98.2,2043300.0,0.0,1373.9,1388.0,1373.9,1388.0,959050.0,175.0
NIFTY,26-DEC-2024,26000.0,30-10-2024 09:18:00,98.0,99.0,97.6,98.15,2043300.0,0.0,1388.0,1388.0,1379.85,1380.0,959050.0,75.0
NIFTY,26-DEC-2024,26000.0,30-10-2024 09:19:00,98.4,98.8,97.15,97.15,2043725.0,13750.0,1380.0,1380.0,1378.15,1380.0,959100.0,300.0
NIFTY,26-DEC-2024,26000.0,30-10-2024 09:20:00,97.3,98.55,97.2,97.9,2043725.0,3750.0,1385.0,1389.75,1385.0,1389.75,959100.0,0.0
NIFTY,26-DEC-2024,26000.0,30-10-2024 09:21:00,98.2,102.8,98.2,101.95,2043725.0,0.0,,,,,,
NIFTY,26-DEC-2024,26000.0,30-10-2024 09:22:00,101.9,106.35,101.15,103.0,2033175.0,19575.0,1363.0,1363.0,1360.0,1360.0,959300.0,0.0
NIFTY,26-DEC-2024,26000.0,30-10-2024 09:23:00,103.5,108.0,101.95,102.0,2033175.0,3225.0,1360.0,1360.0,1360.0,1360.0,959300.0,325.0
NIFTY,26-DEC-2024,26000.0,30-10-2024 09:24:00,100.0,102.55,100.0,102.45,2033175.0,4250.0,1360.0,1360.0,1360.0,1360.0,959300.0,0.0
NIFTY,26-DEC-2024,26000.0,30-10-2024 09:25:00,101.75,102.6,100.7,101.75,2031350.0,1800.0,1378.9,1378.9,1378.9,1378.9,959350.0,0.0
NIFTY,26-DEC-2024,26000.0,30-10-2024 09:26:00,101.75,103.65,101.55,103.65,2031350.0,1000.0,,,,,,
NIFTY,26-DEC-2024,26000.0,30-10-2024 09:27:00,103.65,107.4,103.65,105.75,2031350.0,3025.0,1378.9,1378.9,1378.9,1378.9,959350.0,125.0
NIFTY,26-DEC-2024,26000.0,30-10-2024 09:28:00,106.75,107.0,105.5,106.2,2031450.0,1450.0,1378.9,1378.9,1358.95,1358.95,959350.0,0.0
NIFTY,26-DEC-2024,26000.0,30-10-2024 09:29:00,106.2,107.1,105.0,105.75,2031450.0,1800.0,1358.95,1380.0,1358.95,1380.0,959350.0,100.0
NIFTY,26-DEC-2024,26000.0,30-10-2024 09:30:00,105.75,105.75,101.8,101.8,2031450.0,1975.0,1382.0,1389.0,1382.0,1389.0,959350.0,25.0
NIFTY,26-DEC-2024,26000.0,30-10-2024 09:31:00,101.0,102.35,101.0,102.35,2031450.0,1200.0,1393.15,1399.0,1393.15,1396.75,959850.0,550.0
NIFTY,26-DEC-2024,26000.0,30-10-2024 09:32:00,102.35,102.95,101.25,101.7,2031450.0,925.0,1398.05,1404.45,1392.4,1402.1,959850.0,575.0
NIFTY,26-DEC-2024,26000.0,30-10-2024 09:33:00,101.7,102.0,100.0,101.05,2031450.0,3450.0,1402.1,1404.95,1397.05,1404.95,959850.0,175.0
NIFTY,26-DEC-2024,26000.0,30-10-2024 09:34:00,100.3,103.25,100.0,102.0,2031050.0,2100.0,1404.95,1405.0,1398.2,1399.5,960025.0,350.0
NIFTY,26-DEC-2024,26000.0,30-10-2024 09:35:00,101.75,104.0,101.5,103.3,2031050.0,3250.0,1396.75,1396.75,1386.4,1391.45,960025.0,375.0
NIFTY,26-DEC-2024,26000.0,30-10-2024 09:36:00,102.4,103.3,101.1,102.8,2031050.0,1625.0,1393.1,1396.6,1383.4,1396.6,960025.0,1375.0
NIFTY,26-DEC-2024,26000.0,30-10-2024 09:37:00,103.0,103.0,102.4,102.5,2035700.0,1150.0,1398.6,1398.6,1387.1,1387.1,960050.0,0.0
NIFTY,26-DEC-2024,26000.0,30-10-2024 09:38:00,102.5,108.0,102.5,105.35,2035700.0,7925.0,1376.75,1376.75,1374.0,1374.0,960050.0,500.0
NIFTY,26-DEC-2024,26000.0,30-10-2024 09:39:00,105.35,108.0,105.35,106.4,2035700.0,2325.0,1368.4,1373.1,1365.0,1373.1,960050.0,0.0
NIFTY,26-DEC-2024,26000.0,30-10-2024 09:40:00,106.1,108.0,106.0,108.0,2035900.0,2825.0,1373.1,1373.1,1373.1,1373.1,960050.0,300.0
NIFTY,26-DEC-2024,26000.0,30-10-2024 09:41:00,108.0,110.45,107.4,107.4,2035900.0,2050.0,1373.1,1373.1,1347.25,1347.25,959950.0,50.0
NIFTY,26-DEC-2024,26000.0,30-10-2024 09:42:00,107.4,108.2,107.4,107.95,2035900.0,25.0,1354.8,1354.8,1354.8,1354.8,959950.0,125.0
NIFTY,26-DEC-2024,26000.0,30-10-2024 09:43:00,106.2,107.6,106.2,106.25,2036450.0,525.0,1354.8,1354.8,1354.8,1354.8,959950.0,0.0
NIFTY,26-DEC-2024,26000.0,30-10-2024 09:44:00,107.7,109.6,107.1,108.85,2036450.0,1800.0,1354.8,1354.8,1354.8,1354.8,959950.0,0.0
NIFTY,26-DEC-2024,26000.0,30-10-2024 09:45:00,108.85,108.85,107.0,107.5,2036450.0,400.0,1354.8,1354.8,1354.8,1354.8,959950.0,0.0
NIFTY,26-DEC-2024,26000.0,30-10-2024 09:46:00,107.5,107.75,103.5,103.5,2036650.0,2800.0,1354.8,1376.0,1354.8,1376.0,960075.0,200.0
NIFTY,26-DEC-2024,26000.0,30-10-2024 09:47:00,103.5,106.0,103.5,106.0,2036650.0,1000.0,1376.0,1376.0,1374.4,1374.4,960075.0,50.0
NIFTY,26-DEC-2024,26000.0,30-10-2024 09:48:00,106.0,106.0,105.2,105.2,2036650.0,1075.0,1374.4,1374.4,1374.0,1374.0,960075.0,0.0
NIFTY,26-DEC-2024,26000.0,30-10-2024 09:49:00,105.2,105.2,103.85,104.8,2035575.0,525.0,1374.0,1385.3,1374.0,1385.3,960325.0,300.0
NIFTY,26-DEC-2024,26000.0,30-10-2024 09:50:00,103.9,105.45,103.9,104.85,2035575.0,325.0,1385.3,1389.0,1382.7,1385.95,960325.0,775.0
NIFTY,26-DEC-2024,26000.0,30-10-2024 09:51:00,104.85,107.0,104.85,107.0,2035575.0,800.0,1385.95,1385.95,1381.15,1381.15,960325.0,125.0
NIFTY,26-DEC-2024,26000.0,30-10-2024 09:52:00,106.5,109.0,106.5,109.0,2035300.0,1000.0,1378.0,1379.95,1370.0,1370.0,960275.0,125.0
NIFTY,26-DEC-2024,26000.0,30-10-2024 09:53:00,108.9,110.05,108.9,110.0,2035300.0,900.0,1370.0,1370.0,1359.35,1359.35,960275.0,100.0
NIFTY,26-DEC-2024,26000.0,30-10-2024 09:54:00,110.0,111.75,108.5,111.5,2035300.0,1900.0,1359.35,1366.75,1359.35,1362.0,960275.0,400.0
NIFTY,26-DEC-2024,26000.0,30-10-2024 09:55:00,111.5,112.35,110.0,112.35,2034150.0,5725.0,1362.0,1362.0,1337.7,1340.0,960150.0,375.0
NIFTY,26-DEC-2024,26000.0,30-10-2024 09:56:00,112.65,113.0,109.0,110.55,2034150.0,4900.0,1340.0,1352.7,1340.0,1352.7,960150.0,50.0
NIFTY,26-DEC-2024,26000.0,30-10-2024 09:57:00,110.55,111.15,109.2,110.5,2034150.0,1125.0,1352.7,1361.25,1352.7,1358.1,960150.0,275.0
NIFTY,26-DEC-2024,26000.0,30-10-2024 09:58:00,108.2,109.05,108.05,109.05,2038525.0,1650.0,1358.1,1359.05,1358.1,1359.05,960275.0,25.0
NIFTY,26-DEC-2024,26000.0,30-10-2024 09:59:00,109.05,110.35,108.9,110.35,2038525.0,925.0,1359.05,1359.05,1350.0,1350.0,960275.0,150.0
NIFTY,26-DEC-2024,26000.0,30-10-2024 10:00:00,110.35,110.35,108.25,108.25,2038525.0,0.0,1350.0,1357.6,1350.0,1357.6,960275.0,25.0
NIFTY,26-DEC-2024,26000.0,30-10-2024 10:01:00,108.5,109.6,107.5,107.75,2039175.0,775.0,1357.6,1366.8,1357.6,1366.8,960400.0,0.0
NIFTY,26-DEC-2024,26000.0,30-10-2024 10:02:00,107.75,107.75,106.2,106.4,2039175.0,250.0,1366.8,1370.15,1366.8,1370.15,960400.0,75.0
NIFTY,26-DEC-2024,26000.0,30-10-2024 10:03:00,106.4,108.5,106.35,107.25,2039175.0,475.0,1370.15,1370.15,1368.0,1368.0,960400.0,150.0
NIFTY,26-DEC-2024,26000.0,30-10-2024 10:04:00,107.25,108.4,107.25,108.0,2039275.0,250.0,1368.0,1370.3,1360.25,1370.3,960400.0,75.0
NIFTY,26-DEC-2024,26000.0,30-10-2024 10:05:00,108.0,110.2,108.0,109.25,2039275.0,2375.0,1370.3,1370.7,1359.35,1360.45,960400.0,1350.0
NIFTY,26-DEC-2024,26000.0,30-10-2024 10:06:00,109.25,110.0,109.25,109.9,2039275.0,725.0,1360.45,1362.85,1354.15,1357.2,960400.0,50.0
NIFTY,26-DEC-2024,26000.0,30-10-2024 10:07:00,109.85,109.85,107.4,108.5,2039900.0,775.0,1367.0,1370.55,1365.0,1365.8,960500.0,600.0
NIFTY,26-DEC-2024,26000.0,30-10-2024 10:08:00,108.5,110.85,108.5,108.8,2039900.0,1675.0,1365.8,1365.8,1359.5,1362.5,960500.0,700.0
NIFTY,26-DEC-2024,26000.0,30-10-2024 10:09:00,108.8,109.65,108.6,108.65,2039900.0,1125.0,1362.5,1363.9,1355.05,1356.55,960500.0,800.0
NIFTY,26-DEC-2024,26000.0,30-10-2024 10:10:00,108.65,110.55,108.65,110.3,2040325.0,525.0,1356.55,1356.55,1352.0,1352.0,960825.0,275.0
NIFTY,26-DEC-2024,26000.0,30-10-2024 10:11:00,110.2,112.3,110.2,110.6,2040325.0,3025.0,1352.0,1352.0,1338.65,1345.0,960825.0,2875.0
NIFTY,26-DEC-2024,26000.0,30-10-2024 10:12:00,110.6,112.4,110.15,110.3,2040325.0,5525.0,1345.0,1349.0,1340.55,1345.0,960825.0,975.0
NIFTY,26-DEC-2024,26000.0,30-10-2024 10:13:00,110.3,111.0,110.3,111.0,2040325.0,25.0,1345.0,1345.0,1345.0,1345.0,960825.0,0.0
NIFTY,26-DEC-2024,26000.0,30-10-2024 10:14:00,111.0,112.0,110.2,110.95,2040500.0,1575.0,1345.0,1349.05,1345.0,1349.05,960775.0,100.0
NIFTY,26-DEC-2024,26000.0,30-10-2024 10:15:00,112.2,112.6,111.0,112.45,2040500.0,400.0,1349.05,1350.0,1344.0,1348.85,960775.0,200.0
NIFTY,26-DEC-2024,26000.0,30-10-2024 10:16:00,112.5,112.5,112.0,112.5,2039300.0,250.0,1348.85,1348.85,1332.9,1337.65,960750.0,150.0
NIFTY,26-DEC-2024,26000.0,30-10-2024 10:17:00,111.0,112.7,111.0,112.7,2039300.0,925.0,1337.65,1347.3,1337.65,1346.7,960750.0,50.0
NIFTY,26-DEC-2024,26000.0,30-10-2024 10:18:00,111.35,113.0,111.35,111.85,2039300.0,325.0,1346.7,1346.7,1342.0,1342.0,960750.0,100.0
NIFTY,26-DEC-2024,26000.0,30-10-2024 10:19:00,112.95,112.95,111.05,111.1,2039450.0,2400.0,1342.0,1350.0,1342.0,1347.35,960775.0,75.0
NIFTY,26-DEC-2024,26000.0,30-10-2024 10:20:00,112.0,112.0,110.0,110.0,2039450.0,0.0,1347.35,1353.25,1347.35,1349.5,960775.0,475.0
NIFTY,26-DEC-2024,26000.0,30-10-2024 10:21:00,111.95,111.95,111.1,111.25,2039450.0,2075.0,1347.4,1347.4,1344.95,1346.35,960775.0,350.0
NIFTY,26-DEC-2024,26000.0,30-10-2024 10:22:00,111.25,113.0,111.05,111.05,2040725.0,25.0,1346.35,1351.0,1344.6,1344.6,960775.0,50.0
NIFTY,26-DEC-2024,26000.0,30-10-2024 10:23:00,111.05,112.7,110.1,110.1,2040725.0,1850.0,1344.6,1362.15,1344.0,1362.15,960775.0,0.0
NIFTY,26-DEC-2024,26000.0,30-10-2024 10:24:00,110.0,110.0,108.0,109.35,2040725.0,3825.0,1362.15,1371.0,1362.15,1366.35,960775.0,875.0
NIFTY,26-DEC-2024,26000.0,30-10-2024 10:25:00,109.35,109.35,107.0,107.0,2042175.0,1225.0,1366.35,1378.65,1366.35,1378.65,960775.0,675.0
NIFTY,26-DEC-2024,26000.0,30-10-2024 10:26:00,106.25,109.7,106.25,108.4,2042175.0,825.0,1378.65,1379.15,1371.1,1371.1,960775.0,0.0
NIFTY,26-DEC-2024,26000.0,30-10-2024 10:27:00,108.4,110.0,108.4,108.75,2042175.0,75.0,1371.85,1371.85,1365.55,1365.55,960775.0,425.0
NIFTY,26-DEC-2024,26000.0,30-10-2024 10:28:00,108.75,111.25,108.75,111.25,2042700.0,600.0,1365.55,1365.55,1360.0,1360.0,960775.0,25.0
NIFTY,26-DEC-2024,26000.0,30-10-2024 10:29:00,111.25,111.6,110.05,111.45,2042700.0,0.0,1360.0,1361.25,1359.9,1361.25,960825.0,100.0
NIFTY,26-DEC-2024,26000.0,30-10-2024 10:30:00,110.5,111.75,110.5,110.5,2042700.0,825.0,1360.0,1365.0,1354.05,1354.05,960825.0,400.0
NIFTY,26-DEC-2024,26000.0,30-10-2024 10:31:00,109.05,111.25,108.55,111.25,2042550.0,375.0,1354.05,1369.85,1354.05,1360.7,960900.0,1025.0
NIFTY,26-DEC-2024,26000.0,30-10-2024 10:32:00,109.55,111.0,108.3,108.5,2042550.0,1550.0,1360.7,1375.75,1360.7,1372.85,960900.0,525.0
NIFTY,26-DEC-2024,26000.0,30-10-2024 10:33:00,108.5,109.45,107.9,108.1,2042550.0,1475.0,1372.85,1372.85,1365.0,1372.7,960900.0,450.0
NIFTY,26-DEC-2024,26000.0,30-10-2024 10:34:00,108.1,108.95,108.1,108.95,2043175.0,375.0,1372.75,1372.75,1370.45,1370.45,960900.0,300.0
NIFTY,26-DEC-2024,26000.0,30-10-2024 10:35:00,108.95,108.95,108.95,108.95,2043175.0,0.0,1370.45,1370.45,1350.0,1350.0,961125.0,0.0
NIFTY,26-DEC-2024,26000.0,30-10-2024 10:36:00,108.95,111.95,108.95,111.95,2043175.0,0.0,1350.0,1350.0,1350.0,1350.0,961125.0,800.0
NIFTY,26-DEC-2024,26000.0,30-10-2024 10:37:00,111.95,111.95,110.0,110.0,2043325.0,525.0,1350.0,1354.1,1350.0,1354.1,961125.0,50.0
NIFTY,26-DEC-2024,26000.0,30-10-2024 10:38:00,110.0,110.0,108.3,108.3,2043325.0,175.0,1358.95,1365.0,1358.95,1365.0,961125.0,325.0
NIFTY,26-DEC-2024,26000.0,30-10-2024 10:39:00,108.3,109.2,107.8,107.85,2043325.0,200.0,1365.0,1365.0,1365.0,1365.0,961125.0,150.0
NIFTY,26-DEC-2024,26000.0,30-10-2024 10:40:00,107.85,107.85,107.85,107.85,2043325.0,25.0,1365.0,1365.65,1365.0,1365.65,961125.0,25.0
NIFTY,26-DEC-2024,26000.0,30-10-2024 10:41:00,107.85,109.7,107.85,109.45,2043625.0,125.0,1365.65,1365.65,1365.65,1365.65,961125.0,0.0
NIFTY,26-DEC-2024,26000.0,30-10-2024 10:42:00,108.95,108.95,107.9,108.5,2043625.0,125.0,1365.65,1365.65,1365.0,1365.0,961175.0,200.0
NIFTY,26-DEC-2024,26000.0,30-10-2024 10:43:00,108.5,110.8,108.2,108.2,2043725.0,925.0,1365.0,1365.0,1364.0,1365.0,961175.0,225.0
NIFTY,26-DEC-2024,26000.0,30-10-2024 10:44:00,108.05,108.2,108.05,108.2,2043725.0,125.0,1365.0,1365.0,1365.0,1365.0,961175.0,75.0
NIFTY,26-DEC-2024,26000.0,30-10-2024 10:45:00,108.2,109.05,108.2,109.05,2043725.0,525.0,1365.0,1365.0,1357.5,1357.95,961175.0,250.0
NIFTY,26-DEC-2024,26000.0,30-10-2024 10:46:00,109.05,110.0,108.9,108.95,2043900.0,575.0,1357.95,1358.0,1355.0,1358.0,961100.0,100.0
NIFTY,26-DEC-2024,26000.0,30-10-2024 10:47:00,109.8,110.05,108.15,110.05,2043900.0,2725.0,1364.3,1367.55,1355.0,1363.6,961100.0,1225.0
NIFTY,26-DEC-2024,26000.0,30-10-2024 10:48:00,110.4,111.25,110.05,111.25,2043900.0,600.0,1361.4,1362.6,1358.35,1362.6,961100.0,375.0
NIFTY,26-DEC-2024,26000.0,30-10-2024 10:49:00,110.4,112.15,110.3,111.4,2047300.0,2500.0,1362.0,1362.0,1349.95,1357.85,961475.0,1125.0
NIFTY,26-DEC-2024,26000.0,30-10-2024 10:50:00,111.0,112.8,110.35,112.8,2047300.0,375.0,1357.85,1359.1,1345.0,1353.0,961475.0,600.0
NIFTY,26-DEC-2024,26000.0,30-10-2024 10:51:00,112.75,113.05,111.55,111.75,2047300.0,0.0,1354.0,1358.2,1346.0,1358.2,961475.0,475.0
NIFTY,26-DEC-2024,26000.0,30-10-2024 10:52:00,111.85,113.8,111.8,113.8,2048725.0,6250.0,1358.2,1360.1,1352.3,1356.35,962075.0,925.0
NIFTY,26-DEC-2024,26000.0,30-10-2024 10:53:00,112.9,113.1,112.9,113.1,2048725.0,425.0,1346.0,1346.0,1342.0,1342.0,962075.0,0.0
NIFTY,26-DEC-2024,26000.0,30-10-2024 10:54:00,113.1,116.0,113.1,115.7,2048725.0,1375.0,1342.0,1342.0,1328.4,1328.4,962075.0,375.0
NIFTY,26-DEC-2024,26000.0,30-10-2024 10:55:00,113.9,116.0,113.55,116.0,2049000.0,1475.0,1328.75,1328.75,1328.75,1328.75,962075.0,25.0
NIFTY,26-DEC-2024,26000.0,30-10-2024 10:56:00,115.2,115.2,114.3,115.0,2049000.0,625.0,1330.0,1330.0,1330.0,1330.0,962075.0,50.0
NIFTY,26-DEC-2024,26000.0,30-10-2024 10:57:00,114.5,115.8,114.3,115.8,2049000.0,200.0,1326.45,1326.45,1321.3,1325.0,962075.0,450.0
NIFTY,26-DEC-2024,26000.0,30-10-2024 10:58:00,115.0,115.75,114.15,114.8,2049025.0,1700.0,1325.0,1325.0,1319.95,1319.95,961975.0,200.0
NIFTY,26-DEC-2024,26000.0,30-10-2024 10:59:00,114.8,115.8,113.6,113.6,2049025.0,400.0,1319.95,1326.35,1319.95,1325.0,961975.0,225.0
NIFTY,26-DEC-2024,26000.0,30-10-2024 11:00:00,113.6,114.45,113.1,113.1,2049025.0,50.0,1325.0,1325.0,1325.0,1325.0,961975.0,0.0
NIFTY,26-DEC-2024,26000.0,30-10-2024 11:01:00,112.15,112.15,111.1,111.35,2049325.0,0.0,1340.0,1342.0,1340.0,1342.0,962025.0,200.0
NIFTY,26-DEC-2024,26000.0,30-10-2024 11:02:00,111.15,113.35,110.55,110.55,2049325.0,1575.0,1340.0,1340.0,1340.0,1340.0,962025.0,250.0
NIFTY,26-DEC-2024,26000.0,30-10-2024 11:03:00,110.1,112.0,110.1,111.05,2049325.0,1450.0,1340.0,1348.1,1340.0,1345.65,962025.0,725.0
NIFTY,26-DEC-2024,26000.0,30-10-2024 11:04:00,111.55,113.0,111.5,113.0,2049900.0,2700.0,1340.0,1340.0,1340.0,1340.0,962000.0,325.0
NIFTY,26-DEC-2024,26000.0,30-10-2024 11:05:00,113.0,113.0,113.0,113.0,2049900.0,250.0,1340.0,1340.0,1340.0,1340.0,962000.0,0.0
NIFTY,26-DEC-2024,26000.0,30-10-2024 11:06:00,112.05,113.0,112.05,112.75,2049900.0,250.0,1338.8,1338.8,1331.25,1331.25,962000.0,225.0
NIFTY,26-DEC-2024,26000.0,30-10-2024 11:07:00,112.75,114.0,112.75,113.05,2051200.0,525.0,1328.15,1328.15,1328.15,1328.15,962000.0,25.0
NIFTY,26-DEC-2024,26000.0,30-10-2024 11:08:00,113.05,114.0,113.05,113.05,2051200.0,700.0,1330.0,1330.0,1329.95,1329.95,962000.0,0.0
NIFTY,26-DEC-2024,26000.0,30-10-2024 11:09:00,113.05,114.95,113.05,113.15,2051200.0,275.0,1329.95,1330.0,1329.95,1330.0,962000.0,725.0
NIFTY,26-DEC-2024,26000.0,30-10-2024 11:10:00,113.0,113.45,112.0,112.0,2051675.0,350.0,1330.0,1330.0,1330.0,1330.0,962550.0,325.0
NIFTY,26-DEC-2024,26000.0,30-10-2024 11:11:00,112.0,113.25,112.0,112.4,2051675.0,625.0,1326.1,1330.0,1326.1,1330.0,962550.0,25.0
NIFTY,26-DEC-2024,26000.0,30-10-2024 11:12:00,112.4,114.0,112.1,114.0,2051675.0,1350.0,1333.5,1333.5,1328.9,1329.45,962550.0,500.0
NIFTY,26-DEC-2024,26000.0,30-10-2024 11:13:00,114.0,114.95,114.0,114.95,2051350.0,0.0,1329.45,1329.45,1325.05,1328.8,962575.0,400.0
NIFTY,26-DEC-2024,26000.0,30-10-2024 11:14:00,114.75,114.75,113.0,113.0,2051350.0,1325.0,1328.8,1328.8,1328.8,1328.8,962575.0,0.0
NIFTY,26-DEC-2024,26000.0,30-10-2024 11:15:00,113.0,114.1,113.0,114.0,2051350.0,5850.0,1328.8,1330.0,1328.8,1330.0,962575.0,175.0
NIFTY,26-DEC-2024,26000.0,30-10-2024 11:16:00,113.1,113.1,112.0,112.0,2051350.0,250.0,1339.9,1339.9,1339.9,1339.9,962575.0,125.0
NIFTY,26-DEC-2024,26000.0,30-10-2024 11:17:00,111.3,112.85,111.25,112.85,2048050.0,1225.0,1345.0,1345.0,1340.75,1340.75,962525.0,75.0
NIFTY,26-DEC-2024,26000.0,30-10-2024 11:18:00,111.25,111.25,111.25,111.25,2048050.0,950.0,1340.0,1340.0,1340.0,1340.0,962525.0,775.0
NIFTY,26-DEC-2024,26000.0,30-10-2024 11:19:00,113.0,113.2,113.0,113.2,2047950.0,250.0,1336.75,1336.8,1336.6,1336.6,962350.0,50.0
NIFTY,26-DEC-2024,26000.0,30-10-2024 11:20:00,113.75,114.2,113.15,114.2,2047950.0,1050.0,1332.35,1332.8,1329.05,1329.25,962350.0,650.0
NIFTY,26-DEC-2024,26000.0,30-10-2024 11:21:00,114.2,114.2,111.95,113.75,2047950.0,925.0,1328.0,1328.0,1328.0,1328.0,962350.0,275.0
NIFTY,26-DEC-2024,26000.0,30-10-2024 11:22:00,112.85,114.0,112.85,114.0,2047850.0,75.0,1326.0,1327.65,1326.0,1327.65,962150.0,275.0
NIFTY,26-DEC-2024,26000.0,30-10-2024 11:23:00,114.1,114.1,112.95,112.95,2047850.0,450.0,1326.7,1326.7,1323.0,1323.1,962150.0,200.0
NIFTY,26-DEC-2024,26000.0,30-10-2024 11:24:00,112.95,115.45,112.95,114.95,2047850.0,2025.0,1323.1,1323.1,1316.0,1316.0,962150.0,225.0
NIFTY,26-DEC-2024,26000.0,30-10-2024 11:25:00,113.0,114.95,113.0,114.0,2047850.0,1875.0,1315.0,1315.0,1315.0,1315.0,962150.0,50.0
NIFTY,26-DEC-2024,26000.0,30-10-2024 11:26:00,114.0,114.5,113.15,114.0,2046700.0,550.0,1315.0,1321.0,1315.0,1321.0,961950.0,0.0
NIFTY,26-DEC-2024,26000.0,30-10-2024 11:27:00,114.5,114.95,113.7,114.8,2046700.0,425.0,1321.0,1321.0,1320.0,1320.0,961950.0,250.0
NIFTY,26-DEC-2024,26000.0,30-10-2024 11:28:00,114.8,114.8,113.9,113.9,2046175.0,650.0,1320.0,1324.8,1320.0,1324.8,961850.0,50.0
NIFTY,26-DEC-2024,26000.0,30-10-2024 11:29:00,113.9,113.95,113.9,113.9,2046175.0,125.0,1324.8,1329.3,1324.8,1329.15,961850.0,200.0
NIFTY,26-DEC-2024,26000.0,30-10-2024 11:30:00,113.95,113.95,113.6,113.6,2046175.0,0.0,1329.15,1329.15,1325.6,1325.6,961850.0,0.0
NIFTY,26-DEC-2024,26000.0,30-10-2024 11:31:00,113.1,113.1,112.8,113.0,2045975.0,600.0,1325.6,1325.6,1325.6,1325.6,961850.0,125.0
NIFTY,26-DEC-2024,26000.0,30-10-2024 11:32:00,113.0,113.0,113.0,113.0,2045975.0,400.0,1325.6,1325.6,1325.6,1325.6,961850.0,0.0
NIFTY,26-DEC-2024,26000.0,30-10-2024 11:33:00,113.5,113.5,112.95,112.95,2045975.0,275.0,1325.6,1325.6,1325.6,1325.6,961850.0,0.0
NIFTY,26-DEC-2024,26000.0,30-10-2024 11:34:00,112.95,114.05,112.95,114.05,2045850.0,200.0,1325.6,1330.2,1325.6,1330.2,961625.0,0.0
NIFTY,26-DEC-2024,26000.0,30-10-2024 11:35:00,114.05,115.45,114.05,115.25,2045850.0,0.0,1327.0,1329.65,1327.0,1329.65,961625.0,50.0
NIFTY,26-DEC-2024,26000.0,30-10-2024 11:36:00,115.0,115.0,114.1,114.1,2045850.0,0.0,1329.75,1329.75,1329.0,1329.0,961625.0,175.0
NIFTY,26-DEC-2024,26000.0,30-10-2024 11:37:00,115.0,115.2,115.0,115.2,2045625.0,0.0,1329.0,1329.0,1329.0,1329.0,961625.0,25.0
NIFTY,26-DEC-2024,26000.0,30-10-2024 11:39:00,114.55,115.25,114.0,114.0,2045625.0,4175.0,,,,,,
NIFTY,26-DEC-2024,26000.0,30-10-2024 11:40:00,114.0,114.85,113.9,114.8,2045725.0,200.0,1330.15,1330.15,1330.15,1330.15,961650.0,175.0
NIFTY,26-DEC-2024,26000.0,30-10-2024 11:41:00,114.8,115.1,113.55,114.05,2045725.0,1225.0,1330.15,1338.2,1330.15,1335.6,961700.0,600.0
NIFTY,26-DEC-2024,26000.0,30-10-2024 11:42:00,114.05,115.4,114.05,115.2,2045725.0,300.0,1335.6,1335.6,1327.25,1327.25,961700.0,25.0
NIFTY,26-DEC-2024,26000.0,30-10-2024 11:43:00,114.05,115.4,114.05,115.4,2045825.0,375.0,1327.25,1327.25,1324.1,1324.1,961875.0,75.0
NIFTY,26-DEC-2024,26000.0,30-10-2024 11:44:00,115.4,115.75,114.65,115.75,2045825.0,950.0,1324.1,1324.1,1316.0,1316.0,961875.0,375.0
NIFTY,26-DEC-2024,26000.0,30-10-2024 11:45:00,115.75,115.85,114.75,115.0,2045825.0,225.0,1316.0,1320.5,1316.0,1320.5,961875.0,25.0
NIFTY,26-DEC-2024,26000.0,30-10-2024 11:46:00,115.0,115.0,113.6,114.15,2024075.0,875.0,1320.5,1325.15,1320.5,1322.05,961250.0,150.0
NIFTY,26-DEC-2024,26000.0,30-10-2024 11:47:00,114.15,115.0,114.15,115.0,2024075.0,50.0,1322.05,1322.05,1322.05,1322.05,961250.0,0.0
NIFTY,26-DEC-2024,26000.0,30-10-2024 11:48:00,115.0,115.9,115.0,115.9,2024075.0,0.0,1322.05,1322.05,1321.15,1321.15,961250.0,125.0
NIFTY,26-DEC-2024,26000.0,30-10-2024 11:49:00,115.15,115.15,114.9,115.0,2024225.0,200.0,1321.15,1328.0,1321.15,1328.0,961250.0,50.0
NIFTY,26-DEC-2024,26000.0,30-10-2024 11:50:00,114.6,115.1,114.1,114.1,2024225.0,0.0,1324.0,1330.0,1324.0,1330.0,961175.0,0.0
NIFTY,26-DEC-2024,26000.0,30-10-2024 11:51:00,115.0,115.0,115.0,115.0,2024225.0,0.0,,,,,,
NIFTY,26-DEC-2024,26000.0,30-10-2024 11:52:00,113.7,113.7,112.7,112.85,2025475.0,0.0,1330.0,1336.45,1330.0,1336.45,961500.0,0.0
NIFTY,26-DEC-2024,26000.0,30-10-2024 11:53:00,114.4,114.4,112.0,112.0,2025475.0,0.0,1337.35,1337.35,1335.0,1335.0,961500.0,3175.0
NIFTY,26-DEC-2024,26000.0,30-10-2024 11:54:00,113.5,113.5,112.65,113.15,2025475.0,4225.0,1335.0,1338.95,1335.0,1336.2,961500.0,450.0
NIFTY,26-DEC-2024,26000.0,30-10-2024 11:55:00,113.15,113.6,112.25,113.6,2025800.0,325.0,1336.2,1337.45,1336.2,1337.25,961500.0,200.0
NIFTY,26-DEC-2024,26000.0,30-10-2024 11:56:00,113.6,114.45,113.6,114.45,2025800.0,600.0,1337.25,1337.25,1330.0,1330.5,961725.0,275.0
NIFTY,26-DEC-2024,26000.0,30-10-2024 11:57:00,114.45,114.45,114.45,114.45,2025800.0,0.0,1330.5,1330.5,1330.5,1330.5,961725.0,0.0
NIFTY,26-DEC-2024,26000.0,30-10-2024 11:58:00,114.45,115.85,114.35,115.85,2025875.0,275.0,1330.5,1330.5,1325.55,1325.55,961975.0,0.0
NIFTY,26-DEC-2024,26000.0,30-10-2024 11:59:00,115.85,116.0,115.35,115.65,2025875.0,1475.0,1325.35,1328.7,1325.15,1326.8,961975.0,0.0
NIFTY,26-DEC-2024,26000.0,30-10-2024 12:00:00,115.75,116.1,115.0,115.0,2025875.0,650.0,1326.95,1332.25,1326.95,1332.25,961975.0,700.0
NIFTY,26-DEC-2024,26000.0,30-10-2024 12:01:00,115.0,115.75,114.5,114.5,2025875.0,475.0,1332.25,1334.6,1331.55,1331.55,961975.0,600.0
NIFTY,26-DEC-2024,26000.0,30-10-2024 12:02:00,114.5,115.4,114.05,114.05,2027225.0,525.0,1331.55,1338.65,1331.55,1334.7,962250.0,100.0
NIFTY,26-DEC-2024,26000.0,30-10-2024 12:03:00,114.05,114.05,114.0,114.0,2027225.0,200.0,1334.7,1336.55,1334.7,1336.55,962250.0,25.0
NIFTY,26-DEC-2024,26000.0,30-10-2024 12:04:00,114.0,114.0,114.0,114.0,2027225.0,0.0,1336.55,1344.7,1336.55,1344.7,962250.0,100.0
NIFTY,26-DEC-2024,26000.0,30-10-2024 12:05:00,113.0,113.0,111.0,111.0,2028675.0,1450.0,1344.7,1360.0,1344.7,1357.55,962150.0,225.0
NIFTY,26-DEC-2024,26000.0,30-10-2024 12:06:00,111.0,111.0,110.1,111.0,2028675.0,0.0,1358.05,1358.05,1358.05,1358.05,962150.0,150.0
NIFTY,26-DEC-2024,26000.0,30-10-2024 12:07:00,111.2,111.9,111.05,111.05,2029200.0,0.0,1352.35,1352.35,1352.35,1352.35,962175.0,0.0
NIFTY,26-DEC-2024,26000.0,30-10-2024 12:08:00,112.0,112.5,112.0,112.5,2029200.0,1975.0,1352.35,1352.35,1352.35,1352.35,962175.0,25.0
NIFTY,26-DEC-2024,26000.0,30-10-2024 12:09:00,112.5,113.65,112.45,112.45,2029200.0,100.0,1336.75,1350.4,1336.75,1350.4,962175.0,0.0
NIFTY,26-DEC-2024,26000.0,30-10-2024 12:10:00,112.35,112.35,111.45,111.45,2029250.0,550.0,1347.9,1349.8,1347.9,1348.1,962175.0,300.0
NIFTY,26-DEC-2024,26000.0,30-10-2024 12:11:00,111.45,112.2,111.45,112.05,2029250.0,1325.0,1352.8,1352.8,1348.8,1348.8,962175.0,350.0
NIFTY,26-DEC-2024,26000.0,30-10-2024 12:12:00,112.05,113.85,112.05,112.85,2029250.0,950.0,1345.1,1349.55,1340.8,1344.85,962175.0,650.0
NIFTY,26-DEC-2024,26000.0,30-10-2024 12:13:00,112.85,114.0,112.45,112.9,2030050.0,125.0,1344.85,1344.85,1342.0,1342.0,962175.0,25.0
NIFTY,26-DEC-2024,26000.0,30-10-2024 12:14:00,112.9,112.9,112.9,112.9,2030050.0,0.0,1342.0,1342.0,1337.2,1337.2,962250.0,25.0
NIFTY,26-DEC-2024,26000.0,30-10-2024 12:15:00,112.9,113.65,112.9,113.65,2030050.0,75.0,1337.2,1337.2,1336.9,1336.9,962250.0,75.0
NIFTY,26-DEC-2024,26000.0,30-10-2024 12:16:00,113.65,113.65,113.65,113.65,2030050.0,0.0,1336.9,1336.9,1336.9,1336.9,962250.0,0.0
NIFTY,26-DEC-2024,26000.0,30-10-2024 12:17:00,113.45,113.45,113.45,113.45,2030125.0,25.0,,,,,,
NIFTY,26-DEC-2024,26000.0,30-10-2024 12:18:00,113.45,114.2,113.45,114.2,2030125.0,25.0,1336.9,1336.9,1330.45,1330.45,962225.0,50.0
NIFTY,26-DEC-2024,26000.0,30-10-2024 12:19:00,114.2,114.9,114.2,114.2,2030125.0,550.0,1330.45,1330.45,1330.45,1330.45,962225.0,0.0
NIFTY,26-DEC-2024,26000.0,30-10-2024 12:20:00,114.3,114.6,114.0,114.0,2030175.0,375.0,1324.3,1328.95,1324.3,1328.35,962200.0,100.0
NIFTY,26-DEC-2024,26000.0,30-10-2024 12:21:00,114.0,115.45,113.55,114.75,2030175.0,150.0,1329.0,1329.05,1324.05,1324.05,962200.0,0.0
NIFTY,26-DEC-2024,26000.0,30-10-2024 12:22:00,115.95,116.0,115.95,116.0,2030175.0,2000.0,,,,,,
NIFTY,26-DEC-2024,26000.0,30-10-2024 12:23:00,115.0,115.0,113.05,113.05,2030625.0,200.0,1327.05,1327.1,1327.05,1327.1,962225.0,0.0
NIFTY,26-DEC-2024,26000.0,30-10-2024 12:24:00,113.05,114.6,113.05,113.8,2030625.0,150.0,1327.45,1327.45,1327.45,1327.45,962225.0,0.0
NIFTY,26-DEC-2024,26000.0,30-10-2024 12:25:00,113.8,114.0,113.8,114.0,2030625.0,250.0,1327.45,1327.45,1327.45,1327.45,962225.0,650.0
NIFTY,26-DEC-2024,26000.0,30-10-2024 12:26:00,114.95,114.95,114.95,114.95,2030625.0,100.0,1320.15,1320.15,1320.15,1320.15,962225.0,25.0
NIFTY,26-DEC-2024,26000.0,30-10-2024 12:27:00,114.5,114.5,114.5,114.5,2031775.0,0.0,1320.15,1320.15,1320.15,1320.15,962225.0,0.0
NIFTY,26-DEC-2024,26000.0,30-10-2024 12:28:00,115.3,115.3,114.5,114.5,2031775.0,0.0,1320.15,1320.15,1320.15,1320.15,962225.0,0.0
NIFTY,26-DEC-2024,26000.0,30-10-2024 12:29:00,114.5,114.5,113.25,113.25,2032100.0,800.0,1320.15,1339.55,1320.15,1339.55,962225.0,50.0
NIFTY,26-DEC-2024,26000.0,30-10-2024 12:30:00,113.25,113.25,113.0,113.0,2032100.0,450.0,1339.55,1339.55,1334.0,1334.0,962225.0,25.0
NIFTY,26-DEC-2024,26000.0,30-10-2024 12:31:00,113.0,113.95,113.0,113.95,2032350.0,50.0,1334.0,1334.0,1330.0,1330.0,962250.0,25.0
NIFTY,26-DEC-2024,26000.0,30-10-2024 12:32:00,114.0,114.0,114.0,114.0,2032350.0,0.0,1330.0,1330.0,1330.0,1330.0,962250.0,0.0
NIFTY,26-DEC-2024,26000.0,30-10-2024 12:33:00,,,,,,,1330.0,1330.0,1330.0,1330.0,962250.0,0.0
NIFTY,26-DEC-2024,26000.0,30-10-2024 12:34:00,114.0,114.0,114.0,114.0,2032350.0,0.0,1330.0,1330.0,1330.0,1330.0,962250.0,0.0
NIFTY,26-DEC-2024,26000.0,30-10-2024 12:35:00,113.45,113.7,112.3,112.3,2032325.0,1225.0,1330.0,1339.6,1330.0,1339.6,962225.0,50.0
NIFTY,26-DEC-2024,26000.0,30-10-2024 12:36:00,112.3,112.55,112.3,112.55,2032325.0,0.0,1339.6,1339.6,1339.6,1339.6,962225.0,0.0
NIFTY,26-DEC-2024,26000.0,30-10-2024 12:37:00,112.55,112.55,112.5,112.5,2034275.0,3650.0,1339.6,1339.6,1339.6,1339.6,962225.0,0.0
NIFTY,26-DEC-2024,26000.0,30-10-2024 12:38:00,112.4,113.95,112.3,113.95,2034275.0,2675.0,1330.0,1332.35,1330.0,1330.2,962200.0,100.0
NIFTY,26-DEC-2024,26000.0,30-10-2024 12:39:00,113.95,114.85,113.0,113.05,2034275.0,6250.0,1330.2,1330.2,1330.2,1330.2,962200.0,0.0
NIFTY,26-DEC-2024,26000.0,30-10-2024 12:40:00,113.05,113.5,113.05,113.5,2034275.0,1000.0,1330.2,1330.2,1325.0,1325.0,962225.0,0.0
NIFTY,26-DEC-2024,26000.0,30-10-2024 12:41:00,113.5,113.55,112.4,112.4,2034775.0,3975.0,1319.0,1321.0,1319.0,1321.0,962225.0,0.0
NIFTY,26-DEC-2024,26000.0,30-10-2024 12:42:00,113.35,113.75,113.35,113.75,2034775.0,1375.0,1321.0,1321.0,1318.0,1318.0,962225.0,450.0
NIFTY,26-DEC-2024,26000.0,30-10-2024 12:43:00,113.75,113.75,113.55,113.55,2034775.0,625.0,,,,,,
NIFTY,26-DEC-2024,26000.0,30-10-2024 12:44:00,113.55,113.55,113.5,113.5,2035150.0,2025.0,1318.0,1318.0,1318.0,1318.0,962225.0,100.0
NIFTY,26-DEC-2024,26000.0,30-10-2024 12:45:00,113.05,114.05,113.0,114.05,2035150.0,525.0,1318.0,1318.0,1314.85,1314.85,962025.0,150.0
NIFTY,26-DEC-2024,26000.0,30-10-2024 12:46:00,114.05,114.05,113.5,113.5,2035600.0,425.0,1314.85,1314.85,1314.85,1314.85,962025.0,25.0
NIFTY,26-DEC-2024,26000.0,30-10-2024 12:47:00,113.5,113.5,113.0,113.0,2035600.0,450.0,1314.85,1326.55,1314.85,1322.9,962000.0,0.0
NIFTY,26-DEC-2024,26000.0,30-10-2024 12:48:00,113.0,113.5,112.4,112.4,2035600.0,1200.0,1322.85,1325.75,1318.15,1325.75,962000.0,875.0
NIFTY,26-DEC-2024,26000.0,30-10-2024 12:49:00,112.4,112.5,112.4,112.5,2036575.0,425.0,1325.75,1326.0,1324.25,1326.0,962000.0,75.0
NIFTY,26-DEC-2024,26000.0,30-10-2024 12:50:00,112.95,113.1,112.4,112.75,2036575.0,1675.0,1326.0,1326.0,1316.55,1318.45,961950.0,250.0
NIFTY,26-DEC-2024,26000.0,30-10-2024 12:51:00,112.75,113.2,112.5,112.75,2036575.0,1025.0,1318.45,1319.05,1314.15,1315.9,961950.0,375.0
NIFTY,26-DEC-2024,26000.0,30-10-2024 12:52:00,113.45,113.45,112.75,112.75,2037200.0,575.0,1315.9,1321.8,1315.9,1319.35,961975.0,150.0
NIFTY,26-DEC-2024,26000.0,30-10-2024 12:53:00,112.75,113.45,112.75,113.45,2037200.0,100.0,1319.35,1319.35,1319.35,1319.35,961975.0,0.0
NIFTY,26-DEC-2024,26000.0,30-10-2024 12:54:00,113.45,113.45,113.45,113.45,2037200.0,25.0,1319.35,1319.35,1319.35,1319.35,961975.0,0.0
NIFTY,26-DEC-2024,26000.0,30-10-2024 12:55:00,113.45,113.65,113.05,113.65,2037125.0,825.0,1319.35,1319.35,1319.35,1319.35,961975.0,0.0
NIFTY,26-DEC-2024,26000.0,30-10-2024 12:56:00,113.65,114.45,113.4,114.0,2037125.0,1800.0,1319.35,1325.0,1319.35,1321.0,961975.0,1450.0
NIFTY,26-DEC-2024,26000.0,30-10-2024 12:57:00,114.0,114.0,112.8,112.8,2037125.0,325.0,1321.0,1321.0,1319.0,1319.0,961975.0,625.0
NIFTY,26-DEC-2024,26000.0,30-10-2024 12:58:00,112.8,114.5,112.8,114.45,2037675.0,1325.0,1319.0,1319.0,1312.0,1312.0,963050.0,100.0
NIFTY,26-DEC-2024,26000.0,30-10-2024 12:59:00,114.45,114.5,114.45,114.5,2037675.0,25.0,1312.0,1312.0,1312.0,1312.0,963050.0,0.0
NIFTY,26-DEC-2024,26000.0,30-10-2024 13:00:00,114.5,114.65,114.4,114.65,2037675.0,575.0,1312.0,1315.0,1312.0,1315.0,963050.0,50.0
NIFTY,26-DEC-2024,26000.0,30-10-2024 13:01:00,113.9,114.5,113.9,114.5,2037675.0,100.0,1315.0,1315.0,1310.05,1311.4,963050.0,50.0
NIFTY,26-DEC-2024,26000.0,30-10-2024 13:02:00,113.55,113.55,113.55,113.55,2036825.0,550.0,1311.4,1311.4,1311.25,1311.25,963100.0,25.0
NIFTY,26-DEC-2024,26000.0,30-10-2024 13:03:00,113.8,113.8,113.8,113.8,2036825.0,25.0,1311.25,1314.0,1311.25,1314.0,963100.0,25.0
NIFTY,26-DEC-2024,26000.0,30-10-2024 13:04:00,115.0,115.0,114.75,114.75,2036700.0,25.0,1310.05,1310.05,1308.0,1308.0,963150.0,75.0
NIFTY,26-DEC-2024,26000.0,30-10-2024 13:05:00,116.0,116.7,115.95,116.7,2036700.0,1775.0,1308.0,1308.0,1306.0,1306.0,963150.0,50.0
NIFTY,26-DEC-2024,26000.0,30-10-2024 13:06:00,116.7,119.55,116.7,119.55,2036700.0,75.0,1305.85,1305.85,1298.0,1298.0,963150.0,75.0
NIFTY,26-DEC-2024,26000.0,30-10-2024 13:07:00,118.85,119.4,117.95,119.15,2036700.0,0.0,1285.2,1289.2,1285.2,1289.2,963125.0,0.0
NIFTY,26-DEC-2024,26000.0,30-10-2024 13:08:00,119.15,119.6,115.85,116.45,2036700.0,2200.0,1289.2,1294.0,1287.95,1294.0,963125.0,3325.0
NIFTY,26-DEC-2024,26000.0,30-10-2024 13:09:00,116.6,116.65,115.55,116.05,2036700.0,8050.0,1294.0,1304.05,1294.0,1304.05,963125.0,50.0
NIFTY,26-DEC-2024,26000.0,30-10-2024 13:10:00,116.05,116.05,112.0,112.0,2037825.0,0.0,1304.05,1331.3,1304.05,1331.3,966375.0,1075.0
NIFTY,26-DEC-2024,26000.0,30-10-2024 13:11:00,112.5,114.0,112.5,113.15,2037825.0,2825.0,1331.3,1333.5,1331.3,1333.5,966375.0,0.0
NIFTY,26-DEC-2024,26000.0,30-10-2024 13:12:00,113.95,113.95,112.0,112.0,2037825.0,975.0,1333.5,1333.5,1333.5,1333.5,966375.0,25.0
NIFTY,26-DEC-2024,26000.0,30-10-2024 13:13:00,112.0,112.1,108.45,110.0,2039100.0,3400.0,1352.8,1359.1,1352.8,1359.1,966375.0,300.0
NIFTY,26-DEC-2024,26000.0,30-10-2024 13:14:00,110.0,110.75,110.0,110.15,2039100.0,400.0,1350.0,1354.7,1350.0,1354.7,966275.0,0.0
NIFTY,26-DEC-2024,26000.0,30-10-2024 13:15:00,110.25,110.25,108.05,109.2,2039100.0,425.0,1354.7,1360.0,1344.25,1360.0,966275.0,50.0
NIFTY,26-DEC-2024,26000.0,30-10-2024 13:16:00,109.2,109.2,104.05,104.9,2039625.0,3000.0,1360.0,1374.7,1360.0,1374.7,966275.0,2350.0
NIFTY,26-DEC-2024,26000.0,30-10-2024 13:17:00,105.8,105.95,104.15,105.95,2039625.0,825.0,1378.15,1378.15,1378.15,1378.15,966275.0,100.0
NIFTY,26-DEC-2024,26000.0,30-10-2024 13:18:00,105.95,106.6,105.25,106.6,2039625.0,150.0,1390.0,1390.0,1390.0,1390.0,966225.0,50.0
NIFTY,26-DEC-2024,26000.0,30-10-2024 13:19:00,106.0,107.5,106.0,107.0,2039625.0,2225.0,1390.0,1390.0,1375.0,1375.0,966200.0,0.0
NIFTY,26-DEC-2024,26000.0,30-10-2024 13:20:00,106.4,106.4,106.0,106.0,2038150.0,25.0,1372.0,1379.85,1372.0,1379.85,966200.0,100.0
NIFTY,26-DEC-2024,26000.0,30-10-2024 13:21:00,105.3,106.95,105.0,105.7,2038150.0,2800.0,1393.95,1393.95,1390.0,1393.95,966200.0,150.0
NIFTY,26-DEC-2024,26000.0,30-10-2024 13:22:00,105.7,106.95,105.7,106.95,2038225.0,200.0,1393.95,1393.95,1393.95,1393.95,966200.0,0.0
NIFTY,26-DEC-2024,26000.0,30-10-2024 13:23:00,105.65,105.65,105.35,105.35,2038225.0,125.0,1392.0,1393.05,1391.9,1391.9,966350.0,75.0
NIFTY,26-DEC-2024,26000.0,30-10-2024 13:24:00,105.35,105.4,105.35,105.35,2038225.0,0.0,1391.9,1392.0,1391.0,1392.0,966350.0,1150.0
NIFTY,26-DEC-2024,26000.0,30-10-2024 13:25:00,104.9,105.3,104.15,105.0,2038050.0,1300.0,1392.0,1399.0,1391.65,1399.0,966350.0,975.0
NIFTY,26-DEC-2024,26000.0,30-10-2024 13:26:00,105.25,106.0,105.0,105.95,2038050.0,275.0,1389.9,1389.9,1380.0,1380.0,966750.0,50.0
NIFTY,26-DEC-2024,26000.0,30-10-2024 13:27:00,105.95,106.5,105.95,106.25,2038050.0,775.0,1384.4,1384.95,1384.4,1384.95,966750.0,25.0
NIFTY,26-DEC-2024,26000.0,30-10-2024 13:28:00,106.25,106.25,105.05,105.05,2038050.0,75.0,1385.0,1385.0,1385.0,1385.0,966750.0,1100.0
NIFTY,26-DEC-2024,26000.0,30-10-2024 13:29:00,105.05,106.95,105.05,106.95,2038050.0,275.0,1385.0,1385.0,1385.0,1385.0,966750.0,0.0
NIFTY,26-DEC-2024,26000.0,30-10-2024 13:30:00,106.95,106.95,105.4,106.0,2038050.0,525.0,1385.0,1385.0,1380.0,1380.0,967800.0,25.0
NIFTY,26-DEC-2024,26000.0,30-10-2024 13:31:00,106.95,106.95,106.95,106.95,2037700.0,700.0,1380.0,1380.0,1380.0,1380.0,967800.0,0.0
NIFTY,26-DEC-2024,26000.0,30-10-2024 13:32:00,106.95,106.95,106.15,106.95,2037700.0,200.0,1380.0,1380.0,1366.05,1366.05,967775.0,75.0
NIFTY,26-DEC-2024,26000.0,30-10-2024 13:33:00,106.95,108.05,106.95,108.05,2037700.0,150.0,1366.0,1366.0,1361.55,1361.85,967775.0,275.0
NIFTY,26-DEC-2024,26000.0,30-10-2024 13:34:00,108.05,108.15,108.0,108.0,2037700.0,775.0,1355.95,1367.7,1355.95,1367.7,967775.0,0.0
NIFTY,26-DEC-2024,26000.0,30-10-2024 13:35:00,107.6,107.6,107.5,107.5,2038375.0,175.0,1366.85,1366.85,1366.85,1366.85,967775.0,1250.0
NIFTY,26-DEC-2024,26000.0,30-10-2024 13:36:00,107.5,107.5,105.2,105.2,2038375.0,300.0,1366.85,1375.1,1366.85,1375.1,968925.0,25.0
NIFTY,26-DEC-2024,26000.0,30-10-2024 13:37:00,105.5,105.95,104.5,105.95,2038625.0,775.0,1375.1,1375.1,1375.1,1375.1,968925.0,0.0
NIFTY,26-DEC-2024,26000.0,30-10-2024 13:38:00,105.95,106.9,105.95,106.9,2038625.0,50.0,1375.1,1381.05,1375.1,1379.25,968925.0,75.0
NIFTY,26-DEC-2024,26000.0,30-10-2024 13:39:00,106.25,106.25,105.3,105.3,2038625.0,100.0,1379.25,1386.0,1379.25,1386.0,968925.0,1025.0
NIFTY,26-DEC-2024,26000.0,30-10-2024 13:40:00,105.3,106.3,105.1,106.0,2038850.0,175.0,1386.0,1388.2,1386.0,1388.2,968925.0,0.0
NIFTY,26-DEC-2024,26000.0,30-10-2024 13:41:00,106.0,106.0,105.35,105.35,2038850.0,200.0,1386.9,1386.9,1386.05,1386.05,969950.0,125.0
NIFTY,26-DEC-2024,26000.0,30-10-2024 13:42:00,105.35,105.35,104.0,104.0,2038850.0,1425.0,1386.05,1386.05,1386.05,1386.05,969950.0,25.0
NIFTY,26-DEC-2024,26000.0,30-10-2024 13:43:00,104.0,104.0,100.7,101.65,2041500.0,3950.0,1393.7,1401.0,1393.7,1398.25,969950.0,200.0
NIFTY,26-DEC-2024,26000.0,30-10-2024 13:44:00,101.65,103.55,101.3,103.3,2041500.0,475.0,1398.25,1398.25,1398.25,1398.25,969950.0,125.0
NIFTY,26-DEC-2024,26000.0,30-10-2024 13:45:00,103.2,103.7,103.0,103.0,2041500.0,800.0,1398.25,1398.25,1398.25,1398.25,969950.0,0.0
NIFTY,26-DEC-2024,26000.0,30-10-2024 13:46:00,103.0,103.7,102.0,103.0,2041500.0,525.0,1398.25,1398.25,1398.25,1398.25,969950.0,50.0
NIFTY,26-DEC-2024,26000.0,30-10-2024 13:47:00,103.0,103.65,102.8,103.3,2040775.0,650.0,,,,,,
NIFTY,26-DEC-2024,26000.0,30-10-2024 13:48:00,103.3,103.3,102.0,102.0,2040775.0,1725.0,1398.25,1398.25,1390.0,1390.0,969950.0,0.0
NIFTY,26-DEC-2024,26000.0,30-10-2024 13:49:00,102.0,103.0,102.0,103.0,2041000.0,1600.0,1390.0,1390.0,1390.0,1390.0,969950.0,25.0
NIFTY,26-DEC-2024,26000.0,30-10-2024 13:50:00,103.0,103.95,101.7,103.0,2041000.0,525.0,1390.0,1390.0,1390.0,1390.0,969950.0,0.0
NIFTY,26-DEC-2024,26000.0,30-10-2024 13:51:00,103.0,103.75,102.75,103.75,2041000.0,375.0,,,,,,
NIFTY,26-DEC-2024,26000.0,30-10-2024 13:52:00,103.75,103.75,102.05,103.1,2041000.0,1050.0,1390.0,1390.0,1390.0,1390.0,969950.0,0.0
NIFTY,26-DEC-2024,26000.0,30-10-2024 13:53:00,102.9,102.9,101.55,102.8,2040575.0,675.0,1390.0,1390.0,1390.0,1390.0,969950.0,0.0
NIFTY,26-DEC-2024,26000.0,30-10-2024 13:54:00,102.8,102.8,102.05,102.05,2040575.0,0.0,1390.0,1390.0,1390.0,1390.0,969950.0,0.0
NIFTY,26-DEC-2024,26000.0,30-10-2024 13:55:00,,,,,,,1390.0,1390.0,1390.0,1390.0,969950.0,0.0
NIFTY,26-DEC-2024,26000.0,30-10-2024 13:56:00,101.55,101.55,101.55,101.55,2040575.0,300.0,1390.0,1399.0,1390.0,1399.0,969950.0,25.0
NIFTY,26-DEC-2024,26000.0,30-10-2024 13:57:00,101.75,101.75,101.1,101.1,2039350.0,575.0,1399.0,1400.0,1399.0,1400.0,969975.0,100.0
NIFTY,26-DEC-2024,26000.0,30-10-2024 13:58:00,101.1,101.1,101.0,101.0,2039350.0,550.0,1400.0,1402.0,1400.0,1400.0,969975.0,500.0
NIFTY,26-DEC-2024,26000.0,30-10-2024 13:59:00,101.95,102.0,101.0,102.0,2039575.0,75.0,1400.0,1400.0,1400.0,1400.0,969975.0,0.0
NIFTY,26-DEC-2024,26000.0,30-10-2024 14:00:00,101.0,101.0,100.25,100.25,2039575.0,0.0,1400.0,1402.65,1399.95,1402.0,969950.0,425.0
NIFTY,26-DEC-2024,26000.0,30-10-2024 14:01:00,100.55,100.8,100.55,100.6,2040100.0,1575.0,1402.0,1402.0,1402.0,1402.0,969950.0,0.0
NIFTY,26-DEC-2024,26000.0,30-10-2024 14:02:00,100.6,101.0,100.55,100.55,2040100.0,25.0,1402.0,1410.0,1402.0,1410.0,970100.0,0.0
NIFTY,26-DEC-2024,26000.0,30-10-2024 14:03:00,100.2,100.2,100.2,100.2,2040100.0,0.0,1406.0,1406.0,1405.0,1405.0,970100.0,175.0
NIFTY,26-DEC-2024,26000.0,30-10-2024 14:04:00,101.0,101.15,100.0,101.1,2040175.0,2450.0,1405.0,1405.0,1403.7,1403.7,970100.0,25.0
NIFTY,26-DEC-2024,26000.0,30-10-2024 14:05:00,101.25,101.25,100.75,100.75,2040175.0,300.0,1403.7,1403.7,1403.7,1403.7,970100.0,0.0
NIFTY,26-DEC-2024,26000.0,30-10-2024 14:06:00,102.6,102.95,101.0,102.0,2040175.0,325.0,,,,,,
NIFTY,26-DEC-2024,26000.0,30-10-2024 14:07:00,102.0,102.0,101.0,101.0,2040175.0,50.0,1403.65,1403.65,1403.65,1403.65,970100.0,325.0
NIFTY,26-DEC-2024,26000.0,30-10-2024 14:08:00,101.9,102.35,101.0,101.05,2040350.0,350.0,1396.45,1403.7,1396.45,1403.7,969975.0,250.0
NIFTY,26-DEC-2024,26000.0,30-10-2024 14:09:00,101.0,101.95,100.3,100.3,2040350.0,2325.0,1403.7,1409.0,1403.7,1408.95,969975.0,525.0
NIFTY,26-DEC-2024,26000.0,30-10-2024 14:10:00,100.3,100.3,99.95,99.95,2040350.0,0.0,1409.0,1410.0,1408.95,1410.0,969975.0,1525.0
NIFTY,26-DEC-2024,26000.0,30-10-2024 14:11:00,100.3,100.3,100.3,100.3,2043275.0,0.0,1410.0,1410.0,1404.05,1404.05,970200.0,200.0
NIFTY,26-DEC-2024,26000.0,30-10-2024 14:12:00,100.5,100.5,99.75,99.75,2043275.0,1450.0,1403.6,1413.0,1403.6,1413.0,970200.0,150.0
NIFTY,26-DEC-2024,26000.0,30-10-2024 14:13:00,99.25,99.25,97.5,97.5,2044050.0,0.0,1412.7,1425.0,1412.7,1420.35,970350.0,1550.0
NIFTY,26-DEC-2024,26000.0,30-10-2024 14:14:00,97.05,97.45,96.35,96.9,2044050.0,3275.0,1425.0,1433.55,1425.0,1433.55,970350.0,650.0
NIFTY,26-DEC-2024,26000.0,30-10-2024 14:15:00,96.3,96.75,95.0,95.0,2044050.0,4175.0,1433.55,1449.0,1433.55,1449.0,970350.0,150.0
NIFTY,26-DEC-2024,26000.0,30-10-2024 14:16:00,95.1,96.25,95.0,96.25,2045450.0,0.0,1449.0,1449.1,1448.0,1448.0,970350.0,975.0
NIFTY,26-DEC-2024,26000.0,30-10-2024 14:17:00,97.0,97.0,97.0,97.0,2045450.0,0.0,1448.0,1448.0,1433.45,1433.45,970300.0,75.0
NIFTY,26-DEC-2024,26000.0,30-10-2024 14:18:00,98.5,98.7,97.25,97.5,2045450.0,1475.0,1433.45,1433.45,1433.45,1433.45,970300.0,50.0
NIFTY,26-DEC-2024,26000.0,30-10-2024 14:19:00,97.5,98.95,97.5,98.75,2045450.0,675.0,1434.9,1435.0,1430.0,1435.0,970300.0,75.0
NIFTY,26-DEC-2024,26000.0,30-10-2024 14:20:00,99.5,100.0,99.5,99.55,2045450.0,1775.0,,,,,,
NIFTY,26-DEC-2024,26000.0,30-10-2024 14:21:00,99.55,100.8,99.55,99.8,2045450.0,100.0,1435.0,1435.0,1433.55,1433.55,970425.0,125.0
NIFTY,26-DEC-2024,26000.0,30-10-2024 14:22:00,99.65,101.0,99.65,101.0,2045450.0,750.0,1433.55,1433.55,1409.2,1409.2,970425.0,75.0
NIFTY,26-DEC-2024,26000.0,30-10-2024 14:23:00,101.0,102.35,101.0,101.05,2045425.0,1175.0,1409.2,1409.2,1409.2,1409.2,970425.0,0.0
NIFTY,26-DEC-2024,26000.0,30-10-2024 14:24:00,101.5,101.5,100.7,100.7,2045425.0,1875.0,1409.2,1409.2,1409.2,1409.2,970425.0,0.0
NIFTY,26-DEC-2024,26000.0,30-10-2024 14:25:00,100.5,100.7,100.5,100.7,2045425.0,750.0,1409.2,1417.8,1409.2,1417.8,970475.0,25.0
NIFTY,26-DEC-2024,26000.0,30-10-2024 14:26:00,100.0,100.25,100.0,100.0,2046325.0,650.0,1417.8,1417.8,1417.8,1417.8,970475.0,0.0
NIFTY,26-DEC-2024,26000.0,30-10-2024 14:27:00,101.65,101.65,100.6,100.6,2046325.0,600.0,1417.8,1418.0,1417.8,1418.0,970475.0,0.0
NIFTY,26-DEC-2024,26000.0,30-10-2024 14:28:00,101.5,101.5,100.6,100.6,2046325.0,175.0,1418.0,1418.0,1418.0,1418.0,970475.0,25.0
NIFTY,26-DEC-2024,26000.0,30-10-2024 14:29:00,100.6,100.7,100.6,100.65,2046025.0,0.0,1418.0,1418.0,1418.0,1418.0,970475.0,0.0
NIFTY,26-DEC-2024,26000.0,30-10-2024 14:30:00,100.85,102.15,100.8,101.85,2046025.0,0.0,,,,,,
NIFTY,26-DEC-2024,26000.0,30-10-2024 14:31:00,102.0,102.0,101.0,101.0,2046025.0,3825.0,1410.0,1410.0,1410.0,1410.0,970500.0,0.0
NIFTY,26-DEC-2024,26000.0,30-10-2024 14:32:00,99.8,102.15,98.95,102.15,2048375.0,1075.0,1409.05,1411.1,1409.05,1411.0,970550.0,475.0
NIFTY,26-DEC-2024,26000.0,30-10-2024 14:33:00,102.2,102.2,101.9,102.15,2048375.0,0.0,,,,,,
NIFTY,26-DEC-2024,26000.0,30-10-2024 14:34:00,101.05,101.95,101.0,101.5,2048375.0,2550.0,1399.45,1408.85,1399.45,1408.85,970550.0,75.0
NIFTY,26-DEC-2024,26000.0,30-10-2024 14:35:00,101.5,101.5,100.9,100.9,2037000.0,1300.0,1406.55,1406.55,1406.55,1406.55,970550.0,75.0
NIFTY,26-DEC-2024,26000.0,30-10-2024 14:36:00,100.4,100.4,99.95,100.0,2037000.0,200.0,1418.0,1418.0,1418.0,1418.0,970425.0,25.0
NIFTY,26-DEC-2024,26000.0,30-10-2024 14:37:00,101.75,101.75,101.75,101.75,2037000.0,25.0,1418.0,1418.0,1418.0,1418.0,970425.0,0.0
NIFTY,26-DEC-2024,26000.0,30-10-2024 14:38:00,,,,,,,1418.0,1418.0,1418.0,1418.0,970425.0,0.0
NIFTY,26-DEC-2024,26000.0,30-10-2024 14:39:00,103.0,103.0,102.15,102.15,2037600.0,1450.0,1418.0,1418.0,1418.0,1418.0,970425.0,0.0
NIFTY,26-DEC-2024,26000.0,30-10-2024 14:40:00,102.05,103.2,102.05,102.05,2037600.0,0.0,1404.0,1404.0,1401.0,1401.0,970375.0,0.0
NIFTY,26-DEC-2024,26000.0,30-10-2024 14:41:00,103.7,103.7,102.05,102.05,2039200.0,1250.0,1395.0,1395.0,1391.9,1391.9,970350.0,225.0
NIFTY,26-DEC-2024,26000.0,30-10-2024 14:42:00,102.05,102.05,102.05,102.05,2039200.0,25.0,1394.7,1394.7,1394.7,1394.7,970350.0,25.0
NIFTY,26-DEC-2024,26000.0,30-10-2024 14:43:00,103.0,103.0,102.65,102.65,2039200.0,1350.0,,,,,,
NIFTY,26-DEC-2024,26000.0,30-10-2024 14:44:00,102.65,102.65,102.65,102.65,2039200.0,0.0,,,,,,
NIFTY,26-DEC-2024,26000.0,30-10-2024 14:45:00,,,,,,,1394.7,1394.7,1394.7,1394.7,970350.0,0.0
NIFTY,26-DEC-2024,26000.0,30-10-2024 14:46:00,102.0,102.0,102.0,102.0,2039850.0,0.0,1394.7,1394.7,1394.7,1394.7,970350.0,0.0
NIFTY,26-DEC-2024,26000.0,30-10-2024 14:47:00,100.4,100.4,100.4,100.4,2039950.0,0.0,1394.7,1394.7,1394.7,1394.7,970350.0,0.0
NIFTY,26-DEC-2024,26000.0,30-10-2024 14:48:00,100.4,101.0,100.4,101.0,2039950.0,1850.0,1394.7,1409.1,1394.7,1409.1,970350.0,0.0
NIFTY,26-DEC-2024,26000.0,30-10-2024 14:49:00,101.1,101.55,101.1,101.5,2039950.0,150.0,1402.2,1409.8,1402.2,1409.8,970350.0,100.0
NIFTY,26-DEC-2024,26000.0,30-10-2024 14:50:00,101.55,101.55,101.0,101.0,2040175.0,425.0,1409.8,1409.8,1409.8,1409.8,970350.0,0.0
NIFTY,26-DEC-2024,26000.0,30-10-2024 14:51:00,101.0,101.5,101.0,101.5,2040175.0,625.0,,,,,,
NIFTY,26-DEC-2024,26000.0,30-10-2024 14:52:00,101.5,101.7,101.5,101.5,2040175.0,100.0,,,,,,
NIFTY,26-DEC-2024,26000.0,30-10-2024 14:53:00,101.0,101.5,101.0,101.5,2040025.0,200.0,1401.0,1401.0,1401.0,1401.0,970325.0,0.0
NIFTY,26-DEC-2024,26000.0,30-10-2024 14:54:00,101.5,101.5,101.5,101.5,2040025.0,0.0,,,,,,
NIFTY,26-DEC-2024,26000.0,30-10-2024 14:55:00,101.5,101.6,100.1,101.6,2040025.0,1625.0,1397.45,1397.8,1397.45,1397.5,970325.0,0.0
NIFTY,26-DEC-2024,26000.0,30-10-2024 14:56:00,101.5,101.5,100.25,100.25,2041725.0,0.0,1397.5,1404.0,1394.5,1394.5,970200.0,200.0
NIFTY,26-DEC-2024,26000.0,30-10-2024 14:57:00,100.45,101.0,100.45,101.0,2041725.0,2925.0,1394.5,1394.5,1394.5,1394.5,970200.0,125.0
NIFTY,26-DEC-2024,26000.0,30-10-2024 14:58:00,102.0,102.0,102.0,102.0,2041725.0,0.0,,,,,,
NIFTY,26-DEC-2024,26000.0,30-10-2024 14:59:00,101.05,101.05,100.55,101.05,2040150.0,0.0,1396.8,1396.8,1396.8,1396.8,970325.0,0.0
NIFTY,26-DEC-2024,26000.0,30-10-2024 15:00:00,100.3,100.3,100.0,100.0,2040150.0,525.0,1397.4,1397.4,1397.4,1397.4,970325.0,100.0
NIFTY,26-DEC-2024,26000.0,30-10-2024 15:01:00,99.95,100.3,98.9,100.3,2040150.0,0.0,,,,,,
NIFTY,26-DEC-2024,26000.0,30-10-2024 15:02:00,100.3,100.3,99.6,99.6,2040525.0,375.0,1397.4,1397.4,1397.4,1397.4,970325.0,0.0
NIFTY,26-DEC-2024,26000.0,30-10-2024 15:03:00,99.6,100.15,99.1,100.05,2040525.0,1075.0,1401.7,1401.7,1401.7,1401.7,970325.0,100.0
NIFTY,26-DEC-2024,26000.0,30-10-2024 15:04:00,100.1,100.1,99.0,99.65,2040525.0,1550.0,1401.7,1401.7,1401.7,1401.7,970325.0,0.0
NIFTY,26-DEC-2024,26000.0,30-10-2024 15:05:00,99.65,99.65,98.6,98.65,2040450.0,825.0,1405.0,1420.15,1405.0,1420.15,970425.0,525.0
NIFTY,26-DEC-2024,26000.0,30-10-2024 15:06:00,98.65,100.35,98.65,100.35,2040450.0,975.0,1420.15,1420.15,1417.0,1417.0,970425.0,0.0
NIFTY,26-DEC-2024,26000.0,30-10-2024 15:07:00,99.85,99.85,99.3,99.3,2040450.0,875.0,1415.0,1420.0,1415.0,1420.0,970425.0,75.0
NIFTY,26-DEC-2024,26000.0,30-10-2024 15:08:00,99.25,99.25,99.25,99.25,2041775.0,0.0,1420.0,1421.0,1420.0,1421.0,970375.0,0.0
NIFTY,26-DEC-2024,26000.0,30-10-2024 15:09:00,98.9,98.9,98.9,98.9,2041775.0,1400.0,1421.0,1421.0,1421.0,1421.0,970375.0,25.0
NIFTY,26-DEC-2024,26000.0,30-10-2024 15:10:00,99.35,99.35,98.3,98.4,2041775.0,50.0,1421.0,1421.0,1414.1,1414.1,970375.0,50.0
NIFTY,26-DEC-2024,26000.0,30-10-2024 15:11:00,98.2,99.3,98.2,99.05,2041925.0,50.0,1414.1,1417.65,1414.1,1417.65,970325.0,25.0
NIFTY,26-DEC-2024,26000.0,30-10-2024 15:12:00,99.1,99.1,98.5,98.5,2041925.0,300.0,1417.65,1417.65,1415.65,1415.65,970325.0,75.0
NIFTY,26-DEC-2024,26000.0,30-10-2024 15:13:00,98.5,98.55,98.5,98.5,2041925.0,175.0,1410.35,1417.05,1410.35,1417.05,970325.0,150.0
NIFTY,26-DEC-2024,26000.0,30-10-2024 15:14:00,98.5,98.5,98.0,98.0,2042025.0,100.0,1417.05,1420.0,1417.05,1420.0,970275.0,25.0
NIFTY,26-DEC-2024,26000.0,30-10-2024 15:15:00,97.5,97.5,97.4,97.5,2042025.0,475.0,1420.0,1420.0,1412.8,1412.8,970275.0,150.0
NIFTY,26-DEC-2024,26000.0,30-10-2024 15:16:00,98.2,98.5,97.45,97.65,2042025.0,1150.0,1412.8,1412.8,1411.4,1411.4,970275.0,150.0
NIFTY,26-DEC-2024,26000.0,30-10-2024 15:17:00,97.65,98.0,97.65,98.0,2041450.0,725.0,1411.4,1411.95,1411.4,1411.95,970275.0,75.0
NIFTY,26-DEC-2024,26000.0,30-10-2024 15:18:00,98.0,98.4,98.0,98.0,2041450.0,1225.0,1411.95,1411.95,1411.95,1411.95,970275.0,0.0
NIFTY,26-DEC-2024,26000.0,30-10-2024 15:19:00,98.0,99.45,98.0,99.45,2041450.0,125.0,1413.2,1414.95,1409.9,1414.95,970425.0,25.0
NIFTY,26-DEC-2024,26000.0,30-10-2024 15:20:00,99.45,99.85,98.25,99.85,2040525.0,2700.0,1406.75,1409.8,1403.65,1405.8,970500.0,950.0
NIFTY,26-DEC-2024,26000.0,30-10-2024 15:21:00,99.85,100.0,99.0,99.0,2040525.0,1550.0,1405.8,1405.8,1399.85,1399.85,970500.0,675.0
NIFTY,26-DEC-2024,26000.0,30-10-2024 15:22:00,98.25,100.5,98.0,100.0,2040525.0,4025.0,1399.85,1399.85,1396.95,1397.6,970500.0,350.0
NIFTY,26-DEC-2024,26000.0,30-10-2024 15:23:00,100.0,100.0,98.55,98.55,2039075.0,575.0,1397.6,1397.6,1397.6,1397.6,970500.0,0.0
NIFTY,26-DEC-2024,26000.0,30-10-2024 15:24:00,98.55,101.0,98.35,101.0,2039075.0,2000.0,1397.6,1400.55,1397.6,1400.55,969900.0,25.0
NIFTY,26-DEC-2024,26000.0,30-10-2024 15:25:00,99.2,100.9,99.2,99.8,2039075.0,5275.0,1400.55,1403.35,1400.05,1400.05,969900.0,100.0
NIFTY,26-DEC-2024,26000.0,30-10-2024 15:26:00,99.75,99.75,99.7,99.7,2043875.0,3825.0,1400.5,1400.5,1400.5,1400.5,969900.0,25.0
NIFTY,26-DEC-2024,26000.0,30-10-2024 15:27:00,99.4,99.4,99.0,99.0,2043875.0,50.0,1400.5,1411.45,1400.5,1411.45,969900.0,125.0
NIFTY,26-DEC-2024,26000.0,30-10-2024 15:28:00,99.0,100.0,99.0,100.0,2043875.0,375.0,1411.45,1411.45,1411.45,1411.45,969900.0,0.0
NIFTY,26-DEC-2024,26000.0,30-10-2024 15:29:00,99.0,100.0,98.5,99.0,2044250.0,750.0,1411.45,1412.5,1404.25,1404.25,969950.0,450.0
NIFTY,26-DEC-2024,26000.0,31-10-2024 09:15:00,87.15,95.0,79.5,79.5,2043975.0,0.0,1404.25,1404.25,1404.25,1404.25,0.0,0.0
NIFTY,26-DEC-2024,26000.0,31-10-2024 09:16:00,88.9,94.4,88.9,94.4,2044225.0,2350.0,1404.25,1404.25,1404.25,1404.25,0.0,0.0
NIFTY,26-DEC-2024,26000.0,31-10-2024 09:17:00,94.95,97.55,94.75,97.0,2044225.0,0.0,1404.25,1404.25,1404.25,1404.25,0.0,0.0
NIFTY,26-DEC-2024,26000.0,31-10-2024 09:18:00,97.0,98.1,95.25,95.25,2044225.0,0.0,1404.25,1404.25,1404.25,1404.25,0.0,0.0
NIFTY,26-DEC-2024,26000.0,31-10-2024 09:19:00,95.6,95.6,93.0,93.05,2043900.0,4700.0,1404.25,1474.0,1404.25,1467.8,969700.0,100.0
NIFTY,26-DEC-2024,26000.0,31-10-2024 09:20:00,93.05,97.3,93.05,96.7,2043900.0,900.0,1467.8,1468.0,1459.2,1459.2,969700.0,75.0
NIFTY,26-DEC-2024,26000.0,31-10-2024 09:21:00,96.7,96.85,93.05,94.15,2044900.0,350.0,1459.2,1465.25,1459.2,1465.25,969700.0,225.0
NIFTY,26-DEC-2024,26000.0,31-10-2024 09:22:00,93.85,98.0,93.65,95.15,2044900.0,0.0,1465.25,1475.0,1465.25,1475.0,969700.0,75.0
NIFTY,26-DEC-2024,26000.0,31-10-2024 09:23:00,97.95,97.95,94.55,94.55,2044900.0,9975.0,1475.0,1475.0,1462.0,1462.0,969700.0,25.0
NIFTY,26-DEC-2024,26000.0,31-10-2024 09:24:00,93.1,130.0,92.8,99.35,2074600.0,63925.0,1462.0,1494.0,1462.0,1494.0,969775.0,1275.0
NIFTY,26-DEC-2024,26000.0,31-10-2024 09:25:00,99.85,100.1,95.55,97.45,2074600.0,18150.0,1494.0,1494.0,1489.25,1489.25,969775.0,25.0
NIFTY,26-DEC-2024,26000.0,31-10-2024 09:26:00,97.45,97.45,96.0,96.0,2074600.0,1125.0,1489.25,1495.0,1489.25,1495.0,969775.0,25.0
NIFTY,26-DEC-2024,26000.0,31-10-2024 09:27:00,96.2,96.75,87.35,89.15,2048950.0,81050.0,1495.0,1499.0,1495.0,1499.0,969775.0,175.0
NIFTY,26-DEC-2024,26000.0,31-10-2024 09:28:00,89.15,90.45,88.5,89.6,2048950.0,5525.0,1499.0,1499.0,1480.0,1482.75,969675.0,50.0
NIFTY,26-DEC-2024,26000.0,31-10-2024 09:29:00,89.6,89.6,88.5,88.5,2048950.0,775.0,1482.75,1482.75,1482.75,1482.75,969675.0,0.0
NIFTY,26-DEC-2024,26000.0,31-10-2024 09:30:00,90.0,90.35,89.4,90.3,2051700.0,1475.0,1498.85,1498.85,1490.0,1495.0,969675.0,100.0
NIFTY,26-DEC-2024,26000.0,31-10-2024 09:31:00,89.9,89.9,87.3,87.5,2051700.0,1125.0,1495.0,1500.0,1492.0,1500.0,969650.0,175.0
NIFTY,26-DEC-2024,26000.0,31-10-2024 09:32:00,88.25,88.25,86.0,87.0,2051700.0,1175.0,1500.0,1517.0,1500.0,1517.0,969650.0,325.0
NIFTY,26-DEC-2024,26000.0,31-10-2024 09:33:00,87.0,87.0,86.2,86.4,2051700.0,1750.0,1517.0,1517.0,1517.0,1517.0,969650.0,0.0
NIFTY,26-DEC-2024,26000.0,31-10-2024 09:34:00,87.5,87.5,86.65,86.65,2052300.0,425.0,1517.0,1517.0,1517.0,1517.0,969650.0,0.0
NIFTY,26-DEC-2024,26000.0,31-10-2024 09:35:00,88.0,88.0,88.0,88.0,2052300.0,0.0,1517.0,1517.0,1507.15,1510.0,969650.0,75.0
NIFTY,26-DEC-2024,26000.0,31-10-2024 09:36:00,87.0,87.6,86.25,87.5,2052300.0,1050.0,1510.0,1511.4,1501.8,1501.8,969650.0,50.0
NIFTY,26-DEC-2024,26000.0,31-10-2024 09:37:00,87.35,87.35,85.0,85.0,2053125.0,0.0,1501.8,1518.4,1501.8,1516.75,969625.0,350.0
NIFTY,26-DEC-2024,26000.0,31-10-2024 09:38:00,85.0,88.95,85.0,88.95,2053125.0,4100.0,1516.75,1525.0,1508.2,1524.15,969625.0,450.0
NIFTY,26-DEC-2024,26000.0,31-10-2024 09:39:00,87.0,87.0,86.0,87.0,2059575.0,6025.0,1524.15,1524.15,1513.4,1513.4,969625.0,25.0
NIFTY,26-DEC-2024,26000.0,31-10-2024 09:40:00,87.05,88.75,87.0,88.0,2059575.0,925.0,1513.4,1517.4,1504.8,1504.8,969675.0,600.0
NIFTY,26-DEC-2024,26000.0,31-10-2024 09:41:00,88.45,88.45,87.0,88.0,2059575.0,3000.0,1504.8,1513.15,1502.15,1505.0,969675.0,225.0
NIFTY,26-DEC-2024,26000.0,31-10-2024 09:42:00,88.0,88.0,86.25,87.0,2065875.0,8225.0,1499.2,1505.0,1498.45,1505.0,969775.0,150.0
NIFTY,26-DEC-2024,26000.0,31-10-2024 09:43:00,87.0,87.0,86.95,87.0,2065875.0,5125.0,1505.0,1505.0,1505.0,1505.0,969775.0,800.0
NIFTY,26-DEC-2024,26000.0,31-10-2024 09:44:00,87.25,87.4,86.8,87.4,2065875.0,0.0,1505.0,1505.0,1505.0,1505.0,969775.0,100.0
NIFTY,26-DEC-2024,26000.0,31-10-2024 09:45:00,89.0,89.0,89.0,89.0,2068600.0,0.0,1505.0,1505.0,1475.0,1482.0,969775.0,200.0
NIFTY,26-DEC-2024,26000.0,31-10-2024 09:46:00,89.0,89.0,89.0,89.0,2068600.0,3175.0,1482.0,1485.0,1482.0,1485.0,969750.0,50.0
NIFTY,26-DEC-2024,26000.0,31-10-2024 09:47:00,90.0,91.7,89.6,90.75,2068600.0,2400.0,1478.0,1480.0,1475.05,1475.05,969750.0,100.0
NIFTY,26-DEC-2024,26000.0,31-10-2024 09:48:00,90.5,93.7,90.5,93.7,2074025.0,2000.0,1475.0,1483.3,1475.0,1480.0,969750.0,200.0
NIFTY,26-DEC-2024,26000.0,31-10-2024 09:49:00,90.8,92.25,90.8,91.85,2074025.0,0.0,1480.0,1480.0,1468.0,1468.0,969625.0,50.0
NIFTY,26-DEC-2024,26000.0,31-10-2024 09:50:00,91.9,91.9,91.75,91.75,2074025.0,0.0,1468.0,1468.0,1468.0,1468.0,969625.0,25.0
NIFTY,26-DEC-2024,26000.0,31-10-2024 09:51:00,91.05,91.5,91.05,91.5,2076025.0,2975.0,1468.0,1481.1,1468.0,1481.1,969550.0,225.0
NIFTY,26-DEC-2024,26000.0,31-10-2024 09:52:00,91.0,91.0,90.05,90.05,2076025.0,4100.0,1481.1,1481.1,1478.0,1480.0,969550.0,100.0
NIFTY,26-DEC-2024,26000.0,31-10-2024 09:53:00,92.0,92.0,90.0,91.75,2076025.0,375.0,1488.45,1488.45,1485.9,1485.9,969550.0,500.0
NIFTY,26-DEC-2024,26000.0,31-10-2024 09:54:00,91.75,92.5,90.55,92.5,2076025.0,225.0,1485.9,1490.0,1485.9,1490.0,969550.0,325.0
NIFTY,26-DEC-2024,26000.0,31-10-2024 09:55:00,90.6,91.6,90.5,91.0,2079775.0,725.0,1475.65,1480.3,1475.65,1480.3,968875.0,550.0
NIFTY,26-DEC-2024,26000.0,31-10-2024 09:56:00,,,,,,,1480.3,1480.3,1480.3,1480.3,968875.0,275.0
NIFTY,26-DEC-2024,26000.0,31-10-2024 09:57:00,91.0,91.4,90.0,90.5,2079775.0,2750.0,1480.3,1490.0,1480.3,1490.0,968350.0,150.0
NIFTY,26-DEC-2024,26000.0,31-10-2024 09:58:00,90.5,90.65,90.5,90.65,2082075.0,2050.0,1490.0,1490.0,1490.0,1490.0,968350.0,50.0
NIFTY,26-DEC-2024,26000.0,31-10-2024 09:59:00,91.4,92.6,90.6,91.8,2082075.0,0.0,1490.0,1490.8,1479.3,1490.8,968350.0,5100.0
NIFTY,26-DEC-2024,26000.0,31-10-2024 10:00:00,91.9,93.8,91.9,92.65,2082075.0,1375.0,1490.8,1490.8,1490.8,1490.8,968350.0,0.0
NIFTY,26-DEC-2024,26000.0,31-10-2024 10:01:00,92.65,93.05,92.65,92.65,2084150.0,200.0,1490.8,1490.8,1490.8,1490.8,968350.0,0.0
NIFTY,26-DEC-2024,26000.0,31-10-2024 10:02:00,92.0,93.0,92.0,93.0,2084150.0,350.0,1490.8,1490.8,1490.8,1490.8,968350.0,0.0
NIFTY,26-DEC-2024,26000.0,31-10-2024 10:03:00,92.0,92.05,92.0,92.05,2084150.0,950.0,1490.8,1490.8,1473.45,1473.9,968350.0,125.0
NIFTY,26-DEC-2024,26000.0,31-10-2024 10:04:00,92.0,92.25,90.5,90.5,2084200.0,375.0,1473.9,1476.1,1473.6,1475.15,968600.0,100.0
NIFTY,26-DEC-2024,26000.0,31-10-2024 10:05:00,92.2,92.2,90.25,90.5,2084200.0,16650.0,1475.15,1485.0,1473.15,1485.0,968600.0,1775.0
NIFTY,26-DEC-2024,26000.0,31-10-2024 10:06:00,90.4,90.95,90.4,90.75,2084200.0,1425.0,1485.0,1485.0,1472.1,1474.55,968600.0,75.0
NIFTY,26-DEC-2024,26000.0,31-10-2024 10:07:00,91.3,91.3,90.1,90.1,2088075.0,1975.0,1474.55,1485.0,1474.55,1485.0,968525.0,50.0
NIFTY,26-DEC-2024,26000.0,31-10-2024 10:08:00,91.0,91.25,91.0,91.25,2088075.0,0.0,1485.0,1485.0,1476.45,1476.45,968525.0,25.0
NIFTY,26-DEC-2024,26000.0,31-10-2024 10:09:00,91.25,91.25,90.1,90.1,2088875.0,300.0,1476.45,1480.3,1476.05,1479.15,968525.0,175.0
NIFTY,26-DEC-2024,26000.0,31-10-2024 10:10:00,90.5,91.0,90.1,90.2,2088875.0,825.0,1479.15,1479.25,1477.25,1479.25,968575.0,175.0
NIFTY,26-DEC-2024,26000.0,31-10-2024 10:11:00,91.0,91.0,89.05,89.4,2088875.0,625.0,1479.25,1491.15,1479.25,1486.25,968575.0,175.0
NIFTY,26-DEC-2024,26000.0,31-10-2024 10:12:00,89.3,89.55,89.3,89.55,2088875.0,2925.0,1486.25,1486.25,1486.25,1486.25,968575.0,0.0
NIFTY,26-DEC-2024,26000.0,31-10-2024 10:13:00,89.5,89.5,89.5,89.5,2088875.0,150.0,1486.25,1486.25,1486.25,1486.25,968575.0,0.0
NIFTY,26-DEC-2024,26000.0,31-10-2024 10:14:00,89.5,90.7,89.1,90.0,2089050.0,3050.0,1486.25,1492.0,1481.1,1486.25,968500.0,625.0
NIFTY,26-DEC-2024,26000.0,31-10-2024 10:15:00,90.0,90.0,89.0,89.95,2089050.0,700.0,1486.25,1486.25,1486.25,1486.25,968500.0,25.0
NIFTY,26-DEC-2024,26000.0,31-10-2024 10:16:00,89.95,89.95,89.2,89.2,2088225.0,2250.0,1486.25,1486.25,1486.25,1486.25,968500.0,0.0
NIFTY,26-DEC-2024,26000.0,31-10-2024 10:17:00,89.25,89.6,88.0,88.15,2088225.0,850.0,1486.25,1496.75,1486.25,1496.75,968475.0,125.0
NIFTY,26-DEC-2024,26000.0,31-10-2024 10:18:00,88.1,89.2,87.2,87.2,2088225.0,6850.0,1505.0,1505.0,1505.0,1505.0,968475.0,0.0
NIFTY,26-DEC-2024,26000.0,31-10-2024 10:19:00,87.2,87.95,87.2,87.9,2089150.0,1650.0,1505.0,1509.0,1505.0,1509.0,968500.0,75.0
NIFTY,26-DEC-2024,26000.0,31-10-2024 10:20:00,87.9,88.75,87.5,88.45,2089150.0,900.0,1509.0,1514.7,1509.0,1514.7,968500.0,75.0
NIFTY,26-DEC-2024,26000.0,31-10-2024 10:21:00,88.45,88.45,87.85,87.85,2089150.0,75.0,1514.7,1514.7,1497.9,1497.9,968500.0,75.0
NIFTY,26-DEC-2024,26000.0,31-10-2024 10:22:00,87.85,87.85,87.85,87.85,2089150.0,0.0,1510.45,1510.45,1510.45,1510.45,968500.0,25.0
NIFTY,26-DEC-2024,26000.0,31-10-2024 10:23:00,87.85,88.95,87.7,88.3,2088575.0,250.0,1510.45,1510.45,1510.45,1510.45,968500.0,0.0
NIFTY,26-DEC-2024,26000.0,31-10-2024 10:24:00,88.3,89.6,88.3,89.6,2088575.0,2375.0,1510.45,1510.45,1491.85,1491.85,968500.0,25.0
NIFTY,26-DEC-2024,26000.0,31-10-2024 10:25:00,89.75,90.15,89.35,89.7,2087625.0,175.0,1491.85,1491.85,1491.85,1491.85,968425.0,50.0
NIFTY,26-DEC-2024,26000.0,31-10-2024 10:26:00,89.7,91.3,89.5,89.5,2087625.0,3500.0,1491.85,1500.0,1488.8,1500.0,968425.0,100.0
NIFTY,26-DEC-2024,26000.0,31-10-2024 10:27:00,89.55,90.05,89.55,90.0,2087625.0,4375.0,1500.0,1500.0,1498.65,1498.65,968425.0,300.0
NIFTY,26-DEC-2024,26000.0,31-10-2024 10:28:00,90.0,90.55,89.8,89.9,2089075.0,375.0,1498.65,1498.65,1498.65,1498.65,968425.0,0.0
NIFTY,26-DEC-2024,26000.0,31-10-2024 10:29:00,89.85,90.5,89.85,90.5,2089075.0,4300.0,1498.65,1505.95,1498.65,1505.95,968425.0,175.0
NIFTY,26-DEC-2024,26000.0,31-10-2024 10:30:00,90.5,91.15,90.0,90.35,2089075.0,1950.0,1505.95,1505.95,1498.7,1498.7,968650.0,25.0
NIFTY,26-DEC-2024,26000.0,31-10-2024 10:31:00,90.35,91.75,90.35,91.55,2089550.0,3700.0,1498.7,1498.7,1495.05,1495.05,968475.0,100.0
NIFTY,26-DEC-2024,26000.0,31-10-2024 10:32:00,91.55,91.55,90.05,90.05,2089550.0,75.0,1495.05,1500.0,1495.05,1500.0,968475.0,0.0
NIFTY,26-DEC-2024,26000.0,31-10-2024 10:33:00,90.05,90.05,90.05,90.05,2089550.0,25.0,1500.0,1500.0,1500.0,1500.0,968475.0,75.0
NIFTY,26-DEC-2024,26000.0,31-10-2024 10:34:00,90.1,90.1,90.0,90.0,2089725.0,1575.0,1500.0,1500.0,1500.0,1500.0,968475.0,0.0
NIFTY,26-DEC-2024,26000.0,31-10-2024 10:35:00,90.0,90.8,90.0,90.3,2089725.0,150.0,1500.0,1500.0,1500.0,1500.0,968475.0,0.0
NIFTY,26-DEC-2024,26000.0,31-10-2024 10:36:00,90.3,90.6,90.3,90.5,2089725.0,550.0,1500.0,1500.0,1500.0,1500.0,968475.0,0.0
NIFTY,26-DEC-2024,26000.0,31-10-2024 10:37:00,90.55,90.6,90.5,90.6,2089150.0,450.0,1500.0,1500.0,1500.0,1500.0,968475.0,0.0
NIFTY,26-DEC-2024,26000.0,31-10-2024 10:38:00,91.45,91.45,90.5,90.5,2089150.0,225.0,1500.0,1500.0,1500.0,1500.0,968475.0,0.0
NIFTY,26-DEC-2024,26000.0,31-10-2024 10:39:00,91.0,93.1,91.0,91.05,2089150.0,1950.0,1485.9,1500.4,1485.9,1498.65,968475.0,150.0
NIFTY,26-DEC-2024,26000.0,31-10-2024 10:40:00,91.05,91.05,91.05,91.05,2090100.0,200.0,1498.65,1498.65,1486.15,1488.4,968550.0,225.0
NIFTY,26-DEC-2024,26000.0,31-10-2024 10:41:00,91.05,91.05,90.5,90.5,2090100.0,0.0,1488.4,1494.75,1488.4,1494.75,968550.0,50.0
NIFTY,26-DEC-2024,26000.0,31-10-2024 10:42:00,90.5,91.45,90.5,90.55,2090100.0,1925.0,1494.75,1494.75,1492.3,1492.3,968550.0,25.0
NIFTY,26-DEC-2024,26000.0,31-10-2024 10:43:00,90.55,90.55,90.5,90.5,2090475.0,350.0,1493.55,1493.55,1492.55,1492.55,968725.0,125.0
NIFTY,26-DEC-2024,26000.0,31-10-2024 10:44:00,90.5,91.15,90.5,91.15,2090475.0,1350.0,1492.55,1501.65,1492.55,1501.65,968725.0,0.0
NIFTY,26-DEC-2024,26000.0,31-10-2024 10:45:00,90.1,91.0,90.05,90.25,2090475.0,1075.0,1500.55,1500.55,1500.55,1500.55,968725.0,50.0
NIFTY,26-DEC-2024,26000.0,31-10-2024 10:46:00,90.25,91.0,90.25,90.35,2091575.0,2000.0,1500.55,1500.55,1500.15,1500.15,968800.0,0.0
NIFTY,26-DEC-2024,26000.0,31-10-2024 10:47:00,90.35,91.2,90.35,90.4,2091575.0,1850.0,1500.15,1500.15,1500.15,1500.15,968800.0,25.0
NIFTY,26-DEC-2024,26000.0,31-10-2024 10:48:00,90.4,91.0,90.25,90.25,2091575.0,2175.0,1500.15,1508.0,1500.15,1508.0,968800.0,50.0
NIFTY,26-DEC-2024,26000.0,31-10-2024 10:49:00,90.3,91.0,90.2,90.25,2089200.0,4775.0,1508.0,1515.0,1508.0,1515.0,968750.0,350.0
NIFTY,26-DEC-2024,26000.0,31-10-2024 10:50:00,90.25,90.5,89.05,89.05,2089200.0,2575.0,1515.0,1515.0,1515.0,1515.0,968750.0,175.0
NIFTY,26-DEC-2024,26000.0,31-10-2024 10:51:00,89.05,90.95,89.05,90.0,2089200.0,975.0,1515.0,1515.0,1511.5,1511.5,968750.0,625.0
NIFTY,26-DEC-2024,26000.0,31-10-2024 10:52:00,90.0,90.75,89.55,90.75,2090825.0,225.0,1511.5,1514.0,1511.5,1514.0,968150.0,25.0
NIFTY,26-DEC-2024,26000.0,31-10-2024 10:53:00,90.35,90.5,89.2,89.2,2090825.0,1950.0,1516.95,1516.95,1516.95,1516.95,968150.0,75.0
NIFTY,26-DEC-2024,26000.0,31-10-2024 10:54:00,89.2,91.0,89.2,89.6,2090825.0,2600.0,1516.95,1525.0,1516.95,1525.0,968150.0,200.0
NIFTY,26-DEC-2024,26000.0,31-10-2024 10:55:00,89.6,91.0,89.45,90.0,2090900.0,1950.0,1525.0,1525.0,1518.0,1520.05,967975.0,200.0
NIFTY,26-DEC-2024,26000.0,31-10-2024 10:56:00,91.25,91.4,90.05,91.0,2090900.0,2150.0,1520.0,1522.9,1512.0,1522.85,967975.0,675.0
NIFTY,26-DEC-2024,26000.0,31-10-2024 10:57:00,91.0,91.45,90.05,91.45,2090900.0,650.0,1522.85,1522.85,1514.05,1517.0,967975.0,200.0
NIFTY,26-DEC-2024,26000.0,31-10-2024 10:58:00,91.45,92.8,90.75,91.0,2091850.0,2950.0,1517.0,1517.0,1513.0,1513.0,967700.0,325.0
NIFTY,26-DEC-2024,26000.0,31-10-2024 10:59:00,91.0,91.0,90.3,90.3,2091850.0,775.0,1513.0,1513.0,1510.0,1510.0,967700.0,50.0
NIFTY,26-DEC-2024,26000.0,31-10-2024 11:00:00,90.3,91.0,90.3,91.0,2091850.0,50.0,1510.0,1510.0,1510.0,1510.0,967700.0,0.0
NIFTY,26-DEC-2024,26000.0,31-10-2024 11:01:00,91.0,91.1,90.05,91.1,2094300.0,800.0,1510.0,1510.0,1504.6,1506.25,967575.0,100.0
NIFTY,26-DEC-2024,26000.0,31-10-2024 11:02:00,90.5,90.5,90.5,90.5,2094300.0,25.0,1506.25,1506.25,1506.25,1506.25,967575.0,0.0
NIFTY,26-DEC-2024,26000.0,31-10-2024 11:03:00,91.5,91.5,91.5,91.5,2094300.0,0.0,1506.25,1506.25,1506.25,1506.25,967575.0,0.0
NIFTY,26-DEC-2024,26000.0,31-10-2024 11:04:00,91.5,92.0,90.65,92.0,2094375.0,1650.0,1506.25,1511.45,1502.05,1511.45,967600.0,300.0
NIFTY,26-DEC-2024,26000.0,31-10-2024 11:05:00,92.0,92.0,90.45,90.45,2094375.0,25.0,1511.45,1511.45,1501.05,1510.1,967600.0,75.0
NIFTY,26-DEC-2024,26000.0,31-10-2024 11:06:00,91.75,91.75,90.5,90.5,2094375.0,325.0,1510.1,1510.1,1503.3,1503.3,967600.0,25.0
NIFTY,26-DEC-2024,26000.0,31-10-2024 11:07:00,90.5,90.5,90.5,90.5,2094375.0,125.0,1503.3,1503.3,1503.3,1503.3,967600.0,0.0
NIFTY,26-DEC-2024,26000.0,31-10-2024 11:08:00,90.5,91.7,90.5,91.7,2095800.0,25.0,1503.3,1503.3,1503.3,1503.3,967600.0,0.0
NIFTY,26-DEC-2024,26000.0,31-10-2024 11:09:00,91.0,91.2,90.05,91.2,2095800.0,1550.0,1503.3,1510.0,1503.3,1507.5,967600.0,50.0
NIFTY,26-DEC-2024,26000.0,31-10-2024 11:10:00,90.75,91.5,90.6,91.05,2094350.0,725.0,1507.5,1517.9,1507.5,1517.9,967600.0,100.0
NIFTY,26-DEC-2024,26000.0,31-10-2024 11:11:00,91.1,91.1,90.6,90.65,2094350.0,1050.0,1517.9,1517.9,1510.4,1510.4,967600.0,100.0
NIFTY,26-DEC-2024,26000.0,31-10-2024 11:12:00,90.65,91.65,90.5,91.65,2094350.0,200.0,1510.4,1511.1,1510.4,1511.1,967600.0,25.0
NIFTY,26-DEC-2024,26000.0,31-10-2024 11:13:00,90.65,92.05,90.5,90.5,2094350.0,1650.0,1511.1,1511.1,1511.1,1511.1,967600.0,0.0
NIFTY,26-DEC-2024,26000.0,31-10-2024 11:14:00,90.5,91.0,90.5,91.0,2095000.0,300.0,1511.1,1512.1,1511.1,1512.1,967600.0,25.0
NIFTY,26-DEC-2024,26000.0,31-10-2024 11:15:00,91.0,91.8,90.7,91.8,2095000.0,250.0,1512.1,1512.1,1512.1,1512.1,967600.0,0.0
NIFTY,26-DEC-2024,26000.0,31-10-2024 11:16:00,91.8,91.8,91.1,91.35,2095275.0,600.0,1512.1,1516.2,1512.1,1516.2,967600.0,25.0
NIFTY,26-DEC-2024,26000.0,31-10-2024 11:17:00,91.15,91.45,90.1,90.1,2095275.0,2275.0,1516.2,1519.2,1516.2,1519.2,967600.0,50.0
NIFTY,26-DEC-2024,26000.0,31-10-2024 11:18:00,90.1,90.65,90.1,90.6,2095275.0,75.0,1519.15,1520.0,1519.15,1520.0,967600.0,75.0
NIFTY,26-DEC-2024,26000.0,31-10-2024 11:19:00,90.6,91.35,90.6,91.05,2094525.0,2550.0,1520.0,1521.25,1520.0,1521.25,967700.0,25.0
NIFTY,26-DEC-2024,26000.0,31-10-2024 11:20:00,91.05,91.2,90.5,90.5,2094525.0,1050.0,1521.25,1521.25,1521.25,1521.25,967700.0,0.0
NIFTY,26-DEC-2024,26000.0,31-10-2024 11:21:00,90.5,91.1,90.5,90.5,2094525.0,1075.0,1521.25,1521.25,1521.25,1521.25,967700.0,0.0
NIFTY,26-DEC-2024,26000.0,31-10-2024 11:22:00,90.5,91.0,90.3,90.3,2097775.0,850.0,1521.25,1521.25,1521.25,1521.25,967700.0,0.0
NIFTY,26-DEC-2024,26000.0,31-10-2024 11:23:00,90.15,90.5,90.1,90.5,2097775.0,525.0,1521.25,1521.25,1521.25,1521.25,967700.0,0.0
NIFTY,26-DEC-2024,26000.0,31-10-2024 11:24:00,91.25,91.25,90.1,90.1,2097775.0,175.0,1521.25,1521.25,1508.4,1514.95,967700.0,100.0
NIFTY,26-DEC-2024,26000.0,31-10-2024 11:25:00,90.1,91.0,90.1,90.1,2099025.0,2025.0,1514.95,1514.95,1514.95,1514.95,967700.0,50.0
NIFTY,26-DEC-2024,26000.0,31-10-2024 11:26:00,90.1,90.1,90.0,90.1,2099025.0,1800.0,1514.95,1514.95,1508.55,1514.95,967725.0,175.0
NIFTY,26-DEC-2024,26000.0,31-10-2024 11:27:00,90.1,90.85,90.1,90.1,2099025.0,525.0,1514.95,1514.95,1514.95,1514.95,967725.0,0.0
NIFTY,26-DEC-2024,26000.0,31-10-2024 11:28:00,90.0,90.95,90.0,90.95,2102925.0,1125.0,1514.95,1514.95,1514.95,1514.95,967725.0,0.0
NIFTY,26-DEC-2024,26000.0,31-10-2024 11:29:00,90.95,90.95,90.95,90.95,2102925.0,75.0,1514.95,1514.95,1514.95,1514.95,967725.0,0.0
NIFTY,26-DEC-2024,26000.0,31-10-2024 11:30:00,90.0,90.0,90.0,90.0,2102925.0,150.0,1511.1,1512.0,1511.0,1512.0,967800.0,100.0
NIFTY,26-DEC-2024,26000.0,31-10-2024 11:31:00,90.0,90.0,90.0,90.0,2102925.0,50.0,1512.0,1512.0,1512.0,1512.0,967800.0,75.0
NIFTY,26-DEC-2024,26000.0,31-10-2024 11:32:00,89.6,89.6,89.6,89.6,2103000.0,150.0,1512.0,1512.0,1512.0,1512.0,967800.0,0.0
NIFTY,26-DEC-2024,26000.0,31-10-2024 11:33:00,89.6,89.6,89.25,89.25,2103000.0,175.0,1512.0,1512.0,1512.0,1512.0,967800.0,0.0
NIFTY,26-DEC-2024,26000.0,31-10-2024 11:34:00,90.0,90.0,89.5,89.95,2104050.0,0.0,1512.0,1512.0,1512.0,1512.0,967800.0,0.0
NIFTY,26-DEC-2024,26000.0,31-10-2024 11:35:00,89.0,89.5,89.0,89.0,2104050.0,1400.0,1518.0,1519.0,1518.0,1519.0,967800.0,50.0
NIFTY,26-DEC-2024,26000.0,31-10-2024 11:36:00,89.0,89.5,89.0,89.5,2104050.0,700.0,1519.0,1519.0,1516.6,1516.6,967800.0,50.0
NIFTY,26-DEC-2024,26000.0,31-10-2024 11:37:00,90.0,90.0,89.5,89.5,2104175.0,325.0,1516.6,1516.6,1516.6,1516.6,967800.0,25.0
NIFTY,26-DEC-2024,26000.0,31-10-2024 11:38:00,89.05,90.2,89.05,89.15,2104175.0,0.0,1516.6,1516.7,1516.6,1516.7,967775.0,0.0
NIFTY,26-DEC-2024,26000.0,31-10-2024 11:39:00,89.45,90.0,89.45,90.0,2104175.0,300.0,1516.7,1516.7,1516.7,1516.7,967775.0,25.0
NIFTY,26-DEC-2024,26000.0,31-10-2024 11:40:00,88.95,88.95,88.35,88.35,2104325.0,0.0,1516.7,1525.0,1516.7,1525.0,967800.0,0.0
NIFTY,26-DEC-2024,26000.0,31-10-2024 11:41:00,88.35,89.25,88.15,88.45,2104325.0,3325.0,1525.0,1528.0,1525.0,1528.0,967800.0,125.0
NIFTY,26-DEC-2024,26000.0,31-10-2024 11:42:00,89.15,89.45,87.9,89.25,2104325.0,0.0,1522.0,1522.0,1522.0,1522.0,967800.0,25.0
NIFTY,26-DEC-2024,26000.0,31-10-2024 11:43:00,88.4,88.4,88.4,88.4,2104325.0,400.0,1522.0,1522.0,1522.0,1522.0,967800.0,0.0
NIFTY,26-DEC-2024,26000.0,31-10-2024 11:44:00,88.65,90.2,88.65,90.2,2105950.0,400.0,1522.0,1522.0,1522.0,1522.0,967800.0,0.0
NIFTY,26-DEC-2024,26000.0,31-10-2024 11:45:00,90.25,90.25,90.25,90.25,2105950.0,1075.0,1522.0,1522.0,1522.0,1522.0,967800.0,0.0
NIFTY,26-DEC-2024,26000.0,31-10-2024 11:46:00,90.25,90.25,89.5,89.5,2106700.0,0.0,1522.0,1522.0,1522.0,1522.0,967800.0,0.0
NIFTY,26-DEC-2024,26000.0,31-10-2024 11:47:00,90.1,90.1,89.5,89.5,2106700.0,0.0,1522.0,1522.0,1515.0,1518.0,967700.0,475.0
NIFTY,26-DEC-2024,26000.0,31-10-2024 11:48:00,89.5,90.1,89.5,89.5,2106700.0,600.0,1518.0,1522.0,1517.05,1517.05,967700.0,175.0
NIFTY,26-DEC-2024,26000.0,31-10-2024 11:49:00,89.5,89.9,88.8,88.8,2106625.0,75.0,1517.05,1519.95,1517.05,1517.5,967675.0,50.0
NIFTY,26-DEC-2024,26000.0,31-10-2024 11:50:00,88.8,89.85,88.4,88.75,2106625.0,2375.0,1517.5,1522.0,1516.0,1516.0,967675.0,1300.0
NIFTY,26-DEC-2024,26000.0,31-10-2024 11:51:00,88.75,89.65,88.75,89.65,2106625.0,1075.0,1520.0,1520.0,1520.0,1520.0,967675.0,550.0
NIFTY,26-DEC-2024,26000.0,31-10-2024 11:52:00,,,,,,,1520.0,1527.95,1519.8,1524.75,967425.0,675.0
NIFTY,26-DEC-2024,26000.0,31-10-2024 11:53:00,89.0,89.0,88.8,88.8,2107075.0,0.0,1524.75,1526.4,1524.75,1526.4,967425.0,25.0
NIFTY,26-DEC-2024,26000.0,31-10-2024 11:54:00,88.8,89.0,88.75,89.0,2107075.0,1625.0,1526.4,1526.4,1526.35,1526.35,967425.0,25.0
NIFTY,26-DEC-2024,26000.0,31-10-2024 11:55:00,89.5,89.5,89.0,89.0,2107225.0,0.0,1526.35,1526.35,1515.7,1515.7,967450.0,75.0
NIFTY,26-DEC-2024,26000.0,31-10-2024 11:56:00,,,,,,,1515.7,1515.7,1515.7,1515.7,967450.0,0.0
NIFTY,26-DEC-2024,26000.0,31-10-2024 11:57:00,88.8,89.75,88.8,89.75,2107225.0,300.0,1515.7,1524.65,1515.7,1524.65,967450.0,375.0
NIFTY,26-DEC-2024,26000.0,31-10-2024 11:58:00,89.75,89.75,89.75,89.75,2107175.0,50.0,1524.95,1524.95,1520.0,1520.0,967750.0,125.0
NIFTY,26-DEC-2024,26000.0,31-10-2024 11:59:00,89.0,89.0,89.0,89.0,2107175.0,325.0,1524.95,1524.95,1524.95,1524.95,967750.0,25.0
NIFTY,26-DEC-2024,26000.0,31-10-2024 12:00:00,88.75,88.9,88.75,88.75,2107175.0,425.0,1525.0,1525.0,1525.0,1525.0,967750.0,25.0
NIFTY,26-DEC-2024,26000.0,31-10-2024 12:01:00,88.9,89.0,88.9,89.0,2106800.0,325.0,1525.0,1525.0,1525.0,1525.0,967650.0,25.0
NIFTY,26-DEC-2024,26000.0,31-10-2024 12:02:00,89.0,89.0,88.9,89.0,2106800.0,50.0,1525.0,1525.0,1525.0,1525.0,967650.0,0.0
NIFTY,26-DEC-2024,26000.0,31-10-2024 12:03:00,89.9,90.1,89.7,89.85,2106800.0,1250.0,1525.0,1525.0,1525.0,1525.0,967650.0,25.0
NIFTY,26-DEC-2024,26000.0,31-10-2024 12:04:00,90.0,90.0,90.0,90.0,2105475.0,0.0,1525.0,1525.0,1525.0,1525.0,967650.0,0.0
NIFTY,26-DEC-2024,26000.0,31-10-2024 12:05:00,88.55,88.55,88.55,88.55,2105475.0,825.0,1525.0,1525.0,1525.0,1525.0,967650.0,0.0
NIFTY,26-DEC-2024,26000.0,31-10-2024 12:06:00,89.05,89.05,89.05,89.05,2105475.0,0.0,1525.0,1525.0,1517.05,1517.05,967675.0,50.0
NIFTY,26-DEC-2024,26000.0,31-10-2024 12:07:00,89.05,89.05,89.05,89.05,2105475.0,100.0,1517.05,1517.05,1517.05,1517.05,967675.0,0.0
NIFTY,26-DEC-2024,26000.0,31-10-2024 12:08:00,89.2,89.5,88.9,88.9,2105600.0,625.0,1517.05,1520.0,1517.05,1519.0,967650.0,50.0
NIFTY,26-DEC-2024,26000.0,31-10-2024 12:09:00,89.95,89.95,89.95,89.95,2105600.0,0.0,1519.0,1524.05,1519.0,1524.0,967650.0,450.0
NIFTY,26-DEC-2024,26000.0,31-10-2024 12:10:00,89.95,90.45,88.95,90.0,2105275.0,1450.0,1524.0,1525.0,1524.0,1524.0,967800.0,1975.0
NIFTY,26-DEC-2024,26000.0,31-10-2024 12:11:00,90.25,90.25,89.85,89.85,2105275.0,300.0,1524.0,1527.0,1524.0,1527.0,967800.0,25.0
NIFTY,26-DEC-2024,26000.0,31-10-2024 12:12:00,89.75,90.2,89.75,90.2,2105275.0,225.0,1528.0,1528.0,1528.0,1528.0,967800.0,975.0
NIFTY,26-DEC-2024,26000.0,31-10-2024 12:13:00,89.9,90.25,89.9,90.2,2105250.0,250.0,1529.85,1529.85,1528.0,1529.0,967650.0,850.0
NIFTY,26-DEC-2024,26000.0,31-10-2024 12:14:00,90.2,90.2,89.95,90.0,2105250.0,1250.0,1529.0,1529.0,1529.0,1529.0,967650.0,650.0
NIFTY,26-DEC-2024,26000.0,31-10-2024 12:15:00,90.0,90.2,89.0,89.0,2105250.0,325.0,1529.0,1529.0,1529.0,1529.0,967650.0,475.0
NIFTY,26-DEC-2024,26000.0,31-10-2024 12:16:00,89.05,89.1,89.05,89.1,2105175.0,750.0,1529.0,1529.0,1522.95,1522.95,967650.0,50.0
NIFTY,26-DEC-2024,26000.0,31-10-2024 12:17:00,89.1,89.15,89.1,89.15,2105175.0,250.0,1522.95,1522.95,1522.95,1522.95,967650.0,0.0
NIFTY,26-DEC-2024,26000.0,31-10-2024 12:18:00,89.8,89.8,89.15,89.75,2105175.0,0.0,1522.95,1522.95,1522.95,1522.95,967650.0,0.0
NIFTY,26-DEC-2024,26000.0,31-10-2024 12:19:00,89.75,89.75,89.0,89.0,2105675.0,75.0,1522.95,1539.0,1522.95,1539.0,968025.0,0.0
NIFTY,26-DEC-2024,26000.0,31-10-2024 12:20:00,89.0,89.75,88.55,88.55,2105675.0,2575.0,1539.0,1539.95,1531.5,1539.95,968025.0,125.0
NIFTY,26-DEC-2024,26000.0,31-10-2024 12:21:00,88.55,88.55,88.0,88.5,2105675.0,875.0,1539.95,1539.95,1539.95,1539.95,968025.0,0.0
NIFTY,26-DEC-2024,26000.0,31-10-2024 12:22:00,88.5,88.5,88.5,88.5,2105675.0,100.0,1539.95,1539.95,1539.95,1539.95,968025.0,0.0
NIFTY,26-DEC-2024,26000.0,31-10-2024 12:23:00,88.5,88.85,88.5,88.5,2109000.0,1625.0,1539.95,1539.95,1535.0,1537.0,968075.0,75.0
NIFTY,26-DEC-2024,26000.0,31-10-2024 12:24:00,88.5,88.5,86.25,87.15,2109000.0,0.0,1537.0,1539.0,1533.2,1539.0,968075.0,625.0
NIFTY,26-DEC-2024,26000.0,31-10-2024 12:25:00,87.85,87.85,87.3,87.3,2112550.0,3475.0,1539.9,1540.0,1539.9,1540.0,968150.0,300.0
NIFTY,26-DEC-2024,26000.0,31-10-2024 12:26:00,87.2,87.2,86.0,86.0,2112550.0,625.0,1540.0,1545.0,1540.0,1545.0,968150.0,375.0
NIFTY,26-DEC-2024,26000.0,31-10-2024 12:27:00,86.0,87.5,86.0,86.8,2112550.0,0.0,1545.0,1545.0,1545.0,1545.0,968150.0,0.0
NIFTY,26-DEC-2024,26000.0,31-10-2024 12:28:00,86.8,87.3,86.8,87.0,2113400.0,2100.0,1545.0,1545.0,1545.0,1545.0,968150.0,25.0
NIFTY,26-DEC-2024,26000.0,31-10-2024 12:29:00,87.5,87.7,86.15,86.65,2113400.0,1975.0,1545.0,1545.0,1545.0,1545.0,968150.0,0.0
NIFTY,26-DEC-2024,26000.0,31-10-2024 12:30:00,87.8,88.0,87.8,88.0,2113400.0,1400.0,1545.0,1545.0,1545.0,1545.0,968150.0,0.0
NIFTY,26-DEC-2024,26000.0,31-10-2024 12:31:00,88.5,88.7,87.55,87.65,2113925.0,1475.0,1540.0,1547.25,1539.05,1547.25,968225.0,900.0
NIFTY,26-DEC-2024,26000.0,31-10-2024 12:32:00,87.65,88.85,87.15,87.15,2113925.0,2275.0,1547.55,1549.0,1543.55,1543.55,968225.0,950.0
NIFTY,26-DEC-2024,26000.0,31-10-2024 12:33:00,86.95,87.5,86.75,87.5,2113925.0,2075.0,1543.55,1543.55,1543.55,1543.55,968225.0,0.0
NIFTY,26-DEC-2024,26000.0,31-10-2024 12:34:00,87.5,88.25,86.9,87.5,2115125.0,425.0,1546.75,1546.75,1543.35,1543.35,968225.0,100.0
NIFTY,26-DEC-2024,26000.0,31-10-2024 12:35:00,86.6,87.0,86.6,87.0,2115125.0,3000.0,1543.3,1549.55,1543.3,1549.55,968225.0,175.0
NIFTY,26-DEC-2024,26000.0,31-10-2024 12:36:00,88.05,88.15,87.0,88.0,2115125.0,175.0,1549.55,1549.55,1549.55,1549.55,968225.0,0.0
NIFTY,26-DEC-2024,26000.0,31-10-2024 12:37:00,88.0,88.3,86.65,88.25,2112925.0,0.0,1549.55,1549.95,1542.4,1549.95,968125.0,450.0
NIFTY,26-DEC-2024,26000.0,31-10-2024 12:38:00,87.05,87.05,86.95,86.95,2112925.0,1550.0,1550.0,1550.0,1550.0,1550.0,968125.0,150.0
NIFTY,26-DEC-2024,26000.0,31-10-2024 12:39:00,86.9,88.6,86.9,88.1,2112925.0,575.0,1550.0,1550.0,1543.6,1543.8,968125.0,75.0
NIFTY,26-DEC-2024,26000.0,31-10-2024 12:40:00,88.1,88.35,88.0,88.0,2112925.0,125.0,1543.8,1549.95,1543.8,1549.95,968125.0,25.0
NIFTY,26-DEC-2024,26000.0,31-10-2024 12:41:00,88.0,88.0,86.05,87.5,2112950.0,250.0,1549.95,1555.95,1549.95,1552.8,968075.0,175.0
NIFTY,26-DEC-2024,26000.0,31-10-2024 12:42:00,87.5,87.5,85.9,85.9,2112950.0,150.0,1552.8,1557.0,1552.8,1557.0,968075.0,75.0
NIFTY,26-DEC-2024,26000.0,31-10-2024 12:43:00,86.35,86.65,85.05,85.05,2113975.0,0.0,1557.0,1558.0,1557.0,1558.0,968075.0,50.0
NIFTY,26-DEC-2024,26000.0,31-10-2024 12:44:00,86.75,86.95,85.8,86.25,2113975.0,5650.0,1558.0,1558.0,1558.0,1558.0,968200.0,100.0
NIFTY,26-DEC-2024,26000.0,31-10-2024 12:45:00,86.1,87.3,86.0,87.3,2113975.0,1225.0,1558.0,1560.0,1557.0,1560.0,968200.0,500.0
NIFTY,26-DEC-2024,26000.0,31-10-2024 12:46:00,86.0,86.0,86.0,86.0,2114125.0,0.0,1560.0,1560.0,1560.0,1560.0,968200.0,0.0
NIFTY,26-DEC-2024,26000.0,31-10-2024 12:47:00,87.5,87.5,87.5,87.5,2114125.0,0.0,1560.0,1560.0,1560.0,1560.0,968200.0,0.0
NIFTY,26-DEC-2024,26000.0,31-10-2024 12:48:00,87.45,87.45,86.25,86.25,2114125.0,1225.0,1560.0,1560.0,1560.0,1560.0,968200.0,0.0
NIFTY,26-DEC-2024,26000.0,31-10-2024 12:49:00,85.25,86.75,85.25,86.75,2115500.0,2850.0,1560.0,1562.55,1560.0,1562.55,967725.0,25.0
NIFTY,26-DEC-2024,26000.0,31-10-2024 12:50:00,86.7,87.05,85.25,87.05,2115500.0,1900.0,1562.0,1562.0,1562.0,1562.0,967725.0,125.0
NIFTY,26-DEC-2024,26000.0,31-10-2024 12:51:00,87.05,87.05,86.95,86.95,2115500.0,525.0,1562.0,1562.0,1562.0,1562.0,967725.0,0.0
NIFTY,26-DEC-2024,26000.0,31-10-2024 12:52:00,85.8,86.9,85.55,86.7,2115800.0,0.0,1562.0,1562.0,1562.0,1562.0,967725.0,0.0
NIFTY,26-DEC-2024,26000.0,31-10-2024 12:53:00,86.7,86.7,86.0,86.65,2115800.0,925.0,1562.0,1562.0,1554.05,1554.05,967750.0,50.0
NIFTY,26-DEC-2024,26000.0,31-10-2024 12:54:00,86.3,86.3,86.3,86.3,2115800.0,0.0,1554.05,1554.05,1554.05,1554.05,967750.0,25.0
NIFTY,26-DEC-2024,26000.0,31-10-2024 12:55:00,86.3,86.7,86.3,86.3,2116100.0,725.0,1554.05,1554.05,1554.05,1554.05,967750.0,0.0
NIFTY,26-DEC-2024,26000.0,31-10-2024 12:56:00,85.7,86.05,85.7,86.05,2116100.0,0.0,1554.15,1554.15,1554.15,1554.15,967675.0,0.0
NIFTY,26-DEC-2024,26000.0,31-10-2024 12:57:00,86.7,86.7,86.3,86.7,2116100.0,0.0,1553.7,1554.15,1552.0,1554.15,967675.0,0.0
NIFTY,26-DEC-2024,26000.0,31-10-2024 12:58:00,87.0,87.0,87.0,87.0,2116100.0,825.0,1554.15,1554.15,1554.15,1554.15,967675.0,275.0
NIFTY,26-DEC-2024,26000.0,31-10-2024 12:59:00,86.7,87.2,85.65,87.2,2116475.0,0.0,1554.15,1554.15,1546.2,1554.0,967850.0,625.0
NIFTY,26-DEC-2024,26000.0,31-10-2024 13:00:00,87.55,88.0,86.5,87.4,2116475.0,6800.0,1558.75,1562.85,1551.55,1562.85,967850.0,450.0
NIFTY,26-DEC-2024,26000.0,31-10-2024 13:01:00,86.5,86.5,86.5,86.5,2114275.0,200.0,1562.85,1562.95,1562.85,1562.95,967850.0,25.0
NIFTY,26-DEC-2024,26000.0,31-10-2024 13:02:00,86.7,86.7,86.7,86.7,2114275.0,0.0,1562.95,1562.95,1556.1,1556.1,968475.0,50.0
NIFTY,26-DEC-2024,26000.0,31-10-2024 13:03:00,86.55,87.0,86.5,86.5,2114275.0,1150.0,1551.75,1551.75,1551.75,1551.75,968475.0,25.0
NIFTY,26-DEC-2024,26000.0,31-10-2024 13:04:00,86.5,86.5,86.5,86.5,2114275.0,0.0,1551.75,1563.7,1551.75,1554.55,968525.0,50.0
NIFTY,26-DEC-2024,26000.0,31-10-2024 13:05:00,87.5,87.6,87.45,87.6,2114525.0,300.0,1554.55,1554.55,1554.55,1554.55,968525.0,0.0
NIFTY,26-DEC-2024,26000.0,31-10-2024 13:06:00,85.85,87.05,85.25,85.25,2114525.0,1925.0,1554.55,1554.55,1554.55,1554.55,968525.0,0.0
NIFTY,26-DEC-2024,26000.0,31-10-2024 13:07:00,85.05,87.0,85.05,86.1,2115975.0,1750.0,1554.55,1554.55,1554.55,1554.55,968525.0,0.0
NIFTY,26-DEC-2024,26000.0,31-10-2024 13:08:00,86.1,87.0,86.0,86.0,2115975.0,625.0,1554.55,1559.25,1549.95,1559.25,968500.0,1050.0
NIFTY,26-DEC-2024,26000.0,31-10-2024 13:09:00,85.95,86.05,85.95,86.0,2115975.0,0.0,1545.35,1549.0,1545.35,1549.0,968500.0,1925.0
NIFTY,26-DEC-2024,26000.0,31-10-2024 13:10:00,86.0,87.9,86.0,86.3,2116150.0,775.0,1549.0,1549.0,1539.45,1539.65,971525.0,375.0
NIFTY,26-DEC-2024,26000.0,31-10-2024 13:11:00,86.05,87.9,86.05,87.9,2116150.0,1175.0,1539.65,1547.7,1539.65,1546.05,971525.0,650.0
NIFTY,26-DEC-2024,26000.0,31-10-2024 13:12:00,87.9,88.0,86.8,86.8,2116150.0,525.0,1546.05,1550.65,1541.95,1541.95,971525.0,175.0
NIFTY,26-DEC-2024,26000.0,31-10-2024 13:13:00,86.7,86.75,86.55,86.55,2116350.0,650.0,1541.95,1545.0,1541.95,1543.35,971525.0,750.0
NIFTY,26-DEC-2024,26000.0,31-10-2024 13:14:00,,,,,,,1543.35,1553.9,1543.35,1553.9,971850.0,50.0
NIFTY,26-DEC-2024,26000.0,31-10-2024 13:15:00,87.0,87.0,87.0,87.0,2116350.0,175.0,1553.9,1553.9,1553.9,1553.9,971850.0,0.0
NIFTY,26-DEC-2024,26000.0,31-10-2024 13:16:00,86.55,86.65,86.0,86.65,2115325.0,1700.0,1553.9,1553.9,1553.9,1553.9,971850.0,0.0
NIFTY,26-DEC-2024,26000.0,31-10-2024 13:17:00,86.65,86.65,86.65,86.65,2115325.0,0.0,1553.9,1553.9,1549.05,1549.05,971825.0,25.0
NIFTY,26-DEC-2024,26000.0,31-10-2024 13:18:00,86.65,87.5,86.65,86.8,2115325.0,575.0,1549.05,1549.05,1549.05,1549.05,971825.0,25.0
NIFTY,26-DEC-2024,26000.0,31-10-2024 13:19:00,86.8,86.8,86.5,86.5,2115375.0,425.0,1549.05,1549.05,1549.05,1549.05,971825.0,25.0
NIFTY,26-DEC-2024,26000.0,31-10-2024 13:20:00,86.6,87.75,86.6,87.0,2115375.0,75.0,1549.05,1549.05,1549.05,1549.05,971825.0,0.0
NIFTY,26-DEC-2024,26000.0,31-10-2024 13:21:00,87.0,87.0,87.0,87.0,2115375.0,75.0,1549.05,1554.3,1549.05,1554.3,971825.0,50.0
NIFTY,26-DEC-2024,26000.0,31-10-2024 13:22:00,86.25,86.9,86.25,86.9,2115450.0,75.0,1554.3,1557.55,1554.3,1557.55,971850.0,50.0
NIFTY,26-DEC-2024,26000.0,31-10-2024 13:23:00,86.9,87.35,86.9,87.0,2115450.0,175.0,1557.55,1557.55,1550.0,1550.0,971850.0,50.0
NIFTY,26-DEC-2024,26000.0,31-10-2024 13:24:00,87.0,87.3,87.0,87.25,2115450.0,525.0,1550.0,1550.0,1550.0,1550.0,971850.0,0.0
NIFTY,26-DEC-2024,26000.0,31-10-2024 13:25:00,86.6,87.0,86.6,87.0,2115425.0,300.0,1550.0,1550.0,1550.0,1550.0,971850.0,0.0
NIFTY,26-DEC-2024,26000.0,31-10-2024 13:26:00,87.25,87.25,87.25,87.25,2115425.0,250.0,1550.05,1550.05,1550.0,1550.0,971800.0,75.0
NIFTY,26-DEC-2024,26000.0,31-10-2024 13:27:00,87.25,87.25,87.25,87.25,2115425.0,300.0,1550.0,1550.0,1550.0,1550.0,971800.0,0.0
NIFTY,26-DEC-2024,26000.0,31-10-2024 13:28:00,87.25,87.25,87.25,87.25,2115425.0,75.0,1550.0,1550.0,1550.0,1550.0,971800.0,0.0
NIFTY,26-DEC-2024,26000.0,31-10-2024 13:29:00,86.75,86.8,86.75,86.8,2115200.0,450.0,1550.0,1550.0,1550.0,1550.0,971850.0,25.0
NIFTY,26-DEC-2024,26000.0,31-10-2024 13:30:00,86.8,86.8,86.8,86.8,2115200.0,50.0,1550.0,1550.0,1550.0,1550.0,971850.0,0.0
NIFTY,26-DEC-2024,26000.0,31-10-2024 13:31:00,87.5,87.5,87.05,87.05,2115425.0,0.0,1550.0,1550.0,1548.0,1549.65,971900.0,50.0
NIFTY,26-DEC-2024,26000.0,31-10-2024 13:32:00,87.1,88.2,87.05,87.5,2115425.0,275.0,1549.65,1549.65,1547.4,1547.95,971900.0,100.0
NIFTY,26-DEC-2024,26000.0,31-10-2024 13:33:00,87.55,87.55,87.05,87.05,2115425.0,0.0,1547.95,1552.05,1547.95,1552.05,971900.0,50.0
NIFTY,26-DEC-2024,26000.0,31-10-2024 13:34:00,87.25,87.3,86.5,86.5,2116050.0,0.0,1552.05,1554.95,1550.25,1554.95,971925.0,75.0
NIFTY,26-DEC-2024,26000.0,31-10-2024 13:35:00,86.5,87.0,86.5,87.0,2116050.0,2875.0,1554.95,1555.3,1554.95,1555.25,971925.0,100.0
NIFTY,26-DEC-2024,26000.0,31-10-2024 13:36:00,87.0,87.0,87.0,87.0,2116050.0,0.0,1555.25,1557.95,1555.25,1557.95,971925.0,50.0
NIFTY,26-DEC-2024,26000.0,31-10-2024 13:37:00,86.1,86.15,86.1,86.15,2118350.0,1900.0,1557.95,1557.95,1557.95,1557.95,971925.0,0.0
NIFTY,26-DEC-2024,26000.0,31-10-2024 13:38:00,86.95,86.95,86.95,86.95,2118350.0,300.0,1557.95,1557.95,1557.95,1557.95,971925.0,0.0
NIFTY,26-DEC-2024,26000.0,31-10-2024 13:39:00,86.5,86.7,86.5,86.7,2118350.0,50.0,1557.95,1557.95,1549.0,1550.95,971925.0,75.0
NIFTY,26-DEC-2024,26000.0,31-10-2024 13:40:00,87.0,87.0,87.0,87.0,2118275.0,125.0,1550.95,1550.95,1550.95,1550.95,971925.0,0.0
NIFTY,26-DEC-2024,26000.0,31-10-2024 13:41:00,87.0,87.85,87.0,87.0,2118275.0,625.0,1550.95,1550.95,1540.0,1540.0,971950.0,1000.0
NIFTY,26-DEC-2024,26000.0,31-10-2024 13:42:00,87.9,88.0,87.4,88.0,2118275.0,800.0,1540.0,1549.85,1540.0,1547.1,971950.0,1250.0
NIFTY,26-DEC-2024,26000.0,31-10-2024 13:43:00,88.0,88.75,87.75,87.75,2117650.0,1800.0,1547.1,1547.1,1540.0,1541.85,971950.0,1050.0
NIFTY,26-DEC-2024,26000.0,31-10-2024 13:44:00,87.75,88.2,87.75,88.2,2117650.0,75.0,1541.85,1541.85,1533.2,1533.2,973075.0,275.0
NIFTY,26-DEC-2024,26000.0,31-10-2024 13:45:00,87.45,88.05,87.2,88.05,2117650.0,1600.0,1533.2,1535.0,1530.0,1530.0,973075.0,100.0
NIFTY,26-DEC-2024,26000.0,31-10-2024 13:46:00,88.05,88.5,88.0,88.5,2117575.0,1150.0,1530.0,1530.0,1527.65,1528.0,973075.0,50.0
NIFTY,26-DEC-2024,26000.0,31-10-2024 13:47:00,88.5,88.5,88.0,88.0,2117575.0,250.0,1528.0,1530.0,1528.0,1530.0,973325.0,175.0
NIFTY,26-DEC-2024,26000.0,31-10-2024 13:48:00,88.0,88.0,87.05,87.05,2117575.0,25.0,1530.0,1530.0,1527.25,1527.25,973325.0,50.0
NIFTY,26-DEC-2024,26000.0,31-10-2024 13:49:00,87.0,87.0,87.0,87.0,2117575.0,350.0,1527.25,1527.25,1527.25,1527.25,973325.0,0.0
NIFTY,26-DEC-2024,26000.0,31-10-2024 13:50:00,87.0,87.05,86.9,87.05,2117775.0,225.0,1527.25,1527.25,1527.25,1527.25,973325.0,0.0
NIFTY,26-DEC-2024,26000.0,31-10-2024 13:51:00,86.5,86.5,86.0,86.0,2117775.0,0.0,1527.25,1533.4,1527.25,1533.4,973325.0,50.0
NIFTY,26-DEC-2024,26000.0,31-10-2024 13:52:00,86.0,87.2,86.0,87.2,2117625.0,1375.0,1533.4,1533.85,1530.55,1530.55,973350.0,250.0
NIFTY,26-DEC-2024,26000.0,31-10-2024 13:53:00,87.2,87.2,86.4,86.4,2117625.0,100.0,1530.55,1532.1,1525.35,1525.35,973350.0,0.0
NIFTY,26-DEC-2024,26000.0,31-10-2024 13:54:00,86.4,88.0,86.4,87.35,2117625.0,925.0,1525.35,1525.35,1525.35,1525.35,973350.0,500.0
NIFTY,26-DEC-2024,26000.0,31-10-2024 13:55:00,87.35,87.5,87.35,87.5,2117725.0,0.0,1525.35,1534.25,1525.35,1534.25,973350.0,50.0
NIFTY,26-DEC-2024,26000.0,31-10-2024 13:56:00,87.5,87.5,87.5,87.5,2117725.0,350.0,1534.25,1534.25,1534.25,1534.25,973350.0,0.0
NIFTY,26-DEC-2024,26000.0,31-10-2024 13:57:00,87.05,87.05,87.05,87.05,2117725.0,250.0,1534.25,1538.25,1534.25,1538.25,973750.0,125.0
NIFTY,26-DEC-2024,26000.0,31-10-2024 13:58:00,87.0,87.05,87.0,87.0,2117600.0,75.0,1538.25,1540.0,1538.25,1540.0,973750.0,25.0
NIFTY,26-DEC-2024,26000.0,31-10-2024 13:59:00,87.5,87.5,86.6,86.6,2117600.0,2275.0,1540.0,1540.0,1540.0,1540.0,973750.0,0.0
NIFTY,26-DEC-2024,26000.0,31-10-2024 14:00:00,86.6,86.6,86.5,86.5,2117600.0,525.0,1543.0,1546.3,1542.95,1546.3,973825.0,1000.0
NIFTY,26-DEC-2024,26000.0,31-10-2024 14:01:00,87.5,87.5,86.5,86.5,2117875.0,200.0,1551.4,1552.25,1547.85,1547.85,973900.0,650.0
NIFTY,26-DEC-2024,26000.0,31-10-2024 14:02:00,87.6,87.6,87.6,87.6,2117875.0,25.0,1547.85,1547.95,1541.75,1541.75,973900.0,125.0
NIFTY,26-DEC-2024,26000.0,31-10-2024 14:03:00,87.6,87.6,87.6,87.6,2117875.0,525.0,1547.25,1547.25,1542.55,1547.05,973900.0,75.0
NIFTY,26-DEC-2024,26000.0,31-10-2024 14:04:00,87.8,87.8,87.5,87.5,2117875.0,325.0,1547.05,1547.05,1547.05,1547.05,973900.0,0.0
NIFTY,26-DEC-2024,26000.0,31-10-2024 14:05:00,86.5,86.5,86.5,86.5,2118000.0,250.0,1547.05,1547.05,1547.05,1547.05,973900.0,0.0
NIFTY,26-DEC-2024,26000.0,31-10-2024 14:06:00,86.5,87.7,86.5,87.7,2118000.0,0.0,1549.0,1549.0,1548.7,1548.7,973750.0,0.0
NIFTY,26-DEC-2024,26000.0,31-10-2024 14:07:00,87.7,87.7,86.5,86.65,2117975.0,1850.0,1548.7,1548.7,1548.5,1548.5,973750.0,100.0
NIFTY,26-DEC-2024,26000.0,31-10-2024 14:08:00,86.5,86.5,85.65,86.4,2117975.0,225.0,1548.5,1550.9,1547.05,1550.9,973675.0,125.0
NIFTY,26-DEC-2024,26000.0,31-10-2024 14:09:00,85.55,86.0,85.3,86.0,2117975.0,150.0,1550.9,1553.65,1550.9,1553.65,973675.0,100.0
NIFTY,26-DEC-2024,26000.0,31-10-2024 14:10:00,86.0,86.35,85.2,86.35,2118250.0,225.0,1553.65,1558.55,1553.65,1558.0,973700.0,325.0
NIFTY,26-DEC-2024,26000.0,31-10-2024 14:11:00,85.2,86.3,85.2,86.3,2118250.0,1175.0,1555.35,1559.6,1554.85,1554.85,973700.0,150.0
NIFTY,26-DEC-2024,26000.0,31-10-2024 14:12:00,85.5,85.5,85.5,85.5,2118250.0,0.0,1554.85,1561.3,1554.85,1561.3,973700.0,75.0
NIFTY,26-DEC-2024,26000.0,31-10-2024 14:13:00,85.5,86.2,85.5,86.2,2118375.0,25.0,1561.3,1561.3,1553.2,1553.2,973675.0,75.0
NIFTY,26-DEC-2024,26000.0,31-10-2024 14:14:00,86.2,86.2,85.55,86.05,2118375.0,250.0,1558.0,1565.55,1557.55,1557.55,973675.0,75.0
NIFTY,26-DEC-2024,26000.0,31-10-2024 14:15:00,86.1,86.3,86.1,86.3,2118375.0,300.0,1557.15,1557.45,1557.15,1557.45,973675.0,250.0
NIFTY,26-DEC-2024,26000.0,31-10-2024 14:16:00,86.35,86.35,86.0,86.0,2118625.0,125.0,1553.05,1553.05,1553.05,1553.05,973675.0,100.0
NIFTY,26-DEC-2024,26000.0,31-10-2024 14:17:00,86.0,86.5,85.75,86.5,2118625.0,750.0,1546.5,1558.0,1545.6,1556.85,973700.0,350.0
NIFTY,26-DEC-2024,26000.0,31-10-2024 14:18:00,86.75,86.75,85.55,85.65,2118625.0,3700.0,1545.8,1556.05,1544.5,1556.05,973700.0,4175.0
NIFTY,26-DEC-2024,26000.0,31-10-2024 14:19:00,85.5,85.55,85.5,85.5,2119100.0,400.0,1556.05,1556.05,1546.4,1552.0,973375.0,875.0
NIFTY,26-DEC-2024,26000.0,31-10-2024 14:20:00,85.5,85.85,85.2,85.5,2119100.0,300.0,1552.0,1553.0,1548.9,1553.0,973375.0,1150.0
NIFTY,26-DEC-2024,26000.0,31-10-2024 14:21:00,85.5,86.0,85.5,86.0,2119100.0,550.0,1553.0,1553.0,1547.55,1549.0,973375.0,525.0
NIFTY,26-DEC-2024,26000.0,31-10-2024 14:22:00,85.5,85.95,85.5,85.95,2119100.0,175.0,1549.0,1550.0,1547.0,1550.0,973125.0,1175.0
NIFTY,26-DEC-2024,26000.0,31-10-2024 14:23:00,85.05,85.05,85.05,85.05,2119725.0,0.0,1550.0,1550.0,1544.55,1546.0,973125.0,425.0
NIFTY,26-DEC-2024,26000.0,31-10-2024 14:24:00,85.05,85.1,84.3,84.35,2119725.0,425.0,1546.0,1549.0,1546.0,1546.45,973125.0,1500.0
NIFTY,26-DEC-2024,26000.0,31-10-2024 14:25:00,84.35,85.6,84.3,85.0,2124200.0,3100.0,1546.45,1547.0,1543.6,1547.0,973100.0,3050.0
NIFTY,26-DEC-2024,26000.0,31-10-2024 14:26:00,85.5,86.2,85.0,85.7,2124200.0,5750.0,1547.0,1547.0,1542.55,1546.0,973100.0,775.0
NIFTY,26-DEC-2024,26000.0,31-10-2024 14:27:00,85.6,85.75,85.4,85.4,2124200.0,650.0,1546.0,1549.35,1545.65,1549.25,973100.0,1675.0
NIFTY,26-DEC-2024,26000.0,31-10-2024 14:28:00,85.55,85.9,85.0,85.75,2125150.0,925.0,1549.25,1556.5,1547.0,1548.9,974425.0,1650.0
NIFTY,26-DEC-2024,26000.0,31-10-2024 14:29:00,84.8,85.6,84.45,85.3,2125150.0,1250.0,1548.9,1555.9,1548.9,1554.85,974425.0,250.0
NIFTY,26-DEC-2024,26000.0,31-10-2024 14:30:00,85.3,85.7,84.35,84.35,2125150.0,4525.0,1556.8,1566.15,1556.0,1566.15,974425.0,375.0
NIFTY,26-DEC-2024,26000.0,31-10-2024 14:31:00,84.4,85.2,84.4,84.5,2129350.0,975.0,1566.15,1566.15,1558.05,1565.8,974375.0,525.0
NIFTY,26-DEC-2024,26000.0,31-10-2024 14:32:00,84.5,85.6,84.5,84.65,2129350.0,0.0,1565.8,1566.15,1556.0,1558.65,974375.0,375.0
NIFTY,26-DEC-2024,26000.0,31-10-2024 14:33:00,85.1,85.1,84.25,84.25,2129350.0,2925.0,1558.65,1558.65,1553.3,1555.95,974375.0,75.0
NIFTY,26-DEC-2024,26000.0,31-10-2024 14:34:00,84.35,85.25,84.0,84.0,2129925.0,2025.0,1555.95,1558.0,1552.8,1558.0,974675.0,150.0
NIFTY,26-DEC-2024,26000.0,31-10-2024 14:35:00,84.65,84.65,84.6,84.6,2129925.0,2650.0,1563.0,1563.0,1552.0,1552.0,974675.0,325.0
NIFTY,26-DEC-2024,26000.0,31-10-2024 14:36:00,85.05,85.05,84.6,85.0,2129925.0,0.0,1552.0,1559.4,1552.0,1555.7,974675.0,250.0
NIFTY,26-DEC-2024,26000.0,31-10-2024 14:37:00,84.15,84.15,83.7,83.8,2132250.0,1350.0,1563.0,1563.0,1555.9,1563.0,974725.0,500.0
NIFTY,26-DEC-2024,26000.0,31-10-2024 14:38:00,84.0,84.4,84.0,84.3,2132250.0,0.0,1560.75,1560.75,1555.9,1555.9,974725.0,175.0
NIFTY,26-DEC-2024,26000.0,31-10-2024 14:39:00,84.75,85.2,84.75,85.1,2132250.0,2175.0,1555.9,1556.3,1555.9,1556.3,974725.0,50.0
NIFTY,26-DEC-2024,26000.0,31-10-2024 14:40:00,85.4,86.0,85.4,85.9,2134675.0,0.0,1546.85,1546.85,1540.0,1540.0,974700.0,150.0
NIFTY,26-DEC-2024,26000.0,31-10-2024 14:41:00,86.0,87.0,85.85,86.65,2134675.0,0.0,1538.0,1538.0,1530.0,1534.5,974700.0,375.0
NIFTY,26-DEC-2024,26000.0,31-10-2024 14:42:00,86.4,87.0,86.4,86.65,2134675.0,8100.0,1534.5,1534.5,1527.0,1528.0,974700.0,200.0
NIFTY,26-DEC-2024,26000.0,31-10-2024 14:43:00,86.8,87.95,86.8,87.95,2139900.0,2375.0,1528.0,1530.25,1525.6,1525.6,974750.0,175.0
NIFTY,26-DEC-2024,26000.0,31-10-2024 14:44:00,86.7,87.55,86.35,86.4,2139900.0,2225.0,1525.6,1530.0,1525.0,1529.05,974750.0,300.0
NIFTY,26-DEC-2024,26000.0,31-10-2024 14:45:00,87.0,87.15,86.65,87.15,2139900.0,275.0,1529.05,1529.05,1520.0,1520.0,974750.0,0.0
NIFTY,26-DEC-2024,26000.0,31-10-2024 14:46:00,87.0,87.05,86.8,87.05,2141350.0,300.0,1516.2,1523.6,1516.2,1520.15,974775.0,200.0
NIFTY,26-DEC-2024,26000.0,31-10-2024 14:47:00,87.2,87.55,86.8,87.0,2141350.0,1750.0,1522.65,1522.65,1519.95,1519.95,974775.0,350.0
NIFTY,26-DEC-2024,26000.0,31-10-2024 14:48:00,87.0,87.0,85.35,85.35,2141350.0,0.0,1527.1,1529.95,1525.05,1528.0,974775.0,0.0
NIFTY,26-DEC-2024,26000.0,31-10-2024 14:49:00,85.5,86.0,85.5,86.0,2143150.0,650.0,1527.05,1530.0,1527.05,1530.0,975175.0,350.0
NIFTY,26-DEC-2024,26000.0,31-10-2024 14:50:00,86.0,86.0,86.0,86.0,2143150.0,450.0,1530.0,1531.35,1530.0,1531.35,975175.0,875.0
NIFTY,26-DEC-2024,26000.0,31-10-2024 14:51:00,86.75,87.0,86.5,87.0,2143150.0,200.0,1531.35,1531.35,1525.6,1530.5,975175.0,100.0
NIFTY,26-DEC-2024,26000.0,31-10-2024 14:52:00,87.0,87.0,86.35,86.35,2143150.0,1250.0,1529.7,1529.7,1529.7,1529.7,975175.0,50.0
NIFTY,26-DEC-2024,26000.0,31-10-2024 14:53:00,86.15,86.15,85.9,86.0,2144050.0,1275.0,1526.85,1526.85,1526.85,1526.85,975175.0,50.0
NIFTY,26-DEC-2024,26000.0,31-10-2024 14:54:00,86.0,86.6,85.95,86.6,2144050.0,250.0,1526.85,1532.15,1526.85,1532.15,975400.0,0.0
NIFTY,26-DEC-2024,26000.0,31-10-2024 14:55:00,86.0,86.0,85.0,85.75,2144050.0,4300.0,1531.35,1531.35,1529.7,1529.7,975750.0,200.0
NIFTY,26-DEC-2024,26000.0,31-10-2024 14:56:00,85.75,85.75,85.0,85.0,2144275.0,75.0,1531.9,1534.0,1531.9,1534.0,975750.0,550.0
NIFTY,26-DEC-2024,26000.0,31-10-2024 14:57:00,85.4,85.4,84.15,84.95,2144275.0,1125.0,1538.95,1539.0,1538.95,1539.0,975750.0,25.0
NIFTY,26-DEC-2024,26000.0,31-10-2024 14:58:00,84.7,84.95,84.6,84.7,2145475.0,2200.0,1537.35,1537.35,1537.35,1537.35,975750.0,100.0
NIFTY,26-DEC-2024,26000.0,31-10-2024 14:59:00,84.7,85.2,84.65,84.7,2145475.0,1575.0,1531.55,1531.55,1531.55,1531.55,975550.0,0.0
NIFTY,26-DEC-2024,26000.0,31-10-2024 15:00:00,84.7,84.95,84.1,84.9,2145475.0,1200.0,1529.7,1538.0,1529.7,1537.05,975550.0,375.0
NIFTY,26-DEC-2024,26000.0,31-10-2024 15:01:00,84.8,84.9,84.35,84.35,2149275.0,1600.0,1537.2,1544.85,1537.2,1544.85,976025.0,700.0
NIFTY,26-DEC-2024,26000.0,31-10-2024 15:02:00,84.0,85.05,84.0,85.05,2149275.0,450.0,1544.05,1544.05,1541.3,1541.3,976025.0,0.0
NIFTY,26-DEC-2024,26000.0,31-10-2024 15:03:00,85.05,85.7,85.05,85.5,2149275.0,50.0,1534.75,1535.2,1529.35,1529.55,976025.0,0.0
NIFTY,26-DEC-2024,26000.0,31-10-2024 15:04:00,85.75,87.0,85.35,86.85,2150975.0,0.0,1525.0,1525.0,1525.0,1525.0,976000.0,0.0
NIFTY,26-DEC-2024,26000.0,31-10-2024 15:05:00,86.7,86.7,86.55,86.6,2150975.0,3175.0,1529.1,1529.1,1525.8,1525.8,976000.0,1000.0
NIFTY,26-DEC-2024,26000.0,31-10-2024 15:06:00,85.85,85.85,85.85,85.85,2150975.0,0.0,1525.05,1527.3,1525.05,1527.3,976000.0,775.0
NIFTY,26-DEC-2024,26000.0,31-10-2024 15:07:00,86.3,87.15,86.3,87.0,2167825.0,21075.0,1528.0,1528.0,1519.55,1519.55,976275.0,50.0
NIFTY,26-DEC-2024,26000.0,31-10-2024 15:08:00,87.0,87.0,87.0,87.0,2167825.0,1375.0,1522.7,1524.95,1518.55,1524.65,976275.0,1425.0
NIFTY,26-DEC-2024,26000.0,31-10-2024 15:09:00,87.0,87.0,87.0,87.0,2167825.0,350.0,1524.7,1527.4,1518.3,1522.5,976275.0,650.0
NIFTY,26-DEC-2024,26000.0,31-10-2024 15:10:00,87.0,87.0,86.95,86.95,2168350.0,625.0,1521.45,1521.45,1521.45,1521.45,976275.0,600.0
NIFTY,26-DEC-2024,26000.0,31-10-2024 15:11:00,86.6,87.0,86.5,87.0,2168350.0,4025.0,1504.4,1507.25,1500.45,1500.65,976725.0,125.0
NIFTY,26-DEC-2024,26000.0,31-10-2024 15:12:00,87.0,87.1,86.7,87.0,2168350.0,0.0,1500.45,1512.5,1500.45,1510.45,976725.0,0.0
NIFTY,26-DEC-2024,26000.0,31-10-2024 15:13:00,86.75,86.95,85.85,86.95,2168350.0,7350.0,1513.75,1516.75,1512.85,1513.75,977000.0,3875.0
NIFTY,26-DEC-2024,26000.0,31-10-2024 15:14:00,86.0,86.9,86.0,86.0,2168825.0,4225.0,1516.75,1517.2,1516.7,1516.7,977000.0,275.0
NIFTY,26-DEC-2024,26000.0,31-10-2024 15:15:00,86.0,86.0,85.9,85.95,2168825.0,0.0,1506.6,1506.6,1506.5,1506.5,977000.0,0.0
NIFTY,26-DEC-2024,26000.0,31-10-2024 15:16:00,85.95,85.95,85.5,85.9,2164825.0,2950.0,1506.5,1506.5,1505.0,1505.0,977050.0,125.0
NIFTY,26-DEC-2024,26000.0,31-10-2024 15:17:00,85.7,85.85,85.55,85.6,2164825.0,0.0,1501.0,1505.0,1498.15,1505.0,977050.0,0.0
NIFTY,26-DEC-2024,26000.0,31-10-2024 15:18:00,85.6,85.6,85.0,85.0,2164825.0,9375.0,1506.05,1511.65,1503.4,1511.65,977050.0,1500.0
NIFTY,26-DEC-2024,26000.0,31-10-2024 15:19:00,85.0,85.0,84.0,84.05,2156250.0,3900.0,1510.0,1512.8,1510.0,1510.85,977050.0,400.0
NIFTY,26-DEC-2024,26000.0,31-10-2024 15:20:00,85.0,85.0,84.0,84.6,2156250.0,2825.0,1510.85,1510.85,1510.85,1510.85,977050.0,25.0
NIFTY,26-DEC-2024,26000.0,31-10-2024 15:21:00,84.6,84.8,84.0,84.8,2156250.0,4325.0,1510.85,1510.85,1510.85,1510.85,977050.0,0.0
NIFTY,26-DEC-2024,26000.0,31-10-2024 15:22:00,84.5,84.9,84.5,84.5,2154775.0,4350.0,1500.0,1500.0,1491.2,1491.2,977750.0,150.0
NIFTY,26-DEC-2024,26000.0,31-10-2024 15:23:00,85.65,85.95,85.35,85.5,2154775.0,1200.0,1491.2,1491.2,1491.2,1491.2,977750.0,875.0
NIFTY,26-DEC-2024,26000.0,31-10-2024 15:24:00,85.5,85.85,85.45,85.45,2154775.0,2350.0,1495.05,1495.05,1495.05,1495.05,977750.0,125.0
NIFTY,26-DEC-2024,26000.0,31-10-2024 15:25:00,85.0,85.2,84.65,85.2,2154775.0,0.0,1493.25,1501.75,1493.25,1501.75,977750.0,0.0
NIFTY,26-DEC-2024,26000.0,31-10-2024 15:26:00,85.0,85.0,84.5,85.0,2154300.0,3825.0,1493.35,1495.05,1493.35,1495.05,977425.0,175.0
NIFTY,26-DEC-2024,26000.0,31-10-2024 15:27:00,85.0,85.0,84.85,85.0,2154300.0,0.0,1499.0,1499.0,1495.05,1495.05,977425.0,0.0
NIFTY,26-DEC-2024,26000.0,31-10-2024 15:28:00,85.0,85.3,84.85,84.9,2156800.0,9075.0,1495.0,1495.0,1488.05,1488.05,977375.0,300.0
NIFTY,26-DEC-2024,26000.0,31-10-2024 15:29:00,85.0,85.25,84.5,84.5,2156800.0,0.0,1489.05,1494.9,1476.1,1476.1,977375.0,1725.0
NIFTY,26-DEC-2024,26000.0,01-11-2024 18:00:00,89.95,89.95,80.05,80.05,2151625.0,0.0,1476.1,1476.1,1444.35,1444.35,0.0,25.0
NIFTY,26-DEC-2024,26000.0,01-11-2024 18:01:00,86.6,86.6,84.85,85.55,2152425.0,0.0,1444.35,1523.95,1444.35,1523.95,0.0,250.0
NIFTY,26-DEC-2024,26000.0,01-11-2024 18:02:00,85.6,86.95,84.4,85.05,2152425.0,0.0,1523.95,1523.95,1499.35,1499.35,977825.0,25.0
NIFTY,26-DEC-2024,26000.0,01-11-2024 18:03:00,86.05,87.75,85.05,85.05,2152425.0,0.0,1515.0,1515.0,1494.65,1494.65,977825.0,125.0
NIFTY,26-DEC-2024,26000.0,01-11-2024 18:04:00,85.3,85.7,83.0,83.15,2153050.0,8675.0,1509.6,1520.0,1493.6,1520.0,977775.0,650.0
NIFTY,26-DEC-2024,26000.0,01-11-2024 18:05:00,85.0,85.0,83.2,85.0,2153050.0,0.0,1520.0,1520.0,1510.0,1520.0,977775.0,150.0
NIFTY,26-DEC-2024,26000.0,01-11-2024 18:06:00,84.0,84.95,83.5,83.55,2153050.0,0.0,1520.0,1520.0,1518.7,1518.7,977775.0,75.0
NIFTY,26-DEC-2024,26000.0,01-11-2024 18:07:00,83.55,84.95,83.0,83.0,2153750.0,0.0,1518.7,1518.7,1518.7,1518.7,977775.0,175.0
NIFTY,26-DEC-2024,26000.0,01-11-2024 18:08:00,83.65,84.45,83.0,83.0,2153750.0,9050.0,1518.7,1518.7,1509.0,1509.0,977775.0,25.0
NIFTY,26-DEC-2024,26000.0,01-11-2024 18:09:00,84.45,84.45,83.05,83.3,2153750.0,150.0,1500.35,1505.0,1500.35,1505.0,977325.0,100.0
NIFTY,26-DEC-2024,26000.0,01-11-2024 18:10:00,83.3,84.65,83.25,83.85,2156400.0,2700.0,1505.0,1510.0,1504.8,1504.8,977250.0,125.0
NIFTY,26-DEC-2024,26000.0,01-11-2024 18:11:00,84.85,84.85,83.6,84.4,2156400.0,3375.0,1504.8,1504.8,1492.95,1500.0,977250.0,75.0
NIFTY,26-DEC-2024,26000.0,01-11-2024 18:12:00,84.4,84.7,83.9,84.0,2156400.0,3225.0,1500.0,1500.0,1500.0,1500.0,977250.0,0.0
NIFTY,26-DEC-2024,26000.0,01-11-2024 18:13:00,84.4,84.65,83.9,84.45,2158625.0,0.0,1500.0,1500.0,1500.0,1500.0,977250.0,0.0
NIFTY,26-DEC-2024,26000.0,01-11-2024 18:14:00,84.7,84.7,83.3,83.3,2158625.0,1675.0,1500.0,1504.05,1490.7,1504.05,977250.0,25.0
NIFTY,26-DEC-2024,26000.0,01-11-2024 18:15:00,83.65,84.45,83.0,83.1,2158625.0,0.0,1504.05,1510.0,1498.3,1500.1,977250.0,375.0
NIFTY,26-DEC-2024,26000.0,01-11-2024 18:16:00,83.1,83.7,83.1,83.55,2160025.0,0.0,1510.0,1510.0,1504.0,1504.0,977200.0,225.0
NIFTY,26-DEC-2024,26000.0,01-11-2024 18:17:00,83.5,83.5,83.1,83.5,2160025.0,0.0,1500.0,1500.0,1498.05,1498.05,977200.0,0.0
NIFTY,26-DEC-2024,26000.0,01-11-2024 18:18:00,83.5,83.5,82.0,82.05,2160025.0,0.0,1498.05,1510.0,1498.05,1510.0,977200.0,500.0
NIFTY,26-DEC-2024,26000.0,01-11-2024 18:19:00,81.6,82.0,81.6,81.6,2161750.0,11450.0,1510.0,1510.0,1510.0,1510.0,977200.0,50.0
NIFTY,26-DEC-2024,26000.0,01-11-2024 18:20:00,81.5,82.45,81.5,82.0,2161750.0,0.0,1510.0,1510.8,1502.5,1510.8,977525.0,150.0
NIFTY,26-DEC-2024,26000.0,01-11-2024 18:21:00,81.0,82.15,81.0,82.1,2161750.0,4950.0,1510.8,1510.8,1510.65,1510.65,977525.0,75.0
NIFTY,26-DEC-2024,26000.0,01-11-2024 18:22:00,82.05,82.25,81.35,82.0,2162650.0,1250.0,1510.65,1510.65,1510.0,1510.0,977525.0,50.0
NIFTY,26-DEC-2024,26000.0,01-11-2024 18:23:00,81.95,81.95,81.5,81.65,2162650.0,2775.0,1510.3,1510.3,1510.3,1510.3,977650.0,75.0
NIFTY,26-DEC-2024,26000.0,01-11-2024 18:24:00,81.8,82.1,81.55,81.6,2162650.0,4300.0,1510.3,1510.3,1510.3,1510.3,977650.0,0.0
NIFTY,26-DEC-2024,26000.0,01-11-2024 18:25:00,81.6,82.1,81.35,81.6,2167400.0,0.0,1510.3,1518.05,1510.3,1511.15,977650.0,125.0
NIFTY,26-DEC-2024,26000.0,01-11-2024 18:26:00,81.95,82.15,81.35,82.15,2167400.0,0.0,1511.15,1511.15,1500.0,1500.0,977650.0,125.0
NIFTY,26-DEC-2024,26000.0,01-11-2024 18:27:00,82.0,82.5,82.0,82.0,2167400.0,9250.0,1500.0,1508.0,1500.0,1508.0,977650.0,0.0
NIFTY,26-DEC-2024,26000.0,01-11-2024 18:28:00,82.0,82.45,81.75,81.75,2170350.0,4150.0,1508.0,1510.85,1503.8,1510.85,977625.0,125.0
NIFTY,26-DEC-2024,26000.0,01-11-2024 18:29:00,82.45,82.45,81.55,81.75,2170350.0,0.0,1510.85,1515.0,1509.9,1515.0,977625.0,150.0
NIFTY,26-DEC-2024,26000.0,01-11-2024 18:30:00,81.75,82.5,81.7,81.95,2170350.0,0.0,1515.0,1515.0,1508.2,1512.05,977625.0,250.0
NIFTY,26-DEC-2024,26000.0,01-11-2024 18:31:00,81.5,81.95,81.5,81.75,2173650.0,0.0,1512.05,1513.35,1508.0,1508.0,977500.0,400.0
NIFTY,26-DEC-2024,26000.0,01-11-2024 18:32:00,82.05,82.05,81.35,81.4,2173650.0,0.0,1508.05,1510.0,1507.3,1510.0,977500.0,150.0
NIFTY,26-DEC-2024,26000.0,01-11-2024 18:33:00,81.35,81.5,81.35,81.5,2173650.0,21975.0,1510.0,1514.6,1510.0,1513.5,977500.0,975.0
NIFTY,26-DEC-2024,26000.0,01-11-2024 18:34:00,81.4,81.85,81.2,81.8,2175225.0,2175.0,1513.5,1513.5,1510.0,1510.0,977500.0,25.0
NIFTY,26-DEC-2024,26000.0,01-11-2024 18:35:00,81.9,82.0,81.8,82.0,2175225.0,975.0,1510.0,1513.9,1510.0,1513.9,977375.0,50.0
NIFTY,26-DEC-2024,26000.0,01-11-2024 18:36:00,81.85,82.05,81.75,82.0,2175225.0,1775.0,1514.1,1514.95,1510.0,1510.0,977375.0,50.0
NIFTY,26-DEC-2024,26000.0,01-11-2024 18:37:00,82.05,82.05,81.5,81.75,2175450.0,0.0,1510.0,1514.95,1510.0,1512.0,977250.0,200.0
NIFTY,26-DEC-2024,26000.0,01-11-2024 18:38:00,81.8,82.0,81.45,81.55,2175450.0,0.0,1512.0,1515.0,1512.0,1515.0,977250.0,50.0
NIFTY,26-DEC-2024,26000.0,01-11-2024 18:39:00,81.25,81.5,81.0,81.15,2175450.0,5550.0,1515.0,1515.0,1515.0,1515.0,977250.0,50.0
NIFTY,26-DEC-2024,26000.0,01-11-2024 18:40:00,81.1,81.75,81.05,81.05,2177100.0,900.0,1515.0,1515.0,1515.0,1515.0,977250.0,100.0
NIFTY,26-DEC-2024,26000.0,01-11-2024 18:41:00,81.0,81.0,80.15,80.85,2177100.0,3400.0,1515.0,1515.0,1515.0,1515.0,977250.0,0.0
NIFTY,26-DEC-2024,26000.0,01-11-2024 18:42:00,80.55,81.0,80.55,80.85,2177100.0,2500.0,1515.0,1521.95,1514.65,1514.65,977250.0,300.0
NIFTY,26-DEC-2024,26000.0,01-11-2024 18:43:00,80.85,80.85,80.25,80.25,2176700.0,850.0,1514.65,1522.0,1514.65,1522.0,977150.0,0.0
NIFTY,26-DEC-2024,26000.0,01-11-2024 18:44:00,80.05,80.55,79.5,80.25,2176700.0,5075.0,1515.4,1517.25,1515.4,1517.25,977150.0,175.0
NIFTY,26-DEC-2024,26000.0,01-11-2024 18:45:00,80.15,80.4,79.6,79.85,2176700.0,6300.0,1525.95,1525.95,1522.0,1522.0,977150.0,275.0
NIFTY,26-DEC-2024,26000.0,01-11-2024 18:46:00,79.85,80.5,79.85,80.5,2178625.0,2975.0,1522.0,1524.85,1522.0,1524.85,977050.0,75.0
NIFTY,26-DEC-2024,26000.0,01-11-2024 18:47:00,80.5,80.55,80.0,80.0,2178625.0,7275.0,1522.0,1525.95,1522.0,1522.0,977050.0,250.0
NIFTY,26-DEC-2024,26000.0,01-11-2024 18:48:00,80.5,80.5,80.0,80.25,2178625.0,4975.0,1522.0,1522.0,1522.0,1522.0,977050.0,0.0
NIFTY,26-DEC-2024,26000.0,01-11-2024 18:49:00,80.0,80.5,80.0,80.5,2186475.0,1250.0,1522.0,1522.0,1518.05,1518.05,977100.0,25.0
NIFTY,26-DEC-2024,26000.0,01-11-2024 18:50:00,80.35,80.6,79.9,80.35,2186475.0,2100.0,1518.05,1518.05,1518.05,1518.05,977100.0,375.0
NIFTY,26-DEC-2024,26000.0,01-11-2024 18:51:00,80.3,80.45,79.85,79.9,2186475.0,5200.0,1525.0,1525.0,1519.15,1519.15,977100.0,50.0
NIFTY,26-DEC-2024,26000.0,01-11-2024 18:52:00,79.85,80.8,79.85,80.8,2190150.0,5000.0,1519.15,1525.95,1519.15,1520.0,976825.0,150.0
NIFTY,26-DEC-2024,26000.0,01-11-2024 18:53:00,80.8,80.85,80.4,80.85,2190150.0,400.0,1520.0,1523.95,1520.0,1520.0,976825.0,25.0
NIFTY,26-DEC-2024,26000.0,01-11-2024 18:54:00,80.85,80.85,80.5,80.6,2190150.0,2450.0,1519.35,1523.95,1519.35,1523.95,976825.0,325.0
NIFTY,26-DEC-2024,26000.0,01-11-2024 18:55:00,80.6,81.0,80.55,80.9,2192275.0,1550.0,1523.95,1524.0,1523.95,1524.0,976825.0,125.0
NIFTY,26-DEC-2024,26000.0,01-11-2024 18:56:00,80.9,81.0,80.5,80.9,2192275.0,3125.0,1524.0,1524.0,1524.0,1524.0,976825.0,175.0
NIFTY,26-DEC-2024,26000.0,01-11-2024 18:57:00,80.85,80.95,80.2,80.65,2192275.0,12550.0,1524.0,1524.0,1524.0,1524.0,976825.0,0.0
NIFTY,26-DEC-2024,26000.0,01-11-2024 18:58:00,80.75,80.9,80.2,80.5,2198375.0,400.0,1526.5,1526.5,1526.5,1526.5,976825.0,100.0
NIFTY,26-DEC-2024,26000.0,01-11-2024 18:59:00,80.5,80.5,80.2,80.2,2198375.0,2450.0,1526.5,1526.5,1524.85,1524.85,976650.0,25.0
NIFTY,26-DEC-2024,26000.0,04-11-2024 09:15:00,80.8,80.8,75.0,76.2,2197225.0,0.0,1524.85,1524.85,1524.85,1524.85,0.0,0.0
NIFTY,26-DEC-2024,26000.0,04-11-2024 09:16:00,73.15,75.3,73.05,73.05,2197225.0,0.0,1524.85,1620.1,1524.85,1620.1,976650.0,325.0
NIFTY,26-DEC-2024,26000.0,04-11-2024 09:17:00,72.6,73.95,72.0,73.0,2197225.0,0.0,1620.1,1625.0,1610.0,1610.5,976650.0,400.0
NIFTY,26-DEC-2024,26000.0,04-11-2024 09:18:00,73.45,74.35,72.05,73.3,2197350.0,17950.0,1618.8,1633.8,1612.9,1632.05,976300.0,575.0
NIFTY,26-DEC-2024,26000.0,04-11-2024 09:19:00,73.75,73.75,72.2,72.2,2197350.0,5450.0,1627.0,1645.6,1619.35,1645.6,976300.0,2975.0
NIFTY,26-DEC-2024,26000.0,04-11-2024 09:20:00,72.0,73.0,71.1,72.9,2197350.0,9100.0,1650.0,1657.95,1636.0,1648.15,976300.0,2575.0
NIFTY,26-DEC-2024,26000.0,04-11-2024 09:21:00,72.75,72.95,72.0,72.55,2197075.0,0.0,1641.1,1650.95,1641.1,1650.95,976775.0,0.0
NIFTY,26-DEC-2024,26000.0,04-11-2024 09:22:00,72.1,72.6,71.8,72.0,2197075.0,7725.0,1656.3,1656.3,1650.75,1650.75,976775.0,1350.0
NIFTY,26-DEC-2024,26000.0,04-11-2024 09:23:00,71.95,71.95,70.0,70.35,2197075.0,10300.0,1655.5,1661.1,1655.2,1659.05,976775.0,1225.0
NIFTY,26-DEC-2024,26000.0,04-11-2024 09:24:00,70.35,70.5,70.0,70.05,2191275.0,15500.0,1660.25,1670.0,1655.75,1669.15,977075.0,0.0
NIFTY,26-DEC-2024,26000.0,04-11-2024 09:25:00,70.05,70.35,69.15,70.05,2191275.0,9775.0,1680.0,1680.0,1662.5,1662.5,977075.0,2600.0
NIFTY,26-DEC-2024,26000.0,04-11-2024 09:26:00,70.5,70.65,69.5,70.0,2191275.0,650.0,1662.5,1662.5,1650.0,1650.25,977075.0,0.0
NIFTY,26-DEC-2024,26000.0,04-11-2024 09:27:00,70.4,70.75,69.75,69.85,2190800.0,0.0,1645.65,1663.9,1645.65,1663.9,977050.0,0.0
NIFTY,26-DEC-2024,26000.0,04-11-2024 09:28:00,70.0,70.5,69.5,70.0,2190800.0,13900.0,1663.9,1676.8,1663.9,1675.0,977050.0,1450.0
NIFTY,26-DEC-2024,26000.0,04-11-2024 09:29:00,69.8,70.0,69.35,69.95,2190800.0,7925.0,1671.75,1674.8,1671.75,1674.8,977050.0,375.0
NIFTY,26-DEC-2024,26000.0,04-11-2024 09:30:00,69.3,70.0,68.6,69.95,2190100.0,7425.0,1686.8,1686.8,1661.8,1661.8,977050.0,400.0
NIFTY,26-DEC-2024,26000.0,04-11-2024 09:31:00,69.5,70.0,69.0,70.0,2190100.0,0.0,1669.85,1678.0,1655.6,1655.6,976975.0,0.0
NIFTY,26-DEC-2024,26000.0,04-11-2024 09:32:00,69.95,70.0,68.75,68.75,2190100.0,0.0,1655.6,1678.05,1655.6,1666.1,976975.0,450.0
NIFTY,26-DEC-2024,26000.0,04-11-2024 09:33:00,68.7,69.0,68.25,68.25,2193100.0,0.0,1666.0,1670.0,1664.95,1666.05,976975.0,750.0
NIFTY,26-DEC-2024,26000.0,04-11-2024 09:34:00,68.25,68.25,67.0,67.8,2193100.0,0.0,1694.55,1696.45,1691.2,1693.25,976925.0,0.0
NIFTY,26-DEC-2024,26000.0,04-11-2024 09:35:00,67.0,68.25,67.0,68.25,2193100.0,0.0,1707.0,1707.0,1681.05,1681.05,976925.0,0.0
NIFTY,26-DEC-2024,26000.0,04-11-2024 09:36:00,67.5,68.25,67.2,67.95,2193700.0,0.0,1685.5,1693.05,1685.5,1685.5,976925.0,0.0
NIFTY,26-DEC-2024,26000.0,04-11-2024 09:37:00,68.35,68.65,68.05,68.25,2193700.0,0.0,1690.5,1690.5,1680.0,1680.0,977075.0,2025.0
NIFTY,26-DEC-2024,26000.0,04-11-2024 09:38:00,68.0,68.55,67.5,68.0,2193700.0,25325.0,1690.0,1695.5,1679.35,1679.35,977075.0,0.0
NIFTY,26-DEC-2024,26000.0,04-11-2024 09:39:00,67.9,68.5,67.9,68.0,2194675.0,0.0,1689.95,1690.95,1681.1,1690.95,977050.0,0.0
NIFTY,26-DEC-2024,26000.0,04-11-2024 09:40:00,68.05,68.5,67.15,67.7,2194675.0,11625.0,1700.0,1704.7,1695.25,1695.25,977050.0,650.0
NIFTY,26-DEC-2024,26000.0,04-11-2024 09:41:00,67.4,67.95,66.65,67.5,2194675.0,14650.0,1700.45,1700.45,1695.0,1695.0,977050.0,725.0
NIFTY,26-DEC-2024,26000.0,04-11-2024 09:42:00,67.5,68.1,66.5,67.1,2196200.0,0.0,1690.0,1690.0,1690.0,1690.0,977050.0,250.0
NIFTY,26-DEC-2024,26000.0,04-11-2024 09:43:00,67.05,67.05,66.2,66.6,2196200.0,0.0,1704.7,1707.0,1704.7,1707.0,977050.0,0.0
NIFTY,26-DEC-2024,26000.0,04-11-2024 09:44:00,66.6,67.0,66.0,66.45,2196200.0,6850.0,1707.0,1707.0,1699.0,1701.9,977050.0,150.0
NIFTY,26-DEC-2024,26000.0,04-11-2024 09:45:00,66.4,66.4,65.2,65.2,2198950.0,3475.0,1715.0,1729.55,1715.0,1729.55,977050.0,0.0
NIFTY,26-DEC-2024,26000.0,04-11-2024 09:46:00,65.3,65.8,64.5,65.7,2198950.0,12125.0,1733.55,1741.35,1733.55,1735.0,977200.0,0.0
NIFTY,26-DEC-2024,26000.0,04-11-2024 09:47:00,65.7,65.9,64.65,65.4,2198950.0,7125.0,1735.0,1737.45,1729.05,1729.05,977200.0,0.0
NIFTY,26-DEC-2024,26000.0,04-11-2024 09:48:00,65.25,65.7,64.0,64.7,2199475.0,1675.0,1724.45,1737.0,1724.45,1736.05,976925.0,0.0
NIFTY,26-DEC-2024,26000.0,04-11-2024 09:49:00,64.65,64.7,63.55,64.0,2199475.0,5725.0,1740.0,1750.0,1740.0,1750.0,976925.0,2250.0
NIFTY,26-DEC-2024,26000.0,04-11-2024 09:50:00,63.5,64.5,63.45,64.5,2199475.0,0.0,1747.45,1748.9,1743.45,1745.7,976925.0,0.0
NIFTY,26-DEC-2024,26000.0,04-11-2024 09:51:00,64.0,64.5,64.0,64.45,2199425.0,4225.0,1745.7,1745.7,1740.0,1740.0,976925.0,275.0
NIFTY,26-DEC-2024,26000.0,04-11-2024 09:52:00,64.6,64.7,64.55,64.7,2199425.0,2450.0,1742.0,1742.0,1740.2,1740.2,976500.0,375.0
NIFTY,26-DEC-2024,26000.0,04-11-2024 09:53:00,65.15,65.15,64.65,64.7,2199425.0,0.0,1740.0,1750.0,1740.0,1750.0,976500.0,0.0
NIFTY,26-DEC-2024,26000.0,04-11-2024 09:54:00,63.8,64.3,63.1,64.3,2198500.0,16025.0,1752.0,1762.0,1748.1,1748.1,976775.0,0.0
NIFTY,26-DEC-2024,26000.0,04-11-2024 09:55:00,63.9,64.65,63.2,64.25,2198500.0,9575.0,1740.0,1746.55,1740.0,1746.55,976775.0,1150.0
NIFTY,26-DEC-2024,26000.0,04-11-2024 09:56:00,64.3,65.1,63.5,64.85,2198500.0,0.0,1730.1,1756.75,1730.1,1756.75,976775.0,0.0
NIFTY,26-DEC-2024,26000.0,04-11-2024 09:57:00,64.9,65.1,64.65,64.9,2193400.0,0.0,1738.7,1743.0,1731.4,1743.0,976450.0,0.0
NIFTY,26-DEC-2024,26000.0,04-11-2024 09:58:00,64.95,65.05,64.4,64.75,2193400.0,0.0,1742.35,1751.05,1735.15,1735.15,976450.0,0.0
NIFTY,26-DEC-2024,26000.0,04-11-2024 09:59:00,64.55,65.15,64.4,64.85,2193400.0,20800.0,1735.15,1737.05,1720.35,1720.35,976450.0,10225.0
NIFTY,26-DEC-2024,26000.0,04-11-2024 10:00:00,65.0,65.2,63.65,63.65,2193900.0,125.0,1721.35,1736.55,1721.35,1734.15,976400.0,0.0
NIFTY,26-DEC-2024,26000.0,04-11-2024 10:01:00,64.05,64.2,63.5,64.2,2193900.0,0.0,1735.0,1735.0,1735.0,1735.0,976400.0,0.0
NIFTY,26-DEC-2024,26000.0,04-11-2024 10:02:00,64.0,64.2,63.45,64.2,2193900.0,10075.0,1743.1,1754.7,1743.1,1754.7,976400.0,1225.0
NIFTY,26-DEC-2024,26000.0,04-11-2024 10:03:00,63.85,64.0,63.3,64.0,2197125.0,0.0,1750.25,1761.95,1750.25,1761.95,976400.0,0.0
NIFTY,26-DEC-2024,26000.0,04-11-2024 10:04:00,63.2,63.6,62.55,62.55,2197125.0,0.0,1761.95,1762.0,1761.95,1762.0,976575.0,0.0
NIFTY,26-DEC-2024,26000.0,04-11-2024 10:05:00,62.8,63.15,62.3,62.5,2197125.0,11675.0,1766.8,1775.0,1766.8,1770.0,976575.0,0.0
NIFTY,26-DEC-2024,26000.0,04-11-2024 10:06:00,62.75,63.0,62.2,62.3,2189750.0,0.0,1780.0,1783.0,1777.15,1783.0,976300.0,12700.0
NIFTY,26-DEC-2024,26000.0,04-11-2024 10:07:00,62.4,62.95,62.0,62.5,2189750.0,22800.0,1777.0,1784.45,1777.0,1784.45,976300.0,725.0
NIFTY,26-DEC-2024,26000.0,04-11-2024 10:08:00,62.55,62.9,61.65,61.7,2189750.0,7175.0,1784.15,1785.0,1781.2,1785.0,976300.0,600.0
NIFTY,26-DEC-2024,26000.0,04-11-2024 10:09:00,62.0,62.2,61.3,62.0,2188775.0,0.0,1790.75,1790.75,1781.0,1785.5,975800.0,0.0
NIFTY,26-DEC-2024,26000.0,04-11-2024 10:10:00,62.0,62.0,61.25,61.5,2188775.0,4775.0,1783.4,1787.55,1780.6,1785.0,975800.0,2450.0
NIFTY,26-DEC-2024,26000.0,04-11-2024 10:11:00,61.4,61.5,61.15,61.3,2188775.0,6200.0,1792.2,1797.0,1790.25,1792.85,975800.0,725.0
NIFTY,26-DEC-2024,26000.0,04-11-2024 10:12:00,61.45,61.8,60.0,60.1,2193500.0,15200.0,1797.6,1821.35,1797.25,1821.35,975550.0,1700.0
NIFTY,26-DEC-2024,26000.0,04-11-2024 10:13:00,60.35,60.9,59.85,60.3,2193500.0,0.0,1820.8,1820.8,1810.0,1813.75,975550.0,0.0
NIFTY,26-DEC-2024,26000.0,04-11-2024 10:14:00,60.3,60.7,60.0,60.6,2193500.0,13500.0,1820.0,1820.0,1801.7,1808.4,975550.0,2150.0
NIFTY,26-DEC-2024,26000.0,04-11-2024 10:15:00,60.55,60.55,59.5,59.95,2191575.0,5975.0,1808.5,1824.65,1807.65,1823.65,974225.0,1550.0
NIFTY,26-DEC-2024,26000.0,04-11-2024 10:16:00,60.0,60.8,59.8,60.35,2191575.0,6825.0,1820.0,1822.4,1807.95,1807.95,974225.0,1700.0
NIFTY,26-DEC-2024,26000.0,04-11-2024 10:17:00,60.7,61.8,60.6,61.8,2191575.0,0.0,1814.25,1814.25,1799.1,1806.25,974225.0,1300.0
NIFTY,26-DEC-2024,26000.0,04-11-2024 10:18:00,61.1,62.0,60.75,62.0,2185775.0,0.0,1804.0,1808.0,1798.1,1798.1,973925.0,0.0
NIFTY,26-DEC-2024,26000.0,04-11-2024 10:19:00,61.95,62.3,61.7,61.7,2185775.0,0.0,1797.65,1798.4,1795.6,1795.65,973925.0,0.0
NIFTY,26-DEC-2024,26000.0,04-11-2024 10:20:00,62.05,62.05,61.0,61.65,2185775.0,0.0,1805.55,1810.85,1805.0,1810.85,973925.0,0.0
NIFTY,26-DEC-2024,26000.0,04-11-2024 10:21:00,61.75,62.1,61.0,61.75,2176875.0,0.0,1810.85,1813.35,1808.75,1808.8,974000.0,0.0
NIFTY,26-DEC-2024,26000.0,04-11-2024 10:22:00,61.75,61.75,60.85,60.85,2176875.0,36075.0,1808.8,1819.0,1808.8,1819.0,974000.0,2450.0
NIFTY,26-DEC-2024,26000.0,04-11-2024 10:23:00,61.3,61.55,60.85,61.55,2176875.0,0.0,,,,,,
NIFTY,26-DEC-2024,26000.0,04-11-2024 10:24:00,61.5,61.5,60.95,61.1,2171225.0,12400.0,,,,,,
NIFTY,26-DEC-2024,26000.0,04-11-2024 10:25:00,60.85,61.0,60.1,60.1,2171225.0,3500.0,1811.1,1815.35,1804.85,1814.2,973975.0,1050.0
NIFTY,26-DEC-2024,26000.0,04-11-2024 10:26:00,60.5,60.5,60.1,60.2,2171225.0,2875.0,1814.2,1822.55,1814.2,1822.55,973975.0,625.0
NIFTY,26-DEC-2024,26000.0,04-11-2024 10:27:00,59.0,59.85,59.0,59.15,2171225.0,8425.0,1829.7,1835.85,1829.7,1835.85,973975.0,675.0
NIFTY,26-DEC-2024,26000.0,04-11-2024 10:28:00,59.25,59.3,58.4,59.25,2165975.0,13875.0,1841.0,1843.0,1840.0,1840.0,974250.0,0.0
NIFTY,26-DEC-2024,26000.0,04-11-2024 10:29:00,59.0,59.4,58.7,58.95,2165975.0,0.0,1840.0,1842.0,1840.0,1840.0,974250.0,0.0
NIFTY,26-DEC-2024,26000.0,04-11-2024 10:30:00,58.95,59.25,58.5,58.85,2164875.0,0.0,1847.0,1850.9,1844.0,1844.0,974250.0,0.0
NIFTY,26-DEC-2024,26000.0,04-11-2024 10:31:00,59.0,59.3,58.65,58.65,2164875.0,0.0,1840.0,1841.3,1826.0,1826.0,973775.0,2750.0
NIFTY,26-DEC-2024,26000.0,04-11-2024 10:32:00,58.95,58.95,58.2,58.6,2164875.0,0.0,1825.5,1831.25,1825.5,1831.25,973775.0,0.0
NIFTY,26-DEC-2024,26000.0,04-11-2024 10:33:00,58.2,58.5,57.85,57.85,2164875.0,0.0,1835.8,1840.15,1835.35,1840.15,973775.0,0.0
NIFTY,26-DEC-2024,26000.0,04-11-2024 10:34:00,58.4,58.4,58.0,58.1,2167450.0,30275.0,1840.25,1849.0,1840.25,1849.0,973225.0,0.0
NIFTY,26-DEC-2024,26000.0,04-11-2024 10:35:00,57.7,58.25,57.55,58.25,2167450.0,0.0,1849.0,1851.75,1842.5,1851.75,973225.0,700.0
NIFTY,26-DEC-2024,26000.0,04-11-2024 10:36:00,58.25,58.25,57.4,57.4,2167450.0,0.0,1850.0,1854.3,1850.0,1852.0,973325.0,0.0
NIFTY,26-DEC-2024,26000.0,04-11-2024 10:37:00,57.35,57.7,57.1,57.1,2165625.0,16450.0,1853.25,1853.25,1853.25,1853.25,973325.0,850.0
NIFTY,26-DEC-2024,26000.0,04-11-2024 10:38:00,57.2,57.4,56.9,56.9,2165625.0,0.0,1854.25,1860.25,1853.8,1860.25,973325.0,0.0
NIFTY,26-DEC-2024,26000.0,04-11-2024 10:39:00,56.85,57.2,56.25,56.8,2165625.0,10375.0,1864.95,1864.95,1862.0,1862.0,973325.0,650.0
NIFTY,26-DEC-2024,26000.0,04-11-2024 10:40:00,56.5,56.85,56.2,56.2,2168200.0,1325.0,1864.95,1865.0,1862.3,1862.3,973675.0,775.0
NIFTY,26-DEC-2024,26000.0,04-11-2024 10:41:00,56.25,56.4,56.0,56.4,2168200.0,11750.0,1861.15,1865.0,1861.15,1865.0,973675.0,175.0
NIFTY,26-DEC-2024,26000.0,04-11-2024 10:42:00,56.25,56.4,56.0,56.4,2168200.0,2675.0,1860.0,1870.0,1860.0,1866.6,973675.0,1225.0
NIFTY,26-DEC-2024,26000.0,04-11-2024 10:43:00,56.4,56.4,56.15,56.15,2170150.0,2700.0,1858.1,1862.8,1854.5,1854.5,973275.0,125.0
NIFTY,26-DEC-2024,26000.0,04-11-2024 10:44:00,56.1,56.2,55.7,56.2,2170150.0,0.0,1863.05,1863.05,1857.3,1857.3,973275.0,75.0
NIFTY,26-DEC-2024,26000.0,04-11-2024 10:45:00,56.0,56.5,56.0,56.5,2171650.0,6775.0,1862.0,1862.0,1849.45,1849.45,972800.0,700.0
NIFTY,26-DEC-2024,26000.0,04-11-2024 10:46:00,56.5,56.65,55.55,56.0,2171650.0,5225.0,1852.6,1862.5,1852.0,1854.65,972800.0,800.0
NIFTY,26-DEC-2024,26000.0,04-11-2024 10:47:00,55.8,56.2,55.55,56.2,2171650.0,1925.0,1865.0,1865.0,1860.0,1860.0,972800.0,400.0
NIFTY,26-DEC-2024,26000.0,04-11-2024 10:48:00,56.2,56.25,55.75,56.0,2171650.0,4225.0,1849.45,1862.1,1849.45,1862.1,972800.0,600.0
NIFTY,26-DEC-2024,26000.0,04-11-2024 10:49:00,55.95,56.1,55.55,55.6,2174575.0,2875.0,1859.3,1869.4,1859.3,1867.5,973300.0,0.0
NIFTY,26-DEC-2024,26000.0,04-11-2024 10:50:00,56.0,56.4,55.1,55.1,2174575.0,3975.0,1858.75,1867.35,1858.1,1863.35,973300.0,1650.0
NIFTY,26-DEC-2024,26000.0,04-11-2024 10:51:00,55.35,55.5,55.05,55.5,2174575.0,0.0,1877.55,1880.8,1873.5,1873.5,973300.0,0.0
NIFTY,26-DEC-2024,26000.0,04-11-2024 10:52:00,55.35,56.1,55.3,55.9,2176850.0,6225.0,1878.0,1878.0,1869.3,1869.3,972625.0,0.0
NIFTY,26-DEC-2024,26000.0,04-11-2024 10:53:00,55.95,56.2,55.85,55.9,2176850.0,2700.0,1870.0,1870.25,1870.0,1870.25,972625.0,850.0
NIFTY,26-DEC-2024,26000.0,04-11-2024 10:54:00,56.0,56.2,55.9,55.9,2176850.0,0.0,1871.0,1876.35,1871.0,1871.55,972625.0,275.0
NIFTY,26-DEC-2024,26000.0,04-11-2024 10:55:00,55.9,55.95,55.55,55.85,2177350.0,0.0,1875.0,1879.85,1874.8,1879.85,972500.0,450.0
NIFTY,26-DEC-2024,26000.0,04-11-2024 10:56:00,55.9,55.9,55.0,55.15,2177350.0,13675.0,1880.35,1883.9,1880.15,1880.15,972500.0,150.0
NIFTY,26-DEC-2024,26000.0,04-11-2024 10:57:00,55.2,55.2,54.3,54.3,2177475.0,0.0,1884.0,1889.15,1883.9,1889.15,972500.0,0.0
NIFTY,26-DEC-2024,26000.0,04-11-2024 10:58:00,54.2,54.75,54.2,54.3,2177475.0,0.0,1899.0,1902.35,1899.0,1902.35,972550.0,0.0
NIFTY,26-DEC-2024,26000.0,04-11-2024 10:59:00,54.15,54.45,54.0,54.3,2177475.0,22275.0,1905.0,1907.3,1900.0,1900.0,972550.0,1300.0
NIFTY,26-DEC-2024,26000.0,04-11-2024 11:00:00,54.3,54.3,53.2,53.4,2177475.0,0.0,1910.1,1919.0,1910.1,1915.0,972550.0,0.0
NIFTY,26-DEC-2024,26000.0,04-11-2024 11:01:00,53.8,53.9,53.0,53.35,2177200.0,0.0,1908.6,1918.2,1907.5,1918.2,972150.0,2175.0
NIFTY,26-DEC-2024,26000.0,04-11-2024 11:02:00,53.15,53.6,53.0,53.5,2177200.0,0.0,1921.0,1938.6,1921.0,1935.35,972150.0,0.0
NIFTY,26-DEC-2024,26000.0,04-11-2024 11:03:00,53.4,54.15,52.0,52.0,2173675.0,32800.0,1935.35,1936.6,1920.05,1935.0,972150.0,1000.0
NIFTY,26-DEC-2024,26000.0,04-11-2024 11:04:00,52.2,52.2,51.7,52.0,2173675.0,13125.0,1930.0,1932.0,1922.3,1932.0,969450.0,0.0
NIFTY,26-DEC-2024,26000.0,04-11-2024 11:05:00,51.7,52.5,51.15,51.8,2173675.0,0.0,1932.0,1945.0,1932.0,1932.0,969450.0,0.0
NIFTY,26-DEC-2024,26000.0,04-11-2024 11:06:00,52.2,52.7,52.0,52.7,2173675.0,0.0,1937.45,1937.45,1937.45,1937.45,969450.0,0.0
NIFTY,26-DEC-2024,26000.0,04-11-2024 11:07:00,52.9,53.2,52.55,53.1,2171900.0,0.0,1930.7,1941.1,1925.0,1940.3,968500.0,4625.0
NIFTY,26-DEC-2024,26000.0,04-11-2024 11:08:00,52.9,53.15,51.1,51.95,2171900.0,38925.0,1936.3,1956.0,1936.3,1956.0,968500.0,575.0
NIFTY,26-DEC-2024,26000.0,04-11-2024 11:09:00,51.7,52.1,51.6,52.0,2171900.0,12425.0,1950.05,1950.05,1947.95,1947.95,968500.0,675.0
NIFTY,26-DEC-2024,26000.0,04-11-2024 11:10:00,52.0,52.0,51.35,51.55,2171750.0,0.0,1950.0,1952.35,1950.0,1952.35,968200.0,0.0
NIFTY,26-DEC-2024,26000.0,04-11-2024 11:11:00,51.65,51.65,51.0,51.1,2171750.0,0.0,1952.35,1961.9,1952.35,1956.0,968200.0,0.0
NIFTY,26-DEC-2024,26000.0,04-11-2024 11:12:00,51.35,52.2,51.0,51.05,2171750.0,9725.0,1956.0,1956.0,1956.0,1956.0,968200.0,0.0
NIFTY,26-DEC-2024,26000.0,04-11-2024 11:13:00,51.75,52.8,51.45,52.8,2173500.0,12000.0,1960.8,1960.8,1950.0,1952.05,967975.0,0.0
NIFTY,26-DEC-2024,26000.0,04-11-2024 11:14:00,52.6,53.65,52.2,53.2,2173500.0,3275.0,1949.65,1949.65,1936.25,1936.25,967975.0,0.0
NIFTY,26-DEC-2024,26000.0,04-11-2024 11:15:00,53.2,53.5,53.05,53.45,2175775.0,0.0,1936.6,1956.55,1936.6,1944.6,967975.0,0.0
NIFTY,26-DEC-2024,26000.0,04-11-2024 11:16:00,53.15,53.45,53.15,53.35,2175775.0,0.0,1948.25,1955.45,1945.2,1950.5,968000.0,0.0
NIFTY,26-DEC-2024,26000.0,04-11-2024 11:17:00,53.25,53.35,52.85,53.0,2175775.0,0.0,1951.0,1959.9,1945.9,1957.55,968000.0,0.0
NIFTY,26-DEC-2024,26000.0,04-11-2024 11:18:00,53.0,54.15,52.6,52.6,2175775.0,18550.0,1960.0,1960.0,1928.35,1935.8,968000.0,5000.0
NIFTY,26-DEC-2024,26000.0,04-11-2024 11:19:00,52.75,53.15,52.2,52.4,2175275.0,0.0,1935.8,1950.5,1928.0,1933.4,968275.0,0.0
NIFTY,26-DEC-2024,26000.0,04-11-2024 11:20:00,52.4,53.1,52.35,52.4,2175275.0,48200.0,1930.0,1930.95,1918.5,1930.95,968275.0,1750.0
NIFTY,26-DEC-2024,26000.0,04-11-2024 11:21:00,52.35,53.4,52.2,53.4,2175275.0,0.0,1928.95,1928.95,1916.85,1916.85,968275.0,0.0
NIFTY,26-DEC-2024,26000.0,04-11-2024 11:22:00,53.4,54.0,53.0,53.35,2178350.0,18325.0,1910.0,1910.0,1892.7,1903.5,969325.0,925.0
NIFTY,26-DEC-2024,26000.0,04-11-2024 11:23:00,53.3,54.25,52.8,54.2,2178350.0,16575.0,1909.95,1911.3,1889.7,1889.7,969325.0,1025.0
NIFTY,26-DEC-2024,26000.0,04-11-2024 11:24:00,53.75,53.9,53.15,53.2,2178350.0,0.0,1896.2,1904.7,1896.2,1904.15,969325.0,0.0
NIFTY,26-DEC-2024,26000.0,04-11-2024 11:25:00,53.2,53.95,53.15,53.45,2182275.0,4400.0,1904.15,1907.65,1899.25,1907.65,971000.0,1300.0
NIFTY,26-DEC-2024,26000.0,04-11-2024 11:26:00,53.4,54.0,53.15,53.85,2182275.0,3000.0,1907.65,1907.65,1903.1,1903.1,971000.0,350.0
NIFTY,26-DEC-2024,26000.0,04-11-2024 11:27:00,53.65,55.0,53.5,55.0,2182275.0,5400.0,1903.1,1903.1,1886.5,1887.85,971000.0,75.0
NIFTY,26-DEC-2024,26000.0,04-11-2024 11:28:00,54.6,54.8,54.15,54.5,2181450.0,0.0,1872.25,1883.8,1872.25,1883.8,970875.0,0.0
NIFTY,26-DEC-2024,26000.0,04-11-2024 11:29:00,54.2,54.35,53.7,54.0,2181450.0,0.0,1885.45,1903.55,1885.45,1903.55,970875.0,0.0
NIFTY,26-DEC-2024,26000.0,04-11-2024 11:30:00,54.0,54.8,53.8,53.8,2181450.0,0.0,1900.8,1905.0,1895.65,1895.65,970875.0,1775.0
NIFTY,26-DEC-2024,26000.0,04-11-2024 11:31:00,54.55,54.6,53.0,54.45,2184375.0,23575.0,1898.3,1923.3,1894.0,1911.8,971000.0,525.0
NIFTY,26-DEC-2024,26000.0,04-11-2024 11:32:00,54.05,55.2,53.6,54.9,2184375.0,0.0,1908.0,1910.0,1889.75,1889.75,971000.0,0.0
NIFTY,26-DEC-2024,26000.0,04-11-2024 11:33:00,54.55,54.8,54.5,54.5,2184375.0,0.0,1891.7,1891.7,1891.7,1891.7,971000.0,0.0
NIFTY,26-DEC-2024,26000.0,04-11-2024 11:34:00,54.5,54.7,53.75,54.05,2182550.0,22625.0,1896.0,1909.95,1896.0,1909.95,971025.0,1000.0
NIFTY,26-DEC-2024,26000.0,04-11-2024 11:35:00,54.6,54.95,54.0,54.35,2182550.0,0.0,1909.6,1910.75,1904.9,1904.9,971025.0,0.0
NIFTY,26-DEC-2024,26000.0,04-11-2024 11:36:00,54.6,54.6,54.35,54.6,2182550.0,0.0,1904.9,1904.9,1904.9,1904.9,971025.0,3450.0
NIFTY,26-DEC-2024,26000.0,04-11-2024 11:37:00,54.1,54.45,54.0,54.3,2185150.0,0.0,,,,,,
NIFTY,26-DEC-2024,26000.0,04-11-2024 11:38:00,54.35,55.15,53.9,55.15,2185150.0,0.0,1911.8,1922.45,1911.0,1911.0,971000.0,0.0
NIFTY,26-DEC-2024,26000.0,04-11-2024 11:39:00,54.65,55.05,54.6,55.0,2185150.0,12000.0,1912.75,1914.5,1902.2,1909.3,971000.0,500.0
NIFTY,26-DEC-2024,26000.0,04-11-2024 11:40:00,54.0,54.55,54.0,54.0,2187100.0,0.0,1912.8,1915.7,1912.8,1915.7,970850.0,300.0
NIFTY,26-DEC-2024,26000.0,04-11-2024 11:41:00,54.5,54.85,54.25,54.7,2187100.0,8525.0,1914.1,1914.1,1914.1,1914.1,970850.0,50.0
NIFTY,26-DEC-2024,26000.0,04-11-2024 11:42:00,54.6,54.8,54.3,54.6,2187100.0,0.0,1918.0,1918.0,1918.0,1918.0,970850.0,0.0
NIFTY,26-DEC-2024,26000.0,04-11-2024 11:43:00,54.7,55.25,54.25,55.15,2189300.0,3275.0,1918.0,1918.0,1908.95,1908.95,970800.0,1525.0
NIFTY,26-DEC-2024,26000.0,04-11-2024 11:44:00,55.25,55.45,55.2,55.45,2189300.0,3175.0,1908.95,1908.95,1908.95,1908.95,970800.0,1625.0
NIFTY,26-DEC-2024,26000.0,04-11-2024 11:45:00,55.4,55.65,55.4,55.55,2189300.0,3250.0,1904.3,1904.3,1904.3,1904.3,970800.0,175.0
NIFTY,26-DEC-2024,26000.0,04-11-2024 11:46:00,55.65,55.65,55.05,55.5,2190125.0,4025.0,1895.5,1908.05,1895.5,1908.05,968050.0,1300.0
NIFTY,26-DEC-2024,26000.0,04-11-2024 11:47:00,55.5,55.6,55.1,55.1,2190125.0,1550.0,1908.4,1909.25,1908.4,1909.25,968050.0,75.0
NIFTY,26-DEC-2024,26000.0,04-11-2024 11:48:00,55.1,55.35,55.1,55.25,2190125.0,3025.0,1916.05,1916.05,1916.05,1916.05,968050.0,250.0
NIFTY,26-DEC-2024,26000.0,04-11-2024 11:49:00,55.4,55.65,55.05,55.5,2191600.0,9525.0,1908.4,1908.4,1908.4,1908.4,968050.0,75.0
NIFTY,26-DEC-2024,26000.0,04-11-2024 11:50:00,55.05,55.25,54.85,55.05,2191600.0,1100.0,1908.4,1908.4,1908.4,1908.4,968050.0,0.0
NIFTY,26-DEC-2024,26000.0,04-11-2024 11:51:00,55.1,55.95,55.1,55.35,2191600.0,1825.0,1908.4,1908.4,1900.1,1900.1,968975.0,175.0
NIFTY,26-DEC-2024,26000.0,04-11-2024 11:52:00,55.6,55.6,55.15,55.15,2190575.0,0.0,1909.0,1909.0,1909.0,1909.0,968850.0,0.0
NIFTY,26-DEC-2024,26000.0,04-11-2024 11:53:00,55.15,55.25,55.0,55.2,2190575.0,1650.0,1909.0,1909.0,1909.0,1909.0,968850.0,600.0
NIFTY,26-DEC-2024,26000.0,04-11-2024 11:54:00,55.25,55.25,55.0,55.0,2190575.0,1625.0,1909.0,1909.0,1909.0,1909.0,968850.0,0.0
NIFTY,26-DEC-2024,26000.0,04-11-2024 11:55:00,55.0,55.9,54.8,55.5,2191125.0,800.0,1909.0,1909.0,1909.0,1909.0,968850.0,0.0
NIFTY,26-DEC-2024,26000.0,04-11-2024 11:56:00,55.5,55.55,55.5,55.55,2191125.0,6400.0,1901.05,1901.05,1901.05,1901.05,968850.0,25.0
NIFTY,26-DEC-2024,26000.0,04-11-2024 11:57:00,55.5,55.75,55.25,55.25,2191125.0,0.0,1901.45,1901.45,1897.15,1897.15,969450.0,75.0
NIFTY,26-DEC-2024,26000.0,04-11-2024 11:58:00,55.4,55.7,55.25,55.25,2191850.0,12375.0,1897.15,1897.15,1884.3,1884.3,969425.0,200.0
NIFTY,26-DEC-2024,26000.0,04-11-2024 11:59:00,55.25,55.45,55.0,55.4,2191850.0,3675.0,1891.45,1896.85,1885.65,1885.65,969425.0,425.0
NIFTY,26-DEC-2024,26000.0,04-11-2024 12:00:00,55.5,56.15,55.5,55.8,2191850.0,8000.0,1867.0,1867.0,1867.0,1867.0,969425.0,75.0
NIFTY,26-DEC-2024,26000.0,04-11-2024 12:01:00,56.35,57.25,55.8,56.25,2192325.0,0.0,1856.25,1856.25,1847.65,1847.65,969525.0,0.0
NIFTY,26-DEC-2024,26000.0,04-11-2024 12:02:00,56.25,56.8,55.6,56.7,2192325.0,2250.0,1844.0,1866.85,1844.0,1851.15,969525.0,450.0
NIFTY,26-DEC-2024,26000.0,04-11-2024 12:03:00,56.5,57.0,55.45,55.45,2192325.0,22975.0,1855.45,1861.65,1850.85,1861.65,969525.0,625.0
NIFTY,26-DEC-2024,26000.0,04-11-2024 12:04:00,55.45,55.85,54.65,55.0,2195075.0,33550.0,1854.4,1854.4,1833.9,1833.9,969625.0,1000.0
NIFTY,26-DEC-2024,26000.0,04-11-2024 12:05:00,55.0,55.1,53.75,54.3,2195075.0,26925.0,1842.65,1842.65,1842.65,1842.65,969625.0,175.0
NIFTY,26-DEC-2024,26000.0,04-11-2024 12:06:00,54.75,55.8,54.2,55.25,2195075.0,0.0,1840.0,1840.0,1826.1,1826.1,969625.0,0.0
NIFTY,26-DEC-2024,26000.0,04-11-2024 12:07:00,55.5,55.55,54.5,55.05,2195575.0,11525.0,1835.0,1835.0,1835.0,1835.0,969625.0,225.0
NIFTY,26-DEC-2024,26000.0,04-11-2024 12:08:00,55.15,55.4,55.0,55.0,2195575.0,3300.0,1835.0,1845.95,1833.7,1833.7,969750.0,0.0
NIFTY,26-DEC-2024,26000.0,04-11-2024 12:09:00,55.0,55.4,55.0,55.05,2195575.0,9500.0,1840.0,1847.0,1840.0,1847.0,969750.0,125.0
NIFTY,26-DEC-2024,26000.0,04-11-2024 12:10:00,55.05,55.8,55.05,55.55,2202750.0,2150.0,1844.95,1853.45,1844.95,1853.45,969675.0,200.0
NIFTY,26-DEC-2024,26000.0,04-11-2024 12:11:00,55.35,55.65,55.2,55.65,2202750.0,925.0,1847.2,1847.2,1847.2,1847.2,969675.0,125.0
NIFTY,26-DEC-2024,26000.0,04-11-2024 12:12:00,55.2,55.5,55.0,55.1,2202750.0,0.0,1855.0,1859.95,1855.0,1859.95,969675.0,0.0
NIFTY,26-DEC-2024,26000.0,04-11-2024 12:13:00,55.0,55.15,55.0,55.15,2209600.0,11425.0,1859.95,1859.95,1859.95,1859.95,969650.0,150.0
NIFTY,26-DEC-2024,26000.0,04-11-2024 12:14:00,55.15,55.15,54.3,54.5,2209600.0,8175.0,1859.95,1867.9,1853.7,1867.9,969650.0,25.0
NIFTY,26-DEC-2024,26000.0,04-11-2024 12:15:00,54.6,54.9,54.0,54.25,2209600.0,3600.0,1864.5,1864.5,1864.5,1864.5,969650.0,2775.0
NIFTY,26-DEC-2024,26000.0,04-11-2024 12:16:00,54.15,54.55,53.8,54.25,2215100.0,4725.0,1864.5,1864.5,1864.05,1864.05,969650.0,0.0
NIFTY,26-DEC-2024,26000.0,04-11-2024 12:17:00,54.35,55.0,54.3,55.0,2215100.0,1175.0,1856.9,1870.0,1856.9,1857.2,969650.0,525.0
NIFTY,26-DEC-2024,26000.0,04-11-2024 12:18:00,54.9,55.0,54.6,55.0,2215100.0,2625.0,1859.95,1859.95,1847.55,1847.55,969650.0,0.0
NIFTY,26-DEC-2024,26000.0,04-11-2024 12:19:00,55.4,55.4,54.6,54.7,2217050.0,7125.0,1853.8,1867.0,1853.8,1867.0,969350.0,975.0
NIFTY,26-DEC-2024,26000.0,04-11-2024 12:20:00,54.7,54.7,54.25,54.4,2217050.0,0.0,,,,,,
NIFTY,26-DEC-2024,26000.0,04-11-2024 12:21:00,54.0,54.1,53.7,53.7,2217050.0,0.0,1867.0,1880.0,1867.0,1874.5,969350.0,0.0
NIFTY,26-DEC-2024,26000.0,04-11-2024 12:22:00,54.05,54.25,53.35,53.65,2224000.0,5225.0,1877.1,1896.7,1877.1,1896.7,969550.0,425.0
NIFTY,26-DEC-2024,26000.0,04-11-2024 12:23:00,53.5,54.0,53.5,54.0,2224000.0,0.0,1896.7,1896.7,1896.7,1896.7,969550.0,275.0
NIFTY,26-DEC-2024,26000.0,04-11-2024 12:24:00,53.95,54.2,53.9,53.9,2224000.0,7950.0,1888.75,1888.75,1885.6,1885.6,969550.0,25.0
NIFTY,26-DEC-2024,26000.0,04-11-2024 12:25:00,54.3,54.5,54.1,54.1,2227800.0,1425.0,1885.6,1885.6,1881.45,1881.45,969675.0,125.0
NIFTY,26-DEC-2024,26000.0,04-11-2024 12:26:00,54.4,54.7,54.35,54.6,2227800.0,1675.0,1897.15,1897.15,1897.15,1897.15,969675.0,200.0
NIFTY,26-DEC-2024,26000.0,04-11-2024 12:27:00,54.4,54.7,54.0,54.35,2227800.0,2550.0,1896.75,1896.75,1896.75,1896.75,969675.0,50.0
NIFTY,26-DEC-2024,26000.0,04-11-2024 12:28:00,54.45,54.9,54.1,54.9,2227725.0,1950.0,1895.8,1895.8,1884.55,1884.55,969600.0,100.0
NIFTY,26-DEC-2024,26000.0,04-11-2024 12:29:00,54.85,54.85,54.3,54.3,2227725.0,0.0,,,,,,
NIFTY,26-DEC-2024,26000.0,04-11-2024 12:30:00,54.3,54.95,54.0,54.8,2227725.0,2000.0,1895.05,1900.0,1883.9,1897.85,969600.0,100.0
NIFTY,26-DEC-2024,26000.0,04-11-2024 12:31:00,54.8,54.8,54.3,54.3,2227700.0,2250.0,1883.15,1895.4,1883.15,1895.4,969600.0,425.0
NIFTY,26-DEC-2024,26000.0,04-11-2024 12:32:00,54.2,54.8,54.2,54.8,2227700.0,175.0,1900.0,1900.0,1900.0,1900.0,969425.0,50.0
NIFTY,26-DEC-2024,26000.0,04-11-2024 12:33:00,54.5,55.1,54.45,54.5,2227700.0,8875.0,1886.8,1886.8,1885.8,1885.8,969425.0,150.0
NIFTY,26-DEC-2024,26000.0,04-11-2024 12:34:00,54.55,54.85,54.45,54.85,2230325.0,4125.0,1890.4,1890.4,1889.75,1889.75,969400.0,0.0
NIFTY,26-DEC-2024,26000.0,04-11-2024 12:35:00,54.5,55.45,54.5,55.05,2230325.0,2450.0,1889.75,1889.75,1876.7,1876.7,969400.0,50.0
NIFTY,26-DEC-2024,26000.0,04-11-2024 12:36:00,55.05,55.45,55.05,55.4,2230325.0,3425.0,1880.0,1880.0,1880.0,1880.0,969400.0,450.0
NIFTY,26-DEC-2024,26000.0,04-11-2024 12:37:00,55.0,55.5,55.0,55.1,2230400.0,1200.0,1885.7,1885.7,1885.7,1885.7,969100.0,100.0
NIFTY,26-DEC-2024,26000.0,04-11-2024 12:38:00,55.0,55.3,54.6,54.6,2230400.0,1875.0,1887.85,1892.1,1884.25,1890.0,969100.0,1200.0
NIFTY,26-DEC-2024,26000.0,04-11-2024 12:39:00,54.7,54.9,54.45,54.9,2230400.0,3625.0,1890.0,1901.15,1887.6,1901.1,969100.0,2825.0
NIFTY,26-DEC-2024,26000.0,04-11-2024 12:40:00,54.15,54.15,54.15,54.15,2230850.0,4100.0,1901.1,1901.1,1901.0,1901.1,969100.0,75.0
NIFTY,26-DEC-2024,26000.0,04-11-2024 12:41:00,54.0,54.9,54.0,54.9,2230850.0,0.0,1889.15,1889.15,1889.15,1889.15,967350.0,0.0
NIFTY,26-DEC-2024,26000.0,04-11-2024 12:42:00,54.85,55.3,54.85,55.0,2230850.0,0.0,1898.0,1898.0,1895.35,1895.35,967350.0,475.0
NIFTY,26-DEC-2024,26000.0,04-11-2024 12:43:00,55.0,55.65,55.0,55.65,2230825.0,0.0,1895.35,1895.35,1878.3,1878.3,967225.0,0.0
NIFTY,26-DEC-2024,26000.0,04-11-2024 12:44:00,54.95,55.15,54.95,55.0,2230825.0,9875.0,1878.3,1878.3,1878.3,1878.3,967225.0,75.0
NIFTY,26-DEC-2024,26000.0,04-11-2024 12:45:00,55.2,55.25,54.95,55.2,2230825.0,2500.0,1878.3,1886.25,1878.3,1886.25,967225.0,0.0
NIFTY,26-DEC-2024,26000.0,04-11-2024 12:46:00,55.0,55.35,55.0,55.2,2231075.0,575.0,1884.0,1885.25,1884.0,1885.25,967225.0,75.0
NIFTY,26-DEC-2024,26000.0,04-11-2024 12:47:00,54.95,55.1,54.95,55.0,2231075.0,0.0,1885.25,1889.65,1885.25,1889.65,967250.0,50.0
NIFTY,26-DEC-2024,26000.0,04-11-2024 12:48:00,54.85,54.85,54.4,54.5,2231075.0,3600.0,1889.65,1902.0,1889.65,1902.0,967250.0,25.0
NIFTY,26-DEC-2024,26000.0,04-11-2024 12:49:00,54.4,54.4,54.0,54.0,2232625.0,0.0,1902.0,1909.0,1897.05,1909.0,967250.0,475.0
NIFTY,26-DEC-2024,26000.0,04-11-2024 12:50:00,54.2,54.2,54.2,54.2,2232625.0,4225.0,1909.0,1914.6,1909.0,1914.6,967250.0,25.0
NIFTY,26-DEC-2024,26000.0,04-11-2024 12:51:00,54.2,54.3,53.75,54.3,2232625.0,0.0,1919.55,1919.55,1919.55,1919.55,967650.0,0.0
NIFTY,26-DEC-2024,26000.0,04-11-2024 12:52:00,54.3,54.55,53.95,53.95,2233625.0,1150.0,1920.0,1920.0,1908.05,1908.05,967575.0,150.0
NIFTY,26-DEC-2024,26000.0,04-11-2024 12:53:00,54.05,54.1,53.85,54.1,2233625.0,7300.0,1908.05,1915.55,1908.05,1914.35,967575.0,75.0
NIFTY,26-DEC-2024,26000.0,04-11-2024 12:54:00,54.9,54.9,53.95,53.95,2233625.0,3175.0,1913.1,1913.1,1912.85,1912.85,967575.0,300.0
NIFTY,26-DEC-2024,26000.0,04-11-2024 12:55:00,53.95,54.2,53.95,54.05,2233950.0,600.0,1912.85,1912.85,1912.85,1912.85,967575.0,0.0
NIFTY,26-DEC-2024,26000.0,04-11-2024 12:56:00,54.2,54.4,53.95,53.95,2233950.0,1975.0,1923.5,1923.5,1914.1,1914.1,967600.0,225.0
NIFTY,26-DEC-2024,26000.0,04-11-2024 12:57:00,53.95,54.15,53.95,54.15,2233950.0,0.0,1915.55,1922.5,1915.55,1922.5,967600.0,0.0
NIFTY,26-DEC-2024,26000.0,04-11-2024 12:58:00,54.15,54.15,53.95,54.0,2235750.0,4300.0,1917.0,1917.0,1917.0,1917.0,967600.0,100.0
NIFTY,26-DEC-2024,26000.0,04-11-2024 12:59:00,53.95,53.95,53.4,53.4,2235750.0,2650.0,1915.35,1920.0,1915.35,1920.0,967450.0,275.0
NIFTY,26-DEC-2024,26000.0,04-11-2024 13:00:00,53.8,55.0,53.8,54.6,2235750.0,0.0,1922.55,1922.55,1922.55,1922.55,967450.0,0.0
NIFTY,26-DEC-2024,26000.0,04-11-2024 13:01:00,54.35,55.0,54.35,55.0,2238075.0,450.0,1906.55,1906.55,1901.25,1903.15,967400.0,50.0
NIFTY,26-DEC-2024,26000.0,04-11-2024 13:02:00,55.1,55.1,54.7,54.7,2238075.0,575.0,1900.95,1903.7,1891.95,1891.95,967400.0,400.0
NIFTY,26-DEC-2024,26000.0,04-11-2024 13:03:00,54.7,55.2,54.7,55.2,2238075.0,600.0,1891.95,1891.95,1891.95,1891.95,967400.0,0.0
NIFTY,26-DEC-2024,26000.0,04-11-2024 13:04:00,54.95,55.2,54.85,55.2,2238250.0,1250.0,1898.25,1898.25,1898.25,1898.25,967400.0,175.0
NIFTY,26-DEC-2024,26000.0,04-11-2024 13:05:00,55.0,55.5,55.0,55.4,2238250.0,1300.0,1898.25,1898.25,1888.7,1888.7,967400.0,50.0
NIFTY,26-DEC-2024,26000.0,04-11-2024 13:06:00,55.7,55.8,54.7,54.95,2238250.0,3450.0,1888.7,1888.7,1877.2,1884.65,967250.0,250.0
NIFTY,26-DEC-2024,26000.0,04-11-2024 13:07:00,54.65,54.8,54.5,54.8,2238075.0,375.0,1884.65,1884.65,1884.65,1884.65,967250.0,0.0
NIFTY,26-DEC-2024,26000.0,04-11-2024 13:08:00,55.0,55.1,55.0,55.1,2238075.0,0.0,1897.0,1897.0,1897.0,1897.0,967200.0,0.0
NIFTY,26-DEC-2024,26000.0,04-11-2024 13:09:00,55.1,56.1,55.1,55.8,2238075.0,175.0,1897.0,1897.0,1880.3,1880.3,967200.0,25.0
NIFTY,26-DEC-2024,26000.0,04-11-2024 13:10:00,55.8,55.8,55.55,55.55,2238100.0,775.0,1882.4,1883.3,1882.4,1883.3,967200.0,0.0
NIFTY,26-DEC-2024,26000.0,04-11-2024 13:11:00,56.6,56.7,56.5,56.7,2238100.0,21900.0,1883.3,1883.3,1883.3,1883.3,967200.0,350.0
NIFTY,26-DEC-2024,26000.0,04-11-2024 13:12:00,56.5,57.0,56.5,56.55,2238100.0,3625.0,1883.3,1886.0,1883.3,1885.0,967200.0,100.0
NIFTY,26-DEC-2024,26000.0,04-11-2024 13:13:00,56.7,57.8,56.7,57.65,2236925.0,1175.0,1885.0,1885.0,1870.1,1870.1,967275.0,100.0
NIFTY,26-DEC-2024,26000.0,04-11-2024 13:14:00,58.15,58.15,57.25,57.25,2236925.0,3475.0,1870.1,1870.1,1859.6,1865.35,967275.0,150.0
NIFTY,26-DEC-2024,26000.0,04-11-2024 13:15:00,57.25,57.4,57.15,57.2,2236925.0,0.0,1865.35,1865.35,1865.35,1865.35,967275.0,0.0
NIFTY,26-DEC-2024,26000.0,04-11-2024 13:16:00,57.15,57.95,57.0,57.1,2237300.0,2575.0,1867.0,1867.0,1867.0,1867.0,967275.0,25.0
NIFTY,26-DEC-2024,26000.0,04-11-2024 13:17:00,56.6,56.85,55.85,56.0,2237300.0,0.0,1870.9,1882.4,1870.9,1882.4,967325.0,0.0
NIFTY,26-DEC-2024,26000.0,04-11-2024 13:18:00,55.85,55.85,55.35,55.35,2237300.0,21825.0,1882.4,1899.45,1882.4,1899.45,967325.0,100.0
NIFTY,26-DEC-2024,26000.0,04-11-2024 13:19:00,55.25,55.65,54.9,55.2,2240375.0,0.0,1899.45,1902.0,1899.45,1900.1,967400.0,0.0
NIFTY,26-DEC-2024,26000.0,04-11-2024 13:20:00,55.6,56.25,55.3,56.05,2240375.0,25475.0,1900.1,1900.1,1898.65,1898.65,967400.0,50.0
NIFTY,26-DEC-2024,26000.0,04-11-2024 13:21:00,56.05,56.15,55.6,55.8,2240375.0,8650.0,1901.5,1901.5,1901.5,1901.5,967400.0,100.0
NIFTY,26-DEC-2024,26000.0,04-11-2024 13:22:00,55.95,56.0,55.5,55.5,2240550.0,4325.0,1901.5,1901.5,1901.5,1901.5,967400.0,0.0
NIFTY,26-DEC-2024,26000.0,04-11-2024 13:23:00,55.7,56.4,55.55,56.2,2240550.0,2300.0,1897.0,1897.0,1889.35,1889.35,967325.0,300.0
NIFTY,26-DEC-2024,26000.0,04-11-2024 13:24:00,56.05,56.05,55.2,55.2,2240550.0,800.0,1889.35,1902.05,1889.35,1902.05,967325.0,150.0
NIFTY,26-DEC-2024,26000.0,04-11-2024 13:25:00,55.55,55.55,55.2,55.2,2241175.0,875.0,1902.05,1902.05,1902.05,1902.05,967325.0,0.0
NIFTY,26-DEC-2024,26000.0,04-11-2024 13:26:00,55.4,55.55,55.4,55.55,2241175.0,75.0,1894.85,1894.85,1894.85,1894.85,967050.0,25.0
NIFTY,26-DEC-2024,26000.0,04-11-2024 13:27:00,55.8,55.8,55.55,55.75,2241175.0,300.0,1895.15,1895.15,1882.2,1882.2,967050.0,125.0
NIFTY,26-DEC-2024,26000.0,04-11-2024 13:28:00,56.15,56.15,55.5,55.65,2241500.0,0.0,1882.2,1882.2,1882.2,1882.2,967050.0,0.0
NIFTY,26-DEC-2024,26000.0,04-11-2024 13:29:00,55.75,55.75,55.1,55.3,2241500.0,3650.0,1882.2,1882.2,1882.2,1882.2,967050.0,0.0
NIFTY,26-DEC-2024,26000.0,04-11-2024 13:30:00,55.3,55.65,55.05,55.3,2241500.0,11675.0,1882.2,1905.0,1882.2,1905.0,967050.0,25.0
NIFTY,26-DEC-2024,26000.0,04-11-2024 13:31:00,55.65,55.85,55.35,55.55,2242250.0,625.0,1905.0,1905.0,1882.2,1882.2,967050.0,125.0
NIFTY,26-DEC-2024,26000.0,04-11-2024 13:32:00,55.55,55.55,55.55,55.55,2242250.0,2150.0,1882.2,1882.2,1882.2,1882.2,967050.0,0.0
NIFTY,26-DEC-2024,26000.0,04-11-2024 13:33:00,56.0,56.0,56.0,56.0,2242250.0,125.0,1882.2,1882.2,1882.2,1882.2,967050.0,0.0
NIFTY,26-DEC-2024,26000.0,04-11-2024 13:34:00,56.1,56.1,55.75,55.75,2243025.0,50.0,1882.2,1882.2,1882.2,1882.2,967050.0,0.0
NIFTY,26-DEC-2024,26000.0,04-11-2024 13:35:00,55.55,55.9,55.45,55.9,2243025.0,1075.0,1882.2,1882.2,1882.2,1882.2,967050.0,0.0
NIFTY,26-DEC-2024,26000.0,04-11-2024 13:36:00,56.0,56.0,55.55,55.55,2243025.0,7075.0,1882.2,1882.2,1882.2,1882.2,967050.0,0.0
NIFTY,26-DEC-2024,26000.0,04-11-2024 13:37:00,55.75,55.8,55.45,55.45,2243025.0,225.0,1882.2,1882.2,1882.2,1882.2,967050.0,0.0
NIFTY,26-DEC-2024,26000.0,04-11-2024 13:38:00,,,,,,,1882.2,1882.2,1882.2,1882.2,967050.0,0.0
NIFTY,26-DEC-2024,26000.0,04-11-2024 13:39:00,55.65,56.0,55.6,56.0,2240025.0,0.0,1882.2,1905.0,1882.2,1905.0,966975.0,200.0
NIFTY,26-DEC-2024,26000.0,04-11-2024 13:40:00,56.05,56.15,55.9,56.15,2239625.0,2325.0,1905.0,1905.0,1884.05,1884.05,966850.0,250.0
NIFTY,26-DEC-2024,26000.0,04-11-2024 13:41:00,56.15,56.35,56.15,56.35,2239625.0,0.0,1884.05,1884.05,1884.05,1884.05,966850.0,50.0
NIFTY,26-DEC-2024,26000.0,04-11-2024 13:42:00,56.1,56.1,56.1,56.1,2239625.0,0.0,1887.0,1894.6,1887.0,1894.6,966850.0,75.0
NIFTY,26-DEC-2024,26000.0,04-11-2024 13:43:00,56.1,56.3,55.95,55.95,2237400.0,3275.0,1894.6,1894.6,1883.55,1883.55,966675.0,75.0
NIFTY,26-DEC-2024,26000.0,04-11-2024 13:44:00,55.8,56.2,55.8,55.95,2237400.0,0.0,1882.95,1894.0,1882.95,1890.0,966675.0,250.0
NIFTY,26-DEC-2024,26000.0,04-11-2024 13:45:00,55.95,56.25,55.95,56.25,2237400.0,1625.0,1890.0,1890.0,1887.95,1887.95,966675.0,25.0
NIFTY,26-DEC-2024,26000.0,04-11-2024 13:46:00,56.1,57.0,55.8,57.0,2237500.0,775.0,1887.95,1897.2,1887.95,1897.2,966550.0,0.0
NIFTY,26-DEC-2024,26000.0,04-11-2024 13:47:00,57.0,57.0,56.45,56.45,2237500.0,925.0,1889.65,1890.65,1882.2,1890.65,966550.0,0.0
NIFTY,26-DEC-2024,26000.0,04-11-2024 13:48:00,56.55,57.0,56.1,57.0,2237500.0,125.0,1882.2,1882.2,1878.35,1879.65,966550.0,150.0
NIFTY,26-DEC-2024,26000.0,04-11-2024 13:49:00,57.0,57.15,57.0,57.0,2236500.0,0.0,1878.85,1878.85,1878.85,1878.85,966550.0,0.0
NIFTY,26-DEC-2024,26000.0,04-11-2024 13:50:00,57.25,58.2,57.25,58.2,2236500.0,0.0,1876.4,1876.4,1870.0,1870.0,966725.0,0.0
NIFTY,26-DEC-2024,26000.0,04-11-2024 13:51:00,57.95,58.65,57.95,58.4,2236500.0,0.0,1857.3,1857.3,1855.55,1855.55,966725.0,0.0
NIFTY,26-DEC-2024,26000.0,04-11-2024 13:52:00,58.3,58.3,57.7,58.0,2237900.0,26525.0,1855.55,1855.55,1855.55,1855.55,966725.0,550.0
NIFTY,26-DEC-2024,26000.0,04-11-2024 13:53:00,58.3,58.45,57.8,57.9,2237900.0,0.0,1866.9,1866.9,1859.95,1865.9,966700.0,75.0
NIFTY,26-DEC-2024,26000.0,04-11-2024 13:54:00,57.9,57.95,57.0,57.3,2237900.0,0.0,1866.3,1875.7,1866.3,1875.7,966700.0,0.0
NIFTY,26-DEC-2024,26000.0,04-11-2024 13:55:00,57.45,57.45,57.0,57.45,2239625.0,0.0,,,,,,
NIFTY,26-DEC-2024,26000.0,04-11-2024 13:56:00,57.1,57.1,56.4,56.55,2239625.0,0.0,1875.7,1875.7,1875.7,1875.7,966700.0,100.0
NIFTY,26-DEC-2024,26000.0,04-11-2024 13:57:00,57.0,57.6,56.65,57.6,2239625.0,0.0,1880.0,1880.0,1880.0,1880.0,966700.0,0.0
NIFTY,26-DEC-2024,26000.0,04-11-2024 13:58:00,57.4,57.6,57.35,57.4,2239750.0,0.0,1872.75,1872.75,1864.75,1865.15,966600.0,200.0
NIFTY,26-DEC-2024,26000.0,04-11-2024 13:59:00,57.4,58.4,57.4,58.4,2239750.0,25300.0,1865.35,1865.35,1861.5,1861.75,966600.0,50.0
NIFTY,26-DEC-2024,26000.0,04-11-2024 14:00:00,58.15,58.5,58.15,58.45,2239750.0,975.0,1861.75,1861.75,1861.75,1861.75,966600.0,100.0
NIFTY,26-DEC-2024,26000.0,04-11-2024 14:01:00,58.55,58.8,58.55,58.8,2239225.0,1800.0,1862.75,1862.75,1862.75,1862.75,966600.0,125.0
NIFTY,26-DEC-2024,26000.0,04-11-2024 14:02:00,58.8,58.85,58.25,58.25,2239225.0,2150.0,1862.75,1862.75,1862.75,1862.75,966600.0,0.0
NIFTY,26-DEC-2024,26000.0,04-11-2024 14:03:00,58.6,58.6,58.25,58.35,2239225.0,0.0,,,,,,
NIFTY,26-DEC-2024,26000.0,04-11-2024 14:04:00,58.3,58.45,57.5,57.5,2238850.0,1475.0,1862.75,1862.75,1862.0,1862.0,966525.0,0.0
NIFTY,26-DEC-2024,26000.0,04-11-2024 14:05:00,57.75,57.85,56.4,56.4,2238850.0,0.0,1851.7,1853.55,1851.7,1853.55,966325.0,0.0
NIFTY,26-DEC-2024,26000.0,04-11-2024 14:06:00,56.5,56.9,56.1,56.25,2238850.0,0.0,1853.55,1853.55,1853.55,1853.55,966325.0,475.0
NIFTY,26-DEC-2024,26000.0,04-11-2024 14:07:00,56.2,56.9,56.2,56.7,2239975.0,59925.0,,,,,,
NIFTY,26-DEC-2024,26000.0,04-11-2024 14:08:00,56.75,57.0,56.6,56.6,2239975.0,0.0,,,,,,
NIFTY,26-DEC-2024,26000.0,04-11-2024 14:09:00,57.35,58.25,57.15,58.05,2239975.0,9150.0,1865.0,1865.0,1847.9,1847.9,966250.0,100.0
NIFTY,26-DEC-2024,26000.0,04-11-2024 14:10:00,57.9,57.95,57.8,57.8,2239600.0,2225.0,1845.6,1848.75,1845.6,1848.75,966250.0,200.0
NIFTY,26-DEC-2024,26000.0,04-11-2024 14:11:00,57.3,58.4,57.1,58.1,2239600.0,0.0,1852.2,1852.2,1852.2,1852.2,966150.0,25.0
NIFTY,26-DEC-2024,26000.0,04-11-2024 14:12:00,58.4,58.6,58.0,58.0,2239600.0,0.0,1824.5,1832.0,1824.05,1824.05,966150.0,0.0
NIFTY,26-DEC-2024,26000.0,04-11-2024 14:13:00,58.35,58.4,57.8,57.8,2240250.0,0.0,1822.9,1825.6,1822.9,1825.6,965950.0,350.0
NIFTY,26-DEC-2024,26000.0,04-11-2024 14:14:00,58.0,58.05,57.6,57.95,2240250.0,13950.0,1828.55,1835.0,1828.55,1835.0,965950.0,200.0
NIFTY,26-DEC-2024,26000.0,04-11-2024 14:15:00,58.05,58.05,57.45,57.75,2240250.0,1050.0,1841.15,1841.15,1841.15,1841.15,965950.0,350.0
NIFTY,26-DEC-2024,26000.0,04-11-2024 14:16:00,57.8,58.25,57.7,57.7,2239975.0,1625.0,1835.0,1835.0,1822.3,1824.55,965775.0,0.0
NIFTY,26-DEC-2024,26000.0,04-11-2024 14:17:00,58.4,58.4,57.5,57.7,2239975.0,2300.0,1822.3,1833.0,1820.0,1833.0,965775.0,1050.0
NIFTY,26-DEC-2024,26000.0,04-11-2024 14:18:00,57.7,57.7,57.0,57.15,2239975.0,0.0,1824.8,1824.8,1824.8,1824.8,965775.0,100.0
NIFTY,26-DEC-2024,26000.0,04-11-2024 14:19:00,56.5,57.3,56.35,56.9,2240450.0,3425.0,1824.8,1836.1,1824.8,1836.1,965850.0,0.0
NIFTY,26-DEC-2024,26000.0,04-11-2024 14:20:00,56.9,57.4,56.8,56.95,2240450.0,4000.0,1837.55,1839.0,1837.35,1837.35,965850.0,425.0
NIFTY,26-DEC-2024,26000.0,04-11-2024 14:21:00,57.6,57.95,57.4,57.95,2240450.0,0.0,1840.0,1840.0,1840.0,1840.0,965850.0,0.0
NIFTY,26-DEC-2024,26000.0,04-11-2024 14:22:00,57.75,58.25,57.75,58.0,2239600.0,1825.0,1840.0,1840.0,1830.9,1830.9,965525.0,25.0
NIFTY,26-DEC-2024,26000.0,04-11-2024 14:23:00,58.0,58.1,57.9,57.9,2239600.0,2350.0,1830.9,1835.85,1822.6,1835.85,965525.0,25.0
NIFTY,26-DEC-2024,26000.0,04-11-2024 14:24:00,57.9,58.0,57.2,57.9,2239600.0,1100.0,1841.2,1845.85,1841.2,1845.85,965525.0,0.0
NIFTY,26-DEC-2024,26000.0,04-11-2024 14:25:00,57.9,58.35,57.9,58.2,2239400.0,1000.0,1845.85,1845.85,1824.95,1824.95,965525.0,150.0
NIFTY,26-DEC-2024,26000.0,04-11-2024 14:26:00,58.25,58.25,57.0,57.25,2239400.0,0.0,1825.0,1825.0,1825.0,1825.0,965525.0,0.0
NIFTY,26-DEC-2024,26000.0,04-11-2024 14:27:00,57.25,57.5,57.0,57.0,2239400.0,0.0,1825.0,1849.65,1825.0,1849.65,965525.0,400.0
NIFTY,26-DEC-2024,26000.0,04-11-2024 14:28:00,57.0,57.55,56.8,57.15,2241800.0,8600.0,1849.65,1849.65,1849.65,1849.65,965525.0,25.0
NIFTY,26-DEC-2024,26000.0,04-11-2024 14:29:00,57.6,57.95,57.15,57.6,2241800.0,0.0,1840.0,1840.0,1840.0,1840.0,965525.0,25.0
NIFTY,26-DEC-2024,26000.0,04-11-2024 14:30:00,57.8,58.25,57.65,57.85,2241800.0,8550.0,1835.0,1835.0,1827.35,1827.35,965450.0,475.0
NIFTY,26-DEC-2024,26000.0,04-11-2024 14:31:00,58.4,59.1,58.05,58.65,2241075.0,4400.0,1828.6,1828.6,1817.0,1817.0,965450.0,175.0
NIFTY,26-DEC-2024,26000.0,04-11-2024 14:32:00,59.1,59.3,58.6,59.3,2241075.0,0.0,1817.0,1826.2,1817.0,1826.2,965300.0,0.0
NIFTY,26-DEC-2024,26000.0,04-11-2024 14:33:00,58.95,59.1,58.6,58.7,2241075.0,0.0,1826.2,1826.2,1826.2,1826.2,965300.0,0.0
NIFTY,26-DEC-2024,26000.0,04-11-2024 14:34:00,58.85,58.9,58.2,58.2,2241525.0,7575.0,1826.2,1826.2,1822.0,1822.0,965425.0,350.0
NIFTY,26-DEC-2024,26000.0,04-11-2024 14:35:00,58.95,59.7,58.95,59.3,2241525.0,4775.0,1831.8,1831.8,1831.8,1831.8,965425.0,1050.0
NIFTY,26-DEC-2024,26000.0,04-11-2024 14:36:00,59.0,59.0,58.6,58.85,2241525.0,2000.0,1831.8,1835.0,1831.8,1835.0,965425.0,0.0
NIFTY,26-DEC-2024,26000.0,04-11-2024 14:37:00,58.7,59.45,58.7,59.25,2240525.0,4025.0,1834.65,1834.65,1813.0,1813.0,964850.0,200.0
NIFTY,26-DEC-2024,26000.0,04-11-2024 14:38:00,59.4,59.85,59.3,59.4,2240525.0,1300.0,1813.0,1813.0,1813.0,1813.0,964850.0,575.0
NIFTY,26-DEC-2024,26000.0,04-11-2024 14:39:00,59.25,59.65,58.95,59.25,2240525.0,12225.0,1815.0,1815.0,1808.0,1811.0,964850.0,175.0
NIFTY,26-DEC-2024,26000.0,04-11-2024 14:40:00,59.0,59.45,58.95,58.95,2241950.0,8450.0,1804.75,1804.75,1790.4,1790.4,964850.0,175.0
NIFTY,26-DEC-2024,26000.0,04-11-2024 14:41:00,59.1,59.5,59.05,59.1,2241950.0,0.0,1791.0,1795.0,1791.0,1795.0,964725.0,0.0
NIFTY,26-DEC-2024,26000.0,04-11-2024 14:42:00,59.3,59.3,58.25,58.75,2241950.0,6900.0,1795.0,1810.25,1795.0,1810.0,964725.0,300.0
NIFTY,26-DEC-2024,26000.0,04-11-2024 14:43:00,58.25,58.6,58.2,58.5,2246600.0,6125.0,1810.0,1826.35,1810.0,1826.35,964725.0,275.0
NIFTY,26-DEC-2024,26000.0,04-11-2024 14:44:00,58.2,59.25,58.2,58.65,2246600.0,3350.0,1820.35,1823.65,1815.95,1823.65,964725.0,1250.0
NIFTY,26-DEC-2024,26000.0,04-11-2024 14:45:00,58.8,59.55,58.8,59.25,2246600.0,7750.0,1823.7,1823.95,1807.15,1807.15,964725.0,750.0
NIFTY,26-DEC-2024,26000.0,04-11-2024 14:46:00,59.65,60.1,59.35,59.9,2248300.0,7200.0,1813.25,1813.3,1813.25,1813.3,964725.0,75.0
NIFTY,26-DEC-2024,26000.0,04-11-2024 14:47:00,60.0,60.65,60.0,60.65,2248300.0,2675.0,1793.1,1803.3,1793.1,1803.3,964700.0,150.0
NIFTY,26-DEC-2024,26000.0,04-11-2024 14:48:00,60.6,61.25,60.4,60.7,2248300.0,5475.0,1785.0,1785.0,1775.45,1775.45,964700.0,175.0
NIFTY,26-DEC-2024,26000.0,04-11-2024 14:49:00,60.7,61.35,60.5,60.85,2251250.0,2825.0,1779.8,1779.8,1775.0,1775.0,964700.0,400.0
NIFTY,26-DEC-2024,26000.0,04-11-2024 14:50:00,60.8,60.9,60.15,60.15,2251250.0,0.0,1771.6,1771.6,1771.6,1771.6,964750.0,0.0
NIFTY,26-DEC-2024,26000.0,04-11-2024 14:51:00,60.05,60.1,59.75,60.1,2251250.0,1950.0,1793.75,1793.75,1793.75,1793.75,964750.0,50.0
NIFTY,26-DEC-2024,26000.0,04-11-2024 14:52:00,60.1,60.4,60.0,60.3,2249550.0,0.0,1793.75,1793.85,1793.75,1793.85,964750.0,50.0
NIFTY,26-DEC-2024,26000.0,04-11-2024 14:53:00,60.3,60.5,59.9,60.2,2249550.0,6675.0,1790.0,1796.65,1786.75,1796.65,964750.0,325.0
NIFTY,26-DEC-2024,26000.0,04-11-2024 14:54:00,60.45,60.6,60.05,60.6,2249550.0,3575.0,1796.65,1796.65,1787.0,1787.0,964750.0,50.0
NIFTY,26-DEC-2024,26000.0,04-11-2024 14:55:00,60.8,60.9,59.7,59.7,2249200.0,0.0,1785.65,1785.65,1774.75,1783.1,964650.0,400.0
NIFTY,26-DEC-2024,26000.0,04-11-2024 14:56:00,59.75,59.85,59.1,59.65,2249200.0,4850.0,1800.0,1800.0,1800.0,1800.0,964650.0,125.0
NIFTY,26-DEC-2024,26000.0,04-11-2024 14:57:00,60.0,60.05,59.35,59.35,2249200.0,0.0,1794.6,1799.95,1791.15,1797.95,964650.0,0.0
NIFTY,26-DEC-2024,26000.0,04-11-2024 14:58:00,59.75,59.75,59.2,59.2,2249250.0,4125.0,1797.95,1798.25,1797.95,1798.25,964650.0,825.0
NIFTY,26-DEC-2024,26000.0,04-11-2024 14:59:00,59.2,59.8,59.2,59.8,2249250.0,2300.0,1786.2,1786.2,1786.2,1786.2,964650.0,150.0
NIFTY,26-DEC-2024,26000.0,04-11-2024 15:00:00,60.15,61.2,59.8,60.3,2249250.0,7075.0,1786.2,1786.2,1768.8,1775.3,964450.0,0.0
NIFTY,26-DEC-2024,26000.0,04-11-2024 15:01:00,60.2,61.3,60.2,61.3,2252350.0,4925.0,1775.3,1775.3,1765.45,1765.45,964250.0,400.0
NIFTY,26-DEC-2024,26000.0,04-11-2024 15:02:00,61.05,61.65,60.65,61.6,2252350.0,2050.0,1763.05,1763.05,1760.0,1760.0,964250.0,100.0
NIFTY,26-DEC-2024,26000.0,04-11-2024 15:03:00,61.3,61.85,60.25,60.3,2252350.0,3425.0,1764.3,1770.0,1764.3,1770.0,964250.0,100.0
NIFTY,26-DEC-2024,26000.0,04-11-2024 15:04:00,60.4,60.4,59.85,60.4,2253350.0,0.0,1772.85,1772.85,1772.85,1772.85,964250.0,75.0
NIFTY,26-DEC-2024,26000.0,04-11-2024 15:05:00,60.55,60.55,60.2,60.3,2253350.0,0.0,,,,,,
NIFTY,26-DEC-2024,26000.0,04-11-2024 15:06:00,60.4,60.55,60.15,60.15,2253350.0,3900.0,1770.0,1773.75,1770.0,1773.75,964300.0,25.0
NIFTY,26-DEC-2024,26000.0,04-11-2024 15:07:00,60.15,60.7,59.8,60.45,2253100.0,375.0,1773.75,1776.95,1773.75,1776.95,964300.0,25.0
NIFTY,26-DEC-2024,26000.0,04-11-2024 15:08:00,60.65,60.8,60.0,60.3,2253100.0,5050.0,1782.0,1782.0,1782.0,1782.0,964325.0,75.0
NIFTY,26-DEC-2024,26000.0,04-11-2024 15:09:00,60.5,61.2,60.5,61.1,2253100.0,5275.0,1771.75,1771.75,1768.05,1768.05,964325.0,150.0
NIFTY,26-DEC-2024,26000.0,04-11-2024 15:10:00,61.2,61.3,60.95,61.0,2253625.0,1525.0,1768.2,1768.2,1753.55,1756.3,964325.0,50.0
NIFTY,26-DEC-2024,26000.0,04-11-2024 15:11:00,61.0,61.0,60.15,60.15,2253625.0,1725.0,1756.3,1765.3,1751.7,1765.3,964325.0,125.0
NIFTY,26-DEC-2024,26000.0,04-11-2024 15:12:00,60.2,60.55,60.0,60.0,2253625.0,1925.0,1753.15,1765.55,1753.15,1765.55,964325.0,225.0
NIFTY,26-DEC-2024,26000.0,04-11-2024 15:13:00,60.5,61.0,60.15,60.9,2253425.0,0.0,1765.15,1765.15,1758.0,1760.0,964375.0,1400.0
NIFTY,26-DEC-2024,26000.0,04-11-2024 15:14:00,61.15,61.6,60.9,61.55,2253425.0,2325.0,1760.0,1760.0,1751.1,1751.1,964375.0,25.0
NIFTY,26-DEC-2024,26000.0,04-11-2024 15:15:00,61.65,61.65,60.4,60.7,2253425.0,0.0,1757.8,1768.2,1757.8,1768.2,964375.0,0.0
NIFTY,26-DEC-2024,26000.0,04-11-2024 15:16:00,61.35,61.65,61.35,61.55,2253525.0,0.0,1768.2,1768.2,1757.6,1757.6,964375.0,525.0
NIFTY,26-DEC-2024,26000.0,04-11-2024 15:17:00,61.55,61.55,61.2,61.2,2253525.0,0.0,1757.6,1757.6,1747.2,1747.2,963725.0,50.0
NIFTY,26-DEC-2024,26000.0,04-11-2024 15:18:00,61.25,61.5,61.0,61.4,2253525.0,11700.0,1747.2,1747.2,1747.2,1747.2,963725.0,125.0
NIFTY,26-DEC-2024,26000.0,04-11-2024 15:19:00,61.4,61.7,61.25,61.4,2253525.0,2325.0,1737.0,1743.85,1737.0,1743.85,963725.0,150.0
NIFTY,26-DEC-2024,26000.0,04-11-2024 15:20:00,61.4,62.0,61.2,61.2,2253875.0,0.0,1743.85,1743.85,1741.8,1741.8,963725.0,150.0
NIFTY,26-DEC-2024,26000.0,04-11-2024 15:21:00,61.25,61.45,61.2,61.45,2253875.0,0.0,1746.65,1764.4,1746.65,1759.65,963625.0,875.0
NIFTY,26-DEC-2024,26000.0,04-11-2024 15:22:00,61.35,61.6,61.05,61.05,2258150.0,0.0,1759.65,1760.0,1759.65,1760.0,963925.0,250.0
NIFTY,26-DEC-2024,26000.0,04-11-2024 15:23:00,61.3,61.35,61.05,61.05,2258150.0,0.0,1760.0,1760.0,1760.0,1760.0,963925.0,0.0
NIFTY,26-DEC-2024,26000.0,04-11-2024 15:24:00,61.2,61.8,61.2,61.8,2258150.0,0.0,1760.0,1760.0,1750.0,1750.0,963925.0,25.0
NIFTY,26-DEC-2024,26000.0,04-11-2024 15:25:00,61.8,62.0,60.5,61.6,2257800.0,0.0,1750.0,1757.5,1747.7,1757.5,963925.0,125.0
NIFTY,26-DEC-2024,26000.0,04-11-2024 15:26:00,61.35,61.6,61.3,61.45,2257800.0,0.0,1757.5,1759.5,1754.05,1759.5,963925.0,125.0
NIFTY,26-DEC-2024,26000.0,04-11-2024 15:27:00,61.55,61.55,61.45,61.5,2257800.0,32250.0,1759.5,1759.5,1759.5,1759.5,963925.0,0.0
NIFTY,26-DEC-2024,26000.0,04-11-2024 15:28:00,61.45,61.5,61.0,61.0,2265600.0,0.0,1768.2,1771.0,1768.1,1771.0,963775.0,275.0
NIFTY,26-DEC-2024,26000.0,04-11-2024 15:29:00,61.4,61.45,59.0,60.0,2265600.0,5650.0,1771.0,1779.05,1771.0,1779.05,963775.0,425.0
NIFTY,26-DEC-2024,26000.0,05-11-2024 09:15:00,58.05,60.0,56.15,59.0,2126475.0,0.0,1775.0,1775.0,1775.0,1775.0,0.0,0.0
NIFTY,26-DEC-2024,26000.0,05-11-2024 09:16:00,59.0,59.7,59.0,59.3,2126475.0,0.0,1775.0,1800.0,1755.9,1756.05,963575.0,200.0
NIFTY,26-DEC-2024,26000.0,05-11-2024 09:17:00,59.05,60.35,59.05,59.25,2126475.0,0.0,1755.9,1755.9,1742.5,1742.65,963575.0,325.0
NIFTY,26-DEC-2024,26000.0,05-11-2024 09:18:00,60.0,60.0,59.1,59.1,2122225.0,0.0,1742.65,1742.65,1742.65,1742.65,963575.0,0.0
NIFTY,26-DEC-2024,26000.0,05-11-2024 09:19:00,59.2,62.0,59.2,60.7,2122225.0,20375.0,1744.0,1744.0,1730.75,1730.75,963425.0,250.0
NIFTY,26-DEC-2024,26000.0,05-11-2024 09:20:00,60.9,61.65,60.0,60.1,2122225.0,3050.0,1721.6,1749.2,1721.6,1749.2,963425.0,0.0
NIFTY,26-DEC-2024,26000.0,05-11-2024 09:21:00,60.15,60.9,59.65,59.65,2125250.0,0.0,1744.2,1756.85,1744.2,1753.8,963075.0,0.0
NIFTY,26-DEC-2024,26000.0,05-11-2024 09:22:00,60.0,60.75,59.5,60.2,2125250.0,0.0,1753.5,1753.5,1753.5,1753.5,963075.0,0.0
NIFTY,26-DEC-2024,26000.0,05-11-2024 09:23:00,60.0,60.5,59.8,60.3,2125250.0,0.0,1753.5,1758.3,1753.5,1757.6,963075.0,625.0
NIFTY,26-DEC-2024,26000.0,05-11-2024 09:24:00,60.5,60.85,60.0,60.75,2126275.0,0.0,1757.6,1757.6,1734.95,1735.0,962925.0,25.0
NIFTY,26-DEC-2024,26000.0,05-11-2024 09:25:00,61.0,61.5,61.0,61.45,2126275.0,13275.0,1735.0,1735.0,1735.0,1735.0,962925.0,2775.0
NIFTY,26-DEC-2024,26000.0,05-11-2024 09:26:00,61.45,62.75,61.3,61.65,2126275.0,0.0,,,,,,
NIFTY,26-DEC-2024,26000.0,05-11-2024 09:27:00,61.85,62.65,61.0,61.0,2130275.0,4050.0,1735.0,1757.3,1735.0,1757.3,962325.0,0.0
NIFTY,26-DEC-2024,26000.0,05-11-2024 09:28:00,61.0,61.45,60.0,61.45,2130275.0,6325.0,1750.7,1755.0,1747.1,1755.0,962325.0,150.0
NIFTY,26-DEC-2024,26000.0,05-11-2024 09:29:00,61.4,62.0,60.85,60.85,2130275.0,7825.0,1750.7,1750.7,1750.7,1750.7,962325.0,1075.0
NIFTY,26-DEC-2024,26000.0,05-11-2024 09:30:00,60.3,61.0,59.7,61.0,2135200.0,4150.0,1761.4,1761.4,1761.4,1761.4,962325.0,100.0
NIFTY,26-DEC-2024,26000.0,05-11-2024 09:31:00,60.3,60.85,60.3,60.7,2135200.0,1950.0,1759.1,1759.1,1759.1,1759.1,961675.0,0.0
NIFTY,26-DEC-2024,26000.0,05-11-2024 09:32:00,60.65,60.65,60.0,60.3,2135200.0,0.0,1741.8,1741.8,1741.8,1741.8,961675.0,0.0
NIFTY,26-DEC-2024,26000.0,05-11-2024 09:33:00,60.0,60.2,59.8,59.8,2135200.0,0.0,1741.8,1749.6,1741.8,1749.6,961675.0,150.0
NIFTY,26-DEC-2024,26000.0,05-11-2024 09:34:00,60.25,60.4,60.25,60.3,2134450.0,8025.0,1754.65,1767.0,1754.65,1767.0,961500.0,250.0
NIFTY,26-DEC-2024,26000.0,05-11-2024 09:35:00,59.9,59.95,59.6,59.6,2134450.0,0.0,1764.7,1775.0,1764.7,1768.8,961500.0,0.0
NIFTY,26-DEC-2024,26000.0,05-11-2024 09:36:00,59.6,60.0,59.3,59.35,2139275.0,6075.0,1768.8,1768.8,1768.8,1768.8,961500.0,250.0
NIFTY,26-DEC-2024,26000.0,05-11-2024 09:37:00,59.5,59.5,58.9,58.95,2139275.0,1475.0,1774.5,1777.8,1774.5,1776.8,961275.0,25.0
NIFTY,26-DEC-2024,26000.0,05-11-2024 09:38:00,58.95,59.4,58.45,58.45,2139275.0,5650.0,1771.1,1782.35,1771.1,1782.35,961275.0,0.0
NIFTY,26-DEC-2024,26000.0,05-11-2024 09:39:00,58.7,59.0,58.0,58.95,2139275.0,0.0,1774.0,1782.75,1774.0,1777.0,961275.0,0.0
NIFTY,26-DEC-2024,26000.0,05-11-2024 09:40:00,58.3,59.1,58.3,58.8,2142250.0,5475.0,1777.0,1780.95,1769.05,1780.95,961075.0,525.0
NIFTY,26-DEC-2024,26000.0,05-11-2024 09:41:00,59.0,59.05,58.6,58.6,2142250.0,1625.0,,,,,,
NIFTY,26-DEC-2024,26000.0,05-11-2024 09:42:00,58.65,58.65,58.0,58.0,2146775.0,1725.0,1771.0,1782.0,1771.0,1782.0,961075.0,375.0
NIFTY,26-DEC-2024,26000.0,05-11-2024 09:43:00,58.1,58.35,58.0,58.1,2146775.0,0.0,,,,,,
NIFTY,26-DEC-2024,26000.0,05-11-2024 09:44:00,58.4,58.5,58.2,58.2,2146775.0,0.0,1787.75,1787.75,1783.1,1783.1,960950.0,0.0
NIFTY,26-DEC-2024,26000.0,05-11-2024 09:45:00,58.6,58.6,58.55,58.55,2146775.0,11225.0,1785.0,1787.35,1785.0,1787.35,960450.0,675.0
NIFTY,26-DEC-2024,26000.0,05-11-2024 09:46:00,58.55,58.7,58.3,58.45,2150525.0,0.0,1795.65,1795.65,1795.65,1795.65,960450.0,0.0
NIFTY,26-DEC-2024,26000.0,05-11-2024 09:47:00,58.4,58.6,58.0,58.05,2150525.0,6600.0,1798.2,1800.0,1798.0,1798.0,960450.0,200.0
NIFTY,26-DEC-2024,26000.0,05-11-2024 09:48:00,58.55,59.0,58.0,58.7,2152025.0,1900.0,1798.0,1798.0,1798.0,1798.0,960450.0,350.0
NIFTY,26-DEC-2024,26000.0,05-11-2024 09:49:00,58.4,58.5,57.8,57.9,2152025.0,10225.0,1795.05,1795.05,1795.05,1795.05,960450.0,25.0
NIFTY,26-DEC-2024,26000.0,05-11-2024 09:50:00,57.85,58.0,57.4,57.4,2152025.0,3200.0,1802.0,1802.0,1800.0,1802.0,960200.0,75.0
NIFTY,26-DEC-2024,26000.0,05-11-2024 09:51:00,57.7,58.2,57.2,57.8,2152025.0,1600.0,1802.0,1802.0,1802.0,1802.0,960200.0,50.0
NIFTY,26-DEC-2024,26000.0,05-11-2024 09:52:00,58.0,58.0,57.15,57.15,2153500.0,0.0,1802.0,1810.0,1802.0,1810.0,960175.0,0.0
NIFTY,26-DEC-2024,26000.0,05-11-2024 09:53:00,57.35,58.0,57.1,58.0,2153500.0,3375.0,1807.05,1807.05,1799.5,1799.5,960175.0,375.0
NIFTY,26-DEC-2024,26000.0,05-11-2024 09:54:00,57.95,58.55,57.55,57.8,2154050.0,2650.0,1780.1,1785.1,1780.1,1785.1,958400.0,0.0
NIFTY,26-DEC-2024,26000.0,05-11-2024 09:55:00,58.55,58.55,58.1,58.1,2154050.0,0.0,1782.25,1782.25,1782.25,1782.25,958400.0,1725.0
NIFTY,26-DEC-2024,26000.0,05-11-2024 09:56:00,58.95,60.5,58.85,60.0,2154050.0,6075.0,1764.8,1764.8,1750.0,1753.75,958400.0,275.0
NIFTY,26-DEC-2024,26000.0,05-11-2024 09:57:00,60.3,61.1,60.3,60.5,2154050.0,0.0,1734.5,1734.5,1734.5,1734.5,958400.0,0.0
NIFTY,26-DEC-2024,26000.0,05-11-2024 09:58:00,60.2,60.5,60.2,60.5,2155800.0,3000.0,1734.5,1734.5,1734.5,1734.5,958400.0,75.0
NIFTY,26-DEC-2024,26000.0,05-11-2024 09:59:00,60.35,60.5,59.4,59.8,2155800.0,0.0,1738.5,1741.55,1738.0,1741.1,958250.0,50.0
NIFTY,26-DEC-2024,26000.0,05-11-2024 10:00:00,59.5,60.0,59.1,59.45,2159325.0,8425.0,1744.05,1751.0,1744.05,1751.0,958250.0,250.0
NIFTY,26-DEC-2024,26000.0,05-11-2024 10:01:00,59.7,59.7,58.3,58.55,2159325.0,13000.0,1753.35,1756.25,1753.35,1756.25,958300.0,275.0
NIFTY,26-DEC-2024,26000.0,05-11-2024 10:02:00,58.15,58.55,58.05,58.15,2159325.0,0.0,1770.45,1770.45,1770.45,1770.45,958300.0,0.0
NIFTY,26-DEC-2024,26000.0,05-11-2024 10:03:00,58.35,59.7,57.8,59.2,2159325.0,8025.0,1770.45,1770.45,1759.1,1759.1,958300.0,25.0
NIFTY,26-DEC-2024,26000.0,05-11-2024 10:04:00,59.2,59.2,58.75,58.75,2161550.0,3900.0,1765.7,1767.0,1765.7,1767.0,958250.0,150.0
NIFTY,26-DEC-2024,26000.0,05-11-2024 10:05:00,58.85,59.1,58.75,59.1,2161550.0,1800.0,1767.1,1767.1,1754.85,1763.1,958250.0,400.0
NIFTY,26-DEC-2024,26000.0,05-11-2024 10:06:00,59.1,59.8,59.1,59.15,2161550.0,1750.0,1763.1,1763.1,1763.1,1763.1,958250.0,75.0
NIFTY,26-DEC-2024,26000.0,05-11-2024 10:07:00,58.8,58.95,58.8,58.95,2162350.0,325.0,1763.1,1781.2,1763.1,1781.2,958175.0,25.0
NIFTY,26-DEC-2024,26000.0,05-11-2024 10:08:00,58.2,58.2,57.75,58.05,2162350.0,325.0,1788.7,1788.7,1788.7,1788.7,958175.0,75.0
NIFTY,26-DEC-2024,26000.0,05-11-2024 10:09:00,58.05,58.3,58.0,58.3,2162350.0,0.0,1779.5,1779.5,1772.9,1772.9,958075.0,0.0
NIFTY,26-DEC-2024,26000.0,05-11-2024 10:10:00,58.3,58.3,58.1,58.1,2162400.0,950.0,1772.9,1772.9,1772.9,1772.9,958075.0,275.0
NIFTY,26-DEC-2024,26000.0,05-11-2024 10:11:00,58.1,59.05,58.1,58.75,2162400.0,750.0,1772.9,1772.9,1772.9,1772.9,958075.0,0.0
NIFTY,26-DEC-2024,26000.0,05-11-2024 10:12:00,58.75,58.95,58.6,58.6,2162400.0,1850.0,1772.9,1772.9,1772.9,1772.9,958075.0,0.0
NIFTY,26-DEC-2024,26000.0,05-11-2024 10:13:00,58.6,59.1,58.6,58.9,2162450.0,1075.0,1772.9,1772.9,1772.9,1772.9,958075.0,0.0
NIFTY,26-DEC-2024,26000.0,05-11-2024 10:14:00,58.6,58.65,58.25,58.25,2162450.0,300.0,1765.0,1779.45,1765.0,1771.9,957825.0,50.0
NIFTY,26-DEC-2024,26000.0,05-11-2024 10:15:00,58.0,58.0,57.05,57.45,2164725.0,3275.0,1784.95,1785.3,1781.55,1785.3,957825.0,225.0
NIFTY,26-DEC-2024,26000.0,05-11-2024 10:16:00,57.4,57.95,57.4,57.8,2164725.0,3625.0,1784.15,1784.15,1775.6,1779.6,957825.0,150.0
NIFTY,26-DEC-2024,26000.0,05-11-2024 10:17:00,57.85,58.3,57.75,58.05,2164725.0,2175.0,1780.0,1787.7,1773.0,1787.7,957825.0,550.0
NIFTY,26-DEC-2024,26000.0,05-11-2024 10:18:00,57.65,57.75,57.65,57.65,2164725.0,0.0,,,,,,
NIFTY,26-DEC-2024,26000.0,05-11-2024 10:19:00,57.65,57.65,56.8,57.1,2165875.0,275.0,1787.7,1787.7,1787.7,1787.7,958000.0,0.0
NIFTY,26-DEC-2024,26000.0,05-11-2024 10:20:00,57.05,57.2,56.45,56.75,2165875.0,3500.0,1785.6,1785.6,1785.6,1785.6,958000.0,100.0
NIFTY,26-DEC-2024,26000.0,05-11-2024 10:21:00,56.75,57.45,56.75,57.0,2165875.0,900.0,1785.6,1785.6,1785.6,1785.6,958000.0,0.0
NIFTY,26-DEC-2024,26000.0,05-11-2024 10:22:00,57.1,57.15,56.5,57.15,2166975.0,2725.0,1785.6,1785.6,1785.6,1785.6,958000.0,0.0
NIFTY,26-DEC-2024,26000.0,05-11-2024 10:23:00,56.85,57.35,56.65,57.2,2166975.0,875.0,1786.5,1795.6,1783.25,1786.2,958075.0,225.0
NIFTY,26-DEC-2024,26000.0,05-11-2024 10:24:00,57.2,57.2,57.2,57.2,2166975.0,600.0,1785.45,1785.45,1785.45,1785.45,958075.0,150.0
NIFTY,26-DEC-2024,26000.0,05-11-2024 10:25:00,57.5,57.5,57.25,57.3,2166950.0,0.0,1785.45,1785.45,1785.45,1785.45,958075.0,0.0
NIFTY,26-DEC-2024,26000.0,05-11-2024 10:26:00,57.45,58.05,57.45,57.75,2166950.0,3250.0,1785.45,1785.45,1769.2,1772.05,957925.0,325.0
NIFTY,26-DEC-2024,26000.0,05-11-2024 10:27:00,57.85,58.55,57.85,58.45,2166950.0,3350.0,1772.05,1772.05,1749.65,1749.65,957925.0,500.0
NIFTY,26-DEC-2024,26000.0,05-11-2024 10:28:00,58.2,60.0,58.2,59.5,2169050.0,0.0,1749.65,1749.65,1720.15,1720.15,957925.0,75.0
NIFTY,26-DEC-2024,26000.0,05-11-2024 10:29:00,59.45,59.45,58.6,58.6,2169050.0,5800.0,1716.5,1716.5,1714.05,1714.05,957925.0,500.0
NIFTY,26-DEC-2024,26000.0,05-11-2024 10:30:00,59.1,59.4,58.75,59.15,2169050.0,1550.0,1714.05,1714.05,1714.05,1714.05,957925.0,50.0
NIFTY,26-DEC-2024,26000.0,05-11-2024 10:31:00,59.05,59.25,58.45,58.9,2168825.0,0.0,1714.05,1714.05,1714.05,1714.05,957925.0,0.0
NIFTY,26-DEC-2024,26000.0,05-11-2024 10:32:00,58.55,59.0,58.25,58.3,2168825.0,5075.0,1743.25,1756.55,1733.9,1756.55,957500.0,225.0
NIFTY,26-DEC-2024,26000.0,05-11-2024 10:33:00,58.2,58.2,57.15,57.65,2168825.0,0.0,1756.55,1760.55,1752.85,1752.85,957500.0,250.0
NIFTY,26-DEC-2024,26000.0,05-11-2024 10:34:00,57.6,57.6,56.8,57.25,2168925.0,0.0,1752.85,1767.25,1752.85,1767.25,957700.0,125.0
NIFTY,26-DEC-2024,26000.0,05-11-2024 10:35:00,56.9,57.4,56.6,56.6,2168925.0,3900.0,1767.25,1767.25,1764.7,1764.7,957700.0,25.0
NIFTY,26-DEC-2024,26000.0,05-11-2024 10:36:00,56.65,57.5,56.6,57.5,2168925.0,0.0,1764.7,1764.7,1764.7,1764.7,957700.0,0.0
NIFTY,26-DEC-2024,26000.0,05-11-2024 10:37:00,57.0,57.4,57.0,57.4,2170450.0,6400.0,1764.7,1769.65,1764.7,1769.65,957775.0,0.0
NIFTY,26-DEC-2024,26000.0,05-11-2024 10:38:00,57.4,57.4,56.95,56.95,2170450.0,325.0,1769.65,1783.55,1764.7,1783.55,957775.0,150.0
NIFTY,26-DEC-2024,26000.0,05-11-2024 10:39:00,56.8,57.1,56.8,57.1,2170450.0,1850.0,1783.55,1797.6,1783.55,1793.25,957775.0,50.0
NIFTY,26-DEC-2024,26000.0,05-11-2024 10:40:00,57.65,57.65,57.25,57.5,2170275.0,0.0,1793.25,1793.25,1775.25,1775.25,957750.0,100.0
NIFTY,26-DEC-2024,26000.0,05-11-2024 10:41:00,57.65,58.0,57.2,57.25,2170275.0,0.0,1775.25,1775.25,1775.25,1775.25,957750.0,0.0
NIFTY,26-DEC-2024,26000.0,05-11-2024 10:42:00,57.45,57.45,57.25,57.4,2170275.0,0.0,1775.25,1775.25,1775.25,1775.25,957750.0,0.0
NIFTY,26-DEC-2024,26000.0,05-11-2024 10:43:00,57.25,57.9,57.25,57.5,2170350.0,3275.0,1766.4,1767.85,1766.4,1767.85,957750.0,25.0
NIFTY,26-DEC-2024,26000.0,05-11-2024 10:44:00,57.05,57.05,57.0,57.0,2170350.0,625.0,1774.75,1774.75,1774.75,1774.75,957750.0,50.0
NIFTY,26-DEC-2024,26000.0,05-11-2024 10:45:00,56.95,56.95,56.25,56.7,2170350.0,975.0,1774.75,1775.0,1774.75,1775.0,957750.0,50.0
NIFTY,26-DEC-2024,26000.0,05-11-2024 10:46:00,57.0,57.75,56.8,57.75,2170000.0,500.0,1775.0,1775.0,1764.0,1764.2,957700.0,200.0
NIFTY,26-DEC-2024,26000.0,05-11-2024 10:47:00,57.2,57.75,57.2,57.7,2170000.0,500.0,1764.2,1764.2,1764.2,1764.2,957700.0,0.0
NIFTY,26-DEC-2024,26000.0,05-11-2024 10:48:00,57.3,57.3,57.0,57.0,2170000.0,125.0,1764.2,1764.2,1764.2,1764.2,957700.0,0.0
NIFTY,26-DEC-2024,26000.0,05-11-2024 10:49:00,57.0,57.2,57.0,57.2,2170650.0,0.0,1764.2,1764.2,1764.2,1764.2,957700.0,0.0
NIFTY,26-DEC-2024,26000.0,05-11-2024 10:50:00,57.1,57.2,57.1,57.15,2170650.0,1575.0,1764.2,1764.2,1752.75,1752.75,957700.0,25.0
NIFTY,26-DEC-2024,26000.0,05-11-2024 10:51:00,57.1,57.2,57.0,57.0,2170650.0,0.0,1752.75,1752.75,1752.75,1752.75,957700.0,0.0
NIFTY,26-DEC-2024,26000.0,05-11-2024 10:52:00,57.0,57.3,56.95,57.3,2170950.0,900.0,1752.75,1752.75,1752.75,1752.75,957700.0,0.0
NIFTY,26-DEC-2024,26000.0,05-11-2024 10:53:00,57.3,57.95,57.3,57.6,2170950.0,5525.0,1752.75,1768.05,1752.75,1768.05,957700.0,150.0
NIFTY,26-DEC-2024,26000.0,05-11-2024 10:54:00,57.15,57.5,57.15,57.5,2170950.0,1875.0,1768.05,1775.0,1768.05,1774.95,957700.0,150.0
NIFTY,26-DEC-2024,26000.0,05-11-2024 10:55:00,57.5,57.6,57.1,57.2,2171325.0,500.0,1774.95,1774.95,1773.75,1773.75,957800.0,25.0
NIFTY,26-DEC-2024,26000.0,05-11-2024 10:56:00,57.95,57.95,57.95,57.95,2171325.0,1300.0,1773.75,1773.75,1765.0,1765.0,957800.0,200.0
NIFTY,26-DEC-2024,26000.0,05-11-2024 10:57:00,57.95,57.95,57.45,57.8,2171325.0,925.0,1765.0,1767.65,1762.15,1764.7,957800.0,175.0
NIFTY,26-DEC-2024,26000.0,05-11-2024 10:58:00,57.9,58.0,57.4,57.4,2171150.0,600.0,1765.6,1765.6,1762.4,1762.4,957800.0,0.0
NIFTY,26-DEC-2024,26000.0,05-11-2024 10:59:00,57.55,57.6,57.25,57.6,2171150.0,0.0,,,,,,
NIFTY,26-DEC-2024,26000.0,05-11-2024 11:00:00,57.3,57.35,57.0,57.3,2171150.0,0.0,1762.4,1762.4,1762.4,1762.4,957800.0,175.0
NIFTY,26-DEC-2024,26000.0,05-11-2024 11:01:00,57.35,57.6,57.1,57.2,2172075.0,0.0,1752.75,1752.75,1743.6,1743.6,957800.0,0.0
NIFTY,26-DEC-2024,26000.0,05-11-2024 11:02:00,57.25,57.3,57.0,57.3,2172075.0,0.0,,,,,,
NIFTY,26-DEC-2024,26000.0,05-11-2024 11:03:00,57.0,57.0,57.0,57.0,2172075.0,3475.0,1762.0,1762.0,1762.0,1762.0,957800.0,125.0
NIFTY,26-DEC-2024,26000.0,05-11-2024 11:04:00,56.8,56.95,56.8,56.8,2173050.0,0.0,1770.05,1770.05,1770.05,1770.05,957700.0,0.0
NIFTY,26-DEC-2024,26000.0,05-11-2024 11:05:00,57.3,57.4,57.3,57.4,2173050.0,750.0,,,,,,
NIFTY,26-DEC-2024,26000.0,05-11-2024 11:06:00,57.7,57.7,57.4,57.7,2173050.0,125.0,1770.05,1770.05,1770.05,1770.05,957700.0,200.0
NIFTY,26-DEC-2024,26000.0,05-11-2024 11:07:00,57.4,57.5,57.4,57.5,2172750.0,500.0,1770.05,1770.05,1770.05,1770.05,957700.0,0.0
NIFTY,26-DEC-2024,26000.0,05-11-2024 11:08:00,57.4,57.5,57.4,57.5,2172750.0,200.0,1770.05,1770.05,1770.05,1770.05,957700.0,0.0
NIFTY,26-DEC-2024,26000.0,05-11-2024 11:09:00,57.5,57.5,57.2,57.2,2172750.0,0.0,1770.05,1770.05,1764.35,1764.35,957725.0,0.0
NIFTY,26-DEC-2024,26000.0,05-11-2024 11:10:00,57.0,57.0,57.0,57.0,2172750.0,1100.0,1770.6,1770.6,1770.6,1770.6,957725.0,125.0
NIFTY,26-DEC-2024,26000.0,05-11-2024 11:11:00,,,,,,,1770.6,1770.6,1763.4,1763.4,957675.0,50.0
NIFTY,26-DEC-2024,26000.0,05-11-2024 11:12:00,57.0,57.7,57.0,57.7,2173000.0,0.0,1763.4,1763.4,1763.4,1763.4,957675.0,0.0
NIFTY,26-DEC-2024,26000.0,05-11-2024 11:13:00,57.7,57.7,57.25,57.25,2173725.0,75.0,1763.4,1763.4,1763.4,1763.4,957675.0,0.0
NIFTY,26-DEC-2024,26000.0,05-11-2024 11:14:00,57.25,57.5,57.25,57.5,2173725.0,875.0,1763.4,1763.4,1763.4,1763.4,957675.0,0.0
NIFTY,26-DEC-2024,26000.0,05-11-2024 11:15:00,57.5,57.5,57.5,57.5,2173725.0,300.0,1763.4,1763.4,1763.4,1763.4,957675.0,0.0
NIFTY,26-DEC-2024,26000.0,05-11-2024 11:16:00,57.8,58.4,57.2,57.4,2172875.0,1150.0,1763.4,1763.4,1763.4,1763.4,957675.0,0.0
NIFTY,26-DEC-2024,26000.0,05-11-2024 11:17:00,57.4,57.6,56.85,56.95,2172875.0,2300.0,1763.4,1763.4,1763.4,1763.4,957675.0,0.0
NIFTY,26-DEC-2024,26000.0,05-11-2024 11:18:00,56.95,57.0,56.95,57.0,2172875.0,650.0,1763.4,1763.4,1763.4,1763.4,957675.0,0.0
NIFTY,26-DEC-2024,26000.0,05-11-2024 11:19:00,57.55,57.55,57.3,57.5,2174050.0,0.0,,,,,,
NIFTY,26-DEC-2024,26000.0,05-11-2024 11:20:00,57.6,57.65,57.2,57.6,2174050.0,675.0,1767.8,1781.25,1767.8,1777.0,957700.0,325.0
NIFTY,26-DEC-2024,26000.0,05-11-2024 11:21:00,57.6,57.6,57.25,57.25,2174050.0,600.0,1773.1,1773.1,1773.1,1773.1,957700.0,25.0
NIFTY,26-DEC-2024,26000.0,05-11-2024 11:22:00,57.6,57.95,57.1,57.2,2174475.0,0.0,1773.1,1773.1,1773.1,1773.1,957675.0,0.0
NIFTY,26-DEC-2024,26000.0,05-11-2024 11:23:00,57.3,57.55,57.15,57.25,2174475.0,0.0,,,,,,
NIFTY,26-DEC-2024,26000.0,05-11-2024 11:24:00,57.25,57.25,56.4,56.4,2174475.0,1325.0,1773.1,1788.8,1773.1,1782.05,957675.0,175.0
NIFTY,26-DEC-2024,26000.0,05-11-2024 11:25:00,56.5,56.6,56.25,56.35,2176225.0,6525.0,1807.1,1807.1,1807.1,1807.1,957675.0,200.0
NIFTY,26-DEC-2024,26000.0,05-11-2024 11:26:00,56.4,56.7,56.4,56.6,2176225.0,0.0,,,,,,
NIFTY,26-DEC-2024,26000.0,05-11-2024 11:27:00,56.6,56.95,56.6,56.95,2176225.0,4100.0,1807.1,1807.1,1807.1,1807.1,957675.0,0.0
NIFTY,26-DEC-2024,26000.0,05-11-2024 11:28:00,56.85,56.95,56.85,56.95,2175900.0,650.0,1807.1,1807.1,1807.1,1807.1,957675.0,0.0
NIFTY,26-DEC-2024,26000.0,05-11-2024 11:29:00,56.55,56.55,56.5,56.5,2175900.0,150.0,1812.3,1812.3,1812.3,1812.3,957675.0,25.0
NIFTY,26-DEC-2024,26000.0,05-11-2024 11:30:00,56.45,56.95,56.3,56.75,2175900.0,0.0,,,,,,
NIFTY,26-DEC-2024,26000.0,05-11-2024 11:31:00,56.75,56.85,56.2,56.85,2175750.0,1600.0,1804.25,1812.3,1804.25,1812.3,957550.0,100.0
NIFTY,26-DEC-2024,26000.0,05-11-2024 11:32:00,56.7,56.85,56.7,56.85,2175750.0,0.0,1812.3,1812.3,1808.25,1808.25,957550.0,50.0
NIFTY,26-DEC-2024,26000.0,05-11-2024 11:33:00,56.5,56.75,56.45,56.45,2175750.0,925.0,1805.55,1805.55,1805.55,1805.55,957550.0,50.0
NIFTY,26-DEC-2024,26000.0,05-11-2024 11:34:00,56.45,56.6,56.35,56.6,2176475.0,525.0,1805.55,1805.55,1805.55,1805.55,957550.0,0.0
NIFTY,26-DEC-2024,26000.0,05-11-2024 11:35:00,56.45,56.8,56.2,56.2,2176475.0,1250.0,1805.55,1819.1,1805.55,1809.3,957575.0,0.0
NIFTY,26-DEC-2024,26000.0,05-11-2024 11:36:00,56.25,56.6,56.25,56.25,2176475.0,1050.0,1807.45,1807.45,1807.45,1807.45,957575.0,175.0
NIFTY,26-DEC-2024,26000.0,05-11-2024 11:37:00,56.0,56.0,55.45,55.45,2178200.0,1200.0,1807.45,1807.45,1807.45,1807.45,957575.0,0.0
NIFTY,26-DEC-2024,26000.0,05-11-2024 11:38:00,55.65,55.75,55.45,55.75,2178200.0,1625.0,1807.45,1807.45,1807.45,1807.45,957575.0,0.0
NIFTY,26-DEC-2024,26000.0,05-11-2024 11:39:00,55.7,55.7,55.0,55.1,2178200.0,0.0,1840.55,1842.4,1840.55,1842.4,957550.0,0.0
NIFTY,26-DEC-2024,26000.0,05-11-2024 11:40:00,55.15,55.6,54.95,55.0,2179175.0,0.0,,,,,,
NIFTY,26-DEC-2024,26000.0,05-11-2024 11:41:00,55.0,55.1,54.85,54.9,2179175.0,10425.0,1853.25,1853.25,1853.25,1853.25,957025.0,575.0
NIFTY,26-DEC-2024,26000.0,05-11-2024 11:42:00,55.3,55.4,54.65,54.9,2179175.0,0.0,,,,,,
NIFTY,26-DEC-2024,26000.0,05-11-2024 11:43:00,54.9,55.0,54.05,54.9,2181475.0,0.0,1869.85,1877.5,1869.5,1869.5,956600.0,750.0
NIFTY,26-DEC-2024,26000.0,05-11-2024 11:44:00,54.95,54.95,53.85,53.95,2181475.0,0.0,1870.45,1877.5,1870.45,1877.5,956600.0,0.0
NIFTY,26-DEC-2024,26000.0,05-11-2024 11:45:00,53.55,54.3,53.55,54.05,2181475.0,14350.0,1873.5,1878.3,1866.3,1866.3,956600.0,300.0
NIFTY,26-DEC-2024,26000.0,05-11-2024 11:46:00,54.0,54.7,53.65,54.65,2180125.0,0.0,1870.0,1877.05,1856.7,1867.9,956300.0,0.0
NIFTY,26-DEC-2024,26000.0,05-11-2024 11:47:00,54.7,54.95,54.1,54.6,2180125.0,0.0,1871.6,1877.55,1867.0,1867.0,956300.0,950.0
NIFTY,26-DEC-2024,26000.0,05-11-2024 11:48:00,54.6,54.6,53.8,53.8,2180125.0,0.0,1866.7,1866.7,1866.7,1866.7,956300.0,0.0
NIFTY,26-DEC-2024,26000.0,05-11-2024 11:49:00,53.6,54.05,53.2,54.0,2179175.0,0.0,1877.6,1877.6,1870.35,1874.85,955850.0,0.0
NIFTY,26-DEC-2024,26000.0,05-11-2024 11:50:00,53.75,54.3,53.75,54.3,2179175.0,8650.0,1872.1,1872.1,1860.45,1860.45,955850.0,400.0
NIFTY,26-DEC-2024,26000.0,05-11-2024 11:51:00,54.0,54.0,53.55,53.55,2179175.0,2450.0,1875.8,1875.8,1871.75,1875.6,955850.0,1300.0
NIFTY,26-DEC-2024,26000.0,05-11-2024 11:52:00,53.3,53.5,53.3,53.45,2180600.0,0.0,1877.3,1878.5,1877.3,1878.5,954400.0,0.0
NIFTY,26-DEC-2024,26000.0,05-11-2024 11:53:00,53.45,53.55,53.0,53.0,2180600.0,0.0,1874.7,1879.7,1872.55,1879.7,954400.0,0.0
NIFTY,26-DEC-2024,26000.0,05-11-2024 11:54:00,53.0,53.8,52.4,53.8,2180600.0,5075.0,1879.6,1886.3,1870.25,1870.25,954400.0,0.0
NIFTY,26-DEC-2024,26000.0,05-11-2024 11:55:00,53.55,53.7,52.9,53.7,2182500.0,2975.0,1866.25,1866.25,1866.25,1866.25,954400.0,925.0
NIFTY,26-DEC-2024,26000.0,05-11-2024 11:56:00,53.25,53.4,53.0,53.4,2182500.0,0.0,,,,,,
NIFTY,26-DEC-2024,26000.0,05-11-2024 11:57:00,53.4,53.7,53.4,53.6,2182500.0,0.0,1881.45,1881.45,1877.4,1877.4,954200.0,0.0
NIFTY,26-DEC-2024,26000.0,05-11-2024 11:58:00,53.45,54.6,53.05,54.6,2184250.0,5800.0,1880.25,1880.25,1853.65,1853.65,954050.0,0.0
NIFTY,26-DEC-2024,26000.0,05-11-2024 11:59:00,54.4,54.7,53.3,53.3,2184250.0,0.0,,,,,,
NIFTY,26-DEC-2024,26000.0,05-11-2024 12:00:00,53.65,54.0,53.35,54.0,2184250.0,0.0,1853.65,1872.25,1853.65,1872.25,954050.0,500.0
NIFTY,26-DEC-2024,26000.0,05-11-2024 12:01:00,53.6,53.8,53.6,53.7,2184675.0,0.0,1871.55,1872.55,1871.55,1872.05,953775.0,300.0
NIFTY,26-DEC-2024,26000.0,05-11-2024 12:02:00,53.8,54.1,53.65,53.9,2184675.0,4600.0,1872.05,1872.05,1872.05,1872.05,953775.0,125.0
NIFTY,26-DEC-2024,26000.0,05-11-2024 12:03:00,,,,,,,1872.05,1872.05,1872.05,1872.05,953775.0,0.0
NIFTY,26-DEC-2024,26000.0,05-11-2024 12:04:00,54.1,54.85,54.1,54.85,2184950.0,2225.0,1875.6,1875.6,1853.45,1853.45,953725.0,300.0
NIFTY,26-DEC-2024,26000.0,05-11-2024 12:05:00,54.9,54.9,54.5,54.5,2184950.0,0.0,1857.2,1857.2,1857.2,1857.2,953725.0,0.0
NIFTY,26-DEC-2024,26000.0,05-11-2024 12:06:00,54.2,54.95,54.2,54.45,2184950.0,1125.0,1856.7,1856.7,1856.4,1856.4,953725.0,150.0
NIFTY,26-DEC-2024,26000.0,05-11-2024 12:07:00,54.2,54.55,54.0,54.55,2186200.0,0.0,1856.0,1856.05,1850.0,1850.0,953300.0,0.0
NIFTY,26-DEC-2024,26000.0,05-11-2024 12:08:00,54.6,54.7,54.4,54.7,2186200.0,1150.0,1850.0,1850.0,1843.75,1843.75,953300.0,525.0
NIFTY,26-DEC-2024,26000.0,05-11-2024 12:09:00,54.45,54.95,54.45,54.85,2186200.0,3200.0,1847.9,1847.9,1847.9,1847.9,953300.0,625.0
NIFTY,26-DEC-2024,26000.0,05-11-2024 12:10:00,54.85,54.95,54.45,54.75,2186575.0,3175.0,1846.0,1846.0,1846.0,1846.0,953300.0,550.0
NIFTY,26-DEC-2024,26000.0,05-11-2024 12:11:00,54.75,54.85,54.2,54.5,2186575.0,0.0,1849.0,1860.55,1849.0,1860.55,952275.0,0.0
NIFTY,26-DEC-2024,26000.0,05-11-2024 12:12:00,54.5,55.05,54.5,55.05,2186575.0,1200.0,1860.55,1860.55,1849.0,1849.0,952275.0,125.0
NIFTY,26-DEC-2024,26000.0,05-11-2024 12:13:00,55.05,55.05,54.5,54.55,2188375.0,2950.0,1855.95,1855.95,1855.95,1855.95,952075.0,0.0
NIFTY,26-DEC-2024,26000.0,05-11-2024 12:14:00,54.5,54.5,54.4,54.45,2188375.0,0.0,1868.0,1868.0,1868.0,1868.0,952075.0,0.0
NIFTY,26-DEC-2024,26000.0,05-11-2024 12:15:00,54.5,54.5,54.0,54.2,2188375.0,0.0,1855.85,1866.0,1855.85,1866.0,952075.0,0.0
NIFTY,26-DEC-2024,26000.0,05-11-2024 12:16:00,54.7,54.7,54.1,54.2,2190625.0,5675.0,1863.3,1863.3,1863.3,1863.3,952075.0,1100.0
NIFTY,26-DEC-2024,26000.0,05-11-2024 12:17:00,54.55,54.95,54.55,54.95,2190625.0,1300.0,1857.1,1857.1,1857.1,1857.1,952075.0,75.0
NIFTY,26-DEC-2024,26000.0,05-11-2024 12:18:00,55.0,55.2,54.65,55.2,2190625.0,1650.0,1852.9,1855.7,1847.45,1847.45,951725.0,150.0
NIFTY,26-DEC-2024,26000.0,05-11-2024 12:19:00,54.5,55.35,54.5,55.2,2191750.0,0.0,1844.9,1844.9,1844.9,1844.9,951650.0,0.0
NIFTY,26-DEC-2024,26000.0,05-11-2024 12:20:00,55.2,55.2,54.7,54.7,2191750.0,1350.0,1844.9,1845.0,1844.9,1845.0,951650.0,25.0
NIFTY,26-DEC-2024,26000.0,05-11-2024 12:21:00,54.7,55.0,54.5,55.0,2191750.0,300.0,1845.0,1845.0,1845.0,1845.0,951650.0,1025.0
NIFTY,26-DEC-2024,26000.0,05-11-2024 12:22:00,55.0,55.0,54.5,54.5,2193175.0,1700.0,1845.0,1845.0,1845.0,1845.0,951650.0,0.0
NIFTY,26-DEC-2024,26000.0,05-11-2024 12:23:00,54.5,54.75,54.4,54.4,2193175.0,1175.0,1845.0,1845.0,1845.0,1845.0,951650.0,0.0
NIFTY,26-DEC-2024,26000.0,05-11-2024 12:24:00,54.3,54.3,54.05,54.05,2193175.0,1125.0,1845.0,1845.0,1845.0,1845.0,951650.0,0.0
NIFTY,26-DEC-2024,26000.0,05-11-2024 12:25:00,54.2,54.55,54.2,54.55,2192300.0,0.0,1880.0,1880.0,1880.0,1880.0,951425.0,0.0
NIFTY,26-DEC-2024,26000.0,05-11-2024 12:26:00,54.9,54.9,54.8,54.85,2192300.0,3700.0,1866.1,1866.1,1866.1,1866.1,951425.0,1075.0
NIFTY,26-DEC-2024,26000.0,05-11-2024 12:27:00,54.9,54.9,54.8,54.8,2192300.0,0.0,1866.1,1866.1,1866.1,1866.1,951425.0,0.0
NIFTY,26-DEC-2024,26000.0,05-11-2024 12:28:00,54.65,55.2,54.65,55.0,2191625.0,0.0,1866.1,1866.1,1866.1,1866.1,951425.0,0.0
NIFTY,26-DEC-2024,26000.0,05-11-2024 12:29:00,54.6,55.15,54.6,55.15,2191625.0,1425.0,1860.75,1860.75,1860.75,1860.75,950900.0,25.0
NIFTY,26-DEC-2024,26000.0,05-11-2024 12:30:00,55.15,55.3,55.15,55.2,2191625.0,550.0,1854.75,1856.8,1852.25,1852.25,950900.0,75.0
NIFTY,26-DEC-2024,26000.0,05-11-2024 12:31:00,54.65,55.15,54.65,55.15,2192250.0,0.0,,,,,,
NIFTY,26-DEC-2024,26000.0,05-11-2024 12:32:00,55.15,55.15,54.8,54.8,2192250.0,775.0,1848.15,1852.0,1848.15,1852.0,950850.0,250.0
NIFTY,26-DEC-2024,26000.0,05-11-2024 12:33:00,54.8,55.15,54.8,54.8,2192250.0,625.0,1853.15,1853.15,1853.15,1853.15,950850.0,175.0
NIFTY,26-DEC-2024,26000.0,05-11-2024 12:34:00,55.0,55.7,55.0,55.0,2192225.0,0.0,1853.1,1853.1,1840.0,1840.0,950725.0,0.0
NIFTY,26-DEC-2024,26000.0,05-11-2024 12:35:00,55.1,55.45,54.85,54.85,2192225.0,3950.0,1840.0,1840.0,1840.0,1840.0,950725.0,150.0
NIFTY,26-DEC-2024,26000.0,05-11-2024 12:36:00,55.1,55.35,55.1,55.35,2192225.0,375.0,1840.0,1840.0,1833.65,1833.65,950725.0,0.0
NIFTY,26-DEC-2024,26000.0,05-11-2024 12:37:00,55.4,55.45,55.1,55.1,2192225.0,550.0,,,,,,
NIFTY,26-DEC-2024,26000.0,05-11-2024 12:38:00,55.2,55.2,54.5,54.5,2192600.0,0.0,1831.0,1831.0,1829.85,1829.85,950600.0,0.0
NIFTY,26-DEC-2024,26000.0,05-11-2024 12:39:00,54.3,54.3,53.95,54.1,2192600.0,11625.0,1829.85,1834.0,1829.85,1834.0,950600.0,350.0
NIFTY,26-DEC-2024,26000.0,05-11-2024 12:40:00,54.05,54.2,53.65,54.0,2195250.0,4300.0,1834.0,1834.0,1834.0,1834.0,950600.0,25.0
NIFTY,26-DEC-2024,26000.0,05-11-2024 12:41:00,53.65,54.05,53.5,53.7,2195250.0,0.0,,,,,,
NIFTY,26-DEC-2024,26000.0,05-11-2024 12:42:00,53.7,53.85,53.6,53.8,2195250.0,4775.0,1834.0,1834.0,1834.0,1834.0,950575.0,75.0
NIFTY,26-DEC-2024,26000.0,05-11-2024 12:43:00,53.8,54.2,53.75,53.95,2195375.0,850.0,1834.0,1834.0,1834.0,1834.0,950575.0,0.0
NIFTY,26-DEC-2024,26000.0,05-11-2024 12:44:00,54.1,54.15,54.0,54.05,2195375.0,950.0,1825.0,1825.0,1825.0,1825.0,950575.0,50.0
NIFTY,26-DEC-2024,26000.0,05-11-2024 12:45:00,54.75,54.75,53.8,53.9,2195375.0,0.0,1822.7,1822.7,1822.7,1822.7,950650.0,0.0
NIFTY,26-DEC-2024,26000.0,05-11-2024 12:46:00,53.85,54.3,53.85,54.3,2198950.0,5600.0,1820.7,1820.7,1818.85,1818.85,950600.0,50.0
NIFTY,26-DEC-2024,26000.0,05-11-2024 12:47:00,54.3,54.45,54.0,54.3,2198950.0,2500.0,1818.85,1818.85,1818.85,1818.85,950600.0,75.0
NIFTY,26-DEC-2024,26000.0,05-11-2024 12:48:00,54.2,55.25,53.95,55.25,2198950.0,0.0,,,,,,
NIFTY,26-DEC-2024,26000.0,05-11-2024 12:49:00,55.1,55.1,54.2,54.6,2201275.0,6900.0,1818.85,1818.85,1818.85,1818.85,950600.0,0.0
NIFTY,26-DEC-2024,26000.0,05-11-2024 12:50:00,54.45,54.45,54.45,54.45,2201275.0,0.0,,,,,,
NIFTY,26-DEC-2024,26000.0,05-11-2024 12:51:00,54.05,54.1,54.0,54.0,2201275.0,4125.0,1810.0,1810.0,1810.0,1810.0,950600.0,100.0
NIFTY,26-DEC-2024,26000.0,05-11-2024 12:52:00,54.0,54.35,54.0,54.2,2201275.0,0.0,,,,,,
NIFTY,26-DEC-2024,26000.0,05-11-2024 12:53:00,54.45,54.7,54.4,54.4,2201275.0,600.0,1810.0,1810.0,1810.0,1810.0,950600.0,0.0
NIFTY,26-DEC-2024,26000.0,05-11-2024 12:54:00,54.7,54.8,54.5,54.8,2201275.0,1675.0,1810.0,1810.0,1810.0,1810.0,950600.0,0.0
NIFTY,26-DEC-2024,26000.0,05-11-2024 12:55:00,54.5,54.5,54.2,54.3,2200075.0,0.0,1812.25,1812.85,1811.75,1811.75,950575.0,0.0
NIFTY,26-DEC-2024,26000.0,05-11-2024 12:56:00,54.35,54.4,54.2,54.4,2200075.0,4425.0,1815.7,1815.7,1815.7,1815.7,950575.0,300.0
NIFTY,26-DEC-2024,26000.0,05-11-2024 12:57:00,54.4,54.4,54.2,54.25,2200075.0,725.0,1815.7,1817.0,1815.7,1817.0,950575.0,0.0
NIFTY,26-DEC-2024,26000.0,05-11-2024 12:58:00,55.0,55.0,54.7,54.75,2200325.0,0.0,1804.2,1804.2,1804.2,1804.2,950250.0,0.0
NIFTY,26-DEC-2024,26000.0,05-11-2024 12:59:00,54.75,54.95,54.05,54.2,2200325.0,725.0,1804.2,1804.2,1804.2,1804.2,950250.0,375.0
NIFTY,26-DEC-2024,26000.0,05-11-2024 13:00:00,54.05,54.35,53.85,54.35,2200325.0,1575.0,1804.2,1804.2,1804.2,1804.2,950250.0,0.0
NIFTY,26-DEC-2024,26000.0,05-11-2024 13:01:00,54.4,54.4,54.15,54.25,2201300.0,5425.0,1804.2,1804.2,1804.2,1804.2,950250.0,0.0
NIFTY,26-DEC-2024,26000.0,05-11-2024 13:02:00,54.0,54.2,54.0,54.2,2201300.0,0.0,,,,,,
NIFTY,26-DEC-2024,26000.0,05-11-2024 13:03:00,54.2,54.2,53.85,54.2,2201300.0,4050.0,1804.6,1811.2,1804.6,1811.2,950250.0,1775.0
NIFTY,26-DEC-2024,26000.0,05-11-2024 13:04:00,54.2,54.2,54.15,54.15,2201175.0,0.0,1811.2,1811.2,1811.2,1811.2,950250.0,0.0
NIFTY,26-DEC-2024,26000.0,05-11-2024 13:05:00,54.1,54.1,53.8,53.85,2201175.0,7950.0,1811.2,1811.2,1811.2,1811.2,950250.0,0.0
NIFTY,26-DEC-2024,26000.0,05-11-2024 13:06:00,53.65,53.65,53.5,53.6,2201175.0,0.0,1817.45,1817.45,1817.45,1817.45,949075.0,25.0
NIFTY,26-DEC-2024,26000.0,05-11-2024 13:07:00,53.85,53.85,52.95,53.35,2199825.0,0.0,1829.0,1829.0,1825.65,1825.65,949125.0,0.0
NIFTY,26-DEC-2024,26000.0,05-11-2024 13:08:00,53.35,53.35,53.35,53.35,2199825.0,3850.0,1825.65,1825.65,1825.65,1825.65,949125.0,150.0
NIFTY,26-DEC-2024,26000.0,05-11-2024 13:09:00,53.25,53.25,52.5,53.0,2199825.0,225.0,1835.1,1835.1,1830.0,1832.2,949125.0,25.0
NIFTY,26-DEC-2024,26000.0,05-11-2024 13:10:00,53.0,53.35,53.0,53.0,2201675.0,0.0,,,,,,
NIFTY,26-DEC-2024,26000.0,05-11-2024 13:11:00,52.95,53.0,52.4,52.8,2201675.0,12100.0,1828.9,1833.15,1828.9,1831.15,949100.0,3200.0
NIFTY,26-DEC-2024,26000.0,05-11-2024 13:12:00,52.85,53.3,52.8,53.3,2201675.0,875.0,1824.7,1832.7,1823.65,1832.7,949100.0,200.0
NIFTY,26-DEC-2024,26000.0,05-11-2024 13:13:00,53.35,53.95,53.1,53.95,2202600.0,2450.0,1825.55,1825.55,1824.65,1824.65,949100.0,100.0
NIFTY,26-DEC-2024,26000.0,05-11-2024 13:14:00,53.95,54.4,53.95,54.3,2202600.0,0.0,1815.5,1815.5,1811.2,1811.2,949000.0,0.0
NIFTY,26-DEC-2024,26000.0,05-11-2024 13:15:00,54.3,54.6,54.0,54.55,2202600.0,0.0,1815.5,1815.5,1814.55,1814.55,949000.0,0.0
NIFTY,26-DEC-2024,26000.0,05-11-2024 13:16:00,54.55,54.55,54.45,54.45,2202600.0,9375.0,1814.55,1814.55,1814.55,1814.55,949000.0,325.0
NIFTY,26-DEC-2024,26000.0,05-11-2024 13:17:00,54.1,54.1,53.65,53.65,2202525.0,0.0,1819.0,1819.0,1819.0,1819.0,949000.0,200.0
NIFTY,26-DEC-2024,26000.0,05-11-2024 13:18:00,53.55,54.25,53.5,54.2,2202525.0,0.0,1826.9,1826.9,1826.9,1826.9,949150.0,0.0
NIFTY,26-DEC-2024,26000.0,05-11-2024 13:19:00,54.1,54.3,54.0,54.15,2201850.0,3850.0,1819.05,1831.7,1819.05,1831.7,949100.0,275.0
NIFTY,26-DEC-2024,26000.0,05-11-2024 13:20:00,54.1,54.4,54.0,54.2,2201850.0,7250.0,1838.0,1840.0,1837.1,1840.0,949100.0,200.0
NIFTY,26-DEC-2024,26000.0,05-11-2024 13:21:00,54.35,54.8,54.2,54.8,2201850.0,3850.0,1840.0,1840.0,1840.0,1840.0,949100.0,25.0
NIFTY,26-DEC-2024,26000.0,05-11-2024 13:22:00,54.45,54.9,54.0,54.0,2201875.0,0.0,1824.3,1824.3,1822.7,1824.1,949100.0,0.0
NIFTY,26-DEC-2024,26000.0,05-11-2024 13:23:00,54.15,54.9,53.9,54.85,2201875.0,6225.0,1824.1,1824.1,1824.1,1824.1,949100.0,300.0
NIFTY,26-DEC-2024,26000.0,05-11-2024 13:24:00,55.0,56.0,55.0,55.95,2201875.0,10600.0,1777.5,1777.5,1772.75,1772.75,949300.0,25.0
NIFTY,26-DEC-2024,26000.0,05-11-2024 13:25:00,56.0,56.8,55.15,55.95,2200875.0,13175.0,1772.75,1772.75,1772.75,1772.75,949300.0,50.0
NIFTY,26-DEC-2024,26000.0,05-11-2024 13:26:00,55.65,57.0,55.3,56.95,2200875.0,3600.0,1781.2,1781.2,1781.2,1781.2,949300.0,0.0
NIFTY,26-DEC-2024,26000.0,05-11-2024 13:27:00,56.75,57.95,56.75,57.3,2200875.0,4675.0,1753.45,1753.45,1743.95,1743.95,949300.0,100.0
NIFTY,26-DEC-2024,26000.0,05-11-2024 13:28:00,57.3,58.05,57.25,57.6,2199675.0,3550.0,1743.6,1743.6,1730.15,1730.15,949175.0,250.0
NIFTY,26-DEC-2024,26000.0,05-11-2024 13:29:00,57.6,59.0,57.6,58.45,2199675.0,5725.0,,,,,,
NIFTY,26-DEC-2024,26000.0,05-11-2024 13:30:00,59.0,60.0,57.95,58.4,2199675.0,14300.0,1705.1,1705.1,1680.0,1680.0,949175.0,525.0
NIFTY,26-DEC-2024,26000.0,05-11-2024 13:31:00,58.4,59.55,58.35,58.95,2200000.0,800.0,1680.0,1680.0,1680.0,1680.0,949175.0,0.0
NIFTY,26-DEC-2024,26000.0,05-11-2024 13:32:00,60.0,60.45,59.45,60.45,2200000.0,5600.0,1680.0,1682.45,1680.0,1682.45,948775.0,25.0
NIFTY,26-DEC-2024,26000.0,05-11-2024 13:33:00,60.0,61.0,60.0,60.5,2200000.0,0.0,1682.45,1685.0,1673.25,1681.15,948775.0,325.0
NIFTY,26-DEC-2024,26000.0,05-11-2024 13:34:00,60.85,61.35,59.85,59.85,2198400.0,2800.0,1681.15,1681.15,1681.15,1681.15,948775.0,0.0
NIFTY,26-DEC-2024,26000.0,05-11-2024 13:35:00,59.8,60.8,59.8,60.8,2198400.0,3075.0,1681.15,1701.15,1681.15,1701.15,948775.0,50.0
NIFTY,26-DEC-2024,26000.0,05-11-2024 13:36:00,60.8,60.8,59.55,60.5,2198400.0,8850.0,1701.15,1701.15,1701.15,1701.15,948775.0,0.0
NIFTY,26-DEC-2024,26000.0,05-11-2024 13:37:00,60.35,60.7,59.35,60.3,2196650.0,0.0,1701.15,1701.15,1701.15,1701.15,948775.0,0.0
NIFTY,26-DEC-2024,26000.0,05-11-2024 13:38:00,59.8,60.45,59.1,60.4,2196650.0,0.0,1701.15,1711.3,1701.15,1705.0,948700.0,0.0
NIFTY,26-DEC-2024,26000.0,05-11-2024 13:39:00,59.4,60.25,59.15,59.35,2196650.0,14650.0,1705.0,1705.0,1705.0,1705.0,948700.0,75.0
NIFTY,26-DEC-2024,26000.0,05-11-2024 13:40:00,59.4,59.5,58.75,59.0,2193600.0,3550.0,1705.0,1722.0,1705.0,1722.0,948700.0,25.0
NIFTY,26-DEC-2024,26000.0,05-11-2024 13:41:00,59.1,59.7,58.7,59.1,2193600.0,0.0,1722.0,1722.0,1710.0,1710.0,948700.0,75.0
NIFTY,26-DEC-2024,26000.0,05-11-2024 13:42:00,59.0,59.2,58.7,58.8,2193600.0,14275.0,1713.15,1717.0,1713.15,1717.0,948700.0,50.0
NIFTY,26-DEC-2024,26000.0,05-11-2024 13:43:00,58.8,59.75,58.8,59.25,2194500.0,675.0,1710.0,1710.55,1710.0,1710.55,948500.0,225.0
NIFTY,26-DEC-2024,26000.0,05-11-2024 13:44:00,59.35,59.55,59.0,59.35,2194500.0,0.0,,,,,,
NIFTY,26-DEC-2024,26000.0,05-11-2024 13:45:00,59.45,59.95,59.3,59.55,2194500.0,0.0,1699.4,1704.4,1699.4,1704.4,948500.0,0.0
NIFTY,26-DEC-2024,26000.0,05-11-2024 13:46:00,59.45,60.05,59.35,59.9,2193450.0,0.0,,,,,,
NIFTY,26-DEC-2024,26000.0,05-11-2024 13:47:00,59.9,60.2,59.8,59.9,2193450.0,9025.0,1704.4,1704.4,1704.4,1704.4,948500.0,125.0
NIFTY,26-DEC-2024,26000.0,05-11-2024 13:48:00,60.2,60.75,59.8,60.3,2193450.0,0.0,,,,,,
NIFTY,26-DEC-2024,26000.0,05-11-2024 13:49:00,60.5,60.55,60.15,60.3,2190800.0,0.0,,,,,,
NIFTY,26-DEC-2024,26000.0,05-11-2024 13:50:00,60.0,60.85,60.0,60.3,2190800.0,8200.0,1690.0,1690.0,1690.0,1690.0,948300.0,0.0
NIFTY,26-DEC-2024,26000.0,05-11-2024 13:51:00,60.35,60.6,60.05,60.3,2190800.0,0.0,,,,,,
NIFTY,26-DEC-2024,26000.0,05-11-2024 13:52:00,60.7,61.25,60.6,61.1,2190400.0,8350.0,1685.8,1685.8,1685.8,1685.8,948300.0,300.0
NIFTY,26-DEC-2024,26000.0,05-11-2024 13:53:00,61.15,62.0,60.6,61.6,2190400.0,2425.0,1685.8,1685.8,1658.4,1658.4,948250.0,0.0
NIFTY,26-DEC-2024,26000.0,05-11-2024 13:54:00,61.6,61.6,60.0,60.0,2190400.0,0.0,,,,,,
NIFTY,26-DEC-2024,26000.0,05-11-2024 13:55:00,60.0,60.85,60.0,60.65,2191725.0,0.0,,,,,,
NIFTY,26-DEC-2024,26000.0,05-11-2024 13:56:00,60.65,61.1,60.4,61.1,2191725.0,9250.0,1679.1,1679.1,1674.0,1674.0,948225.0,325.0
NIFTY,26-DEC-2024,26000.0,05-11-2024 13:57:00,61.7,61.7,61.15,61.6,2191725.0,0.0,1668.0,1674.25,1668.0,1670.35,948225.0,0.0
NIFTY,26-DEC-2024,26000.0,05-11-2024 13:58:00,61.5,62.0,60.8,61.8,2193250.0,5275.0,1671.3,1671.3,1650.05,1650.05,948275.0,700.0
NIFTY,26-DEC-2024,26000.0,05-11-2024 13:59:00,61.35,62.3,61.0,61.7,2193250.0,0.0,1651.45,1652.65,1648.25,1648.25,948275.0,0.0
NIFTY,26-DEC-2024,26000.0,05-11-2024 14:00:00,61.45,61.95,61.2,61.5,2193250.0,0.0,,,,,,
NIFTY,26-DEC-2024,26000.0,05-11-2024 14:01:00,61.3,61.7,61.0,61.15,2187400.0,27000.0,1648.25,1653.75,1648.25,1653.75,948150.0,375.0
NIFTY,26-DEC-2024,26000.0,05-11-2024 14:02:00,61.5,61.85,61.2,61.8,2187400.0,7100.0,1653.75,1653.75,1653.75,1653.75,948150.0,25.0
NIFTY,26-DEC-2024,26000.0,05-11-2024 14:03:00,61.8,62.0,61.4,62.0,2187400.0,3000.0,1650.0,1650.0,1645.75,1646.6,948150.0,325.0
NIFTY,26-DEC-2024,26000.0,05-11-2024 14:04:00,62.1,63.45,62.0,63.45,2185975.0,0.0,1642.5,1642.5,1621.7,1621.7,947775.0,0.0
NIFTY,26-DEC-2024,26000.0,05-11-2024 14:05:00,63.45,64.3,63.45,64.05,2185975.0,5250.0,1621.7,1621.7,1606.85,1606.85,947775.0,475.0
NIFTY,26-DEC-2024,26000.0,05-11-2024 14:06:00,64.0,64.0,62.3,62.55,2185975.0,6500.0,,,,,,
NIFTY,26-DEC-2024,26000.0,05-11-2024 14:07:00,62.35,63.65,62.15,63.0,2185675.0,0.0,1622.25,1622.25,1622.25,1622.25,947750.0,0.0
NIFTY,26-DEC-2024,26000.0,05-11-2024 14:08:00,62.95,63.05,62.55,62.95,2185675.0,4800.0,1620.0,1620.0,1620.0,1620.0,947750.0,150.0
NIFTY,26-DEC-2024,26000.0,05-11-2024 14:09:00,62.6,63.2,62.05,62.9,2185675.0,0.0,1620.0,1620.0,1620.0,1620.0,947750.0,0.0
NIFTY,26-DEC-2024,26000.0,05-11-2024 14:10:00,62.9,63.7,62.6,63.35,2187075.0,8650.0,1624.0,1630.0,1624.0,1630.0,947725.0,25.0
NIFTY,26-DEC-2024,26000.0,05-11-2024 14:11:00,63.5,64.3,63.1,64.15,2187075.0,6500.0,1630.0,1630.0,1630.0,1630.0,947725.0,75.0
NIFTY,26-DEC-2024,26000.0,05-11-2024 14:12:00,63.9,63.9,63.3,63.4,2187075.0,0.0,,,,,,
NIFTY,26-DEC-2024,26000.0,05-11-2024 14:13:00,63.4,63.6,63.0,63.5,2189625.0,4825.0,1629.5,1629.5,1629.5,1629.5,947725.0,25.0
NIFTY,26-DEC-2024,26000.0,05-11-2024 14:14:00,63.5,63.65,63.2,63.2,2189625.0,11475.0,1617.45,1617.55,1617.45,1617.55,947675.0,75.0
NIFTY,26-DEC-2024,26000.0,05-11-2024 14:15:00,63.3,63.95,62.7,63.65,2189625.0,1775.0,1627.2,1627.2,1622.5,1622.5,947675.0,275.0
NIFTY,26-DEC-2024,26000.0,05-11-2024 14:16:00,63.55,64.05,63.5,63.8,2191600.0,1775.0,1622.5,1622.5,1620.0,1620.0,947450.0,0.0
NIFTY,26-DEC-2024,26000.0,05-11-2024 14:17:00,64.0,64.7,63.75,64.15,2191600.0,4075.0,1620.0,1620.0,1606.85,1606.85,947450.0,250.0
NIFTY,26-DEC-2024,26000.0,05-11-2024 14:18:00,64.2,64.2,63.35,63.6,2191600.0,0.0,1613.0,1613.0,1601.45,1601.45,947450.0,0.0
NIFTY,26-DEC-2024,26000.0,05-11-2024 14:19:00,63.5,63.55,62.9,63.05,2191625.0,12450.0,1601.45,1611.0,1601.45,1604.0,948150.0,900.0
NIFTY,26-DEC-2024,26000.0,05-11-2024 14:20:00,63.15,63.3,62.8,63.1,2191625.0,2475.0,1610.0,1610.0,1600.05,1600.05,948150.0,225.0
NIFTY,26-DEC-2024,26000.0,05-11-2024 14:21:00,63.35,63.55,62.8,63.15,2191625.0,3525.0,1593.25,1605.8,1593.25,1605.8,948150.0,475.0
NIFTY,26-DEC-2024,26000.0,05-11-2024 14:22:00,63.05,63.3,62.7,63.0,2193000.0,0.0,1607.0,1615.75,1605.15,1615.75,948225.0,0.0
NIFTY,26-DEC-2024,26000.0,05-11-2024 14:23:00,62.9,63.55,62.0,62.25,2193000.0,3775.0,1610.0,1614.0,1608.0,1614.0,948225.0,200.0
NIFTY,26-DEC-2024,26000.0,05-11-2024 14:24:00,61.9,63.0,61.9,62.4,2193000.0,11375.0,1614.0,1614.0,1614.0,1614.0,948225.0,475.0
NIFTY,26-DEC-2024,26000.0,05-11-2024 14:25:00,62.5,63.2,62.45,63.15,2192400.0,4575.0,1610.0,1610.0,1606.85,1606.85,948225.0,375.0
NIFTY,26-DEC-2024,26000.0,05-11-2024 14:26:00,62.9,63.7,62.85,63.15,2192400.0,2375.0,1606.5,1608.2,1599.55,1599.55,948100.0,0.0
NIFTY,26-DEC-2024,26000.0,05-11-2024 14:27:00,63.3,63.8,63.15,63.45,2192400.0,0.0,1595.0,1596.2,1594.55,1594.55,948100.0,0.0
NIFTY,26-DEC-2024,26000.0,05-11-2024 14:28:00,63.45,63.8,63.05,63.25,2191150.0,2450.0,1595.95,1596.05,1594.8,1595.7,948100.0,600.0
NIFTY,26-DEC-2024,26000.0,05-11-2024 14:29:00,63.1,63.9,63.0,63.4,2191150.0,3625.0,1601.85,1603.0,1597.95,1597.95,947625.0,525.0
NIFTY,26-DEC-2024,26000.0,05-11-2024 14:30:00,63.35,65.0,63.35,64.75,2191150.0,2875.0,1601.15,1601.15,1588.5,1591.25,947625.0,725.0
NIFTY,26-DEC-2024,26000.0,05-11-2024 14:31:00,65.0,65.0,63.95,64.25,2190175.0,6100.0,1592.05,1605.65,1590.0,1605.4,946450.0,0.0
NIFTY,26-DEC-2024,26000.0,05-11-2024 14:32:00,64.4,64.45,63.85,64.15,2190175.0,0.0,1604.7,1611.45,1599.7,1611.45,946450.0,0.0
NIFTY,26-DEC-2024,26000.0,05-11-2024 14:33:00,64.4,64.55,64.0,64.1,2190175.0,4525.0,1611.7,1615.4,1609.6,1609.6,946450.0,1800.0
NIFTY,26-DEC-2024,26000.0,05-11-2024 14:34:00,64.0,65.6,63.8,65.55,2187375.0,6150.0,1609.35,1610.55,1595.0,1599.15,945650.0,925.0
NIFTY,26-DEC-2024,26000.0,05-11-2024 14:35:00,65.65,65.7,64.5,64.5,2187375.0,7975.0,1599.1,1614.0,1598.7,1614.0,945650.0,1000.0
NIFTY,26-DEC-2024,26000.0,05-11-2024 14:36:00,64.5,64.6,62.8,62.9,2187375.0,7175.0,1616.4,1625.0,1616.4,1622.0,945650.0,675.0
NIFTY,26-DEC-2024,26000.0,05-11-2024 14:37:00,63.0,63.55,62.7,63.3,2187850.0,8050.0,1622.05,1625.05,1615.9,1618.1,944975.0,425.0
NIFTY,26-DEC-2024,26000.0,05-11-2024 14:38:00,63.0,63.3,62.65,63.25,2187850.0,0.0,1614.7,1614.7,1606.15,1606.15,944975.0,0.0
NIFTY,26-DEC-2024,26000.0,05-11-2024 14:39:00,63.0,63.3,63.0,63.3,2187850.0,6775.0,1606.15,1606.15,1591.65,1593.05,944975.0,150.0
NIFTY,26-DEC-2024,26000.0,05-11-2024 14:40:00,63.3,64.05,63.15,63.5,2189675.0,19150.0,1590.5,1591.6,1575.15,1575.15,944225.0,725.0
NIFTY,26-DEC-2024,26000.0,05-11-2024 14:41:00,63.25,63.45,62.8,63.35,2189675.0,20025.0,1572.0,1572.0,1572.0,1572.0,944225.0,0.0
NIFTY,26-DEC-2024,26000.0,05-11-2024 14:42:00,63.35,63.75,62.6,62.9,2189675.0,20450.0,1570.0,1578.95,1570.0,1578.95,944225.0,1050.0
NIFTY,26-DEC-2024,26000.0,05-11-2024 14:43:00,62.7,63.0,62.1,62.85,2193375.0,0.0,1586.0,1586.2,1586.0,1586.2,944225.0,0.0
NIFTY,26-DEC-2024,26000.0,05-11-2024 14:44:00,62.7,63.0,62.0,62.1,2193375.0,10150.0,1586.2,1590.0,1586.2,1590.0,943750.0,50.0
NIFTY,26-DEC-2024,26000.0,05-11-2024 14:45:00,62.2,63.0,61.9,62.55,2193375.0,4175.0,1590.0,1590.0,1590.0,1590.0,943750.0,175.0
NIFTY,26-DEC-2024,26000.0,05-11-2024 14:46:00,62.55,62.75,62.1,62.15,2194425.0,4800.0,,,,,,
NIFTY,26-DEC-2024,26000.0,05-11-2024 14:47:00,62.25,62.95,61.9,62.05,2194425.0,0.0,1591.7,1591.7,1591.7,1591.7,943750.0,75.0
NIFTY,26-DEC-2024,26000.0,05-11-2024 14:48:00,61.95,62.1,61.35,61.5,2194425.0,4400.0,1594.25,1597.95,1591.6,1596.7,943550.0,125.0
NIFTY,26-DEC-2024,26000.0,05-11-2024 14:49:00,61.5,61.5,60.6,60.7,2194900.0,0.0,,,,,,
NIFTY,26-DEC-2024,26000.0,05-11-2024 14:50:00,60.9,60.9,60.05,60.7,2194900.0,9075.0,1596.7,1602.9,1596.7,1600.05,943275.0,150.0
NIFTY,26-DEC-2024,26000.0,05-11-2024 14:51:00,60.8,61.75,60.75,61.7,2194900.0,7825.0,1600.05,1603.0,1600.05,1603.0,943275.0,1950.0
NIFTY,26-DEC-2024,26000.0,05-11-2024 14:52:00,61.75,61.75,61.5,61.75,2195950.0,14025.0,1600.0,1600.0,1600.0,1600.0,943275.0,100.0
NIFTY,26-DEC-2024,26000.0,05-11-2024 14:53:00,61.6,62.8,61.6,62.8,2195950.0,8500.0,1605.5,1605.6,1595.0,1595.0,941375.0,200.0
NIFTY,26-DEC-2024,26000.0,05-11-2024 14:54:00,62.7,63.25,62.55,62.85,2195950.0,0.0,1594.9,1594.9,1590.0,1590.0,941375.0,0.0
NIFTY,26-DEC-2024,26000.0,05-11-2024 14:55:00,62.95,63.0,62.05,62.05,2194750.0,5525.0,1590.0,1599.0,1590.0,1599.0,941375.0,75.0
NIFTY,26-DEC-2024,26000.0,05-11-2024 14:56:00,62.1,63.1,62.1,62.6,2194750.0,0.0,1607.15,1607.15,1598.9,1598.9,941200.0,0.0
NIFTY,26-DEC-2024,26000.0,05-11-2024 14:57:00,62.5,62.8,62.3,62.5,2194750.0,10775.0,1605.65,1605.65,1591.55,1591.55,941200.0,300.0
NIFTY,26-DEC-2024,26000.0,05-11-2024 14:58:00,62.35,62.6,62.0,62.0,2201050.0,0.0,1597.55,1608.5,1597.55,1608.5,941200.0,0.0
NIFTY,26-DEC-2024,26000.0,05-11-2024 14:59:00,62.0,62.95,62.0,62.6,2201050.0,0.0,1600.35,1600.9,1590.75,1597.4,941150.0,450.0
NIFTY,26-DEC-2024,26000.0,05-11-2024 15:00:00,63.0,63.25,62.15,63.1,2201050.0,0.0,1588.25,1597.05,1582.35,1585.0,941150.0,925.0
NIFTY,26-DEC-2024,26000.0,05-11-2024 15:01:00,63.0,63.55,62.85,63.1,2201375.0,0.0,1585.0,1585.0,1580.0,1580.0,941150.0,0.0
NIFTY,26-DEC-2024,26000.0,05-11-2024 15:02:00,63.05,63.95,63.05,63.55,2201375.0,0.0,1580.0,1580.0,1570.15,1570.2,941175.0,150.0
NIFTY,26-DEC-2024,26000.0,05-11-2024 15:03:00,63.4,64.5,63.4,64.0,2201375.0,11025.0,1579.05,1579.05,1566.55,1567.65,941175.0,550.0
NIFTY,26-DEC-2024,26000.0,05-11-2024 15:04:00,64.3,64.5,63.05,63.55,2202450.0,2400.0,1568.45,1571.95,1566.75,1571.95,941525.0,1025.0
NIFTY,26-DEC-2024,26000.0,05-11-2024 15:05:00,63.6,63.6,62.75,62.95,2202450.0,4900.0,1571.45,1582.7,1570.3,1571.1,941525.0,1050.0
NIFTY,26-DEC-2024,26000.0,05-11-2024 15:06:00,63.1,63.6,63.0,63.45,2202450.0,7025.0,1571.0,1574.15,1566.5,1568.6,941525.0,1100.0
NIFTY,26-DEC-2024,26000.0,05-11-2024 15:07:00,63.45,63.45,62.4,62.8,2205275.0,0.0,1568.6,1578.95,1566.55,1578.9,942250.0,0.0
NIFTY,26-DEC-2024,26000.0,05-11-2024 15:08:00,62.8,63.55,62.8,63.55,2205275.0,775.0,1577.35,1577.35,1577.35,1577.35,942250.0,350.0
NIFTY,26-DEC-2024,26000.0,05-11-2024 15:09:00,63.05,63.65,62.75,63.45,2205275.0,775.0,1576.05,1576.05,1573.45,1573.45,942250.0,125.0
NIFTY,26-DEC-2024,26000.0,05-11-2024 15:10:00,63.2,63.65,63.05,63.05,2207275.0,2500.0,1573.0,1573.0,1568.7,1568.7,942250.0,150.0
NIFTY,26-DEC-2024,26000.0,05-11-2024 15:11:00,63.3,63.35,63.0,63.15,2207275.0,3475.0,1573.25,1575.55,1570.0,1575.55,942325.0,200.0
NIFTY,26-DEC-2024,26000.0,05-11-2024 15:12:00,63.0,63.15,63.0,63.1,2207275.0,8250.0,1578.2,1584.0,1578.2,1584.0,942325.0,400.0
NIFTY,26-DEC-2024,26000.0,05-11-2024 15:13:00,63.2,63.2,62.3,62.75,2214200.0,0.0,,,,,,
NIFTY,26-DEC-2024,26000.0,05-11-2024 15:14:00,62.8,63.0,62.5,62.8,2214200.0,2975.0,1592.05,1596.8,1587.35,1596.8,942600.0,375.0
NIFTY,26-DEC-2024,26000.0,05-11-2024 15:15:00,62.7,62.85,62.05,62.6,2214200.0,2200.0,1595.0,1595.0,1589.0,1589.0,942600.0,50.0
NIFTY,26-DEC-2024,26000.0,05-11-2024 15:16:00,62.35,62.45,62.0,62.2,2214950.0,6400.0,1589.0,1589.0,1582.4,1585.0,942525.0,75.0
NIFTY,26-DEC-2024,26000.0,05-11-2024 15:17:00,62.05,62.2,61.65,61.65,2214950.0,4750.0,1585.0,1585.0,1580.05,1580.7,942525.0,700.0
NIFTY,26-DEC-2024,26000.0,05-11-2024 15:18:00,61.55,62.5,61.5,62.5,2214950.0,0.0,1582.35,1582.35,1582.35,1582.35,942525.0,0.0
NIFTY,26-DEC-2024,26000.0,05-11-2024 15:19:00,62.5,63.5,62.4,62.9,2214950.0,2400.0,1582.35,1595.55,1582.35,1595.0,942525.0,25.0
NIFTY,26-DEC-2024,26000.0,05-11-2024 15:20:00,62.55,62.75,62.3,62.3,2217200.0,3425.0,1595.0,1603.5,1595.0,1603.35,943150.0,300.0
NIFTY,26-DEC-2024,26000.0,05-11-2024 15:21:00,62.0,62.1,61.5,62.1,2217200.0,2100.0,1600.0,1605.7,1598.15,1598.2,943150.0,750.0
NIFTY,26-DEC-2024,26000.0,05-11-2024 15:22:00,62.2,62.25,61.65,61.7,2217475.0,1850.0,1596.9,1600.3,1594.05,1600.3,942600.0,400.0
NIFTY,26-DEC-2024,26000.0,05-11-2024 15:23:00,61.4,62.0,61.4,61.95,2217475.0,6975.0,1588.8,1588.8,1581.05,1581.1,942600.0,875.0
NIFTY,26-DEC-2024,26000.0,05-11-2024 15:24:00,62.0,62.05,61.6,61.95,2217475.0,0.0,1581.1,1585.0,1581.1,1581.5,942600.0,75.0
NIFTY,26-DEC-2024,26000.0,05-11-2024 15:25:00,62.0,62.7,62.0,62.5,2217550.0,6075.0,1581.5,1588.9,1581.5,1588.9,942600.0,0.0
NIFTY,26-DEC-2024,26000.0,05-11-2024 15:26:00,62.6,62.95,61.95,62.8,2217550.0,13625.0,1590.4,1590.85,1588.15,1588.3,943175.0,1850.0
NIFTY,26-DEC-2024,26000.0,05-11-2024 15:27:00,62.85,62.9,62.45,62.45,2217550.0,8275.0,1588.3,1597.9,1588.3,1597.9,943175.0,25.0
NIFTY,26-DEC-2024,26000.0,05-11-2024 15:28:00,62.65,62.65,61.9,62.5,2219550.0,0.0,1595.7,1595.7,1595.7,1595.7,943175.0,25.0
NIFTY,26-DEC-2024,26000.0,05-11-2024 15:29:00,62.05,63.9,61.25,62.0,2219550.0,2550.0,1595.7,1595.7,1581.5,1592.4,944475.0,0.0
NIFTY,26-DEC-2024,26000.0,06-11-2024 09:15:00,65.05,67.75,64.05,64.55,2216800.0,0.0,1592.4,1592.4,1513.05,1513.05,944450.0,175.0
NIFTY,26-DEC-2024,26000.0,06-11-2024 09:16:00,64.6,66.05,64.5,64.6,2216800.0,5675.0,1513.05,1527.5,1506.35,1506.35,944450.0,75.0
NIFTY,26-DEC-2024,26000.0,06-11-2024 09:17:00,64.5,64.95,64.05,64.4,2216800.0,0.0,1506.35,1540.0,1506.35,1540.0,944450.0,75.0
NIFTY,26-DEC-2024,26000.0,06-11-2024 09:18:00,63.9,64.55,63.65,64.55,2218275.0,7075.0,1540.0,1540.0,1531.8,1531.8,944500.0,0.0
NIFTY,26-DEC-2024,26000.0,06-11-2024 09:19:00,64.45,64.8,64.0,64.15,2218275.0,6200.0,1520.0,1520.0,1520.0,1520.0,944500.0,675.0
NIFTY,26-DEC-2024,26000.0,06-11-2024 09:20:00,63.5,63.9,63.25,63.6,2218275.0,0.0,1530.0,1548.9,1530.0,1548.9,944500.0,0.0
NIFTY,26-DEC-2024,26000.0,06-11-2024 09:21:00,63.6,64.1,62.95,62.95,2219250.0,6675.0,1548.9,1550.0,1548.9,1550.0,944675.0,75.0
NIFTY,26-DEC-2024,26000.0,06-11-2024 09:22:00,63.0,63.0,61.05,61.2,2219250.0,0.0,1545.0,1550.0,1545.0,1550.0,944675.0,400.0
NIFTY,26-DEC-2024,26000.0,06-11-2024 09:23:00,61.7,62.7,61.0,62.45,2219250.0,24725.0,1550.4,1550.4,1550.4,1550.4,944675.0,100.0
NIFTY,26-DEC-2024,26000.0,06-11-2024 09:24:00,62.8,63.9,62.6,63.9,2218975.0,0.0,1525.95,1525.95,1525.95,1525.95,944675.0,0.0
NIFTY,26-DEC-2024,26000.0,06-11-2024 09:25:00,64.0,64.75,63.9,64.75,2218975.0,0.0,1500.0,1500.0,1500.0,1500.0,944825.0,0.0
NIFTY,26-DEC-2024,26000.0,06-11-2024 09:26:00,65.5,66.5,64.7,66.0,2218975.0,0.0,1500.0,1500.0,1500.0,1500.0,944825.0,0.0
NIFTY,26-DEC-2024,26000.0,06-11-2024 09:27:00,66.25,67.0,66.0,66.45,2228700.0,0.0,,,,,,
NIFTY,26-DEC-2024,26000.0,06-11-2024 09:28:00,67.2,67.8,66.55,67.3,2228700.0,28000.0,1489.15,1489.15,1480.15,1480.15,944700.0,225.0
NIFTY,26-DEC-2024,26000.0,06-11-2024 09:29:00,67.35,69.45,67.35,69.35,2228700.0,11300.0,1474.2,1474.2,1465.0,1465.0,944700.0,200.0
NIFTY,26-DEC-2024,26000.0,06-11-2024 09:30:00,70.8,71.25,69.75,70.7,2231075.0,0.0,1449.4,1449.4,1445.0,1445.0,944700.0,0.0
NIFTY,26-DEC-2024,26000.0,06-11-2024 09:31:00,70.2,71.75,70.2,71.55,2231075.0,0.0,1446.3,1446.3,1446.05,1446.05,944525.0,0.0
NIFTY,26-DEC-2024,26000.0,06-11-2024 09:32:00,71.05,71.05,70.2,70.75,2231075.0,0.0,1464.5,1466.3,1464.5,1466.3,944525.0,0.0
NIFTY,26-DEC-2024,26000.0,06-11-2024 09:33:00,70.75,71.0,68.95,68.95,2234225.0,23325.0,1456.0,1469.0,1456.0,1469.0,945150.0,975.0
NIFTY,26-DEC-2024,26000.0,06-11-2024 09:34:00,70.05,70.05,69.0,69.5,2234225.0,8675.0,1463.8,1470.0,1463.8,1468.05,945150.0,300.0
NIFTY,26-DEC-2024,26000.0,06-11-2024 09:35:00,69.7,69.7,67.95,67.95,2234225.0,4525.0,1465.0,1465.0,1465.0,1465.0,945150.0,125.0
NIFTY,26-DEC-2024,26000.0,06-11-2024 09:36:00,67.95,67.95,67.15,67.15,2234225.0,0.0,1484.35,1484.35,1484.35,1484.35,945150.0,0.0
NIFTY,26-DEC-2024,26000.0,06-11-2024 09:37:00,67.85,69.2,67.25,69.15,2238600.0,6200.0,1493.0,1493.0,1482.0,1482.0,945250.0,175.0
NIFTY,26-DEC-2024,26000.0,06-11-2024 09:38:00,68.9,70.35,68.9,70.35,2238600.0,16800.0,1480.0,1480.0,1477.0,1477.0,945250.0,575.0
NIFTY,26-DEC-2024,26000.0,06-11-2024 09:39:00,70.5,70.8,69.85,70.5,2237250.0,3900.0,1467.0,1467.0,1457.05,1458.0,944950.0,175.0
NIFTY,26-DEC-2024,26000.0,06-11-2024 09:40:00,71.0,71.4,70.9,70.9,2237250.0,0.0,1450.0,1450.0,1450.0,1450.0,944950.0,0.0
NIFTY,26-DEC-2024,26000.0,06-11-2024 09:41:00,70.8,70.8,69.45,69.45,2237250.0,3350.0,1450.0,1450.0,1450.0,1450.0,944950.0,300.0
NIFTY,26-DEC-2024,26000.0,06-11-2024 09:42:00,70.0,70.2,68.95,69.25,2237800.0,2350.0,1450.0,1450.0,1450.0,1450.0,944950.0,0.0
NIFTY,26-DEC-2024,26000.0,06-11-2024 09:43:00,69.7,69.7,69.15,69.15,2237800.0,3125.0,1473.0,1473.0,1472.0,1472.0,945075.0,200.0
NIFTY,26-DEC-2024,26000.0,06-11-2024 09:44:00,69.7,70.5,69.7,70.5,2237800.0,0.0,1465.0,1465.0,1465.0,1465.0,945075.0,0.0
NIFTY,26-DEC-2024,26000.0,06-11-2024 09:45:00,70.5,71.0,69.75,70.75,2234075.0,4375.0,1451.0,1451.0,1446.55,1446.55,945075.0,250.0
NIFTY,26-DEC-2024,26000.0,06-11-2024 09:46:00,70.55,71.5,70.5,70.75,2234075.0,5475.0,1435.0,1435.0,1435.0,1435.0,945075.0,125.0
NIFTY,26-DEC-2024,26000.0,06-11-2024 09:47:00,70.95,71.25,70.75,71.25,2234075.0,2850.0,1426.55,1426.55,1426.55,1426.55,945075.0,125.0
NIFTY,26-DEC-2024,26000.0,06-11-2024 09:48:00,71.35,72.25,71.35,72.1,2233800.0,0.0,1421.55,1422.15,1415.0,1415.0,945200.0,0.0
NIFTY,26-DEC-2024,26000.0,06-11-2024 09:49:00,72.2,72.3,71.2,71.2,2233800.0,5425.0,1415.0,1415.0,1415.0,1415.0,945200.0,250.0
NIFTY,26-DEC-2024,26000.0,06-11-2024 09:50:00,71.45,71.6,70.95,71.0,2233800.0,5875.0,1415.05,1417.0,1415.05,1417.0,945200.0,100.0
NIFTY,26-DEC-2024,26000.0,06-11-2024 09:51:00,72.05,72.05,71.55,71.55,2233625.0,0.0,1409.0,1409.0,1409.0,1409.0,945200.0,0.0
NIFTY,26-DEC-2024,26000.0,06-11-2024 09:52:00,72.0,72.0,71.0,71.35,2233625.0,6550.0,1405.0,1405.0,1405.0,1405.0,945200.0,750.0
NIFTY,26-DEC-2024,26000.0,06-11-2024 09:53:00,71.15,71.35,69.6,69.6,2233625.0,4975.0,1407.45,1419.0,1407.45,1419.0,945050.0,800.0
NIFTY,26-DEC-2024,26000.0,06-11-2024 09:54:00,70.0,70.45,69.25,69.25,2234050.0,7400.0,1420.15,1423.25,1420.15,1423.25,945050.0,225.0
NIFTY,26-DEC-2024,26000.0,06-11-2024 09:55:00,69.5,69.5,68.55,68.55,2234050.0,1525.0,1429.0,1438.0,1427.0,1438.0,946050.0,625.0
NIFTY,26-DEC-2024,26000.0,06-11-2024 09:56:00,68.05,68.5,68.0,68.3,2234050.0,0.0,,,,,,
NIFTY,26-DEC-2024,26000.0,06-11-2024 09:57:00,68.4,68.4,67.85,68.25,2236500.0,2675.0,1438.0,1438.0,1438.0,1438.0,946050.0,0.0
NIFTY,26-DEC-2024,26000.0,06-11-2024 09:58:00,68.65,69.0,67.9,69.0,2236500.0,0.0,1438.5,1441.8,1438.5,1441.8,946375.0,25.0
NIFTY,26-DEC-2024,26000.0,06-11-2024 09:59:00,68.55,69.25,68.4,68.55,2236500.0,4775.0,1428.6,1435.5,1423.2,1435.5,946375.0,225.0
NIFTY,26-DEC-2024,26000.0,06-11-2024 10:00:00,68.8,69.75,68.8,69.75,2236475.0,0.0,1435.5,1435.5,1435.5,1435.5,946375.0,0.0
NIFTY,26-DEC-2024,26000.0,06-11-2024 10:01:00,69.75,70.45,69.75,70.1,2236475.0,0.0,1423.0,1423.0,1407.0,1407.0,946450.0,0.0
NIFTY,26-DEC-2024,26000.0,06-11-2024 10:02:00,70.05,71.85,70.05,71.85,2236475.0,2100.0,1407.0,1407.0,1397.85,1397.85,946450.0,125.0
NIFTY,26-DEC-2024,26000.0,06-11-2024 10:03:00,71.65,71.65,71.0,71.1,2236475.0,7250.0,1397.85,1397.85,1397.85,1397.85,946450.0,350.0
NIFTY,26-DEC-2024,26000.0,06-11-2024 10:04:00,72.0,72.75,72.0,72.75,2236250.0,0.0,1394.95,1399.15,1390.0,1390.0,946250.0,0.0
NIFTY,26-DEC-2024,26000.0,06-11-2024 10:05:00,72.75,72.75,72.0,72.0,2236250.0,2150.0,1389.0,1389.0,1383.0,1383.0,946250.0,400.0
NIFTY,26-DEC-2024,26000.0,06-11-2024 10:06:00,72.0,72.5,72.0,72.5,2236250.0,0.0,1383.0,1384.0,1383.0,1384.0,946250.0,175.0
NIFTY,26-DEC-2024,26000.0,06-11-2024 10:07:00,72.95,74.4,72.95,73.7,2235600.0,0.0,1376.0,1376.0,1376.0,1376.0,946600.0,125.0
NIFTY,26-DEC-2024,26000.0,06-11-2024 10:08:00,73.8,74.5,73.5,74.25,2235600.0,0.0,1376.0,1380.7,1376.0,1380.7,946600.0,0.0
NIFTY,26-DEC-2024,26000.0,06-11-2024 10:09:00,73.3,74.4,73.0,73.65,2234100.0,0.0,1380.7,1380.7,1372.95,1372.95,946600.0,0.0
NIFTY,26-DEC-2024,26000.0,06-11-2024 10:10:00,72.6,72.7,70.8,71.4,2234100.0,0.0,1372.95,1372.95,1372.95,1372.95,946600.0,1250.0
NIFTY,26-DEC-2024,26000.0,06-11-2024 10:11:00,71.1,71.8,71.1,71.25,2234100.0,20750.0,1383.8,1383.8,1383.8,1383.8,945950.0,125.0
NIFTY,26-DEC-2024,26000.0,06-11-2024 10:12:00,71.0,71.6,70.8,71.5,2234625.0,1850.0,1383.0,1383.0,1383.0,1383.0,945950.0,0.0
NIFTY,26-DEC-2024,26000.0,06-11-2024 10:13:00,70.55,71.25,70.5,70.9,2234625.0,0.0,1384.5,1384.5,1384.5,1384.5,945800.0,0.0
NIFTY,26-DEC-2024,26000.0,06-11-2024 10:14:00,70.35,70.5,69.25,69.95,2234625.0,4500.0,1384.5,1394.0,1384.5,1394.0,945800.0,75.0
NIFTY,26-DEC-2024,26000.0,06-11-2024 10:15:00,70.15,70.65,69.5,69.5,2235325.0,2125.0,1390.0,1390.0,1390.0,1390.0,945800.0,400.0
NIFTY,26-DEC-2024,26000.0,06-11-2024 10:16:00,69.6,69.95,69.0,69.3,2235325.0,575.0,1387.0,1399.0,1387.0,1399.0,946250.0,100.0
NIFTY,26-DEC-2024,26000.0,06-11-2024 10:17:00,69.3,69.45,69.0,69.45,2235325.0,1250.0,1399.0,1399.0,1399.0,1399.0,946250.0,125.0
NIFTY,26-DEC-2024,26000.0,06-11-2024 10:18:00,69.5,70.1,69.3,70.1,2234675.0,2000.0,1395.0,1395.0,1387.0,1387.0,946250.0,925.0
NIFTY,26-DEC-2024,26000.0,06-11-2024 10:19:00,70.05,70.65,70.05,70.6,2234675.0,1025.0,1387.1,1390.0,1387.1,1390.0,945350.0,225.0
NIFTY,26-DEC-2024,26000.0,06-11-2024 10:20:00,70.0,70.15,69.5,69.75,2234675.0,0.0,,,,,,
NIFTY,26-DEC-2024,26000.0,06-11-2024 10:21:00,69.5,69.7,69.5,69.7,2234675.0,5300.0,1390.0,1390.0,1390.0,1390.0,945350.0,50.0
NIFTY,26-DEC-2024,26000.0,06-11-2024 10:22:00,69.2,69.75,69.2,69.4,2235750.0,1375.0,1400.0,1400.0,1400.0,1400.0,945500.0,25.0
NIFTY,26-DEC-2024,26000.0,06-11-2024 10:23:00,70.0,70.0,70.0,70.0,2235750.0,3500.0,1400.0,1400.0,1400.0,1400.0,945500.0,100.0
NIFTY,26-DEC-2024,26000.0,06-11-2024 10:24:00,69.9,70.0,68.95,69.05,2235750.0,1150.0,1400.0,1400.0,1400.0,1400.0,945500.0,0.0
NIFTY,26-DEC-2024,26000.0,06-11-2024 10:25:00,68.9,70.05,68.9,70.05,2235500.0,0.0,1410.0,1410.0,1410.0,1410.0,945475.0,0.0
NIFTY,26-DEC-2024,26000.0,06-11-2024 10:26:00,69.9,70.0,68.8,69.5,2235500.0,4725.0,1410.0,1412.0,1410.0,1412.0,945475.0,25.0
NIFTY,26-DEC-2024,26000.0,06-11-2024 10:27:00,69.55,69.55,68.2,68.35,2235350.0,3000.0,1412.0,1422.25,1412.0,1422.25,945475.0,275.0
NIFTY,26-DEC-2024,26000.0,06-11-2024 10:28:00,68.25,68.7,66.65,66.65,2235350.0,4200.0,1422.0,1426.0,1421.0,1426.0,945450.0,125.0
NIFTY,26-DEC-2024,26000.0,06-11-2024 10:29:00,66.9,67.3,66.05,66.8,2235350.0,0.0,1457.6,1457.6,1450.0,1450.0,945450.0,0.0
NIFTY,26-DEC-2024,26000.0,06-11-2024 10:30:00,66.95,67.5,65.0,65.0,2235350.0,7650.0,1449.95,1480.0,1449.95,1480.0,945450.0,250.0
NIFTY,26-DEC-2024,26000.0,06-11-2024 10:31:00,64.45,65.9,63.65,65.8,2235725.0,9400.0,1489.05,1500.0,1469.85,1469.85,945475.0,725.0
NIFTY,26-DEC-2024,26000.0,06-11-2024 10:32:00,65.7,65.85,64.7,65.0,2235725.0,0.0,1474.0,1482.5,1474.0,1482.5,945475.0,0.0
NIFTY,26-DEC-2024,26000.0,06-11-2024 10:33:00,65.05,65.8,64.75,65.2,2235425.0,6150.0,1482.5,1482.5,1478.9,1478.9,945475.0,100.0
NIFTY,26-DEC-2024,26000.0,06-11-2024 10:34:00,65.0,65.4,64.85,65.25,2235425.0,4175.0,1478.9,1478.9,1478.9,1478.9,945475.0,25.0
NIFTY,26-DEC-2024,26000.0,06-11-2024 10:35:00,65.0,65.85,64.4,65.85,2235425.0,2700.0,1478.9,1478.9,1478.9,1478.9,945525.0,900.0
NIFTY,26-DEC-2024,26000.0,06-11-2024 10:36:00,65.85,66.6,65.85,66.05,2236425.0,525.0,1478.9,1478.9,1478.9,1478.9,945525.0,0.0
NIFTY,26-DEC-2024,26000.0,06-11-2024 10:37:00,66.05,66.6,65.25,66.6,2236425.0,0.0,1466.15,1466.15,1466.15,1466.15,946425.0,0.0
NIFTY,26-DEC-2024,26000.0,06-11-2024 10:38:00,66.0,66.75,66.0,66.75,2236425.0,5200.0,1466.15,1466.15,1466.15,1466.15,946425.0,25.0
NIFTY,26-DEC-2024,26000.0,06-11-2024 10:39:00,67.5,68.2,66.8,68.2,2236425.0,2350.0,1464.15,1464.15,1464.15,1464.15,946425.0,25.0
NIFTY,26-DEC-2024,26000.0,06-11-2024 10:40:00,67.75,67.75,66.0,66.0,2238875.0,0.0,1460.0,1460.0,1460.0,1460.0,946425.0,0.0
NIFTY,26-DEC-2024,26000.0,06-11-2024 10:41:00,66.7,66.7,64.95,65.45,2238875.0,0.0,1469.2,1469.2,1469.2,1469.2,946425.0,0.0
NIFTY,26-DEC-2024,26000.0,06-11-2024 10:42:00,65.45,66.1,65.45,66.05,2238275.0,2625.0,1469.2,1480.45,1469.2,1480.45,946425.0,300.0
NIFTY,26-DEC-2024,26000.0,06-11-2024 10:43:00,66.05,66.05,65.0,65.0,2238275.0,0.0,,,,,,
NIFTY,26-DEC-2024,26000.0,06-11-2024 10:44:00,65.8,65.8,65.35,65.35,2238275.0,0.0,1480.2,1480.2,1480.2,1480.2,946275.0,0.0
NIFTY,26-DEC-2024,26000.0,06-11-2024 10:45:00,66.05,66.05,65.15,66.0,2238275.0,0.0,1480.6,1480.6,1480.6,1480.6,946275.0,0.0
NIFTY,26-DEC-2024,26000.0,06-11-2024 10:46:00,66.25,66.4,66.05,66.2,2238675.0,0.0,,,,,,
NIFTY,26-DEC-2024,26000.0,06-11-2024 10:47:00,66.25,66.25,66.0,66.05,2238675.0,6450.0,,,,,,
NIFTY,26-DEC-2024,26000.0,06-11-2024 10:48:00,65.7,66.3,65.7,66.0,2238675.0,0.0,,,,,,
NIFTY,26-DEC-2024,26000.0,06-11-2024 10:49:00,65.6,66.05,65.25,65.25,2239275.0,4050.0,1470.0,1470.0,1470.0,1470.0,946375.0,725.0
NIFTY,26-DEC-2024,26000.0,06-11-2024 10:50:00,65.25,65.9,65.0,65.55,2239275.0,0.0,1470.0,1470.0,1470.0,1470.0,946375.0,0.0
NIFTY,26-DEC-2024,26000.0,06-11-2024 10:51:00,65.4,65.7,65.2,65.2,2239275.0,6550.0,1470.0,1470.0,1470.0,1470.0,946375.0,0.0
NIFTY,26-DEC-2024,26000.0,06-11-2024 10:52:00,65.75,66.0,65.75,66.0,2235825.0,0.0,,,,,,
NIFTY,26-DEC-2024,26000.0,06-11-2024 10:53:00,66.25,68.85,65.85,68.85,2235825.0,1150.0,1471.0,1471.0,1440.5,1440.5,946375.0,25.0
NIFTY,26-DEC-2024,26000.0,06-11-2024 10:54:00,68.7,70.3,68.7,69.55,2235825.0,11525.0,1409.0,1409.0,1409.0,1409.0,946375.0,200.0
NIFTY,26-DEC-2024,26000.0,06-11-2024 10:55:00,69.5,69.95,68.2,69.2,2235550.0,0.0,1433.55,1435.0,1433.0,1435.0,946350.0,0.0
NIFTY,26-DEC-2024,26000.0,06-11-2024 10:56:00,68.95,69.4,68.1,68.1,2235550.0,3725.0,1435.0,1435.0,1435.0,1435.0,946350.0,150.0
NIFTY,26-DEC-2024,26000.0,06-11-2024 10:57:00,68.95,69.45,68.85,68.85,2235550.0,7950.0,1435.0,1435.0,1419.15,1422.05,946350.0,25.0
NIFTY,26-DEC-2024,26000.0,06-11-2024 10:58:00,68.35,69.3,68.35,68.7,2236400.0,7175.0,1416.75,1417.85,1416.75,1417.85,946375.0,325.0
NIFTY,26-DEC-2024,26000.0,06-11-2024 10:59:00,68.7,68.7,67.8,67.9,2236400.0,0.0,,,,,,
NIFTY,26-DEC-2024,26000.0,06-11-2024 11:00:00,68.0,68.75,68.0,68.75,2236400.0,0.0,1427.0,1427.35,1427.0,1427.35,946375.0,0.0
NIFTY,26-DEC-2024,26000.0,06-11-2024 11:01:00,68.8,69.5,68.4,69.3,2237000.0,5525.0,1421.15,1421.15,1415.0,1415.0,945525.0,950.0
NIFTY,26-DEC-2024,26000.0,06-11-2024 11:02:00,69.5,69.5,69.0,69.2,2237000.0,5675.0,1417.0,1419.0,1417.0,1419.0,945525.0,75.0
NIFTY,26-DEC-2024,26000.0,06-11-2024 11:03:00,69.1,69.1,68.0,68.0,2237000.0,0.0,1418.5,1418.5,1418.5,1418.5,945525.0,0.0
NIFTY,26-DEC-2024,26000.0,06-11-2024 11:04:00,68.0,68.4,68.0,68.0,2239150.0,6700.0,1418.5,1418.5,1418.5,1418.5,945525.0,350.0
NIFTY,26-DEC-2024,26000.0,06-11-2024 11:05:00,67.5,67.5,67.2,67.5,2239150.0,2975.0,1418.5,1418.5,1418.5,1418.5,945525.0,0.0
NIFTY,26-DEC-2024,26000.0,06-11-2024 11:06:00,67.25,67.25,66.9,67.25,2239150.0,0.0,,,,,,
NIFTY,26-DEC-2024,26000.0,06-11-2024 11:07:00,67.45,67.5,67.25,67.5,2243350.0,2475.0,1433.0,1434.0,1433.0,1434.0,945875.0,50.0
NIFTY,26-DEC-2024,26000.0,06-11-2024 11:08:00,66.9,67.25,66.6,66.6,2243350.0,925.0,1434.0,1435.0,1434.0,1435.0,945875.0,175.0
NIFTY,26-DEC-2024,26000.0,06-11-2024 11:09:00,67.2,67.2,67.1,67.1,2243350.0,450.0,1435.0,1435.0,1435.0,1435.0,945875.0,0.0
NIFTY,26-DEC-2024,26000.0,06-11-2024 11:10:00,67.6,68.05,67.6,68.0,2243325.0,575.0,1427.55,1427.55,1421.0,1421.0,945875.0,250.0
NIFTY,26-DEC-2024,26000.0,06-11-2024 11:11:00,68.0,68.0,67.9,67.95,2243325.0,0.0,,,,,,
NIFTY,26-DEC-2024,26000.0,06-11-2024 11:12:00,67.95,68.2,67.95,68.15,2243325.0,1600.0,1421.0,1422.0,1421.0,1422.0,945875.0,0.0
NIFTY,26-DEC-2024,26000.0,06-11-2024 11:13:00,68.0,68.45,67.65,67.65,2243150.0,0.0,1426.0,1426.0,1426.0,1426.0,946400.0,0.0
NIFTY,26-DEC-2024,26000.0,06-11-2024 11:14:00,67.5,68.4,67.5,67.9,2243150.0,6450.0,1425.0,1425.0,1425.0,1425.0,946400.0,0.0
NIFTY,26-DEC-2024,26000.0,06-11-2024 11:15:00,67.95,68.0,67.85,68.0,2243150.0,0.0,1425.0,1425.0,1425.0,1425.0,946400.0,1175.0
NIFTY,26-DEC-2024,26000.0,06-11-2024 11:16:00,67.85,68.5,67.85,68.5,2243325.0,2000.0,1427.0,1427.0,1427.0,1427.0,946400.0,50.0
NIFTY,26-DEC-2024,26000.0,06-11-2024 11:17:00,68.15,68.5,67.6,67.65,2243325.0,1625.0,1427.0,1427.0,1427.0,1427.0,946400.0,75.0
NIFTY,26-DEC-2024,26000.0,06-11-2024 11:18:00,68.1,68.1,66.9,66.9,2243325.0,0.0,1428.1,1433.0,1428.1,1433.0,947000.0,0.0
NIFTY,26-DEC-2024,26000.0,06-11-2024 11:19:00,67.35,67.45,67.0,67.25,2243600.0,4225.0,1433.0,1433.0,1433.0,1433.0,947000.0,75.0
NIFTY,26-DEC-2024,26000.0,06-11-2024 11:20:00,67.4,67.45,66.7,66.7,2243600.0,1000.0,1433.0,1437.3,1433.0,1435.5,947075.0,0.0
NIFTY,26-DEC-2024,26000.0,06-11-2024 11:21:00,66.7,67.85,66.7,67.85,2243600.0,975.0,1436.75,1436.75,1436.75,1436.75,947075.0,275.0
NIFTY,26-DEC-2024,26000.0,06-11-2024 11:22:00,67.95,68.85,67.4,67.7,2243150.0,3975.0,1427.4,1427.85,1427.4,1427.85,947050.0,50.0
NIFTY,26-DEC-2024,26000.0,06-11-2024 11:23:00,67.9,67.9,67.4,67.65,2243150.0,2525.0,1427.85,1427.85,1427.85,1427.85,947050.0,0.0
NIFTY,26-DEC-2024,26000.0,06-11-2024 11:24:00,67.5,67.65,67.35,67.5,2243150.0,800.0,1428.55,1428.55,1427.55,1427.55,947050.0,50.0
NIFTY,26-DEC-2024,26000.0,06-11-2024 11:25:00,68.0,68.45,67.25,67.25,2243725.0,0.0,1427.55,1427.55,1427.55,1427.55,947050.0,0.0
NIFTY,26-DEC-2024,26000.0,06-11-2024 11:26:00,67.95,68.8,67.95,68.5,2243725.0,2275.0,1418.0,1420.85,1418.0,1420.85,947025.0,25.0
NIFTY,26-DEC-2024,26000.0,06-11-2024 11:27:00,69.0,69.0,68.2,68.3,2243725.0,0.0,1420.4,1423.15,1420.4,1423.15,947025.0,0.0
NIFTY,26-DEC-2024,26000.0,06-11-2024 11:28:00,68.5,68.5,67.75,67.75,2243750.0,0.0,1425.75,1427.85,1425.15,1427.85,947000.0,0.0
NIFTY,26-DEC-2024,26000.0,06-11-2024 11:29:00,67.7,67.75,67.15,67.5,2243750.0,0.0,1429.2,1429.2,1429.2,1429.2,947000.0,350.0
NIFTY,26-DEC-2024,26000.0,06-11-2024 11:30:00,67.5,67.65,67.3,67.5,2243750.0,14100.0,1432.4,1432.4,1431.2,1431.2,947000.0,0.0
NIFTY,26-DEC-2024,26000.0,06-11-2024 11:31:00,67.5,69.15,67.5,68.6,2244075.0,0.0,1428.0,1428.0,1423.55,1423.55,947000.0,125.0
NIFTY,26-DEC-2024,26000.0,06-11-2024 11:32:00,69.35,69.35,68.25,68.9,2244075.0,0.0,,,,,,
NIFTY,26-DEC-2024,26000.0,06-11-2024 11:33:00,69.0,69.6,69.0,69.5,2244075.0,0.0,1420.7,1420.7,1417.35,1417.35,947000.0,0.0
NIFTY,26-DEC-2024,26000.0,06-11-2024 11:34:00,69.5,70.95,69.3,70.1,2243975.0,0.0,1412.55,1412.55,1402.0,1405.6,946775.0,0.0
NIFTY,26-DEC-2024,26000.0,06-11-2024 11:35:00,70.45,70.9,69.95,70.25,2243975.0,0.0,1400.0,1409.05,1400.0,1409.05,946775.0,0.0
NIFTY,26-DEC-2024,26000.0,06-11-2024 11:36:00,70.05,70.1,69.55,69.8,2243975.0,0.0,1408.3,1408.75,1408.3,1408.75,946775.0,0.0
NIFTY,26-DEC-2024,26000.0,06-11-2024 11:37:00,69.8,70.65,69.6,70.65,2247100.0,33700.0,1409.45,1414.25,1409.45,1414.25,946875.0,675.0
NIFTY,26-DEC-2024,26000.0,06-11-2024 11:38:00,70.05,70.65,69.95,69.95,2247100.0,1850.0,1414.25,1414.95,1413.9,1414.95,946875.0,125.0
NIFTY,26-DEC-2024,26000.0,06-11-2024 11:39:00,70.0,70.8,69.65,70.8,2247100.0,0.0,1414.95,1415.65,1414.95,1415.65,946875.0,75.0
NIFTY,26-DEC-2024,26000.0,06-11-2024 11:40:00,70.25,70.25,69.7,70.25,2248425.0,0.0,1413.7,1417.45,1413.7,1417.45,946825.0,0.0
NIFTY,26-DEC-2024,26000.0,06-11-2024 11:41:00,69.85,70.5,69.85,70.05,2248425.0,4325.0,1415.45,1415.45,1406.0,1406.0,946825.0,375.0
NIFTY,26-DEC-2024,26000.0,06-11-2024 11:42:00,70.1,70.6,69.5,70.2,2248425.0,0.0,1403.45,1411.15,1403.45,1409.4,946825.0,0.0
NIFTY,26-DEC-2024,26000.0,06-11-2024 11:43:00,70.45,70.45,70.05,70.05,2245325.0,0.0,1410.4,1410.4,1401.7,1406.65,946825.0,0.0
NIFTY,26-DEC-2024,26000.0,06-11-2024 11:44:00,69.9,70.5,69.75,70.25,2245325.0,0.0,1407.15,1407.4,1401.8,1401.8,946825.0,450.0
NIFTY,26-DEC-2024,26000.0,06-11-2024 11:45:00,70.05,70.85,69.9,70.7,2245325.0,0.0,1405.25,1405.25,1405.25,1405.25,946825.0,0.0
NIFTY,26-DEC-2024,26000.0,06-11-2024 11:46:00,70.8,71.0,70.65,71.0,2245350.0,0.0,1396.55,1399.25,1396.55,1399.25,946725.0,300.0
NIFTY,26-DEC-2024,26000.0,06-11-2024 11:47:00,71.0,71.1,70.9,71.0,2245350.0,0.0,1389.8,1395.0,1389.8,1395.0,946725.0,0.0
NIFTY,26-DEC-2024,26000.0,06-11-2024 11:48:00,71.0,71.5,70.4,70.5,2245350.0,18225.0,1395.0,1395.0,1395.0,1395.0,946725.0,225.0
NIFTY,26-DEC-2024,26000.0,06-11-2024 11:49:00,70.55,70.95,70.3,70.75,2245150.0,3500.0,1395.0,1395.0,1395.0,1395.0,946725.0,0.0
NIFTY,26-DEC-2024,26000.0,06-11-2024 11:50:00,70.5,71.0,70.35,71.0,2245150.0,2975.0,1395.65,1395.65,1395.65,1395.65,946900.0,25.0
NIFTY,26-DEC-2024,26000.0,06-11-2024 11:51:00,70.55,71.0,70.4,70.6,2245150.0,0.0,1399.35,1399.35,1396.0,1396.0,946900.0,0.0
NIFTY,26-DEC-2024,26000.0,06-11-2024 11:52:00,71.0,72.0,70.85,72.0,2246500.0,0.0,1394.0,1394.0,1394.0,1394.0,946900.0,0.0
NIFTY,26-DEC-2024,26000.0,06-11-2024 11:53:00,72.3,73.8,72.0,73.55,2246500.0,0.0,1379.0,1379.0,1364.7,1364.7,947175.0,0.0
NIFTY,26-DEC-2024,26000.0,06-11-2024 11:54:00,73.65,74.6,73.65,74.25,2246500.0,0.0,1357.3,1360.4,1357.0,1357.0,947175.0,1450.0
NIFTY,26-DEC-2024,26000.0,06-11-2024 11:55:00,74.2,75.5,74.05,75.25,2243800.0,0.0,1353.65,1353.65,1340.05,1340.05,946875.0,0.0
NIFTY,26-DEC-2024,26000.0,06-11-2024 11:56:00,75.6,75.6,74.6,74.75,2243800.0,29500.0,1340.05,1342.0,1340.05,1342.0,946875.0,800.0
NIFTY,26-DEC-2024,26000.0,06-11-2024 11:57:00,75.15,75.2,73.75,74.3,2243800.0,5950.0,1344.3,1345.6,1344.3,1345.6,946875.0,325.0
NIFTY,26-DEC-2024,26000.0,06-11-2024 11:58:00,74.4,75.65,74.4,75.5,2241125.0,6600.0,1340.0,1344.0,1340.0,1342.65,946800.0,350.0
NIFTY,26-DEC-2024,26000.0,06-11-2024 11:59:00,75.35,76.0,75.0,75.0,2241125.0,6000.0,1342.0,1342.0,1335.0,1340.0,946800.0,250.0
NIFTY,26-DEC-2024,26000.0,06-11-2024 12:00:00,75.45,76.0,75.0,76.0,2241125.0,0.0,1342.95,1345.65,1338.35,1345.65,946800.0,0.0
NIFTY,26-DEC-2024,26000.0,06-11-2024 12:01:00,75.85,75.85,73.95,74.15,2240475.0,0.0,1342.0,1350.65,1342.0,1348.0,947000.0,0.0
NIFTY,26-DEC-2024,26000.0,06-11-2024 12:02:00,74.2,75.0,74.2,74.4,2240475.0,8550.0,1348.0,1348.0,1340.0,1340.65,947000.0,0.0
NIFTY,26-DEC-2024,26000.0,06-11-2024 12:03:00,74.5,75.25,74.4,74.75,2240475.0,3750.0,1340.65,1341.5,1340.0,1340.5,947000.0,2050.0
NIFTY,26-DEC-2024,26000.0,06-11-2024 12:04:00,74.45,74.95,74.0,74.4,2237775.0,0.0,1339.85,1342.95,1339.85,1342.95,946975.0,0.0
NIFTY,26-DEC-2024,26000.0,06-11-2024 12:05:00,74.4,74.4,73.75,74.1,2237775.0,725.0,1342.95,1348.5,1342.95,1348.5,946975.0,50.0
NIFTY,26-DEC-2024,26000.0,06-11-2024 12:06:00,72.4,74.5,72.4,73.6,2237775.0,5125.0,1348.5,1348.5,1347.15,1347.15,946975.0,225.0
NIFTY,26-DEC-2024,26000.0,06-11-2024 12:07:00,73.4,73.7,73.0,73.7,2237925.0,1575.0,1341.5,1349.05,1341.5,1349.05,946875.0,325.0
NIFTY,26-DEC-2024,26000.0,06-11-2024 12:08:00,73.1,74.45,73.1,74.45,2237925.0,875.0,1347.85,1347.85,1340.0,1342.25,946875.0,375.0
NIFTY,26-DEC-2024,26000.0,06-11-2024 12:09:00,74.4,74.4,73.0,73.05,2237925.0,0.0,1345.5,1350.4,1345.0,1349.4,946875.0,0.0
NIFTY,26-DEC-2024,26000.0,06-11-2024 12:10:00,73.4,73.65,72.85,73.2,2238775.0,0.0,1349.4,1349.95,1341.25,1341.4,947000.0,950.0
NIFTY,26-DEC-2024,26000.0,06-11-2024 12:11:00,73.2,73.5,72.7,72.95,2238775.0,12050.0,1342.15,1350.5,1342.15,1342.7,947000.0,900.0
NIFTY,26-DEC-2024,26000.0,06-11-2024 12:12:00,72.95,73.5,72.0,72.45,2238775.0,4950.0,1349.65,1351.65,1346.1,1349.2,947000.0,825.0
NIFTY,26-DEC-2024,26000.0,06-11-2024 12:13:00,72.3,72.7,71.3,71.8,2238175.0,1400.0,1352.6,1360.0,1350.0,1360.0,946825.0,750.0
NIFTY,26-DEC-2024,26000.0,06-11-2024 12:14:00,71.7,72.5,71.15,71.2,2238175.0,4625.0,1360.0,1363.5,1358.05,1362.6,946825.0,1650.0
NIFTY,26-DEC-2024,26000.0,06-11-2024 12:15:00,71.5,71.85,71.0,71.85,2238175.0,2625.0,1361.15,1364.4,1360.75,1360.85,946825.0,1125.0
NIFTY,26-DEC-2024,26000.0,06-11-2024 12:16:00,71.8,72.35,71.05,71.1,2238250.0,0.0,1360.8,1365.7,1357.3,1365.7,945675.0,0.0
NIFTY,26-DEC-2024,26000.0,06-11-2024 12:17:00,71.2,71.65,69.8,70.05,2238250.0,5825.0,1365.65,1383.05,1360.0,1380.45,945675.0,2350.0
NIFTY,26-DEC-2024,26000.0,06-11-2024 12:18:00,70.05,70.6,69.8,70.25,2238250.0,10325.0,1380.45,1381.9,1374.05,1374.65,945675.0,2400.0
NIFTY,26-DEC-2024,26000.0,06-11-2024 12:19:00,70.55,70.75,70.05,70.1,2241800.0,8050.0,1371.3,1377.5,1367.2,1376.4,944825.0,1100.0
NIFTY,26-DEC-2024,26000.0,06-11-2024 12:20:00,70.1,70.9,70.1,70.3,2241800.0,3325.0,1376.4,1380.05,1370.0,1377.95,944825.0,1225.0
NIFTY,26-DEC-2024,26000.0,06-11-2024 12:21:00,70.35,70.95,70.25,70.95,2241800.0,3225.0,1379.05,1382.8,1374.4,1382.25,944825.0,1025.0
NIFTY,26-DEC-2024,26000.0,06-11-2024 12:22:00,70.7,71.0,70.15,70.45,2241450.0,2750.0,1380.8,1385.75,1374.7,1381.75,944300.0,550.0
NIFTY,26-DEC-2024,26000.0,06-11-2024 12:23:00,70.55,70.55,68.7,69.1,2241450.0,0.0,1381.8,1394.25,1379.9,1391.45,944300.0,0.0
NIFTY,26-DEC-2024,26000.0,06-11-2024 12:24:00,69.3,69.4,68.45,69.05,2241450.0,8275.0,1391.35,1399.95,1385.6,1390.35,944300.0,2500.0
NIFTY,26-DEC-2024,26000.0,06-11-2024 12:25:00,68.95,70.25,68.95,70.15,2241125.0,9425.0,1390.55,1390.85,1384.15,1385.3,943350.0,1400.0
NIFTY,26-DEC-2024,26000.0,06-11-2024 12:26:00,70.3,70.95,70.1,70.85,2241125.0,4875.0,1384.25,1387.05,1373.8,1382.25,943350.0,1125.0
NIFTY,26-DEC-2024,26000.0,06-11-2024 12:27:00,70.9,71.0,70.1,70.25,2241125.0,8200.0,1382.45,1383.8,1379.2,1383.65,943350.0,1900.0
NIFTY,26-DEC-2024,26000.0,06-11-2024 12:28:00,70.5,70.9,70.2,70.4,2238600.0,2525.0,1383.95,1385.35,1374.3,1380.55,942675.0,1425.0
NIFTY,26-DEC-2024,26000.0,06-11-2024 12:29:00,70.25,71.4,70.25,71.0,2238600.0,3125.0,1380.55,1380.6,1373.2,1378.65,942675.0,1025.0
NIFTY,26-DEC-2024,26000.0,06-11-2024 12:30:00,71.15,71.35,70.85,71.35,2238600.0,0.0,1374.6,1375.8,1373.8,1373.8,942675.0,0.0
NIFTY,26-DEC-2024,26000.0,06-11-2024 12:31:00,71.3,71.95,71.3,71.55,2236500.0,2625.0,1365.0,1366.15,1359.75,1361.05,941425.0,0.0
NIFTY,26-DEC-2024,26000.0,06-11-2024 12:32:00,71.55,72.0,71.0,71.7,2236500.0,2700.0,1365.0,1374.95,1361.7,1365.35,941425.0,625.0
NIFTY,26-DEC-2024,26000.0,06-11-2024 12:33:00,71.25,71.9,71.25,71.5,2236500.0,1475.0,1365.35,1365.35,1365.35,1365.35,941425.0,500.0
NIFTY,26-DEC-2024,26000.0,06-11-2024 12:34:00,72.0,73.2,72.0,72.9,2235925.0,500.0,1362.05,1362.05,1354.0,1355.95,941275.0,100.0
NIFTY,26-DEC-2024,26000.0,06-11-2024 12:35:00,72.85,73.4,72.0,73.3,2235925.0,0.0,1355.75,1355.75,1353.3,1353.3,941275.0,0.0
NIFTY,26-DEC-2024,26000.0,06-11-2024 12:36:00,73.3,74.05,73.0,73.85,2235925.0,6775.0,1353.3,1353.3,1353.0,1353.0,941275.0,275.0
NIFTY,26-DEC-2024,26000.0,06-11-2024 12:37:00,73.55,74.0,73.0,73.8,2234475.0,2550.0,1353.0,1355.75,1346.9,1346.9,941500.0,50.0
NIFTY,26-DEC-2024,26000.0,06-11-2024 12:38:00,74.0,74.35,73.95,74.0,2234475.0,2200.0,1348.9,1348.9,1347.55,1347.55,941500.0,500.0
NIFTY,26-DEC-2024,26000.0,06-11-2024 12:39:00,74.0,74.1,73.7,74.1,2234475.0,0.0,1347.5,1349.1,1346.65,1346.65,941500.0,1175.0
NIFTY,26-DEC-2024,26000.0,06-11-2024 12:40:00,74.1,74.45,73.5,74.0,2231900.0,0.0,1347.9,1351.45,1345.75,1346.2,942250.0,0.0
NIFTY,26-DEC-2024,26000.0,06-11-2024 12:41:00,74.2,74.4,73.85,74.4,2231900.0,0.0,1345.25,1350.8,1344.65,1348.35,942250.0,0.0
NIFTY,26-DEC-2024,26000.0,06-11-2024 12:42:00,74.0,74.45,73.8,74.1,2231900.0,0.0,1348.1,1353.6,1347.5,1353.6,942250.0,1825.0
NIFTY,26-DEC-2024,26000.0,06-11-2024 12:43:00,73.8,74.1,73.0,73.3,2231475.0,0.0,1353.0,1361.25,1353.0,1359.05,942850.0,0.0
NIFTY,26-DEC-2024,26000.0,06-11-2024 12:44:00,73.0,73.0,72.2,72.2,2231475.0,0.0,1364.5,1365.0,1361.9,1365.0,942850.0,0.0
NIFTY,26-DEC-2024,26000.0,06-11-2024 12:45:00,72.75,72.85,71.8,72.6,2231475.0,0.0,1361.9,1367.05,1360.1,1366.3,942850.0,2800.0
NIFTY,26-DEC-2024,26000.0,06-11-2024 12:46:00,71.9,73.0,71.55,71.55,2231750.0,22300.0,1365.85,1367.55,1363.8,1367.55,943475.0,800.0
NIFTY,26-DEC-2024,26000.0,06-11-2024 12:47:00,72.25,72.7,71.8,72.15,2231750.0,0.0,1367.4,1371.75,1364.25,1365.0,943475.0,0.0
NIFTY,26-DEC-2024,26000.0,06-11-2024 12:48:00,72.1,73.2,72.1,72.25,2231750.0,0.0,1366.65,1371.1,1359.55,1371.1,943475.0,0.0
NIFTY,26-DEC-2024,26000.0,06-11-2024 12:49:00,72.2,73.15,72.1,73.15,2232550.0,6650.0,1361.65,1362.05,1356.45,1356.45,943725.0,4150.0
NIFTY,26-DEC-2024,26000.0,06-11-2024 12:50:00,72.65,73.05,72.25,72.25,2232550.0,0.0,1356.95,1358.6,1355.85,1358.6,943725.0,1700.0
NIFTY,26-DEC-2024,26000.0,06-11-2024 12:51:00,72.75,72.85,71.6,72.3,2232550.0,5825.0,1364.7,1368.45,1357.4,1365.4,943725.0,1200.0
NIFTY,26-DEC-2024,26000.0,06-11-2024 12:52:00,72.25,72.35,71.55,72.15,2236250.0,5800.0,1365.4,1376.2,1363.5,1367.9,944775.0,1525.0
NIFTY,26-DEC-2024,26000.0,06-11-2024 12:53:00,72.15,72.25,71.7,72.25,2236250.0,3300.0,1368.65,1377.15,1365.85,1365.85,944775.0,1100.0
NIFTY,26-DEC-2024,26000.0,06-11-2024 12:54:00,71.6,72.15,71.5,72.0,2236250.0,3250.0,1365.6,1367.8,1363.25,1363.25,944775.0,700.0
NIFTY,26-DEC-2024,26000.0,06-11-2024 12:55:00,72.0,72.25,71.6,72.0,2236225.0,1400.0,1370.0,1370.0,1358.9,1358.9,944775.0,1100.0
NIFTY,26-DEC-2024,26000.0,06-11-2024 12:56:00,72.2,72.8,71.8,72.25,2236225.0,0.0,1354.6,1357.05,1350.0,1350.0,944775.0,0.0
NIFTY,26-DEC-2024,26000.0,06-11-2024 12:57:00,72.25,72.3,72.05,72.2,2236225.0,6225.0,1350.15,1350.15,1350.15,1350.15,944775.0,650.0
NIFTY,26-DEC-2024,26000.0,06-11-2024 12:58:00,72.7,73.0,72.55,72.55,2234950.0,1125.0,1350.15,1350.15,1350.15,1350.15,944775.0,0.0
NIFTY,26-DEC-2024,26000.0,06-11-2024 12:59:00,72.8,73.1,72.6,73.1,2234950.0,3250.0,1350.15,1350.15,1349.55,1349.55,944650.0,0.0
NIFTY,26-DEC-2024,26000.0,06-11-2024 13:00:00,73.1,73.4,73.05,73.05,2234950.0,1150.0,1342.0,1345.2,1339.45,1339.45,944650.0,325.0
NIFTY,26-DEC-2024,26000.0,06-11-2024 13:01:00,73.4,73.5,72.4,72.8,2237825.0,0.0,1339.2,1350.15,1339.2,1350.15,944650.0,0.0
NIFTY,26-DEC-2024,26000.0,06-11-2024 13:02:00,72.75,72.75,72.75,72.75,2237825.0,1975.0,1350.15,1350.15,1349.1,1349.1,944650.0,300.0
NIFTY,26-DEC-2024,26000.0,06-11-2024 13:03:00,72.85,73.7,72.75,73.55,2237825.0,3550.0,1349.7,1349.7,1349.15,1349.15,944650.0,400.0
NIFTY,26-DEC-2024,26000.0,06-11-2024 13:04:00,73.55,74.6,73.55,74.5,2237175.0,9250.0,1349.15,1350.85,1347.15,1350.85,944450.0,25.0
NIFTY,26-DEC-2024,26000.0,06-11-2024 13:05:00,74.9,74.9,74.3,74.7,2237175.0,10800.0,1347.25,1348.95,1339.7,1339.7,944450.0,600.0
NIFTY,26-DEC-2024,26000.0,06-11-2024 13:06:00,75.0,75.45,74.05,74.55,2237175.0,5225.0,1336.0,1336.0,1332.2,1332.2,944450.0,1000.0
NIFTY,26-DEC-2024,26000.0,06-11-2024 13:07:00,74.55,74.8,74.0,74.55,2233825.0,1750.0,1332.2,1332.2,1332.2,1332.2,944450.0,325.0
NIFTY,26-DEC-2024,26000.0,06-11-2024 13:08:00,74.75,75.45,74.25,74.25,2233825.0,1500.0,1337.7,1337.7,1337.7,1337.7,944350.0,375.0
NIFTY,26-DEC-2024,26000.0,06-11-2024 13:09:00,74.75,74.9,74.3,74.3,2233825.0,0.0,1338.35,1340.0,1338.35,1340.0,944350.0,0.0
NIFTY,26-DEC-2024,26000.0,06-11-2024 13:10:00,74.6,76.0,74.6,75.55,2232725.0,650.0,1336.1,1340.6,1330.0,1330.0,944350.0,800.0
NIFTY,26-DEC-2024,26000.0,06-11-2024 13:11:00,76.1,77.0,76.0,76.6,2232725.0,1950.0,1325.0,1325.0,1314.25,1314.25,944350.0,325.0
NIFTY,26-DEC-2024,26000.0,06-11-2024 13:12:00,76.55,78.0,76.55,78.0,2232725.0,5850.0,1314.25,1321.8,1312.65,1321.8,944350.0,450.0
NIFTY,26-DEC-2024,26000.0,06-11-2024 13:13:00,77.5,78.35,77.45,77.45,2230900.0,6950.0,1319.35,1319.35,1313.95,1313.95,944375.0,475.0
NIFTY,26-DEC-2024,26000.0,06-11-2024 13:14:00,77.5,77.9,77.4,77.65,2230900.0,0.0,1325.65,1327.25,1325.65,1327.25,944375.0,0.0
NIFTY,26-DEC-2024,26000.0,06-11-2024 13:15:00,77.65,78.0,77.25,77.55,2230900.0,6950.0,1327.7,1329.0,1327.7,1329.0,944375.0,100.0
NIFTY,26-DEC-2024,26000.0,06-11-2024 13:16:00,77.45,77.85,77.45,77.65,2229225.0,3425.0,1325.75,1325.75,1320.0,1320.0,944400.0,150.0
NIFTY,26-DEC-2024,26000.0,06-11-2024 13:17:00,78.1,78.1,77.2,77.75,2229225.0,2650.0,1330.0,1332.3,1330.0,1332.3,944400.0,600.0
NIFTY,26-DEC-2024,26000.0,06-11-2024 13:18:00,77.45,77.85,76.9,77.05,2229225.0,14125.0,1334.2,1341.0,1334.2,1340.95,944400.0,500.0
NIFTY,26-DEC-2024,26000.0,06-11-2024 13:19:00,77.1,77.35,76.6,77.3,2228700.0,0.0,1342.1,1342.1,1337.15,1337.15,944925.0,0.0
NIFTY,26-DEC-2024,26000.0,06-11-2024 13:20:00,77.3,77.65,76.6,77.35,2228700.0,4900.0,1342.0,1345.0,1342.0,1345.0,944925.0,325.0
NIFTY,26-DEC-2024,26000.0,06-11-2024 13:21:00,76.95,77.05,76.05,76.2,2228700.0,3050.0,1345.0,1345.0,1345.0,1345.0,944925.0,50.0
NIFTY,26-DEC-2024,26000.0,06-11-2024 13:22:00,76.05,76.4,75.7,75.7,2228150.0,7375.0,1345.55,1346.0,1343.0,1343.45,944975.0,50.0
NIFTY,26-DEC-2024,26000.0,06-11-2024 13:23:00,75.9,76.15,75.3,76.1,2228150.0,4950.0,1343.45,1346.65,1336.7,1341.6,944975.0,525.0
NIFTY,26-DEC-2024,26000.0,06-11-2024 13:24:00,76.1,76.75,76.1,76.75,2228150.0,650.0,1336.75,1342.4,1336.55,1336.55,944975.0,550.0
NIFTY,26-DEC-2024,26000.0,06-11-2024 13:25:00,76.95,77.15,76.2,76.2,2228375.0,1400.0,1335.4,1335.4,1335.4,1335.4,944975.0,1475.0
NIFTY,26-DEC-2024,26000.0,06-11-2024 13:26:00,76.2,76.5,76.1,76.3,2228375.0,3450.0,1344.45,1344.45,1331.0,1331.0,944900.0,275.0
NIFTY,26-DEC-2024,26000.0,06-11-2024 13:27:00,76.65,77.45,76.65,77.15,2228375.0,1700.0,1330.0,1330.0,1323.8,1323.8,944900.0,300.0
NIFTY,26-DEC-2024,26000.0,06-11-2024 13:28:00,77.2,77.7,77.05,77.7,2228550.0,0.0,1323.8,1325.85,1323.8,1325.85,944975.0,0.0
NIFTY,26-DEC-2024,26000.0,06-11-2024 13:29:00,77.45,77.7,77.1,77.3,2228550.0,1350.0,1325.85,1332.65,1325.0,1332.65,944975.0,75.0
NIFTY,26-DEC-2024,26000.0,06-11-2024 13:30:00,77.25,77.5,77.25,77.45,2228550.0,2550.0,1332.65,1332.65,1326.05,1326.05,944975.0,125.0
NIFTY,26-DEC-2024,26000.0,06-11-2024 13:31:00,77.9,77.9,77.55,77.8,2227300.0,700.0,1324.55,1324.55,1319.2,1319.2,945025.0,75.0
NIFTY,26-DEC-2024,26000.0,06-11-2024 13:32:00,77.55,77.8,77.4,77.55,2227300.0,1700.0,1325.0,1326.05,1321.85,1324.4,945025.0,150.0
NIFTY,26-DEC-2024,26000.0,06-11-2024 13:33:00,77.55,78.2,77.5,77.8,2227300.0,825.0,1324.4,1325.5,1324.05,1324.05,945025.0,25.0
NIFTY,26-DEC-2024,26000.0,06-11-2024 13:34:00,77.75,77.95,77.4,77.75,2228275.0,0.0,1324.05,1324.05,1324.05,1324.05,945025.0,50.0
NIFTY,26-DEC-2024,26000.0,06-11-2024 13:35:00,77.6,78.2,77.6,78.0,2228275.0,4500.0,1324.05,1324.05,1324.05,1324.05,945025.0,0.0
NIFTY,26-DEC-2024,26000.0,06-11-2024 13:36:00,77.95,78.0,77.55,77.55,2228275.0,850.0,1318.1,1318.1,1318.1,1318.1,944975.0,25.0
NIFTY,26-DEC-2024,26000.0,06-11-2024 13:37:00,77.4,77.8,77.35,77.8,2228350.0,1900.0,1320.0,1320.0,1320.0,1320.0,944950.0,50.0
NIFTY,26-DEC-2024,26000.0,06-11-2024 13:38:00,77.95,78.5,77.85,78.1,2228350.0,3900.0,1320.0,1320.0,1315.45,1315.45,944950.0,0.0
NIFTY,26-DEC-2024,26000.0,06-11-2024 13:39:00,78.1,78.5,78.0,78.4,2228350.0,2825.0,1315.0,1315.0,1311.0,1313.2,944950.0,175.0
NIFTY,26-DEC-2024,26000.0,06-11-2024 13:40:00,78.3,78.85,78.1,78.1,2226275.0,0.0,1306.0,1306.0,1302.95,1302.95,944475.0,725.0
NIFTY,26-DEC-2024,26000.0,06-11-2024 13:41:00,78.0,78.15,77.6,77.7,2226275.0,2825.0,1302.95,1313.85,1302.95,1313.85,944475.0,0.0
NIFTY,26-DEC-2024,26000.0,06-11-2024 13:42:00,77.65,77.65,76.3,76.4,2226275.0,0.0,1313.85,1320.55,1313.85,1320.55,944475.0,0.0
NIFTY,26-DEC-2024,26000.0,06-11-2024 13:43:00,76.4,76.95,75.75,76.95,2226325.0,2325.0,1320.55,1323.0,1320.0,1320.0,944625.0,125.0
NIFTY,26-DEC-2024,26000.0,06-11-2024 13:44:00,76.95,77.5,76.85,77.5,2226325.0,3325.0,1322.1,1322.1,1315.95,1315.95,944625.0,175.0
NIFTY,26-DEC-2024,26000.0,06-11-2024 13:45:00,77.7,78.5,77.7,78.4,2226325.0,0.0,1316.9,1316.9,1316.9,1316.9,944625.0,0.0
NIFTY,26-DEC-2024,26000.0,06-11-2024 13:46:00,78.25,78.3,77.45,77.55,2225800.0,0.0,1316.0,1316.0,1316.0,1316.0,944475.0,0.0
NIFTY,26-DEC-2024,26000.0,06-11-2024 13:47:00,77.35,78.0,77.35,78.0,2225800.0,8875.0,1314.4,1314.4,1309.6,1309.6,944475.0,675.0
NIFTY,26-DEC-2024,26000.0,06-11-2024 13:48:00,77.6,78.8,77.6,77.95,2225800.0,0.0,1309.45,1314.65,1304.0,1314.05,944475.0,0.0
NIFTY,26-DEC-2024,26000.0,06-11-2024 13:49:00,78.0,78.4,77.55,77.55,2225800.0,3300.0,1308.3,1310.45,1306.85,1310.45,944275.0,0.0
NIFTY,26-DEC-2024,26000.0,06-11-2024 13:50:00,77.5,77.55,77.25,77.4,2226225.0,0.0,1313.0,1313.3,1311.0,1313.2,944275.0,0.0
NIFTY,26-DEC-2024,26000.0,06-11-2024 13:51:00,77.85,78.15,77.45,77.65,2226225.0,2500.0,1313.2,1313.2,1306.25,1311.2,944275.0,1650.0
NIFTY,26-DEC-2024,26000.0,06-11-2024 13:52:00,77.25,78.0,77.25,78.0,2226375.0,0.0,1307.25,1311.65,1302.0,1302.0,944075.0,0.0
NIFTY,26-DEC-2024,26000.0,06-11-2024 13:53:00,78.05,78.45,78.05,78.45,2226375.0,0.0,1300.0,1304.15,1300.0,1300.0,944075.0,0.0
NIFTY,26-DEC-2024,26000.0,06-11-2024 13:54:00,78.4,79.1,78.3,79.05,2226375.0,0.0,1301.85,1301.85,1297.55,1299.95,944075.0,0.0
NIFTY,26-DEC-2024,26000.0,06-11-2024 13:55:00,78.85,79.8,78.85,79.65,2224875.0,6775.0,1296.0,1296.0,1295.65,1295.65,943100.0,0.0
NIFTY,26-DEC-2024,26000.0,06-11-2024 13:56:00,79.7,79.7,79.0,79.0,2224875.0,2800.0,1295.65,1295.65,1295.65,1295.65,943100.0,2600.0
NIFTY,26-DEC-2024,26000.0,06-11-2024 13:57:00,78.6,79.5,78.35,79.0,2224875.0,0.0,1301.95,1301.95,1301.95,1301.95,943100.0,0.0
NIFTY,26-DEC-2024,26000.0,06-11-2024 13:58:00,78.8,79.5,78.8,79.3,2227975.0,7350.0,1301.95,1301.95,1299.25,1299.25,943050.0,125.0
NIFTY,26-DEC-2024,26000.0,06-11-2024 13:59:00,79.25,79.4,78.9,79.4,2227975.0,2375.0,1299.25,1299.25,1295.0,1297.5,943050.0,150.0
NIFTY,26-DEC-2024,26000.0,06-11-2024 14:00:00,79.5,80.0,79.2,79.95,2227975.0,0.0,1296.75,1296.75,1291.45,1291.45,943050.0,275.0
NIFTY,26-DEC-2024,26000.0,06-11-2024 14:01:00,79.95,79.95,79.05,79.15,2228775.0,11300.0,1300.6,1300.6,1300.0,1300.0,943050.0,75.0
NIFTY,26-DEC-2024,26000.0,06-11-2024 14:02:00,79.65,79.65,78.55,78.55,2228775.0,0.0,,,,,,
NIFTY,26-DEC-2024,26000.0,06-11-2024 14:03:00,79.05,79.05,78.5,78.75,2228775.0,3125.0,1300.0,1300.0,1300.0,1300.0,943050.0,0.0
NIFTY,26-DEC-2024,26000.0,06-11-2024 14:04:00,78.4,78.7,77.95,77.95,2228125.0,3475.0,1307.95,1310.0,1307.95,1310.0,942875.0,200.0
NIFTY,26-DEC-2024,26000.0,06-11-2024 14:05:00,78.3,79.0,78.0,79.0,2228125.0,0.0,1310.0,1310.0,1307.55,1307.55,942875.0,50.0
NIFTY,26-DEC-2024,26000.0,06-11-2024 14:06:00,79.35,79.95,79.0,79.35,2228125.0,0.0,1304.25,1304.25,1299.0,1299.0,942875.0,0.0
NIFTY,26-DEC-2024,26000.0,06-11-2024 14:07:00,79.9,79.9,79.8,79.8,2229050.0,8525.0,1299.95,1299.95,1299.95,1299.95,942875.0,325.0
NIFTY,26-DEC-2024,26000.0,06-11-2024 14:08:00,79.7,80.0,79.5,80.0,2229050.0,1475.0,1300.55,1300.55,1300.55,1300.55,942875.0,25.0
NIFTY,26-DEC-2024,26000.0,06-11-2024 14:09:00,79.5,80.35,79.5,80.15,2229050.0,0.0,1294.55,1294.55,1293.95,1294.0,942900.0,150.0
NIFTY,26-DEC-2024,26000.0,06-11-2024 14:10:00,80.35,80.45,80.0,80.25,2230000.0,0.0,1293.05,1295.0,1293.0,1295.0,942900.0,0.0
NIFTY,26-DEC-2024,26000.0,06-11-2024 14:11:00,80.3,80.3,79.9,80.3,2230000.0,4500.0,1294.6,1294.6,1293.95,1294.55,943375.0,1650.0
NIFTY,26-DEC-2024,26000.0,06-11-2024 14:12:00,80.3,80.45,80.3,80.45,2230000.0,4325.0,1294.55,1294.55,1294.55,1294.55,943375.0,100.0
NIFTY,26-DEC-2024,26000.0,06-11-2024 14:13:00,80.5,80.5,80.0,80.05,2229575.0,800.0,1294.55,1296.0,1291.45,1296.0,943375.0,0.0
NIFTY,26-DEC-2024,26000.0,06-11-2024 14:14:00,80.05,80.1,80.0,80.0,2229575.0,4775.0,1296.0,1300.0,1296.0,1300.0,943375.0,200.0
NIFTY,26-DEC-2024,26000.0,06-11-2024 14:15:00,80.2,80.2,80.0,80.05,2229575.0,5775.0,1300.0,1300.0,1300.0,1300.0,943375.0,25.0
NIFTY,26-DEC-2024,26000.0,06-11-2024 14:16:00,80.05,80.75,80.0,80.0,2237725.0,1075.0,1300.0,1300.0,1295.4,1295.4,943350.0,0.0
NIFTY,26-DEC-2024,26000.0,06-11-2024 14:17:00,80.15,80.75,80.15,80.6,2237725.0,3125.0,1295.55,1295.55,1289.7,1295.55,943350.0,800.0
NIFTY,26-DEC-2024,26000.0,06-11-2024 14:18:00,80.6,81.15,80.35,81.15,2237725.0,0.0,1284.55,1284.55,1284.55,1284.55,943350.0,25.0
NIFTY,26-DEC-2024,26000.0,06-11-2024 14:19:00,80.85,81.9,80.85,81.75,2236625.0,0.0,1288.45,1288.45,1277.7,1280.1,943250.0,0.0
NIFTY,26-DEC-2024,26000.0,06-11-2024 14:20:00,82.0,83.1,81.65,82.5,2236625.0,4850.0,1277.4,1280.0,1271.65,1277.8,943250.0,675.0
NIFTY,26-DEC-2024,26000.0,06-11-2024 14:21:00,83.2,85.0,83.2,84.95,2236625.0,4175.0,1276.05,1276.05,1260.45,1260.45,943250.0,525.0
NIFTY,26-DEC-2024,26000.0,06-11-2024 14:22:00,84.7,86.75,84.7,86.5,2237600.0,5325.0,1260.0,1260.0,1253.15,1259.15,943250.0,300.0
NIFTY,26-DEC-2024,26000.0,06-11-2024 14:23:00,87.1,88.0,86.6,86.6,2237600.0,0.0,1250.0,1253.05,1244.7,1245.8,943125.0,0.0
NIFTY,26-DEC-2024,26000.0,06-11-2024 14:24:00,86.25,86.8,84.65,84.65,2237600.0,9625.0,1245.8,1250.0,1244.8,1250.0,943125.0,425.0
NIFTY,26-DEC-2024,26000.0,06-11-2024 14:25:00,85.0,85.0,84.1,84.8,2237700.0,13450.0,1251.4,1253.05,1251.4,1253.05,943125.0,125.0
NIFTY,26-DEC-2024,26000.0,06-11-2024 14:26:00,84.65,85.2,84.35,85.0,2237700.0,0.0,1260.0,1260.0,1260.0,1260.0,942825.0,0.0
NIFTY,26-DEC-2024,26000.0,06-11-2024 14:27:00,85.35,85.95,85.0,85.5,2237700.0,12350.0,1258.0,1260.0,1258.0,1260.0,942825.0,350.0
NIFTY,26-DEC-2024,26000.0,06-11-2024 14:28:00,85.65,85.85,85.0,85.5,2245350.0,4600.0,1261.55,1261.55,1256.05,1256.05,942825.0,0.0
NIFTY,26-DEC-2024,26000.0,06-11-2024 14:29:00,85.0,85.0,83.8,83.9,2245350.0,9325.0,1256.25,1263.0,1256.25,1263.0,942800.0,375.0
NIFTY,26-DEC-2024,26000.0,06-11-2024 14:30:00,84.3,84.95,84.0,84.0,2245350.0,0.0,1261.55,1262.95,1258.35,1262.95,942800.0,850.0
NIFTY,26-DEC-2024,26000.0,06-11-2024 14:31:00,83.45,83.45,82.4,82.4,2248925.0,0.0,1269.05,1269.05,1269.05,1269.05,942800.0,1200.0
NIFTY,26-DEC-2024,26000.0,06-11-2024 14:32:00,82.25,82.6,82.05,82.1,2248925.0,0.0,1267.55,1270.95,1266.35,1268.65,942975.0,0.0
NIFTY,26-DEC-2024,26000.0,06-11-2024 14:33:00,82.75,82.85,82.2,82.2,2248925.0,0.0,1270.1,1270.1,1266.05,1268.65,942975.0,0.0
NIFTY,26-DEC-2024,26000.0,06-11-2024 14:34:00,82.15,82.15,81.45,81.45,2250450.0,24550.0,1268.65,1271.15,1265.7,1268.2,942975.0,1525.0
NIFTY,26-DEC-2024,26000.0,06-11-2024 14:35:00,82.0,82.25,81.7,82.0,2250450.0,3700.0,1270.0,1276.1,1269.0,1269.45,943025.0,475.0
NIFTY,26-DEC-2024,26000.0,06-11-2024 14:36:00,82.0,82.35,81.85,82.05,2250450.0,0.0,1272.25,1273.5,1270.45,1270.45,943025.0,0.0
NIFTY,26-DEC-2024,26000.0,06-11-2024 14:37:00,82.05,82.9,81.7,82.65,2257800.0,10450.0,1273.0,1273.0,1270.0,1271.0,943025.0,1300.0
NIFTY,26-DEC-2024,26000.0,06-11-2024 14:38:00,82.55,82.7,81.0,81.0,2257800.0,0.0,1279.9,1280.0,1279.9,1280.0,943275.0,0.0
NIFTY,26-DEC-2024,26000.0,06-11-2024 14:39:00,80.8,81.3,79.7,79.7,2257800.0,7775.0,1286.0,1297.15,1286.0,1297.15,943275.0,400.0
NIFTY,26-DEC-2024,26000.0,06-11-2024 14:40:00,79.0,80.85,78.75,79.3,2260275.0,0.0,1300.65,1315.75,1300.65,1315.75,943450.0,425.0
NIFTY,26-DEC-2024,26000.0,06-11-2024 14:41:00,79.3,80.15,76.95,79.65,2260275.0,18675.0,1325.05,1326.7,1320.0,1320.0,943450.0,650.0
NIFTY,26-DEC-2024,26000.0,06-11-2024 14:42:00,79.8,80.85,79.8,80.25,2260275.0,0.0,1323.0,1323.0,1323.0,1323.0,943450.0,0.0
NIFTY,26-DEC-2024,26000.0,06-11-2024 14:43:00,80.45,80.8,80.3,80.8,2260900.0,3050.0,1323.0,1323.0,1315.7,1315.7,943425.0,25.0
NIFTY,26-DEC-2024,26000.0,06-11-2024 14:44:00,80.8,81.45,80.5,81.0,2260900.0,3850.0,1313.8,1313.8,1311.0,1311.0,943425.0,100.0
NIFTY,26-DEC-2024,26000.0,06-11-2024 14:45:00,80.6,80.6,79.2,79.4,2260900.0,0.0,1307.65,1324.5,1307.65,1315.35,943425.0,0.0
NIFTY,26-DEC-2024,26000.0,06-11-2024 14:46:00,80.5,80.5,79.2,80.45,2258750.0,0.0,1321.45,1321.45,1314.05,1314.05,943425.0,0.0
NIFTY,26-DEC-2024,26000.0,06-11-2024 14:47:00,80.4,80.65,79.0,79.0,2258750.0,0.0,1311.8,1320.0,1310.2,1320.0,943275.0,0.0
NIFTY,26-DEC-2024,26000.0,06-11-2024 14:48:00,78.5,79.05,78.3,78.5,2258750.0,20825.0,1325.0,1330.85,1324.25,1324.25,943275.0,950.0
NIFTY,26-DEC-2024,26000.0,06-11-2024 14:49:00,78.5,79.6,78.5,78.95,2259325.0,0.0,1325.0,1325.0,1325.0,1325.0,943275.0,0.0
NIFTY,26-DEC-2024,26000.0,06-11-2024 14:50:00,79.4,79.4,78.0,78.0,2259325.0,7125.0,1331.45,1331.45,1325.2,1325.2,943300.0,225.0
NIFTY,26-DEC-2024,26000.0,06-11-2024 14:51:00,78.45,78.45,77.55,77.7,2259325.0,0.0,,,,,,
NIFTY,26-DEC-2024,26000.0,06-11-2024 14:52:00,77.75,77.8,76.25,77.4,2261150.0,0.0,1333.4,1339.65,1333.4,1339.65,943400.0,0.0
NIFTY,26-DEC-2024,26000.0,06-11-2024 14:53:00,77.45,78.05,76.85,77.65,2261150.0,0.0,1342.55,1342.55,1337.0,1337.0,943400.0,0.0
NIFTY,26-DEC-2024,26000.0,06-11-2024 14:54:00,77.95,79.05,77.95,78.25,2261150.0,20550.0,1329.15,1330.0,1329.15,1330.0,943400.0,1325.0
NIFTY,26-DEC-2024,26000.0,06-11-2024 14:55:00,79.3,79.5,78.55,79.5,2261150.0,2225.0,1335.3,1335.3,1335.3,1335.3,943400.0,75.0
NIFTY,26-DEC-2024,26000.0,06-11-2024 14:56:00,80.0,80.0,78.4,79.1,2263775.0,0.0,,,,,,
NIFTY,26-DEC-2024,26000.0,06-11-2024 14:57:00,78.75,78.75,78.3,78.75,2263775.0,2750.0,1335.3,1335.3,1326.9,1326.95,943500.0,0.0
NIFTY,26-DEC-2024,26000.0,06-11-2024 14:58:00,78.6,78.6,77.7,78.25,2263250.0,2025.0,1324.6,1335.3,1324.6,1335.3,943500.0,300.0
NIFTY,26-DEC-2024,26000.0,06-11-2024 14:59:00,78.2,79.0,78.2,78.5,2263250.0,1125.0,1335.3,1335.3,1335.3,1335.3,943500.0,25.0
NIFTY,26-DEC-2024,26000.0,06-11-2024 15:00:00,79.3,80.4,78.0,80.4,2263250.0,5325.0,1326.6,1326.6,1321.55,1323.7,943550.0,225.0
NIFTY,26-DEC-2024,26000.0,06-11-2024 15:01:00,80.15,81.1,79.85,80.8,2264700.0,0.0,1317.25,1317.25,1304.5,1304.5,943550.0,0.0
NIFTY,26-DEC-2024,26000.0,06-11-2024 15:02:00,81.0,81.0,79.1,79.75,2264700.0,0.0,1304.5,1304.5,1304.5,1304.5,943550.0,425.0
NIFTY,26-DEC-2024,26000.0,06-11-2024 15:03:00,78.95,80.2,78.95,79.6,2264700.0,16825.0,1304.5,1304.5,1304.5,1304.5,943550.0,0.0
NIFTY,26-DEC-2024,26000.0,06-11-2024 15:04:00,79.6,80.45,79.4,80.15,2265075.0,1675.0,1304.5,1304.5,1304.5,1304.5,943550.0,0.0
NIFTY,26-DEC-2024,26000.0,06-11-2024 15:05:00,80.1,80.1,79.25,79.75,2265075.0,900.0,1304.5,1304.5,1304.5,1304.5,943550.0,0.0
NIFTY,26-DEC-2024,26000.0,06-11-2024 15:06:00,79.85,79.85,79.3,79.5,2265075.0,0.0,1311.3,1317.2,1311.3,1312.45,943575.0,0.0
NIFTY,26-DEC-2024,26000.0,06-11-2024 15:07:00,79.4,79.85,78.5,78.5,2265475.0,4250.0,1316.1,1316.9,1315.0,1315.0,943575.0,1125.0
NIFTY,26-DEC-2024,26000.0,06-11-2024 15:08:00,79.05,79.05,78.6,78.8,2265475.0,1350.0,1315.0,1320.85,1315.0,1320.85,943575.0,400.0
NIFTY,26-DEC-2024,26000.0,06-11-2024 15:09:00,79.3,80.1,78.85,79.4,2265475.0,3750.0,1312.05,1316.7,1312.05,1316.7,943575.0,150.0
NIFTY,26-DEC-2024,26000.0,06-11-2024 15:10:00,79.85,80.25,79.0,79.2,2264725.0,13500.0,1316.7,1326.9,1316.7,1326.9,943600.0,25.0
NIFTY,26-DEC-2024,26000.0,06-11-2024 15:11:00,78.75,78.75,77.95,78.0,2264725.0,5875.0,1326.9,1335.25,1326.9,1335.25,943600.0,25.0
NIFTY,26-DEC-2024,26000.0,06-11-2024 15:12:00,77.8,78.15,76.7,77.4,2264725.0,0.0,1333.95,1340.0,1329.15,1340.0,943600.0,0.0
NIFTY,26-DEC-2024,26000.0,06-11-2024 15:13:00,77.45,78.05,77.4,77.85,2266425.0,6700.0,1337.2,1337.2,1330.5,1335.05,943600.0,800.0
NIFTY,26-DEC-2024,26000.0,06-11-2024 15:14:00,77.55,78.4,77.55,78.25,2266425.0,6625.0,1333.05,1333.05,1331.75,1332.65,943625.0,200.0
NIFTY,26-DEC-2024,26000.0,06-11-2024 15:15:00,78.3,79.35,78.2,79.35,2266425.0,2775.0,1330.05,1330.05,1325.0,1325.0,943625.0,250.0
NIFTY,26-DEC-2024,26000.0,06-11-2024 15:16:00,79.0,80.1,79.0,79.85,2267450.0,2875.0,1322.95,1322.95,1315.55,1315.55,943700.0,75.0
NIFTY,26-DEC-2024,26000.0,06-11-2024 15:17:00,80.65,80.65,80.2,80.3,2267450.0,0.0,1319.95,1319.95,1319.2,1319.2,943700.0,0.0
NIFTY,26-DEC-2024,26000.0,06-11-2024 15:18:00,80.55,80.55,79.5,79.5,2267450.0,3225.0,1319.2,1322.7,1314.3,1322.7,943700.0,550.0
NIFTY,26-DEC-2024,26000.0,06-11-2024 15:19:00,79.5,80.15,79.45,80.0,2267700.0,3225.0,1323.75,1325.0,1319.35,1325.0,943700.0,550.0
NIFTY,26-DEC-2024,26000.0,06-11-2024 15:20:00,79.65,80.15,79.55,80.05,2267700.0,1050.0,1318.45,1318.45,1317.35,1317.35,944075.0,200.0
NIFTY,26-DEC-2024,26000.0,06-11-2024 15:21:00,80.0,80.2,79.45,79.75,2267700.0,3500.0,1319.85,1319.85,1319.85,1319.85,944075.0,50.0
NIFTY,26-DEC-2024,26000.0,06-11-2024 15:22:00,79.85,79.85,79.15,79.5,2268800.0,3150.0,1315.45,1316.0,1315.45,1316.0,944075.0,50.0
NIFTY,26-DEC-2024,26000.0,06-11-2024 15:23:00,79.35,80.1,79.35,79.8,2268800.0,1875.0,1316.0,1316.65,1316.0,1316.65,944225.0,0.0
NIFTY,26-DEC-2024,26000.0,06-11-2024 15:24:00,80.1,80.35,79.4,79.95,2268800.0,0.0,1315.1,1315.1,1315.1,1315.1,944225.0,0.0
NIFTY,26-DEC-2024,26000.0,06-11-2024 15:25:00,79.5,80.0,79.1,79.5,2269550.0,5925.0,1312.9,1314.45,1312.6,1312.6,944225.0,275.0
NIFTY,26-DEC-2024,26000.0,06-11-2024 15:26:00,79.6,79.8,79.1,79.6,2269550.0,5525.0,1314.2,1315.85,1314.2,1314.95,943750.0,1075.0
NIFTY,26-DEC-2024,26000.0,06-11-2024 15:27:00,79.75,80.0,79.25,79.9,2269550.0,4175.0,1308.7,1310.6,1307.9,1310.6,943750.0,500.0
NIFTY,26-DEC-2024,26000.0,06-11-2024 15:28:00,80.0,80.1,79.25,79.5,2268675.0,6925.0,1310.6,1310.6,1310.6,1310.6,943750.0,75.0
NIFTY,26-DEC-2024,26000.0,06-11-2024 15:29:00,79.3,80.0,78.5,79.35,2268675.0,0.0,1301.35,1301.35,1301.35,1301.35,943750.0,0.0
NIFTY,26-DEC-2024,26000.0,07-11-2024 09:15:00,71.4,74.95,70.3,74.05,2265350.0,0.0,1301.35,1301.35,1301.35,1301.35,0.0,0.0
NIFTY,26-DEC-2024,26000.0,07-11-2024 09:16:00,74.7,75.75,72.9,74.45,2265350.0,0.0,1301.35,1301.35,1301.35,1301.35,0.0,0.0
NIFTY,26-DEC-2024,26000.0,07-11-2024 09:17:00,74.45,75.45,73.0,73.7,2265350.0,0.0,1301.35,1370.0,1301.35,1370.0,943625.0,50.0
NIFTY,26-DEC-2024,26000.0,07-11-2024 09:18:00,74.25,75.45,74.2,75.1,2267975.0,0.0,1370.0,1370.0,1356.0,1356.0,943625.0,150.0
NIFTY,26-DEC-2024,26000.0,07-11-2024 09:19:00,75.8,75.95,74.5,75.5,2267975.0,0.0,1349.35,1349.35,1349.35,1349.35,943625.0,100.0
NIFTY,26-DEC-2024,26000.0,07-11-2024 09:20:00,75.7,76.1,74.3,74.3,2267975.0,0.0,1348.3,1348.3,1348.3,1348.3,943625.0,0.0
NIFTY,26-DEC-2024,26000.0,07-11-2024 09:21:00,74.3,74.95,72.0,72.8,2272775.0,46800.0,1348.3,1360.0,1348.3,1360.0,943575.0,100.0
NIFTY,26-DEC-2024,26000.0,07-11-2024 09:22:00,72.1,73.05,72.0,72.0,2272775.0,0.0,1359.0,1359.0,1357.0,1357.0,943575.0,0.0
NIFTY,26-DEC-2024,26000.0,07-11-2024 09:23:00,72.0,72.0,70.1,70.1,2272775.0,0.0,1364.0,1365.0,1364.0,1365.0,943575.0,0.0
NIFTY,26-DEC-2024,26000.0,07-11-2024 09:24:00,70.5,70.5,69.0,69.0,2275150.0,0.0,1380.0,1387.55,1380.0,1387.55,943575.0,0.0
NIFTY,26-DEC-2024,26000.0,07-11-2024 09:25:00,69.35,69.35,67.3,67.95,2275150.0,0.0,1391.0,1404.9,1391.0,1404.9,943575.0,0.0
NIFTY,26-DEC-2024,26000.0,07-11-2024 09:26:00,67.75,68.0,67.1,67.6,2275150.0,0.0,,,,,,
NIFTY,26-DEC-2024,26000.0,07-11-2024 09:27:00,67.4,67.7,67.0,67.3,2280000.0,47300.0,1415.5,1415.5,1415.5,1415.5,943975.0,1400.0
NIFTY,26-DEC-2024,26000.0,07-11-2024 09:28:00,67.25,67.95,66.15,66.95,2280000.0,3650.0,1428.45,1428.45,1428.45,1428.45,943975.0,500.0
NIFTY,26-DEC-2024,26000.0,07-11-2024 09:29:00,67.15,68.85,66.9,68.05,2280000.0,0.0,1436.15,1436.15,1419.25,1428.0,943975.0,0.0
NIFTY,26-DEC-2024,26000.0,07-11-2024 09:30:00,67.95,68.45,67.0,67.2,2281800.0,10900.0,1430.0,1430.0,1425.15,1429.0,944975.0,225.0
NIFTY,26-DEC-2024,26000.0,07-11-2024 09:31:00,67.05,67.65,66.75,67.3,2281800.0,12300.0,1430.0,1430.0,1430.0,1430.0,944975.0,1250.0
NIFTY,26-DEC-2024,26000.0,07-11-2024 09:32:00,67.35,68.1,67.35,67.5,2281800.0,2750.0,1430.0,1430.0,1422.15,1422.15,944975.0,300.0
NIFTY,26-DEC-2024,26000.0,07-11-2024 09:33:00,67.5,67.95,67.15,67.2,2282600.0,0.0,1426.0,1432.75,1426.0,1430.1,945400.0,0.0
NIFTY,26-DEC-2024,26000.0,07-11-2024 09:34:00,67.1,68.0,67.1,67.7,2282600.0,2400.0,1430.1,1430.1,1430.1,1430.1,945400.0,425.0
NIFTY,26-DEC-2024,26000.0,07-11-2024 09:35:00,67.7,67.7,67.15,67.25,2282600.0,1150.0,1430.1,1430.1,1430.1,1430.1,945400.0,0.0
NIFTY,26-DEC-2024,26000.0,07-11-2024 09:36:00,67.35,67.6,67.0,67.0,2282475.0,2325.0,1430.0,1430.0,1429.75,1429.75,945625.0,50.0
NIFTY,26-DEC-2024,26000.0,07-11-2024 09:37:00,66.9,67.65,66.55,66.7,2282475.0,0.0,1431.75,1431.75,1424.35,1424.35,945625.0,0.0
NIFTY,26-DEC-2024,26000.0,07-11-2024 09:38:00,67.15,67.15,66.65,67.0,2282475.0,4475.0,1430.0,1434.4,1430.0,1434.4,945625.0,225.0
NIFTY,26-DEC-2024,26000.0,07-11-2024 09:39:00,66.35,66.9,66.1,66.5,2283050.0,3550.0,1430.75,1433.0,1425.0,1425.0,945750.0,800.0
NIFTY,26-DEC-2024,26000.0,07-11-2024 09:40:00,66.1,66.6,65.75,66.0,2283050.0,9450.0,1444.0,1449.45,1439.8,1439.8,945750.0,200.0
NIFTY,26-DEC-2024,26000.0,07-11-2024 09:41:00,66.5,67.0,66.2,66.3,2283050.0,0.0,,,,,,
NIFTY,26-DEC-2024,26000.0,07-11-2024 09:42:00,66.7,67.5,66.4,67.15,2282775.0,2550.0,1430.0,1430.0,1430.0,1430.0,945750.0,250.0
NIFTY,26-DEC-2024,26000.0,07-11-2024 09:43:00,67.5,68.0,66.9,67.05,2282775.0,0.0,1420.85,1428.65,1420.85,1428.65,945700.0,25.0
NIFTY,26-DEC-2024,26000.0,07-11-2024 09:44:00,66.9,67.5,66.9,67.15,2282775.0,9000.0,1415.2,1415.2,1415.2,1415.2,945700.0,225.0
NIFTY,26-DEC-2024,26000.0,07-11-2024 09:45:00,67.0,67.1,66.1,66.25,2284975.0,4225.0,1418.95,1421.0,1418.95,1421.0,945725.0,0.0
NIFTY,26-DEC-2024,26000.0,07-11-2024 09:46:00,66.15,66.5,66.05,66.4,2284975.0,925.0,1429.75,1429.75,1429.75,1429.75,945725.0,300.0
NIFTY,26-DEC-2024,26000.0,07-11-2024 09:47:00,66.4,69.25,66.0,68.35,2284975.0,4800.0,1429.75,1429.75,1403.7,1403.7,945725.0,0.0
NIFTY,26-DEC-2024,26000.0,07-11-2024 09:48:00,68.4,68.4,66.65,67.1,2286950.0,15575.0,1406.0,1420.0,1406.0,1420.0,945800.0,100.0
NIFTY,26-DEC-2024,26000.0,07-11-2024 09:49:00,67.2,68.65,67.2,68.25,2286950.0,0.0,1420.0,1420.0,1420.0,1420.0,945800.0,0.0
NIFTY,26-DEC-2024,26000.0,07-11-2024 09:50:00,67.45,67.8,67.2,67.25,2286950.0,3825.0,1420.0,1426.8,1420.0,1426.8,945800.0,225.0
NIFTY,26-DEC-2024,26000.0,07-11-2024 09:51:00,67.5,67.5,66.7,67.0,2286925.0,1475.0,1430.3,1430.3,1430.3,1430.3,945875.0,500.0
NIFTY,26-DEC-2024,26000.0,07-11-2024 09:52:00,66.5,66.9,66.0,66.45,2286925.0,1775.0,1435.3,1435.3,1428.4,1428.4,945875.0,300.0
NIFTY,26-DEC-2024,26000.0,07-11-2024 09:53:00,66.75,66.75,66.35,66.45,2286925.0,0.0,1440.45,1440.45,1438.2,1438.2,945875.0,0.0
NIFTY,26-DEC-2024,26000.0,07-11-2024 09:54:00,66.4,66.4,65.8,66.0,2286575.0,1875.0,1438.0,1438.0,1435.2,1435.2,945875.0,475.0
NIFTY,26-DEC-2024,26000.0,07-11-2024 09:55:00,66.0,66.6,65.5,66.6,2286575.0,9300.0,1435.2,1435.2,1435.2,1435.2,945875.0,425.0
NIFTY,26-DEC-2024,26000.0,07-11-2024 09:56:00,66.4,66.75,65.8,66.45,2286575.0,7175.0,1440.75,1440.9,1436.95,1440.9,946450.0,75.0
NIFTY,26-DEC-2024,26000.0,07-11-2024 09:57:00,66.1,66.35,65.5,65.9,2295450.0,0.0,1445.0,1450.0,1445.0,1450.0,946475.0,0.0
NIFTY,26-DEC-2024,26000.0,07-11-2024 09:58:00,65.8,65.95,64.8,64.8,2295450.0,5675.0,1451.2,1473.85,1451.2,1473.85,946475.0,150.0
NIFTY,26-DEC-2024,26000.0,07-11-2024 09:59:00,64.75,65.15,63.8,63.95,2295450.0,59625.0,1478.85,1489.85,1478.85,1489.45,946475.0,725.0
NIFTY,26-DEC-2024,26000.0,07-11-2024 10:00:00,63.9,64.4,63.0,63.35,2327050.0,6650.0,1502.05,1502.05,1496.05,1496.05,946475.0,300.0
NIFTY,26-DEC-2024,26000.0,07-11-2024 10:01:00,62.8,63.1,60.75,60.85,2327050.0,26825.0,1516.7,1532.1,1514.6,1532.1,947250.0,1000.0
NIFTY,26-DEC-2024,26000.0,07-11-2024 10:02:00,60.9,61.45,60.2,60.2,2327050.0,21700.0,1532.1,1550.55,1532.1,1550.55,947250.0,475.0
NIFTY,26-DEC-2024,26000.0,07-11-2024 10:03:00,60.8,62.15,60.5,60.5,2324275.0,0.0,1550.55,1550.55,1533.6,1543.9,947550.0,25.0
NIFTY,26-DEC-2024,26000.0,07-11-2024 10:04:00,61.0,61.0,60.1,60.6,2324275.0,20650.0,1543.45,1549.4,1543.45,1548.0,947550.0,975.0
NIFTY,26-DEC-2024,26000.0,07-11-2024 10:05:00,60.6,60.6,60.0,60.55,2324275.0,6675.0,1549.65,1561.7,1549.65,1553.45,947550.0,1625.0
NIFTY,26-DEC-2024,26000.0,07-11-2024 10:06:00,60.0,60.75,59.2,60.3,2328550.0,16750.0,1549.85,1551.75,1543.1,1545.15,947700.0,0.0
NIFTY,26-DEC-2024,26000.0,07-11-2024 10:07:00,60.5,60.65,59.85,60.3,2328550.0,0.0,1546.25,1546.55,1542.0,1542.0,947700.0,1025.0
NIFTY,26-DEC-2024,26000.0,07-11-2024 10:08:00,60.55,60.55,59.8,60.4,2328550.0,0.0,1542.0,1542.0,1542.0,1542.0,947700.0,0.0
NIFTY,26-DEC-2024,26000.0,07-11-2024 10:09:00,60.25,60.5,59.6,60.0,2330450.0,0.0,1542.0,1542.0,1541.5,1541.5,947700.0,275.0
NIFTY,26-DEC-2024,26000.0,07-11-2024 10:10:00,59.75,59.85,59.0,59.4,2330450.0,25375.0,1544.15,1545.0,1541.05,1541.05,947750.0,525.0
NIFTY,26-DEC-2024,26000.0,07-11-2024 10:11:00,59.1,59.1,57.95,58.15,2330450.0,0.0,1546.75,1546.75,1546.75,1546.75,947750.0,0.0
NIFTY,26-DEC-2024,26000.0,07-11-2024 10:12:00,57.9,58.6,57.65,58.0,2335175.0,9525.0,1546.75,1553.5,1546.75,1553.1,947800.0,75.0
NIFTY,26-DEC-2024,26000.0,07-11-2024 10:13:00,58.0,58.0,57.25,58.0,2335175.0,0.0,1553.1,1553.6,1546.05,1549.05,947800.0,0.0
NIFTY,26-DEC-2024,26000.0,07-11-2024 10:14:00,57.45,57.5,57.4,57.4,2335175.0,11025.0,1560.75,1560.75,1560.75,1560.75,947800.0,575.0
NIFTY,26-DEC-2024,26000.0,07-11-2024 10:15:00,57.5,57.85,57.5,57.5,2337225.0,0.0,1550.0,1553.8,1541.0,1541.0,947675.0,0.0
NIFTY,26-DEC-2024,26000.0,07-11-2024 10:16:00,57.8,57.9,57.35,57.5,2337225.0,5000.0,1541.0,1547.95,1540.25,1547.95,947675.0,1125.0
NIFTY,26-DEC-2024,26000.0,07-11-2024 10:17:00,57.5,57.95,57.3,57.5,2337225.0,8800.0,1547.95,1553.25,1547.2,1547.2,947675.0,225.0
NIFTY,26-DEC-2024,26000.0,07-11-2024 10:18:00,57.5,57.9,57.25,57.6,2340225.0,10050.0,1547.2,1547.2,1540.2,1540.2,947675.0,25.0
NIFTY,26-DEC-2024,26000.0,07-11-2024 10:19:00,58.0,58.0,57.4,57.75,2340225.0,0.0,1536.4,1536.4,1536.4,1536.4,947750.0,0.0
NIFTY,26-DEC-2024,26000.0,07-11-2024 10:20:00,57.5,58.4,57.5,57.8,2340225.0,0.0,1536.4,1545.15,1536.4,1539.6,947750.0,125.0
NIFTY,26-DEC-2024,26000.0,07-11-2024 10:21:00,57.85,57.95,57.3,57.85,2343975.0,5500.0,1539.6,1539.8,1536.25,1537.3,947875.0,75.0
NIFTY,26-DEC-2024,26000.0,07-11-2024 10:22:00,57.9,57.9,57.3,57.8,2343975.0,3800.0,1533.3,1533.3,1533.3,1533.3,947875.0,100.0
NIFTY,26-DEC-2024,26000.0,07-11-2024 10:23:00,58.0,58.05,58.0,58.05,2343975.0,1600.0,1533.3,1533.3,1533.3,1533.3,947875.0,0.0
NIFTY,26-DEC-2024,26000.0,07-11-2024 10:24:00,58.0,58.1,57.9,58.0,2345825.0,0.0,1533.3,1533.3,1533.3,1533.3,947875.0,0.0
NIFTY,26-DEC-2024,26000.0,07-11-2024 10:25:00,57.95,58.1,57.95,58.1,2345825.0,3775.0,1533.3,1533.3,1533.3,1533.3,947875.0,0.0
NIFTY,26-DEC-2024,26000.0,07-11-2024 10:26:00,57.7,58.05,57.3,58.05,2345825.0,6575.0,1547.65,1551.1,1547.45,1547.45,947900.0,525.0
NIFTY,26-DEC-2024,26000.0,07-11-2024 10:27:00,57.7,57.7,56.5,56.6,2351700.0,0.0,1547.45,1569.85,1547.45,1566.0,947950.0,825.0
NIFTY,26-DEC-2024,26000.0,07-11-2024 10:28:00,56.4,57.0,56.3,56.5,2351700.0,0.0,1566.0,1566.0,1565.0,1565.0,947950.0,75.0
NIFTY,26-DEC-2024,26000.0,07-11-2024 10:29:00,56.5,56.5,55.85,55.85,2351700.0,0.0,1565.0,1565.0,1561.8,1561.8,947950.0,0.0
NIFTY,26-DEC-2024,26000.0,07-11-2024 10:30:00,55.7,56.05,55.1,55.1,2345275.0,0.0,1571.8,1574.75,1571.8,1574.75,947950.0,0.0
NIFTY,26-DEC-2024,26000.0,07-11-2024 10:31:00,55.05,55.15,54.65,54.65,2345275.0,0.0,1574.0,1574.0,1569.0,1569.0,947950.0,0.0
NIFTY,26-DEC-2024,26000.0,07-11-2024 10:32:00,54.95,55.2,54.85,55.2,2345275.0,55950.0,1569.0,1570.15,1565.15,1565.15,947950.0,500.0
NIFTY,26-DEC-2024,26000.0,07-11-2024 10:33:00,54.85,54.85,54.35,54.35,2326925.0,3175.0,1560.25,1568.0,1559.7,1568.0,947575.0,525.0
NIFTY,26-DEC-2024,26000.0,07-11-2024 10:34:00,54.3,54.7,54.25,54.35,2326925.0,5450.0,1570.05,1570.05,1566.6,1566.6,947575.0,0.0
NIFTY,26-DEC-2024,26000.0,07-11-2024 10:35:00,54.3,55.4,54.3,55.35,2326925.0,0.0,1566.6,1566.6,1562.0,1562.0,947575.0,400.0
NIFTY,26-DEC-2024,26000.0,07-11-2024 10:36:00,54.95,55.5,54.95,55.5,2319525.0,7950.0,1562.0,1562.0,1562.0,1562.0,947575.0,0.0
NIFTY,26-DEC-2024,26000.0,07-11-2024 10:37:00,55.1,55.65,55.1,55.5,2319525.0,3800.0,1552.0,1555.0,1552.0,1555.0,947475.0,75.0
NIFTY,26-DEC-2024,26000.0,07-11-2024 10:38:00,55.75,55.75,55.3,55.6,2319525.0,0.0,1555.0,1555.0,1548.85,1548.85,947475.0,125.0
NIFTY,26-DEC-2024,26000.0,07-11-2024 10:39:00,55.7,55.7,54.9,55.45,2317575.0,0.0,1548.85,1559.35,1548.85,1559.35,947625.0,75.0
NIFTY,26-DEC-2024,26000.0,07-11-2024 10:40:00,55.6,55.95,55.5,55.95,2317575.0,15950.0,1559.35,1559.35,1556.9,1556.95,947625.0,150.0
NIFTY,26-DEC-2024,26000.0,07-11-2024 10:41:00,55.8,56.3,55.7,56.0,2317575.0,0.0,1556.95,1556.95,1556.95,1556.95,947625.0,25.0
NIFTY,26-DEC-2024,26000.0,07-11-2024 10:42:00,55.8,55.85,55.4,55.4,2315825.0,3550.0,1556.95,1564.4,1553.0,1553.0,947650.0,0.0
NIFTY,26-DEC-2024,26000.0,07-11-2024 10:43:00,55.75,56.1,55.55,56.1,2315825.0,2775.0,1553.0,1553.0,1545.25,1545.25,947650.0,425.0
NIFTY,26-DEC-2024,26000.0,07-11-2024 10:44:00,55.6,56.05,55.45,55.65,2315825.0,8425.0,1545.25,1545.25,1545.25,1545.25,947650.0,0.0
NIFTY,26-DEC-2024,26000.0,07-11-2024 10:45:00,56.0,56.0,55.6,55.9,2309950.0,8000.0,1545.25,1545.25,1545.25,1545.25,947650.0,0.0
NIFTY,26-DEC-2024,26000.0,07-11-2024 10:46:00,56.1,56.95,56.1,56.95,2309950.0,0.0,,,,,,
NIFTY,26-DEC-2024,26000.0,07-11-2024 10:47:00,56.95,56.95,56.2,56.65,2309950.0,625.0,,,,,,
NIFTY,26-DEC-2024,26000.0,07-11-2024 10:48:00,56.5,56.6,56.0,56.0,2309950.0,1525.0,1545.25,1545.25,1545.25,1545.25,947650.0,0.0
NIFTY,26-DEC-2024,26000.0,07-11-2024 10:49:00,56.4,56.4,56.0,56.2,2310325.0,3075.0,1545.25,1545.25,1545.25,1545.25,947650.0,0.0
NIFTY,26-DEC-2024,26000.0,07-11-2024 10:50:00,56.2,56.4,56.2,56.4,2310325.0,2050.0,1550.0,1551.95,1550.0,1551.95,947675.0,125.0
NIFTY,26-DEC-2024,26000.0,07-11-2024 10:51:00,56.75,56.9,56.5,56.7,2311950.0,0.0,1551.95,1551.95,1539.8,1539.8,947600.0,175.0
NIFTY,26-DEC-2024,26000.0,07-11-2024 10:52:00,56.7,57.2,56.35,56.35,2311950.0,2200.0,1539.8,1550.35,1539.8,1550.35,947600.0,25.0
NIFTY,26-DEC-2024,26000.0,07-11-2024 10:53:00,56.4,57.15,56.4,57.0,2311950.0,5575.0,1550.35,1550.35,1550.35,1550.35,947600.0,0.0
NIFTY,26-DEC-2024,26000.0,07-11-2024 10:54:00,57.0,57.6,57.0,57.6,2315075.0,2200.0,1550.35,1550.35,1541.15,1541.15,947600.0,25.0
NIFTY,26-DEC-2024,26000.0,07-11-2024 10:55:00,57.1,58.8,57.1,58.8,2315075.0,2450.0,1541.15,1541.15,1541.15,1541.15,947600.0,0.0
NIFTY,26-DEC-2024,26000.0,07-11-2024 10:56:00,58.6,58.8,58.55,58.8,2315075.0,0.0,,,,,,
NIFTY,26-DEC-2024,26000.0,07-11-2024 10:57:00,59.3,59.3,58.4,58.8,2317850.0,2825.0,1541.15,1541.15,1521.6,1521.9,947575.0,0.0
NIFTY,26-DEC-2024,26000.0,07-11-2024 10:58:00,58.8,59.0,58.4,58.6,2317850.0,5125.0,1521.9,1522.55,1521.4,1522.55,947575.0,200.0
NIFTY,26-DEC-2024,26000.0,07-11-2024 10:59:00,58.5,58.9,58.3,58.75,2317850.0,2525.0,1522.55,1522.55,1513.05,1520.35,947575.0,275.0
NIFTY,26-DEC-2024,26000.0,07-11-2024 11:00:00,59.0,59.0,58.2,58.5,2318400.0,0.0,1520.35,1520.35,1513.25,1514.05,947450.0,0.0
NIFTY,26-DEC-2024,26000.0,07-11-2024 11:01:00,58.4,58.8,58.4,58.5,2318400.0,4925.0,1514.0,1518.45,1512.05,1517.15,947450.0,1475.0
NIFTY,26-DEC-2024,26000.0,07-11-2024 11:02:00,58.3,58.8,58.3,58.8,2318400.0,2950.0,1517.15,1519.1,1517.15,1519.1,947450.0,25.0
NIFTY,26-DEC-2024,26000.0,07-11-2024 11:03:00,58.35,59.15,58.2,58.5,2319200.0,2400.0,1519.1,1519.1,1512.05,1512.05,947450.0,150.0
NIFTY,26-DEC-2024,26000.0,07-11-2024 11:04:00,58.35,58.6,58.25,58.6,2319200.0,2950.0,1512.05,1524.9,1512.05,1524.9,947425.0,0.0
NIFTY,26-DEC-2024,26000.0,07-11-2024 11:05:00,58.5,59.0,58.35,58.35,2319200.0,0.0,1520.55,1520.55,1520.55,1520.55,947425.0,0.0
NIFTY,26-DEC-2024,26000.0,07-11-2024 11:06:00,58.35,58.8,58.0,58.0,2318500.0,2700.0,1520.55,1524.9,1520.55,1524.9,947425.0,50.0
NIFTY,26-DEC-2024,26000.0,07-11-2024 11:07:00,57.4,57.45,57.0,57.0,2318500.0,3825.0,1526.5,1526.5,1526.5,1526.5,947425.0,100.0
NIFTY,26-DEC-2024,26000.0,07-11-2024 11:08:00,56.9,56.9,56.3,56.5,2318500.0,1800.0,1526.5,1545.0,1526.5,1545.0,947450.0,25.0
NIFTY,26-DEC-2024,26000.0,07-11-2024 11:09:00,56.2,56.9,56.1,56.8,2321025.0,3125.0,1545.0,1545.0,1543.75,1543.75,947475.0,175.0
NIFTY,26-DEC-2024,26000.0,07-11-2024 11:10:00,56.85,57.1,56.85,57.1,2321025.0,0.0,1543.75,1543.75,1543.75,1543.75,947475.0,0.0
NIFTY,26-DEC-2024,26000.0,07-11-2024 11:11:00,56.9,57.3,56.9,57.25,2321025.0,3650.0,1543.75,1543.75,1538.45,1538.45,947475.0,0.0
NIFTY,26-DEC-2024,26000.0,07-11-2024 11:12:00,57.25,57.25,57.25,57.25,2321200.0,450.0,1538.45,1538.45,1538.45,1538.45,947475.0,25.0
NIFTY,26-DEC-2024,26000.0,07-11-2024 11:13:00,57.4,57.55,57.25,57.55,2321200.0,775.0,1538.45,1538.45,1538.45,1538.45,947475.0,0.0
NIFTY,26-DEC-2024,26000.0,07-11-2024 11:14:00,57.3,57.3,57.25,57.25,2321200.0,1200.0,1538.0,1538.65,1532.1,1532.1,947425.0,200.0
NIFTY,26-DEC-2024,26000.0,07-11-2024 11:15:00,57.4,57.4,57.0,57.0,2321550.0,1000.0,1532.1,1540.15,1532.1,1540.15,947425.0,25.0
NIFTY,26-DEC-2024,26000.0,07-11-2024 11:16:00,57.15,57.45,57.15,57.45,2321550.0,0.0,,,,,,
NIFTY,26-DEC-2024,26000.0,07-11-2024 11:17:00,57.15,57.35,57.0,57.0,2321550.0,1400.0,1542.85,1545.9,1538.7,1545.9,947450.0,25.0
NIFTY,26-DEC-2024,26000.0,07-11-2024 11:18:00,57.0,57.15,56.8,57.15,2321550.0,3200.0,1547.35,1555.75,1543.2,1555.75,947450.0,525.0
NIFTY,26-DEC-2024,26000.0,07-11-2024 11:19:00,56.15,56.35,55.8,55.8,2322125.0,2575.0,1555.75,1573.6,1555.75,1573.6,947500.0,175.0
NIFTY,26-DEC-2024,26000.0,07-11-2024 11:20:00,55.95,56.0,55.5,55.75,2322125.0,0.0,1573.6,1573.6,1572.05,1572.1,947500.0,50.0
NIFTY,26-DEC-2024,26000.0,07-11-2024 11:21:00,55.45,55.55,55.25,55.55,2320525.0,0.0,1572.1,1572.1,1572.1,1572.1,947500.0,0.0
NIFTY,26-DEC-2024,26000.0,07-11-2024 11:22:00,55.55,55.55,55.0,55.0,2320525.0,8025.0,1569.5,1569.5,1568.0,1569.4,947500.0,225.0
NIFTY,26-DEC-2024,26000.0,07-11-2024 11:23:00,55.2,55.2,54.5,54.5,2320525.0,10575.0,1570.0,1577.3,1570.0,1577.3,947500.0,625.0
NIFTY,26-DEC-2024,26000.0,07-11-2024 11:24:00,55.4,55.4,55.2,55.25,2321575.0,0.0,1566.4,1566.4,1560.4,1560.4,947425.0,150.0
NIFTY,26-DEC-2024,26000.0,07-11-2024 11:25:00,55.25,55.5,55.15,55.15,2321575.0,1050.0,1563.35,1563.35,1563.35,1563.35,947425.0,25.0
NIFTY,26-DEC-2024,26000.0,07-11-2024 11:26:00,55.05,55.3,55.0,55.3,2321575.0,0.0,1563.35,1567.4,1563.35,1564.85,947425.0,75.0
NIFTY,26-DEC-2024,26000.0,07-11-2024 11:27:00,55.4,56.25,55.25,55.95,2321575.0,1925.0,1564.85,1564.85,1551.7,1551.7,947425.0,25.0
NIFTY,26-DEC-2024,26000.0,07-11-2024 11:28:00,55.75,55.95,55.75,55.8,2321575.0,0.0,1551.7,1553.7,1551.7,1553.7,947425.0,100.0
NIFTY,26-DEC-2024,26000.0,07-11-2024 11:29:00,55.95,56.3,55.95,56.0,2321575.0,0.0,1548.0,1555.65,1546.5,1555.65,947425.0,0.0
NIFTY,26-DEC-2024,26000.0,07-11-2024 11:30:00,56.0,56.2,56.0,56.2,2328575.0,9750.0,1548.05,1548.05,1548.05,1548.05,947425.0,375.0
NIFTY,26-DEC-2024,26000.0,07-11-2024 11:31:00,56.35,56.5,56.0,56.5,2328575.0,2075.0,1552.7,1552.7,1541.2,1541.2,947350.0,50.0
NIFTY,26-DEC-2024,26000.0,07-11-2024 11:32:00,56.1,56.6,56.0,56.45,2328575.0,600.0,1540.0,1545.0,1540.0,1545.0,947350.0,0.0
NIFTY,26-DEC-2024,26000.0,07-11-2024 11:33:00,56.3,56.3,56.1,56.15,2328575.0,0.0,,,,,,
NIFTY,26-DEC-2024,26000.0,07-11-2024 11:34:00,56.2,56.6,56.2,56.6,2328900.0,0.0,1549.05,1549.05,1549.05,1549.05,947350.0,575.0
NIFTY,26-DEC-2024,26000.0,07-11-2024 11:35:00,56.9,57.0,56.8,56.8,2328900.0,1300.0,1549.05,1549.05,1549.05,1549.05,947350.0,0.0
NIFTY,26-DEC-2024,26000.0,07-11-2024 11:36:00,57.0,57.15,56.75,57.0,2328925.0,1100.0,1545.8,1545.8,1540.05,1540.05,947350.0,175.0
NIFTY,26-DEC-2024,26000.0,07-11-2024 11:37:00,57.25,57.25,56.75,57.0,2328925.0,575.0,1549.0,1549.0,1549.0,1549.0,947325.0,100.0
NIFTY,26-DEC-2024,26000.0,07-11-2024 11:38:00,56.5,56.5,56.15,56.5,2328925.0,0.0,,,,,,
NIFTY,26-DEC-2024,26000.0,07-11-2024 11:39:00,56.45,57.25,56.2,56.7,2328925.0,3825.0,1550.0,1550.0,1545.55,1545.55,947325.0,300.0
NIFTY,26-DEC-2024,26000.0,07-11-2024 11:40:00,56.9,56.9,56.6,56.6,2330650.0,400.0,1545.55,1545.55,1545.55,1545.55,947325.0,100.0
NIFTY,26-DEC-2024,26000.0,07-11-2024 11:41:00,56.6,56.6,56.2,56.6,2330650.0,3750.0,1545.55,1545.55,1545.55,1545.55,947325.0,0.0
NIFTY,26-DEC-2024,26000.0,07-11-2024 11:42:00,56.4,56.65,56.3,56.65,2330650.0,2175.0,1540.0,1540.0,1540.0,1540.0,947325.0,75.0
NIFTY,26-DEC-2024,26000.0,07-11-2024 11:43:00,56.65,57.0,56.65,57.0,2331025.0,700.0,,,,,,
NIFTY,26-DEC-2024,26000.0,07-11-2024 11:44:00,57.0,57.0,56.65,56.85,2331025.0,0.0,1540.0,1545.55,1540.0,1545.55,947400.0,0.0
NIFTY,26-DEC-2024,26000.0,07-11-2024 11:45:00,56.85,56.85,56.45,56.45,2332125.0,1025.0,1545.55,1548.6,1545.55,1548.6,947400.0,25.0
NIFTY,26-DEC-2024,26000.0,07-11-2024 11:46:00,56.6,56.6,56.3,56.5,2332125.0,625.0,1555.45,1555.45,1555.45,1555.45,947400.0,425.0
NIFTY,26-DEC-2024,26000.0,07-11-2024 11:47:00,56.4,56.5,56.35,56.5,2332125.0,1275.0,1550.0,1550.0,1550.0,1550.0,947400.0,100.0
NIFTY,26-DEC-2024,26000.0,07-11-2024 11:48:00,56.3,56.3,56.15,56.2,2332125.0,2950.0,1550.0,1555.0,1550.0,1555.0,947425.0,0.0
NIFTY,26-DEC-2024,26000.0,07-11-2024 11:49:00,56.4,56.4,56.15,56.15,2334175.0,1000.0,1552.15,1555.0,1552.15,1555.0,947125.0,0.0
NIFTY,26-DEC-2024,26000.0,07-11-2024 11:50:00,56.1,56.25,56.1,56.1,2334175.0,1550.0,1555.0,1555.0,1555.0,1555.0,947125.0,250.0
NIFTY,26-DEC-2024,26000.0,07-11-2024 11:51:00,56.2,56.4,56.2,56.4,2334175.0,0.0,,,,,,
NIFTY,26-DEC-2024,26000.0,07-11-2024 11:52:00,56.4,56.4,56.1,56.4,2335650.0,1325.0,,,,,,
NIFTY,26-DEC-2024,26000.0,07-11-2024 11:53:00,56.15,56.15,55.4,55.4,2335650.0,2325.0,1555.0,1555.0,1555.0,1555.0,947125.0,0.0
NIFTY,26-DEC-2024,26000.0,07-11-2024 11:54:00,55.35,55.5,55.35,55.4,2335650.0,0.0,,,,,,
NIFTY,26-DEC-2024,26000.0,07-11-2024 11:55:00,55.45,55.5,55.35,55.35,2337275.0,0.0,1546.85,1546.85,1546.85,1546.85,947125.0,25.0
NIFTY,26-DEC-2024,26000.0,07-11-2024 11:56:00,55.2,55.45,54.8,54.8,2337275.0,0.0,1546.85,1546.85,1546.85,1546.85,947125.0,0.0
NIFTY,26-DEC-2024,26000.0,07-11-2024 11:57:00,55.0,55.0,54.5,54.5,2338850.0,0.0,1546.85,1546.85,1546.85,1546.85,947125.0,0.0
NIFTY,26-DEC-2024,26000.0,07-11-2024 11:58:00,54.4,54.7,54.4,54.45,2338850.0,5600.0,1546.85,1546.85,1546.85,1546.85,947125.0,0.0
NIFTY,26-DEC-2024,26000.0,07-11-2024 11:59:00,54.4,54.4,54.2,54.2,2338850.0,0.0,,,,,,
NIFTY,26-DEC-2024,26000.0,07-11-2024 12:00:00,54.2,54.4,54.1,54.2,2339200.0,0.0,,,,,,
NIFTY,26-DEC-2024,26000.0,07-11-2024 12:01:00,54.2,54.4,54.1,54.4,2339200.0,0.0,,,,,,
NIFTY,26-DEC-2024,26000.0,07-11-2024 12:03:00,54.3,54.3,54.0,54.0,2339200.0,0.0,,,,,,
NIFTY,26-DEC-2024,26000.0,07-11-2024 12:04:00,54.25,54.25,54.0,54.0,2340325.0,10300.0,1561.0,1561.0,1561.0,1561.0,947125.0,250.0
NIFTY,26-DEC-2024,26000.0,07-11-2024 12:05:00,53.85,54.45,53.85,54.2,2340325.0,2300.0,1561.0,1570.0,1561.0,1561.95,947150.0,875.0
NIFTY,26-DEC-2024,26000.0,07-11-2024 12:06:00,54.25,54.25,54.15,54.15,2340350.0,0.0,1562.35,1567.6,1562.35,1567.6,947150.0,0.0
NIFTY,26-DEC-2024,26000.0,07-11-2024 12:07:00,54.15,54.3,54.0,54.3,2340350.0,275.0,1567.6,1567.6,1567.6,1567.6,947150.0,400.0
NIFTY,26-DEC-2024,26000.0,07-11-2024 12:08:00,54.25,54.4,54.25,54.4,2340350.0,350.0,,,,,,
NIFTY,26-DEC-2024,26000.0,07-11-2024 12:09:00,54.25,54.75,54.25,54.65,2340325.0,500.0,,,,,,
NIFTY,26-DEC-2024,26000.0,07-11-2024 12:10:00,54.6,54.85,54.6,54.6,2340325.0,0.0,1567.6,1567.6,1567.6,1567.6,947150.0,0.0
NIFTY,26-DEC-2024,26000.0,07-11-2024 12:11:00,54.8,54.95,54.6,54.95,2340325.0,0.0,,,,,,
NIFTY,26-DEC-2024,26000.0,07-11-2024 12:12:00,55.0,55.0,54.75,55.0,2340325.0,0.0,1553.1,1553.1,1553.1,1553.1,946625.0,0.0
NIFTY,26-DEC-2024,26000.0,07-11-2024 12:13:00,54.8,55.55,54.8,55.5,2340300.0,2725.0,1555.9,1564.15,1555.25,1557.05,946500.0,0.0
NIFTY,26-DEC-2024,26000.0,07-11-2024 12:14:00,55.4,55.8,54.85,55.8,2340300.0,1400.0,1559.7,1559.7,1559.25,1559.25,946500.0,5725.0
NIFTY,26-DEC-2024,26000.0,07-11-2024 12:15:00,55.6,55.8,55.6,55.7,2339825.0,8825.0,1565.2,1565.65,1565.0,1565.65,946500.0,3550.0
NIFTY,26-DEC-2024,26000.0,07-11-2024 12:16:00,55.8,55.8,55.45,55.6,2339825.0,0.0,1565.65,1565.65,1564.75,1564.75,946800.0,25.0
NIFTY,26-DEC-2024,26000.0,07-11-2024 12:17:00,55.35,55.5,55.2,55.2,2339825.0,0.0,1564.75,1564.75,1559.7,1559.7,946800.0,0.0
NIFTY,26-DEC-2024,26000.0,07-11-2024 12:18:00,55.2,55.2,55.0,55.0,2339825.0,0.0,,,,,,
NIFTY,26-DEC-2024,26000.0,07-11-2024 12:19:00,55.0,55.35,55.0,55.0,2340225.0,3500.0,1559.7,1559.7,1559.7,1559.7,946800.0,25.0
NIFTY,26-DEC-2024,26000.0,07-11-2024 12:20:00,55.0,55.25,55.0,55.25,2340225.0,0.0,,,,,,
NIFTY,26-DEC-2024,26000.0,07-11-2024 12:21:00,55.2,55.2,54.85,55.0,2340225.0,0.0,1563.1,1563.1,1555.4,1555.4,946750.0,350.0
NIFTY,26-DEC-2024,26000.0,07-11-2024 12:22:00,54.9,55.0,54.6,54.9,2341050.0,1975.0,1549.6,1558.55,1549.15,1549.15,946525.0,450.0
NIFTY,26-DEC-2024,26000.0,07-11-2024 12:23:00,54.9,55.3,54.9,55.3,2341050.0,250.0,1546.75,1546.75,1544.55,1544.55,946525.0,325.0
NIFTY,26-DEC-2024,26000.0,07-11-2024 12:24:00,55.6,55.6,55.3,55.35,2341050.0,175.0,1543.7,1550.1,1543.7,1550.1,946525.0,0.0
NIFTY,26-DEC-2024,26000.0,07-11-2024 12:25:00,55.4,56.0,55.4,56.0,2341775.0,0.0,1543.6,1543.6,1543.6,1543.6,945950.0,0.0
NIFTY,26-DEC-2024,26000.0,07-11-2024 12:26:00,55.95,56.75,55.8,56.75,2341775.0,0.0,1543.4,1543.4,1535.05,1535.35,945950.0,725.0
NIFTY,26-DEC-2024,26000.0,07-11-2024 12:27:00,55.85,57.0,55.85,56.6,2345000.0,10550.0,1537.75,1542.25,1533.75,1533.75,945950.0,275.0
NIFTY,26-DEC-2024,26000.0,07-11-2024 12:28:00,56.6,56.9,56.3,56.75,2345000.0,3800.0,1533.85,1533.85,1533.85,1533.85,945325.0,350.0
NIFTY,26-DEC-2024,26000.0,07-11-2024 12:29:00,56.65,56.65,56.0,56.0,2345000.0,7725.0,1540.3,1540.3,1533.75,1535.8,945325.0,1850.0
NIFTY,26-DEC-2024,26000.0,07-11-2024 12:30:00,55.45,55.95,55.4,55.8,2347350.0,1600.0,1536.5,1542.95,1535.45,1542.95,945325.0,600.0
NIFTY,26-DEC-2024,26000.0,07-11-2024 12:31:00,55.4,55.55,55.4,55.55,2347350.0,0.0,1544.5,1544.5,1544.5,1544.5,944725.0,0.0
NIFTY,26-DEC-2024,26000.0,07-11-2024 12:32:00,55.4,55.9,55.4,55.8,2347350.0,1500.0,1540.15,1543.75,1535.1,1535.1,944725.0,0.0
NIFTY,26-DEC-2024,26000.0,07-11-2024 12:33:00,55.4,55.55,55.4,55.4,2346450.0,450.0,1537.6,1537.6,1537.6,1537.6,944725.0,800.0
NIFTY,26-DEC-2024,26000.0,07-11-2024 12:34:00,55.4,55.55,54.9,55.0,2346450.0,6250.0,1537.6,1537.6,1537.6,1537.6,944725.0,0.0
NIFTY,26-DEC-2024,26000.0,07-11-2024 12:35:00,55.0,55.05,54.95,55.05,2346450.0,2200.0,1537.6,1537.6,1537.6,1537.6,944725.0,0.0
NIFTY,26-DEC-2024,26000.0,07-11-2024 12:36:00,55.0,55.05,54.55,55.05,2346450.0,400.0,1537.6,1537.6,1537.6,1537.6,944725.0,0.0
NIFTY,26-DEC-2024,26000.0,07-11-2024 12:37:00,55.05,55.05,54.95,54.95,2347300.0,0.0,1546.8,1546.8,1546.8,1546.8,944300.0,25.0
NIFTY,26-DEC-2024,26000.0,07-11-2024 12:38:00,54.7,54.85,54.5,54.6,2347300.0,0.0,1536.5,1536.5,1536.5,1536.5,944300.0,0.0
NIFTY,26-DEC-2024,26000.0,07-11-2024 12:39:00,54.6,54.6,54.6,54.6,2347300.0,1150.0,1536.5,1536.5,1536.5,1536.5,944300.0,75.0
NIFTY,26-DEC-2024,26000.0,07-11-2024 12:40:00,55.15,55.35,55.1,55.35,2347575.0,2450.0,1536.5,1536.5,1536.5,1536.5,944300.0,0.0
NIFTY,26-DEC-2024,26000.0,07-11-2024 12:41:00,55.3,55.65,55.3,55.35,2347575.0,2850.0,1541.05,1541.05,1541.05,1541.05,944300.0,300.0
NIFTY,26-DEC-2024,26000.0,07-11-2024 12:42:00,55.35,55.7,55.25,55.6,2349575.0,2300.0,1541.05,1541.05,1541.05,1541.05,944300.0,0.0
NIFTY,26-DEC-2024,26000.0,07-11-2024 12:43:00,55.65,55.65,55.5,55.5,2349575.0,0.0,,,,,,
NIFTY,26-DEC-2024,26000.0,07-11-2024 12:44:00,55.7,55.7,55.7,55.7,2349575.0,2425.0,1541.05,1541.05,1541.05,1541.05,944300.0,0.0
NIFTY,26-DEC-2024,26000.0,07-11-2024 12:45:00,55.75,55.95,55.75,55.75,2350275.0,0.0,1532.7,1533.95,1526.05,1528.05,943400.0,0.0
NIFTY,26-DEC-2024,26000.0,07-11-2024 12:46:00,55.65,56.0,55.65,56.0,2350275.0,1775.0,1528.05,1528.05,1526.0,1526.0,943400.0,975.0
NIFTY,26-DEC-2024,26000.0,07-11-2024 12:47:00,56.0,56.0,55.65,55.9,2350275.0,0.0,1526.0,1526.0,1526.0,1526.0,943400.0,525.0
NIFTY,26-DEC-2024,26000.0,07-11-2024 12:48:00,56.0,56.0,56.0,56.0,2350275.0,0.0,,,,,,
NIFTY,26-DEC-2024,26000.0,07-11-2024 12:49:00,56.0,56.25,55.75,56.15,2352700.0,0.0,1538.5,1539.0,1537.3,1537.3,943225.0,0.0
NIFTY,26-DEC-2024,26000.0,07-11-2024 12:50:00,56.25,56.4,56.0,56.05,2352700.0,0.0,,,,,,
NIFTY,26-DEC-2024,26000.0,07-11-2024 12:51:00,56.25,56.4,56.25,56.3,2352700.0,0.0,1525.5,1525.5,1525.5,1525.5,943225.0,0.0
NIFTY,26-DEC-2024,26000.0,07-11-2024 12:52:00,56.4,56.4,56.1,56.2,2354300.0,10350.0,1525.5,1535.0,1525.5,1535.0,941950.0,1500.0
NIFTY,26-DEC-2024,26000.0,07-11-2024 12:53:00,56.05,56.4,56.0,56.1,2354300.0,1075.0,1535.0,1535.0,1531.15,1531.15,941950.0,400.0
NIFTY,26-DEC-2024,26000.0,07-11-2024 12:54:00,56.05,56.05,55.5,55.5,2354300.0,0.0,,,,,,
NIFTY,26-DEC-2024,26000.0,07-11-2024 12:55:00,55.6,55.6,55.5,55.5,2354225.0,2650.0,,,,,,
NIFTY,26-DEC-2024,26000.0,07-11-2024 12:56:00,55.6,57.25,55.4,56.85,2354225.0,0.0,,,,,,
NIFTY,26-DEC-2024,26000.0,07-11-2024 12:57:00,56.5,56.55,55.35,55.35,2354225.0,0.0,,,,,,
NIFTY,26-DEC-2024,26000.0,07-11-2024 12:58:00,55.35,55.35,55.0,55.2,2360250.0,23525.0,1539.1,1539.1,1539.1,1539.1,941950.0,550.0
NIFTY,26-DEC-2024,26000.0,07-11-2024 12:59:00,55.2,55.25,55.15,55.15,2360250.0,1625.0,1541.0,1541.0,1541.0,1541.0,941250.0,0.0
NIFTY,26-DEC-2024,26000.0,07-11-2024 13:00:00,55.0,55.0,54.7,54.7,2360250.0,200.0,1541.0,1541.0,1541.0,1541.0,941250.0,100.0
NIFTY,26-DEC-2024,26000.0,07-11-2024 13:01:00,54.9,54.9,54.5,54.5,2361375.0,0.0,,,,,,
NIFTY,26-DEC-2024,26000.0,07-11-2024 13:02:00,54.5,54.5,54.0,54.15,2361375.0,1075.0,1541.0,1541.0,1541.0,1541.0,941250.0,0.0
NIFTY,26-DEC-2024,26000.0,07-11-2024 13:03:00,54.1,54.15,54.1,54.1,2361375.0,2050.0,1541.0,1541.0,1541.0,1541.0,941250.0,0.0
NIFTY,26-DEC-2024,26000.0,07-11-2024 13:04:00,54.15,54.35,54.0,54.35,2362100.0,1400.0,1543.9,1543.9,1543.9,1543.9,941350.0,125.0
NIFTY,26-DEC-2024,26000.0,07-11-2024 13:05:00,54.25,54.35,54.25,54.35,2362100.0,325.0,1548.95,1548.95,1548.95,1548.95,941350.0,50.0
NIFTY,26-DEC-2024,26000.0,07-11-2024 13:06:00,54.15,54.15,54.15,54.15,2362100.0,0.0,,,,,,
NIFTY,26-DEC-2024,26000.0,07-11-2024 13:07:00,54.1,54.1,54.0,54.0,2362975.0,2325.0,1550.0,1550.85,1550.0,1550.85,941275.0,25.0
NIFTY,26-DEC-2024,26000.0,07-11-2024 13:08:00,54.0,54.3,54.0,54.3,2362975.0,1525.0,1550.85,1551.95,1545.15,1545.15,941275.0,100.0
NIFTY,26-DEC-2024,26000.0,07-11-2024 13:09:00,54.1,54.4,54.0,54.4,2362975.0,1750.0,1545.15,1546.0,1545.1,1545.1,941275.0,850.0
NIFTY,26-DEC-2024,26000.0,07-11-2024 13:10:00,54.4,54.4,54.4,54.4,2364775.0,225.0,1545.0,1545.0,1545.0,1545.0,941275.0,75.0
NIFTY,26-DEC-2024,26000.0,07-11-2024 13:11:00,54.35,54.6,54.35,54.6,2364775.0,900.0,1541.05,1541.05,1541.0,1541.0,940400.0,125.0
NIFTY,26-DEC-2024,26000.0,07-11-2024 13:12:00,54.7,54.7,54.7,54.7,2364775.0,300.0,1541.0,1541.0,1541.0,1541.0,940400.0,225.0
NIFTY,26-DEC-2024,26000.0,07-11-2024 13:13:00,54.6,54.75,54.4,54.4,2364750.0,925.0,1536.25,1536.25,1535.95,1535.95,940150.0,125.0
NIFTY,26-DEC-2024,26000.0,07-11-2024 13:14:00,54.75,54.75,54.65,54.65,2364750.0,0.0,1535.9,1535.9,1535.9,1535.9,940150.0,0.0
NIFTY,26-DEC-2024,26000.0,07-11-2024 13:15:00,54.9,54.9,54.85,54.85,2364750.0,0.0,1535.9,1535.9,1535.9,1535.9,940150.0,125.0
NIFTY,26-DEC-2024,26000.0,07-11-2024 13:16:00,54.85,55.15,54.3,55.15,2365875.0,3875.0,1534.4,1534.4,1534.4,1534.4,940150.0,200.0
NIFTY,26-DEC-2024,26000.0,07-11-2024 13:17:00,55.1,55.15,54.65,54.85,2365875.0,9975.0,1534.4,1534.4,1534.4,1534.4,940150.0,0.0
NIFTY,26-DEC-2024,26000.0,07-11-2024 13:18:00,54.75,54.75,54.45,54.45,2365875.0,0.0,,,,,,
NIFTY,26-DEC-2024,26000.0,07-11-2024 13:19:00,54.5,54.75,54.5,54.65,2369725.0,2250.0,1546.3,1546.3,1546.3,1546.3,940375.0,150.0
NIFTY,26-DEC-2024,26000.0,07-11-2024 13:20:00,54.3,54.5,54.25,54.25,2369725.0,0.0,1554.0,1554.0,1554.0,1554.0,940375.0,0.0
NIFTY,26-DEC-2024,26000.0,07-11-2024 13:21:00,54.25,54.55,54.15,54.55,2369725.0,850.0,1554.0,1554.0,1554.0,1554.0,940375.0,25.0
NIFTY,26-DEC-2024,26000.0,07-11-2024 13:22:00,54.55,54.55,54.2,54.4,2371575.0,0.0,,,,,,
NIFTY,26-DEC-2024,26000.0,07-11-2024 13:23:00,54.35,54.35,54.0,54.35,2371575.0,5350.0,1558.65,1558.65,1557.0,1557.0,940275.0,0.0
NIFTY,26-DEC-2024,26000.0,07-11-2024 13:24:00,54.25,54.35,54.25,54.35,2371575.0,1225.0,1558.0,1558.0,1557.0,1557.0,940275.0,375.0
NIFTY,26-DEC-2024,26000.0,07-11-2024 13:25:00,54.2,54.4,54.1,54.4,2373675.0,675.0,1557.0,1557.0,1557.0,1557.0,940075.0,100.0
NIFTY,26-DEC-2024,26000.0,07-11-2024 13:26:00,54.4,54.4,54.25,54.25,2373675.0,0.0,1555.0,1555.0,1550.7,1554.0,940075.0,0.0
NIFTY,26-DEC-2024,26000.0,07-11-2024 13:27:00,54.4,54.4,54.0,54.0,2373675.0,2675.0,1556.0,1563.6,1556.0,1563.45,940075.0,700.0
NIFTY,26-DEC-2024,26000.0,07-11-2024 13:28:00,54.0,54.0,54.0,54.0,2375175.0,0.0,,,,,,
NIFTY,26-DEC-2024,26000.0,07-11-2024 13:29:00,54.0,54.1,53.85,53.85,2375175.0,1425.0,1563.45,1563.45,1557.4,1557.4,939575.0,0.0
NIFTY,26-DEC-2024,26000.0,07-11-2024 13:30:00,53.85,54.05,53.7,53.95,2375175.0,3125.0,1557.4,1557.4,1557.4,1557.4,939575.0,150.0
NIFTY,26-DEC-2024,26000.0,07-11-2024 13:31:00,54.0,54.0,53.75,53.8,2377475.0,600.0,1557.4,1560.0,1557.4,1560.0,939575.0,0.0
NIFTY,26-DEC-2024,26000.0,07-11-2024 13:32:00,53.9,53.9,53.25,53.6,2377475.0,1900.0,1560.0,1560.0,1560.0,1560.0,939575.0,25.0
NIFTY,26-DEC-2024,26000.0,07-11-2024 13:33:00,53.6,53.65,53.3,53.3,2377475.0,3575.0,1560.0,1566.0,1560.0,1566.0,939575.0,0.0
NIFTY,26-DEC-2024,26000.0,07-11-2024 13:34:00,53.55,53.7,53.5,53.55,2377100.0,3400.0,1566.65,1567.1,1566.0,1566.0,939450.0,650.0
NIFTY,26-DEC-2024,26000.0,07-11-2024 13:35:00,53.45,53.85,53.45,53.8,2377100.0,975.0,1566.35,1566.35,1565.0,1565.0,939450.0,400.0
NIFTY,26-DEC-2024,26000.0,07-11-2024 13:36:00,53.8,54.0,53.8,54.0,2377100.0,0.0,1565.0,1565.0,1565.0,1565.0,939450.0,75.0
NIFTY,26-DEC-2024,26000.0,07-11-2024 13:37:00,54.0,54.0,53.6,54.0,2378250.0,0.0,,,,,,
NIFTY,26-DEC-2024,26000.0,07-11-2024 13:38:00,54.0,54.0,53.7,53.8,2378250.0,1625.0,1563.5,1563.5,1563.5,1563.5,938800.0,0.0
NIFTY,26-DEC-2024,26000.0,07-11-2024 13:39:00,53.8,54.0,53.8,53.85,2378250.0,350.0,1564.0,1564.0,1564.0,1564.0,938800.0,0.0
NIFTY,26-DEC-2024,26000.0,07-11-2024 13:40:00,53.9,53.95,53.75,53.95,2378800.0,300.0,1565.0,1565.0,1564.75,1565.0,938625.0,250.0
NIFTY,26-DEC-2024,26000.0,07-11-2024 13:41:00,53.85,53.85,53.05,53.6,2378800.0,750.0,1565.0,1565.0,1560.0,1560.0,938625.0,100.0
NIFTY,26-DEC-2024,26000.0,07-11-2024 13:42:00,53.6,53.6,53.3,53.55,2378800.0,1450.0,1560.0,1570.25,1560.0,1570.25,938625.0,150.0
NIFTY,26-DEC-2024,26000.0,07-11-2024 13:43:00,,,,,,,1570.25,1570.25,1570.25,1570.25,938625.0,25.0
NIFTY,26-DEC-2024,26000.0,07-11-2024 13:44:00,53.75,53.85,53.6,53.6,2380325.0,0.0,1575.0,1577.0,1574.0,1577.0,938525.0,0.0
NIFTY,26-DEC-2024,26000.0,07-11-2024 13:45:00,53.6,54.1,53.45,54.1,2380325.0,6400.0,1577.0,1581.9,1577.0,1581.9,938525.0,150.0
NIFTY,26-DEC-2024,26000.0,07-11-2024 13:46:00,54.25,54.4,54.0,54.05,2380000.0,1150.0,1581.9,1583.5,1580.0,1583.0,938500.0,100.0
NIFTY,26-DEC-2024,26000.0,07-11-2024 13:47:00,54.35,54.35,54.0,54.0,2380000.0,5075.0,1568.0,1568.0,1568.0,1568.0,938500.0,3300.0
NIFTY,26-DEC-2024,26000.0,07-11-2024 13:48:00,54.35,54.5,54.1,54.5,2380000.0,0.0,1571.25,1571.25,1569.3,1569.3,938500.0,0.0
NIFTY,26-DEC-2024,26000.0,07-11-2024 13:49:00,54.6,54.6,54.2,54.5,2381475.0,1100.0,1569.3,1569.5,1569.3,1569.5,935475.0,350.0
NIFTY,26-DEC-2024,26000.0,07-11-2024 13:50:00,54.4,54.4,54.15,54.15,2381475.0,800.0,1571.6,1572.0,1571.6,1572.0,935475.0,75.0
NIFTY,26-DEC-2024,26000.0,07-11-2024 13:51:00,54.45,54.6,54.45,54.5,2381475.0,525.0,1567.75,1567.75,1567.75,1567.75,935475.0,125.0
NIFTY,26-DEC-2024,26000.0,07-11-2024 13:52:00,54.6,55.0,54.3,54.3,2381550.0,500.0,1566.0,1566.0,1566.0,1566.0,935350.0,25.0
NIFTY,26-DEC-2024,26000.0,07-11-2024 13:53:00,54.4,54.4,54.2,54.3,2381550.0,2675.0,1566.0,1566.0,1566.0,1566.0,935350.0,0.0
NIFTY,26-DEC-2024,26000.0,07-11-2024 13:54:00,54.3,54.65,54.3,54.35,2381550.0,1275.0,1566.0,1566.0,1566.0,1566.0,935350.0,0.0
NIFTY,26-DEC-2024,26000.0,07-11-2024 13:55:00,54.4,54.5,54.1,54.1,2382525.0,0.0,,,,,,
NIFTY,26-DEC-2024,26000.0,07-11-2024 13:56:00,54.15,54.15,53.7,53.7,2382525.0,2400.0,1568.0,1568.0,1558.05,1565.4,935375.0,250.0
NIFTY,26-DEC-2024,26000.0,07-11-2024 13:57:00,53.7,54.0,53.3,53.3,2382525.0,7925.0,1555.05,1563.75,1555.05,1563.75,935375.0,6375.0
NIFTY,26-DEC-2024,26000.0,07-11-2024 13:58:00,53.6,53.6,53.6,53.6,2387400.0,725.0,1563.75,1563.75,1563.75,1563.75,935375.0,1200.0
NIFTY,26-DEC-2024,26000.0,07-11-2024 13:59:00,53.7,53.7,53.1,53.25,2387400.0,750.0,1564.85,1564.85,1564.85,1564.85,936650.0,325.0
NIFTY,26-DEC-2024,26000.0,07-11-2024 14:00:00,53.1,53.4,53.1,53.25,2387400.0,3475.0,1555.3,1555.3,1555.3,1555.3,936650.0,225.0
NIFTY,26-DEC-2024,26000.0,07-11-2024 14:01:00,53.2,53.25,52.95,52.95,2388325.0,0.0,1558.0,1562.0,1558.0,1562.0,936800.0,0.0
NIFTY,26-DEC-2024,26000.0,07-11-2024 14:02:00,53.0,53.0,52.8,52.95,2388325.0,4325.0,1562.0,1568.45,1562.0,1563.0,936800.0,50.0
NIFTY,26-DEC-2024,26000.0,07-11-2024 14:03:00,52.85,53.0,52.7,52.7,2388325.0,2625.0,1559.95,1559.95,1559.95,1559.95,936800.0,1450.0
NIFTY,26-DEC-2024,26000.0,07-11-2024 14:04:00,53.0,53.35,53.0,53.2,2389100.0,725.0,1559.95,1560.0,1559.95,1560.0,936775.0,0.0
NIFTY,26-DEC-2024,26000.0,07-11-2024 14:05:00,53.1,53.5,53.05,53.05,2389100.0,975.0,1559.0,1563.1,1558.0,1563.1,936775.0,125.0
NIFTY,26-DEC-2024,26000.0,07-11-2024 14:06:00,53.35,53.45,53.15,53.45,2389100.0,0.0,1563.1,1563.1,1561.5,1561.7,936775.0,250.0
NIFTY,26-DEC-2024,26000.0,07-11-2024 14:07:00,53.4,53.4,53.0,53.25,2390700.0,3800.0,1556.65,1556.65,1556.65,1556.65,936775.0,150.0
NIFTY,26-DEC-2024,26000.0,07-11-2024 14:08:00,53.15,53.3,53.0,53.05,2390700.0,5425.0,1556.65,1556.65,1556.65,1556.65,936775.0,0.0
NIFTY,26-DEC-2024,26000.0,07-11-2024 14:09:00,53.0,54.1,53.0,53.95,2390700.0,1950.0,,,,,,
NIFTY,26-DEC-2024,26000.0,07-11-2024 14:10:00,54.1,54.1,53.65,53.8,2392025.0,0.0,1565.25,1566.25,1565.25,1566.25,936825.0,0.0
NIFTY,26-DEC-2024,26000.0,07-11-2024 14:11:00,53.6,53.8,53.4,53.7,2392025.0,7725.0,1566.25,1570.05,1564.45,1569.0,936825.0,175.0
NIFTY,26-DEC-2024,26000.0,07-11-2024 14:12:00,53.75,53.75,53.4,53.6,2392025.0,0.0,,,,,,
NIFTY,26-DEC-2024,26000.0,07-11-2024 14:13:00,53.6,53.95,53.45,53.95,2393975.0,0.0,,,,,,
NIFTY,26-DEC-2024,26000.0,07-11-2024 14:14:00,53.8,53.8,53.8,53.8,2393975.0,6525.0,1564.3,1564.3,1564.3,1564.3,936875.0,575.0
NIFTY,26-DEC-2024,26000.0,07-11-2024 14:15:00,54.3,54.6,54.2,54.6,2393975.0,675.0,1564.3,1564.3,1564.3,1564.3,936875.0,0.0
NIFTY,26-DEC-2024,26000.0,07-11-2024 14:16:00,54.4,54.6,54.3,54.3,2394300.0,2075.0,1564.3,1564.3,1564.3,1564.3,936875.0,0.0
NIFTY,26-DEC-2024,26000.0,07-11-2024 14:18:00,54.5,54.6,54.2,54.2,2394300.0,0.0,1560.0,1560.0,1560.0,1560.0,936800.0,0.0
NIFTY,26-DEC-2024,26000.0,07-11-2024 14:19:00,54.4,54.4,54.0,54.15,2393875.0,1400.0,1560.0,1568.05,1560.0,1567.0,936775.0,350.0
NIFTY,26-DEC-2024,26000.0,07-11-2024 14:20:00,54.1,54.1,53.8,53.9,2393875.0,2375.0,1567.0,1569.6,1567.0,1569.6,936775.0,25.0
NIFTY,26-DEC-2024,26000.0,07-11-2024 14:21:00,53.5,53.75,53.3,53.6,2393875.0,5100.0,1566.95,1570.2,1566.95,1570.2,936775.0,600.0
NIFTY,26-DEC-2024,26000.0,07-11-2024 14:22:00,53.4,53.75,53.4,53.4,2395175.0,4975.0,1571.55,1571.55,1571.55,1571.55,936750.0,275.0
NIFTY,26-DEC-2024,26000.0,07-11-2024 14:23:00,53.5,53.85,53.4,53.8,2395175.0,0.0,1570.85,1573.55,1566.05,1566.05,936750.0,0.0
NIFTY,26-DEC-2024,26000.0,07-11-2024 14:24:00,53.75,53.8,53.6,53.8,2395175.0,0.0,1566.05,1572.45,1565.7,1566.0,936750.0,0.0
NIFTY,26-DEC-2024,26000.0,07-11-2024 14:25:00,53.7,53.8,53.4,53.6,2397775.0,4100.0,1566.0,1569.7,1566.0,1569.7,936525.0,1175.0
NIFTY,26-DEC-2024,26000.0,07-11-2024 14:26:00,53.7,53.8,53.5,53.5,2397775.0,3125.0,1568.05,1568.05,1568.0,1568.0,936525.0,0.0
NIFTY,26-DEC-2024,26000.0,07-11-2024 14:27:00,53.6,53.85,53.55,53.85,2397775.0,4525.0,1568.0,1568.0,1568.0,1568.0,936525.0,250.0
NIFTY,26-DEC-2024,26000.0,07-11-2024 14:28:00,53.9,54.05,53.7,53.8,2400125.0,2500.0,1568.0,1568.0,1568.0,1568.0,936525.0,0.0
NIFTY,26-DEC-2024,26000.0,07-11-2024 14:29:00,53.85,54.35,53.65,54.2,2400125.0,0.0,1566.15,1566.15,1560.0,1560.0,936475.0,0.0
NIFTY,26-DEC-2024,26000.0,07-11-2024 14:30:00,54.2,54.2,53.9,54.0,2400125.0,13250.0,1560.0,1560.0,1560.0,1560.0,936475.0,350.0
NIFTY,26-DEC-2024,26000.0,07-11-2024 14:31:00,54.0,54.0,53.55,53.65,2405025.0,3825.0,1563.2,1569.0,1563.2,1569.0,936125.0,0.0
NIFTY,26-DEC-2024,26000.0,07-11-2024 14:32:00,53.7,54.0,53.35,53.5,2405025.0,4350.0,1571.1,1571.1,1565.0,1566.0,936125.0,1250.0
NIFTY,26-DEC-2024,26000.0,07-11-2024 14:33:00,53.5,53.6,53.35,53.4,2405025.0,2100.0,1569.0,1569.2,1569.0,1569.15,936125.0,400.0
NIFTY,26-DEC-2024,26000.0,07-11-2024 14:34:00,53.4,53.65,53.3,53.35,2402125.0,0.0,,,,,,
NIFTY,26-DEC-2024,26000.0,07-11-2024 14:35:00,53.35,53.35,53.15,53.15,2402125.0,5350.0,1571.15,1571.15,1566.15,1566.15,935700.0,50.0
NIFTY,26-DEC-2024,26000.0,07-11-2024 14:36:00,53.15,53.5,53.05,53.25,2402125.0,2000.0,1566.55,1570.25,1565.55,1565.55,935700.0,0.0
NIFTY,26-DEC-2024,26000.0,07-11-2024 14:37:00,53.25,53.4,53.1,53.15,2400725.0,1275.0,1565.55,1565.55,1565.55,1565.55,935700.0,675.0
NIFTY,26-DEC-2024,26000.0,07-11-2024 14:38:00,53.25,53.45,53.25,53.4,2400725.0,0.0,1569.25,1569.3,1563.05,1563.05,935300.0,0.0
NIFTY,26-DEC-2024,26000.0,07-11-2024 14:39:00,53.55,53.65,53.25,53.25,2400725.0,3175.0,1563.0,1564.0,1563.0,1564.0,935300.0,725.0
NIFTY,26-DEC-2024,26000.0,07-11-2024 14:40:00,53.25,53.6,53.2,53.2,2404850.0,0.0,1568.0,1569.1,1563.15,1563.15,934950.0,0.0
NIFTY,26-DEC-2024,26000.0,07-11-2024 14:41:00,53.2,53.6,53.0,53.4,2404850.0,0.0,1568.6,1569.05,1566.0,1566.0,934950.0,0.0
NIFTY,26-DEC-2024,26000.0,07-11-2024 14:42:00,53.1,53.1,52.4,52.4,2404850.0,13075.0,1566.0,1568.0,1566.0,1568.0,934950.0,1050.0
NIFTY,26-DEC-2024,26000.0,07-11-2024 14:43:00,52.75,52.85,52.5,52.5,2396175.0,18375.0,1568.0,1571.0,1568.0,1571.0,934725.0,175.0
NIFTY,26-DEC-2024,26000.0,07-11-2024 14:44:00,52.7,52.9,52.65,52.65,2396175.0,500.0,1569.8,1570.85,1569.8,1570.85,934725.0,250.0
NIFTY,26-DEC-2024,26000.0,07-11-2024 14:45:00,52.55,52.8,52.55,52.55,2396175.0,425.0,1566.0,1566.0,1564.2,1564.2,934725.0,575.0
NIFTY,26-DEC-2024,26000.0,07-11-2024 14:46:00,52.55,52.85,52.5,52.6,2397525.0,3150.0,1569.55,1569.55,1569.55,1569.55,934450.0,325.0
NIFTY,26-DEC-2024,26000.0,07-11-2024 14:47:00,52.5,52.8,52.25,52.4,2397525.0,2125.0,1566.2,1570.9,1566.2,1570.9,934450.0,125.0
NIFTY,26-DEC-2024,26000.0,07-11-2024 14:48:00,52.65,52.65,52.5,52.5,2397525.0,425.0,1570.9,1570.9,1570.9,1570.9,934450.0,0.0
NIFTY,26-DEC-2024,26000.0,07-11-2024 14:49:00,52.7,52.8,52.65,52.75,2397725.0,0.0,1572.95,1572.95,1572.95,1572.95,934425.0,0.0
NIFTY,26-DEC-2024,26000.0,07-11-2024 14:50:00,52.75,52.8,52.65,52.8,2397725.0,1850.0,1572.95,1573.0,1566.05,1566.05,934425.0,100.0
NIFTY,26-DEC-2024,26000.0,07-11-2024 14:51:00,52.75,52.75,52.5,52.5,2397725.0,2175.0,1566.05,1566.05,1566.05,1566.05,934425.0,375.0
NIFTY,26-DEC-2024,26000.0,07-11-2024 14:52:00,52.9,53.1,52.75,52.85,2396025.0,1725.0,1566.05,1571.85,1566.05,1571.85,934200.0,0.0
NIFTY,26-DEC-2024,26000.0,07-11-2024 14:53:00,52.95,52.95,52.6,52.6,2396025.0,825.0,1571.9,1575.0,1571.9,1575.0,934200.0,475.0
NIFTY,26-DEC-2024,26000.0,07-11-2024 14:54:00,52.6,53.05,52.6,53.0,2396025.0,1250.0,1574.95,1574.95,1574.95,1574.95,934200.0,525.0
NIFTY,26-DEC-2024,26000.0,07-11-2024 14:55:00,53.15,53.25,52.85,52.9,2396575.0,1475.0,1573.05,1573.05,1573.05,1573.05,934200.0,25.0
NIFTY,26-DEC-2024,26000.0,07-11-2024 14:56:00,52.85,53.2,52.8,52.8,2396575.0,600.0,1573.05,1573.05,1573.05,1573.05,934200.0,0.0
NIFTY,26-DEC-2024,26000.0,07-11-2024 14:57:00,52.8,53.1,52.75,53.1,2396575.0,0.0,,,,,,
NIFTY,26-DEC-2024,26000.0,07-11-2024 14:58:00,52.8,53.15,52.75,53.15,2398775.0,1150.0,1573.05,1573.05,1551.45,1551.45,934375.0,0.0
NIFTY,26-DEC-2024,26000.0,07-11-2024 14:59:00,53.1,53.4,52.9,53.05,2398775.0,3025.0,1551.9,1559.25,1551.9,1559.25,934375.0,1125.0
NIFTY,26-DEC-2024,26000.0,07-11-2024 15:00:00,53.1,53.45,53.0,53.0,2398775.0,3150.0,1558.45,1558.45,1549.8,1551.0,934375.0,975.0
NIFTY,26-DEC-2024,26000.0,07-11-2024 15:01:00,53.0,53.3,52.75,52.75,2399200.0,2675.0,1551.75,1551.75,1551.75,1551.75,933650.0,325.0
NIFTY,26-DEC-2024,26000.0,07-11-2024 15:02:00,52.6,52.9,52.45,52.55,2399200.0,9650.0,1560.0,1560.0,1560.0,1560.0,933650.0,50.0
NIFTY,26-DEC-2024,26000.0,07-11-2024 15:03:00,52.4,52.45,52.0,52.0,2399200.0,5800.0,1561.15,1561.15,1561.15,1561.15,933650.0,100.0
NIFTY,26-DEC-2024,26000.0,07-11-2024 15:04:00,51.95,52.05,51.65,52.0,2396600.0,10900.0,1556.0,1556.95,1556.0,1556.95,933650.0,25.0
NIFTY,26-DEC-2024,26000.0,07-11-2024 15:05:00,51.85,52.0,51.7,51.9,2396600.0,0.0,1556.95,1556.95,1556.95,1556.95,933650.0,0.0
NIFTY,26-DEC-2024,26000.0,07-11-2024 15:06:00,51.7,52.0,51.6,51.95,2396600.0,11325.0,1554.35,1554.35,1550.0,1550.0,933650.0,150.0
NIFTY,26-DEC-2024,26000.0,07-11-2024 15:07:00,51.8,52.0,51.8,52.0,2386850.0,6350.0,1559.05,1559.05,1552.05,1557.45,933550.0,200.0
NIFTY,26-DEC-2024,26000.0,07-11-2024 15:08:00,52.0,52.05,51.8,51.9,2386850.0,0.0,1558.75,1559.2,1554.65,1554.7,933550.0,150.0
NIFTY,26-DEC-2024,26000.0,07-11-2024 15:09:00,51.95,52.05,51.75,51.8,2386850.0,7325.0,1554.7,1560.0,1554.55,1555.1,933550.0,1150.0
NIFTY,26-DEC-2024,26000.0,07-11-2024 15:10:00,51.75,51.85,51.4,51.65,2380775.0,8025.0,1555.55,1555.55,1555.55,1555.55,933550.0,325.0
NIFTY,26-DEC-2024,26000.0,07-11-2024 15:11:00,51.7,52.0,51.6,52.0,2380775.0,5350.0,1564.45,1564.45,1564.45,1564.45,933525.0,25.0
NIFTY,26-DEC-2024,26000.0,07-11-2024 15:12:00,52.0,52.0,51.75,51.75,2380775.0,0.0,1565.0,1566.15,1565.0,1566.15,933525.0,0.0
NIFTY,26-DEC-2024,26000.0,07-11-2024 15:13:00,51.9,51.95,51.65,51.65,2379525.0,0.0,1566.35,1570.6,1561.95,1570.6,933425.0,575.0
NIFTY,26-DEC-2024,26000.0,07-11-2024 15:14:00,51.8,52.0,51.6,51.8,2379525.0,0.0,1571.6,1571.6,1564.3,1566.1,933425.0,0.0
NIFTY,26-DEC-2024,26000.0,07-11-2024 15:15:00,52.0,52.55,52.0,52.45,2379525.0,8600.0,1572.0,1572.0,1565.4,1565.85,933425.0,1750.0
NIFTY,26-DEC-2024,26000.0,07-11-2024 15:16:00,52.2,52.2,52.2,52.2,2380350.0,2450.0,1566.05,1566.05,1566.05,1566.05,933425.0,125.0
NIFTY,26-DEC-2024,26000.0,07-11-2024 15:17:00,52.25,52.3,52.05,52.15,2380350.0,800.0,1566.85,1566.85,1566.85,1566.85,933425.0,25.0
NIFTY,26-DEC-2024,26000.0,07-11-2024 15:18:00,52.0,52.15,52.0,52.1,2380350.0,2400.0,1566.85,1566.85,1566.85,1566.85,933425.0,0.0
NIFTY,26-DEC-2024,26000.0,07-11-2024 15:19:00,52.2,52.25,52.0,52.05,2378775.0,0.0,1569.0,1569.0,1569.0,1569.0,933475.0,0.0
NIFTY,26-DEC-2024,26000.0,07-11-2024 15:20:00,52.0,52.15,51.9,52.05,2378775.0,3750.0,1569.0,1569.0,1564.4,1568.0,933475.0,25.0
NIFTY,26-DEC-2024,26000.0,07-11-2024 15:21:00,52.05,52.05,51.6,51.6,2378775.0,2650.0,1569.0,1569.0,1569.0,1569.0,933475.0,650.0
NIFTY,26-DEC-2024,26000.0,07-11-2024 15:22:00,51.6,51.6,51.0,51.1,2378700.0,11325.0,1572.5,1572.5,1572.5,1572.5,933325.0,75.0
NIFTY,26-DEC-2024,26000.0,07-11-2024 15:23:00,51.1,51.6,51.05,51.3,2378700.0,550.0,1571.95,1571.95,1571.95,1571.95,933325.0,0.0
NIFTY,26-DEC-2024,26000.0,07-11-2024 15:24:00,51.2,51.5,51.0,51.15,2378700.0,7250.0,,,,,,
NIFTY,26-DEC-2024,26000.0,07-11-2024 15:25:00,51.15,51.8,51.0,51.65,2372600.0,8975.0,1570.0,1572.65,1569.6,1569.6,933250.0,100.0
NIFTY,26-DEC-2024,26000.0,07-11-2024 15:26:00,51.5,51.85,51.4,51.85,2372600.0,0.0,1571.35,1571.35,1569.4,1569.4,933250.0,0.0
NIFTY,26-DEC-2024,26000.0,07-11-2024 15:27:00,51.5,51.85,51.2,51.25,2372600.0,0.0,1576.95,1576.95,1576.95,1576.95,933250.0,0.0
NIFTY,26-DEC-2024,26000.0,07-11-2024 15:28:00,51.55,51.55,51.0,51.05,2375000.0,0.0,1576.95,1576.95,1575.4,1575.4,933275.0,1100.0
NIFTY,26-DEC-2024,26000.0,07-11-2024 15:29:00,51.1,51.6,50.65,50.65,2375000.0,17375.0,1575.4,1590.3,1575.4,1579.35,933275.0,200.0
NIFTY,26-DEC-2024,26000.0,08-11-2024 09:15:00,50.05,50.05,47.3,49.4,2374575.0,0.0,1579.35,1643.45,1579.35,1643.45,933225.0,275.0
NIFTY,26-DEC-2024,26000.0,08-11-2024 09:16:00,48.15,48.4,45.4,45.65,2374575.0,10650.0,1643.45,1658.0,1643.45,1658.0,933250.0,325.0
NIFTY,26-DEC-2024,26000.0,08-11-2024 09:17:00,47.25,47.25,45.6,46.15,2374575.0,0.0,1658.0,1678.0,1658.0,1675.0,933250.0,325.0
NIFTY,26-DEC-2024,26000.0,08-11-2024 09:18:00,46.15,46.2,45.75,45.9,2379350.0,10925.0,1675.0,1675.0,1653.1,1660.0,933250.0,1025.0
NIFTY,26-DEC-2024,26000.0,08-11-2024 09:19:00,45.85,45.85,45.0,45.0,2379350.0,0.0,1660.1,1679.15,1660.1,1679.15,934225.0,300.0
NIFTY,26-DEC-2024,26000.0,08-11-2024 09:20:00,45.0,45.35,44.1,44.1,2379350.0,0.0,1679.15,1699.95,1679.15,1699.95,934225.0,75.0
NIFTY,26-DEC-2024,26000.0,08-11-2024 09:21:00,44.5,45.0,44.25,44.8,2375225.0,0.0,1699.95,1699.95,1697.55,1697.55,934225.0,75.0
NIFTY,26-DEC-2024,26000.0,08-11-2024 09:22:00,44.9,45.0,44.3,44.7,2375225.0,37275.0,1697.55,1697.55,1678.15,1695.0,934200.0,75.0
NIFTY,26-DEC-2024,26000.0,08-11-2024 09:23:00,44.3,44.7,44.2,44.5,2375225.0,0.0,1695.0,1695.0,1681.0,1681.0,934200.0,100.0
NIFTY,26-DEC-2024,26000.0,08-11-2024 09:24:00,44.3,45.0,44.3,44.85,2377400.0,0.0,1681.0,1687.5,1681.0,1687.5,934200.0,25.0
NIFTY,26-DEC-2024,26000.0,08-11-2024 09:25:00,45.0,47.35,45.0,47.35,2377400.0,0.0,1687.5,1687.5,1632.55,1632.55,934175.0,125.0
NIFTY,26-DEC-2024,26000.0,08-11-2024 09:26:00,48.3,48.6,47.2,48.05,2377400.0,22550.0,1601.9,1613.05,1596.8,1613.05,934175.0,425.0
NIFTY,26-DEC-2024,26000.0,08-11-2024 09:27:00,48.1,48.1,46.35,46.45,2376475.0,11350.0,1613.05,1640.0,1613.05,1640.0,934150.0,25.0
NIFTY,26-DEC-2024,26000.0,08-11-2024 09:28:00,46.75,47.3,46.75,47.15,2376475.0,0.0,1640.0,1640.0,1622.65,1622.65,934150.0,150.0
NIFTY,26-DEC-2024,26000.0,08-11-2024 09:29:00,47.15,48.45,46.75,47.85,2376475.0,5575.0,1622.65,1622.65,1600.0,1600.0,934150.0,0.0
NIFTY,26-DEC-2024,26000.0,08-11-2024 09:30:00,48.0,48.0,47.45,47.65,2377700.0,5450.0,1613.4,1613.4,1613.4,1613.4,934150.0,500.0
NIFTY,26-DEC-2024,26000.0,08-11-2024 09:31:00,47.75,50.25,47.75,50.25,2377700.0,7925.0,1578.7,1580.6,1578.7,1580.6,934050.0,275.0
NIFTY,26-DEC-2024,26000.0,08-11-2024 09:32:00,50.4,50.65,49.85,49.85,2377700.0,0.0,1569.4,1584.55,1569.4,1584.55,934050.0,0.0
NIFTY,26-DEC-2024,26000.0,08-11-2024 09:33:00,49.8,49.8,48.4,48.45,2378025.0,0.0,1600.0,1600.0,1600.0,1600.0,934050.0,0.0
NIFTY,26-DEC-2024,26000.0,08-11-2024 09:34:00,48.6,50.75,48.6,50.75,2378025.0,11250.0,1600.0,1600.0,1590.4,1590.4,933925.0,325.0
NIFTY,26-DEC-2024,26000.0,08-11-2024 09:35:00,50.75,50.75,49.8,49.8,2378025.0,2200.0,1590.4,1590.4,1588.2,1588.2,933925.0,450.0
NIFTY,26-DEC-2024,26000.0,08-11-2024 09:36:00,49.8,49.8,48.4,48.5,2378925.0,8825.0,1588.2,1588.2,1588.2,1588.2,933925.0,0.0
NIFTY,26-DEC-2024,26000.0,08-11-2024 09:37:00,48.5,48.8,47.6,48.4,2378925.0,5075.0,1621.05,1630.0,1615.8,1615.8,933975.0,100.0
NIFTY,26-DEC-2024,26000.0,08-11-2024 09:38:00,48.3,48.6,47.85,48.15,2378925.0,0.0,1622.0,1622.0,1612.4,1612.4,933975.0,0.0
NIFTY,26-DEC-2024,26000.0,08-11-2024 09:39:00,48.5,49.0,47.75,47.75,2378125.0,5875.0,1604.0,1604.0,1604.0,1604.0,933975.0,125.0
NIFTY,26-DEC-2024,26000.0,08-11-2024 09:40:00,47.9,48.8,47.8,47.8,2378125.0,1650.0,1624.35,1624.35,1613.5,1613.5,933825.0,250.0
NIFTY,26-DEC-2024,26000.0,08-11-2024 09:41:00,48.55,49.3,48.55,48.9,2378125.0,2425.0,1613.5,1613.5,1613.5,1613.5,933825.0,75.0
NIFTY,26-DEC-2024,26000.0,08-11-2024 09:42:00,49.5,50.25,49.0,49.9,2378800.0,5725.0,1588.0,1588.65,1585.55,1585.55,933825.0,75.0
NIFTY,26-DEC-2024,26000.0,08-11-2024 09:43:00,49.75,50.05,49.75,49.85,2378800.0,0.0,1578.3,1578.3,1578.3,1578.3,933700.0,0.0
NIFTY,26-DEC-2024,26000.0,08-11-2024 09:44:00,49.1,49.9,49.1,49.35,2378800.0,6175.0,1578.3,1590.0,1578.3,1590.0,933700.0,125.0
NIFTY,26-DEC-2024,26000.0,08-11-2024 09:45:00,49.6,54.0,49.6,54.0,2379975.0,1800.0,1590.0,1590.0,1511.9,1538.0,933600.0,250.0
NIFTY,26-DEC-2024,26000.0,08-11-2024 09:46:00,54.1,56.75,53.25,56.2,2379975.0,7550.0,1538.0,1538.0,1508.75,1508.75,933600.0,25.0
NIFTY,26-DEC-2024,26000.0,08-11-2024 09:47:00,56.05,58.0,55.65,56.5,2379975.0,7100.0,,,,,,
NIFTY,26-DEC-2024,26000.0,08-11-2024 09:48:00,56.5,57.05,56.0,56.0,2375475.0,6275.0,1500.0,1500.0,1500.0,1500.0,933600.0,100.0
NIFTY,26-DEC-2024,26000.0,08-11-2024 09:49:00,56.0,56.0,55.15,55.15,2375475.0,3425.0,1517.25,1517.25,1517.25,1517.25,933600.0,50.0
NIFTY,26-DEC-2024,26000.0,08-11-2024 09:50:00,55.15,55.75,54.0,54.6,2375475.0,3375.0,1530.0,1530.0,1530.0,1530.0,933500.0,1000.0
NIFTY,26-DEC-2024,26000.0,08-11-2024 09:51:00,54.0,54.0,53.2,53.2,2377225.0,0.0,,,,,,
NIFTY,26-DEC-2024,26000.0,08-11-2024 09:52:00,53.0,53.95,52.5,52.5,2377225.0,1525.0,1530.0,1530.0,1530.0,1530.0,933500.0,0.0
NIFTY,26-DEC-2024,26000.0,08-11-2024 09:53:00,52.0,52.0,48.15,49.4,2377225.0,4050.0,1572.2,1572.2,1572.2,1572.2,933450.0,25.0
NIFTY,26-DEC-2024,26000.0,08-11-2024 09:54:00,49.4,49.5,48.35,49.0,2377225.0,16950.0,1572.2,1572.2,1572.2,1572.2,933450.0,0.0
NIFTY,26-DEC-2024,26000.0,08-11-2024 09:55:00,50.0,50.5,48.6,48.6,2376525.0,1900.0,1572.2,1572.2,1572.2,1572.2,933450.0,0.0
NIFTY,26-DEC-2024,26000.0,08-11-2024 09:56:00,49.35,50.4,49.35,50.1,2376525.0,0.0,1572.2,1572.2,1572.2,1572.2,933450.0,0.0
NIFTY,26-DEC-2024,26000.0,08-11-2024 09:57:00,50.45,50.95,49.8,50.2,2379625.0,4600.0,1572.2,1583.05,1572.2,1583.05,933425.0,450.0
NIFTY,26-DEC-2024,26000.0,08-11-2024 09:58:00,49.5,50.0,49.5,49.85,2379625.0,0.0,1583.05,1583.05,1583.05,1583.05,933425.0,0.0
NIFTY,26-DEC-2024,26000.0,08-11-2024 09:59:00,49.8,50.5,49.8,50.15,2379625.0,0.0,1583.05,1583.05,1583.05,1583.05,933425.0,0.0
NIFTY,26-DEC-2024,26000.0,08-11-2024 10:00:00,50.0,50.5,48.85,48.85,2381500.0,0.0,,,,,,
NIFTY,26-DEC-2024,26000.0,08-11-2024 10:01:00,48.65,49.05,48.3,48.3,2381500.0,8575.0,1583.05,1583.05,1583.05,1583.05,933425.0,0.0
NIFTY,26-DEC-2024,26000.0,08-11-2024 10:02:00,47.8,47.8,47.0,47.25,2381500.0,0.0,,,,,,
NIFTY,26-DEC-2024,26000.0,08-11-2024 10:03:00,47.6,48.4,47.6,48.4,2382050.0,7525.0,1583.05,1583.05,1583.05,1583.05,933425.0,0.0
NIFTY,26-DEC-2024,26000.0,08-11-2024 10:04:00,48.4,48.4,47.0,47.1,2382050.0,650.0,1583.05,1591.4,1583.05,1591.4,933350.0,0.0
NIFTY,26-DEC-2024,26000.0,08-11-2024 10:05:00,47.1,47.55,47.0,47.1,2382050.0,2125.0,1585.2,1600.0,1585.2,1600.0,933350.0,300.0
NIFTY,26-DEC-2024,26000.0,08-11-2024 10:06:00,47.2,47.45,46.7,47.2,2383750.0,5550.0,1601.05,1602.2,1601.05,1601.05,933350.0,600.0
NIFTY,26-DEC-2024,26000.0,08-11-2024 10:07:00,47.2,48.0,47.2,47.55,2383750.0,1025.0,1601.05,1601.05,1601.05,1601.05,933350.0,0.0
NIFTY,26-DEC-2024,26000.0,08-11-2024 10:08:00,47.7,48.35,47.3,47.75,2383750.0,1400.0,1601.05,1601.05,1586.0,1587.2,933075.0,150.0
NIFTY,26-DEC-2024,26000.0,08-11-2024 10:09:00,47.8,48.95,47.8,48.95,2384450.0,1450.0,1587.2,1587.2,1586.35,1586.35,933075.0,25.0
NIFTY,26-DEC-2024,26000.0,08-11-2024 10:10:00,48.45,49.5,48.35,48.35,2384450.0,0.0,1586.35,1586.35,1569.1,1569.1,933050.0,25.0
NIFTY,26-DEC-2024,26000.0,08-11-2024 10:11:00,48.15,48.6,48.0,48.0,2384450.0,2225.0,1569.1,1569.1,1569.1,1569.1,933050.0,0.0
NIFTY,26-DEC-2024,26000.0,08-11-2024 10:12:00,47.9,48.75,47.7,48.75,2384450.0,2375.0,1569.1,1569.1,1569.1,1569.1,933050.0,0.0
NIFTY,26-DEC-2024,26000.0,08-11-2024 10:13:00,48.6,49.15,48.15,49.15,2386300.0,850.0,1569.1,1569.1,1569.1,1569.1,933050.0,0.0
NIFTY,26-DEC-2024,26000.0,08-11-2024 10:14:00,49.5,49.5,49.0,49.1,2386300.0,2600.0,1569.1,1570.0,1569.1,1570.0,933050.0,25.0
NIFTY,26-DEC-2024,26000.0,08-11-2024 10:15:00,48.7,48.7,47.8,48.0,2387625.0,0.0,,,,,,
NIFTY,26-DEC-2024,26000.0,08-11-2024 10:16:00,48.0,48.55,48.0,48.2,2387625.0,3250.0,1570.0,1575.5,1570.0,1575.5,933000.0,50.0
NIFTY,26-DEC-2024,26000.0,08-11-2024 10:17:00,49.05,49.5,48.8,48.8,2387625.0,2650.0,,,,,,
NIFTY,26-DEC-2024,26000.0,08-11-2024 10:18:00,49.1,49.2,48.7,49.1,2387375.0,1550.0,1575.0,1575.0,1575.0,1575.0,933000.0,75.0
NIFTY,26-DEC-2024,26000.0,08-11-2024 10:19:00,49.0,49.5,48.7,48.8,2387375.0,0.0,1568.1,1568.1,1568.1,1568.1,932975.0,0.0
NIFTY,26-DEC-2024,26000.0,08-11-2024 10:20:00,48.85,49.45,48.85,49.2,2387375.0,4075.0,1568.1,1568.1,1568.1,1568.1,932975.0,25.0
NIFTY,26-DEC-2024,26000.0,08-11-2024 10:21:00,49.5,49.95,49.4,49.9,2387850.0,1125.0,1556.75,1557.85,1555.9,1557.85,932975.0,300.0
NIFTY,26-DEC-2024,26000.0,08-11-2024 10:22:00,49.5,49.5,48.9,49.25,2387850.0,5800.0,1567.9,1567.9,1567.9,1567.9,932850.0,275.0
NIFTY,26-DEC-2024,26000.0,08-11-2024 10:23:00,49.0,49.0,48.7,48.7,2387850.0,0.0,1567.9,1570.0,1567.9,1570.0,932850.0,25.0
NIFTY,26-DEC-2024,26000.0,08-11-2024 10:24:00,48.7,49.2,48.7,49.2,2387625.0,625.0,1570.0,1570.0,1569.0,1569.0,932850.0,50.0
NIFTY,26-DEC-2024,26000.0,08-11-2024 10:25:00,49.2,49.5,49.0,49.5,2387625.0,475.0,1569.0,1569.0,1562.0,1562.0,932700.0,0.0
NIFTY,26-DEC-2024,26000.0,08-11-2024 10:26:00,48.5,48.5,48.0,48.3,2387625.0,1050.0,1581.05,1581.2,1572.95,1572.95,932700.0,125.0
NIFTY,26-DEC-2024,26000.0,08-11-2024 10:27:00,48.1,48.35,47.5,47.5,2388900.0,3450.0,1567.7,1584.15,1567.7,1584.15,932700.0,350.0
NIFTY,26-DEC-2024,26000.0,08-11-2024 10:28:00,47.75,47.95,47.5,47.95,2388900.0,650.0,1584.15,1588.9,1584.15,1588.9,932525.0,25.0
NIFTY,26-DEC-2024,26000.0,08-11-2024 10:29:00,47.5,47.5,47.0,47.2,2388900.0,475.0,1584.25,1584.25,1584.25,1584.25,932525.0,25.0
NIFTY,26-DEC-2024,26000.0,08-11-2024 10:30:00,47.2,47.2,47.15,47.15,2388900.0,1975.0,1584.25,1584.25,1584.25,1584.25,932525.0,0.0
NIFTY,26-DEC-2024,26000.0,08-11-2024 10:31:00,47.75,47.85,47.45,47.45,2387950.0,0.0,,,,,,
NIFTY,26-DEC-2024,26000.0,08-11-2024 10:32:00,47.45,47.5,47.0,47.5,2387950.0,500.0,1584.25,1584.25,1584.25,1584.25,932525.0,0.0
NIFTY,26-DEC-2024,26000.0,08-11-2024 10:33:00,47.5,47.85,47.25,47.85,2396825.0,6300.0,1584.25,1584.25,1584.25,1584.25,932525.0,0.0
NIFTY,26-DEC-2024,26000.0,08-11-2024 10:34:00,47.85,47.9,47.0,47.2,2396825.0,7825.0,1579.9,1587.5,1579.9,1587.5,932475.0,575.0
NIFTY,26-DEC-2024,26000.0,08-11-2024 10:35:00,46.65,47.4,46.65,47.15,2396825.0,4150.0,1587.5,1590.3,1587.5,1590.3,932475.0,0.0
NIFTY,26-DEC-2024,26000.0,08-11-2024 10:36:00,47.05,47.05,46.35,46.75,2398550.0,5300.0,1598.75,1598.75,1598.75,1598.75,932475.0,75.0
NIFTY,26-DEC-2024,26000.0,08-11-2024 10:37:00,47.05,47.25,46.7,47.25,2398550.0,2050.0,1587.9,1587.9,1587.9,1587.9,932450.0,425.0
NIFTY,26-DEC-2024,26000.0,08-11-2024 10:38:00,47.0,47.25,46.65,46.95,2398550.0,4750.0,1587.9,1587.9,1587.9,1587.9,932450.0,0.0
NIFTY,26-DEC-2024,26000.0,08-11-2024 10:39:00,47.0,47.0,46.55,46.95,2398550.0,0.0,1598.75,1598.75,1598.75,1598.75,932450.0,0.0
NIFTY,26-DEC-2024,26000.0,08-11-2024 10:40:00,47.0,47.2,47.0,47.2,2399950.0,1750.0,1584.75,1584.75,1584.75,1584.75,932475.0,175.0
NIFTY,26-DEC-2024,26000.0,08-11-2024 10:41:00,47.0,47.0,46.8,46.8,2399950.0,525.0,1580.0,1583.55,1580.0,1583.55,932475.0,100.0
NIFTY,26-DEC-2024,26000.0,08-11-2024 10:42:00,47.0,47.0,46.7,46.7,2399950.0,900.0,1583.55,1583.55,1583.55,1583.55,932475.0,475.0
NIFTY,26-DEC-2024,26000.0,08-11-2024 10:43:00,46.5,46.75,46.5,46.55,2400825.0,1825.0,1583.55,1583.55,1583.55,1583.55,932475.0,0.0
NIFTY,26-DEC-2024,26000.0,08-11-2024 10:44:00,46.6,46.6,46.0,46.0,2400825.0,0.0,,,,,,
NIFTY,26-DEC-2024,26000.0,08-11-2024 10:45:00,46.0,46.15,45.6,45.75,2401500.0,475.0,1583.55,1592.1,1583.55,1592.1,932375.0,0.0
NIFTY,26-DEC-2024,26000.0,08-11-2024 10:46:00,45.8,45.8,45.25,45.4,2401500.0,3250.0,1601.0,1601.0,1601.0,1601.0,932375.0,150.0
NIFTY,26-DEC-2024,26000.0,08-11-2024 10:47:00,45.3,45.9,45.3,45.5,2401500.0,3050.0,1601.0,1601.0,1601.0,1601.0,932375.0,25.0
NIFTY,26-DEC-2024,26000.0,08-11-2024 10:48:00,45.5,45.85,45.5,45.85,2401125.0,2800.0,1600.0,1600.0,1600.0,1600.0,932375.0,50.0
NIFTY,26-DEC-2024,26000.0,08-11-2024 10:49:00,45.85,45.85,44.95,45.1,2401125.0,2750.0,1595.9,1595.9,1595.9,1595.9,932375.0,50.0
NIFTY,26-DEC-2024,26000.0,08-11-2024 10:50:00,45.1,45.45,45.0,45.3,2401125.0,6525.0,1599.55,1599.55,1599.55,1599.55,932325.0,50.0
NIFTY,26-DEC-2024,26000.0,08-11-2024 10:51:00,45.45,45.7,45.35,45.45,2403775.0,1275.0,1599.55,1604.25,1599.55,1604.25,932225.0,150.0
NIFTY,26-DEC-2024,26000.0,08-11-2024 10:52:00,45.5,45.5,45.5,45.5,2403775.0,0.0,1604.25,1604.25,1604.25,1604.25,932225.0,0.0
NIFTY,26-DEC-2024,26000.0,08-11-2024 10:53:00,45.5,45.75,45.45,45.6,2403775.0,100.0,1604.25,1604.25,1604.25,1604.25,932225.0,0.0
NIFTY,26-DEC-2024,26000.0,08-11-2024 10:54:00,45.75,45.75,45.5,45.5,2403775.0,0.0,1607.05,1611.0,1607.05,1611.0,932225.0,25.0
NIFTY,26-DEC-2024,26000.0,08-11-2024 10:55:00,45.2,45.2,45.0,45.0,2403900.0,4750.0,1611.0,1611.0,1611.0,1611.0,932225.0,25.0
NIFTY,26-DEC-2024,26000.0,08-11-2024 10:56:00,45.4,45.4,45.4,45.4,2403900.0,0.0,1611.0,1611.0,1611.0,1611.0,932225.0,0.0
NIFTY,26-DEC-2024,26000.0,08-11-2024 10:57:00,45.4,45.4,45.05,45.2,2404450.0,0.0,1611.0,1611.0,1608.0,1608.0,932200.0,25.0
NIFTY,26-DEC-2024,26000.0,08-11-2024 10:58:00,45.05,45.1,45.0,45.1,2404450.0,0.0,1608.0,1608.0,1608.0,1608.0,932200.0,0.0
NIFTY,26-DEC-2024,26000.0,08-11-2024 10:59:00,45.1,45.45,45.1,45.4,2404450.0,0.0,1608.0,1608.0,1600.0,1600.0,932175.0,0.0
NIFTY,26-DEC-2024,26000.0,08-11-2024 11:00:00,45.5,45.6,45.25,45.55,2404450.0,0.0,1596.65,1599.95,1596.65,1599.95,932175.0,175.0
NIFTY,26-DEC-2024,26000.0,08-11-2024 11:01:00,45.7,45.7,45.0,45.3,2404600.0,12775.0,1601.8,1601.8,1601.8,1601.8,932175.0,25.0
NIFTY,26-DEC-2024,26000.0,08-11-2024 11:02:00,45.3,45.5,45.05,45.25,2404600.0,0.0,1601.8,1608.65,1601.8,1608.65,932175.0,125.0
NIFTY,26-DEC-2024,26000.0,08-11-2024 11:03:00,45.0,45.05,44.85,45.05,2404600.0,2225.0,1608.65,1608.65,1608.65,1608.65,932175.0,0.0
NIFTY,26-DEC-2024,26000.0,08-11-2024 11:04:00,45.2,45.2,45.2,45.2,2405175.0,0.0,1608.65,1608.65,1608.65,1608.65,932175.0,0.0
NIFTY,26-DEC-2024,26000.0,08-11-2024 11:05:00,45.0,45.0,44.65,44.75,2405175.0,0.0,1608.65,1609.05,1608.65,1609.05,932175.0,200.0
NIFTY,26-DEC-2024,26000.0,08-11-2024 11:06:00,44.45,44.7,44.45,44.5,2405675.0,2775.0,1609.05,1609.05,1609.05,1609.05,932175.0,0.0
NIFTY,26-DEC-2024,26000.0,08-11-2024 11:07:00,44.5,44.75,44.4,44.7,2405675.0,3100.0,1609.05,1620.0,1609.05,1620.0,932300.0,50.0
NIFTY,26-DEC-2024,26000.0,08-11-2024 11:08:00,44.7,45.1,44.6,45.1,2405675.0,3825.0,1620.0,1620.0,1620.0,1620.0,932300.0,0.0
NIFTY,26-DEC-2024,26000.0,08-11-2024 11:09:00,44.7,45.0,44.6,44.9,2405675.0,1850.0,1620.0,1620.0,1610.65,1610.65,932300.0,50.0
NIFTY,26-DEC-2024,26000.0,08-11-2024 11:10:00,44.7,44.7,44.7,44.7,2406500.0,0.0,1610.65,1610.65,1610.65,1610.65,932300.0,0.0
NIFTY,26-DEC-2024,26000.0,08-11-2024 11:11:00,45.0,45.0,44.5,44.5,2406500.0,1850.0,1610.65,1615.75,1608.9,1608.9,932300.0,0.0
NIFTY,26-DEC-2024,26000.0,08-11-2024 11:12:00,44.5,44.75,44.5,44.75,2406500.0,1125.0,1608.9,1609.35,1608.9,1609.35,932300.0,150.0
NIFTY,26-DEC-2024,26000.0,08-11-2024 11:13:00,44.75,44.75,44.35,44.55,2409300.0,1500.0,1609.35,1609.35,1607.7,1607.7,932175.0,25.0
NIFTY,26-DEC-2024,26000.0,08-11-2024 11:14:00,44.35,44.35,44.2,44.2,2409300.0,600.0,1607.7,1607.7,1607.7,1607.7,932175.0,275.0
NIFTY,26-DEC-2024,26000.0,08-11-2024 11:15:00,44.15,44.45,44.15,44.3,2409250.0,3400.0,1607.7,1607.7,1607.7,1607.7,932175.0,0.0
NIFTY,26-DEC-2024,26000.0,08-11-2024 11:16:00,44.3,44.3,44.1,44.1,2409250.0,1175.0,1607.7,1607.7,1607.7,1607.7,932175.0,0.0
NIFTY,26-DEC-2024,26000.0,08-11-2024 11:17:00,44.05,44.3,44.0,44.0,2409250.0,0.0,,,,,,
NIFTY,26-DEC-2024,26000.0,08-11-2024 11:18:00,44.05,44.35,44.0,44.0,2409250.0,0.0,1614.2,1614.2,1614.2,1614.2,932175.0,25.0
NIFTY,26-DEC-2024,26000.0,08-11-2024 11:19:00,44.2,44.4,44.05,44.1,2410150.0,3750.0,1623.0,1623.0,1613.45,1613.45,932175.0,75.0
NIFTY,26-DEC-2024,26000.0,08-11-2024 11:20:00,44.4,44.4,44.0,44.0,2410150.0,525.0,1611.9,1613.45,1611.9,1613.45,932175.0,1500.0
NIFTY,26-DEC-2024,26000.0,08-11-2024 11:21:00,44.1,44.15,44.05,44.05,2410150.0,1850.0,1611.1,1612.0,1611.1,1612.0,932175.0,1500.0
NIFTY,26-DEC-2024,26000.0,08-11-2024 11:22:00,44.0,44.0,43.85,43.85,2410850.0,1625.0,1612.0,1612.0,1612.0,1612.0,932175.0,0.0
NIFTY,26-DEC-2024,26000.0,08-11-2024 11:23:00,43.7,43.8,43.55,43.8,2410850.0,1500.0,1612.0,1612.0,1612.0,1612.0,932175.0,0.0
NIFTY,26-DEC-2024,26000.0,08-11-2024 11:24:00,44.0,44.05,43.65,43.8,2410700.0,0.0,1619.3,1631.25,1619.3,1631.25,934625.0,0.0
NIFTY,26-DEC-2024,26000.0,08-11-2024 11:25:00,43.8,43.8,43.5,43.5,2410700.0,1675.0,1631.25,1632.0,1631.25,1632.0,934625.0,425.0
NIFTY,26-DEC-2024,26000.0,08-11-2024 11:26:00,43.5,43.7,43.3,43.6,2410700.0,1475.0,1635.0,1635.0,1635.0,1635.0,934625.0,250.0
NIFTY,26-DEC-2024,26000.0,08-11-2024 11:27:00,43.7,43.95,43.25,43.4,2411375.0,1925.0,1625.45,1633.0,1625.45,1633.0,934625.0,1575.0
NIFTY,26-DEC-2024,26000.0,08-11-2024 11:28:00,43.35,43.35,43.15,43.2,2411375.0,2975.0,1633.0,1633.0,1633.0,1633.0,934625.0,500.0
NIFTY,26-DEC-2024,26000.0,08-11-2024 11:29:00,43.15,43.2,42.8,42.9,2411375.0,5125.0,1633.0,1633.0,1633.0,1633.0,932925.0,150.0
NIFTY,26-DEC-2024,26000.0,08-11-2024 11:30:00,42.9,43.15,42.9,43.15,2411375.0,600.0,1633.0,1633.0,1633.0,1633.0,932925.0,25.0
NIFTY,26-DEC-2024,26000.0,08-11-2024 11:31:00,43.0,43.0,42.6,42.75,2411850.0,2575.0,1633.0,1633.0,1633.0,1633.0,932925.0,25.0
NIFTY,26-DEC-2024,26000.0,08-11-2024 11:32:00,42.9,42.9,42.65,42.9,2411850.0,1775.0,1633.0,1636.5,1633.0,1636.5,932725.0,25.0
NIFTY,26-DEC-2024,26000.0,08-11-2024 11:33:00,42.8,43.0,42.8,43.0,2411850.0,0.0,1636.5,1636.5,1636.5,1636.5,932725.0,0.0
NIFTY,26-DEC-2024,26000.0,08-11-2024 11:34:00,42.8,42.8,42.7,42.7,2412500.0,475.0,1636.5,1636.5,1636.5,1636.5,932725.0,0.0
NIFTY,26-DEC-2024,26000.0,08-11-2024 11:35:00,42.7,42.7,42.3,42.4,2412500.0,125.0,1636.5,1644.45,1636.5,1644.45,932725.0,0.0
NIFTY,26-DEC-2024,26000.0,08-11-2024 11:36:00,42.6,43.05,42.6,43.05,2412500.0,6800.0,1644.45,1644.45,1644.45,1644.45,932725.0,25.0
NIFTY,26-DEC-2024,26000.0,08-11-2024 11:37:00,43.05,43.05,43.05,43.05,2412475.0,1575.0,1643.6,1643.6,1643.6,1643.6,932725.0,25.0
NIFTY,26-DEC-2024,26000.0,08-11-2024 11:38:00,43.0,43.0,42.1,42.15,2412475.0,1375.0,1643.6,1648.0,1643.6,1648.0,932675.0,0.0
NIFTY,26-DEC-2024,26000.0,08-11-2024 11:39:00,42.3,42.45,42.15,42.3,2412475.0,4125.0,1648.0,1648.0,1648.0,1648.0,932675.0,25.0
NIFTY,26-DEC-2024,26000.0,08-11-2024 11:40:00,42.1,42.45,42.05,42.4,2412750.0,3300.0,1648.0,1648.0,1648.0,1648.0,932675.0,0.0
NIFTY,26-DEC-2024,26000.0,08-11-2024 11:41:00,42.4,42.55,42.4,42.5,2412750.0,550.0,1648.0,1648.0,1648.0,1648.0,932675.0,0.0
NIFTY,26-DEC-2024,26000.0,08-11-2024 11:42:00,42.5,42.6,42.1,42.2,2412750.0,4675.0,1648.0,1648.0,1648.0,1648.0,932675.0,0.0
NIFTY,26-DEC-2024,26000.0,08-11-2024 11:43:00,42.3,42.3,42.25,42.3,2415900.0,0.0,,,,,,
NIFTY,26-DEC-2024,26000.0,08-11-2024 11:44:00,42.3,42.3,42.3,42.3,2415900.0,1375.0,1648.0,1648.0,1648.0,1648.0,932675.0,0.0
NIFTY,26-DEC-2024,26000.0,08-11-2024 11:45:00,42.7,42.7,42.45,42.45,2415900.0,1575.0,1648.0,1648.0,1648.0,1648.0,932675.0,0.0
NIFTY,26-DEC-2024,26000.0,08-11-2024 11:46:00,42.6,42.95,42.6,42.95,2416950.0,1750.0,1648.0,1648.0,1648.0,1648.0,932675.0,0.0
NIFTY,26-DEC-2024,26000.0,08-11-2024 11:47:00,42.9,42.95,42.6,42.6,2416950.0,550.0,1648.0,1648.0,1648.0,1648.0,932675.0,0.0
NIFTY,26-DEC-2024,26000.0,08-11-2024 11:48:00,42.75,43.0,42.45,42.5,2416950.0,0.0,1645.95,1645.95,1645.0,1645.0,932675.0,0.0
NIFTY,26-DEC-2024,26000.0,08-11-2024 11:49:00,42.6,42.8,42.6,42.75,2417225.0,1475.0,1637.9,1640.65,1637.9,1640.35,932550.0,850.0
NIFTY,26-DEC-2024,26000.0,08-11-2024 11:50:00,42.7,42.8,42.5,42.6,2417225.0,1750.0,1640.35,1644.95,1640.35,1644.95,932550.0,0.0
NIFTY,26-DEC-2024,26000.0,08-11-2024 11:51:00,42.7,42.7,42.2,42.5,2417225.0,0.0,1650.0,1650.0,1650.0,1650.0,932550.0,0.0
NIFTY,26-DEC-2024,26000.0,08-11-2024 11:52:00,42.5,43.0,42.5,43.0,2416875.0,1175.0,1650.0,1659.85,1648.2,1648.2,932075.0,375.0
NIFTY,26-DEC-2024,26000.0,08-11-2024 11:53:00,43.05,43.05,42.6,42.7,2416875.0,0.0,1648.2,1649.7,1647.1,1649.7,932075.0,325.0
NIFTY,26-DEC-2024,26000.0,08-11-2024 11:54:00,42.3,42.35,42.05,42.35,2416875.0,0.0,,,,,,
NIFTY,26-DEC-2024,26000.0,08-11-2024 11:55:00,42.55,42.7,42.25,42.35,2417125.0,10425.0,1661.0,1661.0,1661.0,1661.0,931800.0,100.0
NIFTY,26-DEC-2024,26000.0,08-11-2024 11:56:00,42.15,42.45,42.1,42.25,2417125.0,0.0,,,,,,
NIFTY,26-DEC-2024,26000.0,08-11-2024 11:57:00,42.1,42.1,41.55,41.9,2417125.0,1150.0,1661.0,1666.3,1661.0,1666.3,931800.0,0.0
NIFTY,26-DEC-2024,26000.0,08-11-2024 11:58:00,41.65,42.45,41.55,42.25,2420075.0,10125.0,1666.3,1670.2,1666.3,1670.2,932800.0,1025.0
NIFTY,26-DEC-2024,26000.0,08-11-2024 11:59:00,42.4,42.4,42.25,42.25,2420075.0,3125.0,1675.0,1675.0,1675.0,1675.0,932800.0,75.0
NIFTY,26-DEC-2024,26000.0,08-11-2024 12:00:00,42.3,42.45,42.3,42.4,2420075.0,675.0,1675.0,1675.0,1675.0,1675.0,932800.0,0.0
NIFTY,26-DEC-2024,26000.0,08-11-2024 12:01:00,42.5,42.5,42.45,42.45,2419925.0,300.0,1675.0,1675.0,1675.0,1675.0,932800.0,0.0
NIFTY,26-DEC-2024,26000.0,08-11-2024 12:02:00,42.4,42.4,42.1,42.15,2419925.0,0.0,1672.0,1672.0,1672.0,1672.0,932800.0,0.0
NIFTY,26-DEC-2024,26000.0,08-11-2024 12:03:00,42.3,42.55,42.2,42.2,2419925.0,0.0,,,,,,
NIFTY,26-DEC-2024,26000.0,08-11-2024 12:04:00,42.4,42.45,42.0,42.0,2420025.0,3675.0,,,,,,
NIFTY,26-DEC-2024,26000.0,08-11-2024 12:05:00,42.2,42.2,42.0,42.0,2420025.0,2025.0,1670.0,1670.0,1670.0,1670.0,932700.0,250.0
NIFTY,26-DEC-2024,26000.0,08-11-2024 12:06:00,42.05,42.05,41.7,41.7,2420025.0,2400.0,1666.0,1672.2,1666.0,1672.2,932700.0,475.0
NIFTY,26-DEC-2024,26000.0,08-11-2024 12:07:00,42.0,42.0,41.75,41.75,2419275.0,0.0,1678.7,1680.85,1678.7,1680.85,932450.0,400.0
NIFTY,26-DEC-2024,26000.0,08-11-2024 12:08:00,42.0,42.0,41.7,41.7,2419275.0,3725.0,1673.15,1673.15,1673.15,1673.15,932450.0,25.0
NIFTY,26-DEC-2024,26000.0,08-11-2024 12:09:00,41.8,41.9,41.55,41.9,2419275.0,0.0,,,,,,
NIFTY,26-DEC-2024,26000.0,08-11-2024 12:10:00,42.0,42.0,41.9,41.9,2420175.0,0.0,1673.15,1673.15,1673.15,1673.15,932450.0,0.0
NIFTY,26-DEC-2024,26000.0,08-11-2024 12:11:00,41.9,42.05,41.9,42.05,2420175.0,2175.0,,,,,,
NIFTY,26-DEC-2024,26000.0,08-11-2024 12:12:00,42.35,42.35,42.05,42.2,2420175.0,0.0,1673.0,1673.0,1673.0,1673.0,932450.0,0.0
NIFTY,26-DEC-2024,26000.0,08-11-2024 12:13:00,42.1,42.45,42.0,42.2,2421600.0,0.0,1665.1,1665.45,1665.1,1665.45,932450.0,0.0
NIFTY,26-DEC-2024,26000.0,08-11-2024 12:14:00,42.25,42.55,42.1,42.1,2421600.0,6875.0,1665.45,1665.45,1665.45,1665.45,932450.0,225.0
NIFTY,26-DEC-2024,26000.0,08-11-2024 12:15:00,42.15,42.45,42.0,42.15,2421600.0,2300.0,1665.45,1665.45,1665.45,1665.45,932450.0,0.0
NIFTY,26-DEC-2024,26000.0,08-11-2024 12:16:00,42.25,42.45,42.05,42.05,2423225.0,3450.0,1669.0,1669.0,1669.0,1669.0,932450.0,125.0
NIFTY,26-DEC-2024,26000.0,08-11-2024 12:17:00,42.0,42.55,42.0,42.4,2423225.0,4325.0,1666.0,1666.0,1666.0,1666.0,932450.0,250.0
NIFTY,26-DEC-2024,26000.0,08-11-2024 12:18:00,42.75,42.85,42.35,42.85,2423225.0,0.0,1666.0,1666.0,1664.55,1664.55,932450.0,0.0
NIFTY,26-DEC-2024,26000.0,08-11-2024 12:19:00,42.9,43.15,42.9,43.0,2423600.0,0.0,1659.8,1659.8,1659.8,1659.8,932450.0,75.0
NIFTY,26-DEC-2024,26000.0,08-11-2024 12:20:00,43.15,43.15,43.0,43.15,2423600.0,5200.0,1659.8,1659.8,1659.8,1659.8,932450.0,0.0
NIFTY,26-DEC-2024,26000.0,08-11-2024 12:21:00,43.3,43.4,43.15,43.4,2423600.0,675.0,,,,,,
NIFTY,26-DEC-2024,26000.0,08-11-2024 12:22:00,43.3,43.3,43.25,43.25,2423700.0,200.0,1659.8,1659.8,1659.8,1659.8,932450.0,0.0
NIFTY,26-DEC-2024,26000.0,08-11-2024 12:23:00,43.05,43.2,43.0,43.0,2423700.0,650.0,1659.8,1659.8,1659.8,1659.8,932450.0,0.0
NIFTY,26-DEC-2024,26000.0,08-11-2024 12:24:00,43.0,43.0,43.0,43.0,2423700.0,225.0,1660.0,1660.0,1660.0,1660.0,932450.0,25.0
NIFTY,26-DEC-2024,26000.0,08-11-2024 12:25:00,43.0,43.0,42.9,42.9,2423925.0,1600.0,1660.0,1660.0,1660.0,1660.0,932450.0,0.0
NIFTY,26-DEC-2024,26000.0,08-11-2024 12:26:00,43.25,43.35,43.25,43.35,2423925.0,975.0,1660.0,1660.0,1660.0,1660.0,932450.0,0.0
NIFTY,26-DEC-2024,26000.0,08-11-2024 12:27:00,43.25,43.4,43.25,43.4,2423925.0,75.0,1660.0,1660.0,1660.0,1660.0,932450.0,0.0
NIFTY,26-DEC-2024,26000.0,08-11-2024 12:28:00,43.35,43.45,43.35,43.45,2423150.0,250.0,,,,,,
NIFTY,26-DEC-2024,26000.0,08-11-2024 12:29:00,43.45,43.5,43.2,43.2,2423150.0,0.0,1655.8,1655.8,1655.8,1655.8,932100.0,0.0
NIFTY,26-DEC-2024,26000.0,08-11-2024 12:30:00,43.5,43.5,43.25,43.4,2423150.0,1350.0,1658.75,1658.75,1658.75,1658.75,932100.0,100.0
NIFTY,26-DEC-2024,26000.0,08-11-2024 12:31:00,43.25,43.85,43.25,43.85,2422750.0,725.0,1658.75,1658.75,1658.75,1658.75,932100.0,0.0
NIFTY,26-DEC-2024,26000.0,08-11-2024 12:32:00,43.6,44.2,43.6,43.95,2422750.0,0.0,1651.55,1651.55,1651.55,1651.55,932100.0,0.0
NIFTY,26-DEC-2024,26000.0,08-11-2024 12:33:00,44.2,44.25,43.85,43.85,2422750.0,3950.0,1651.55,1651.55,1651.55,1651.55,932100.0,125.0
NIFTY,26-DEC-2024,26000.0,08-11-2024 12:34:00,44.2,44.2,44.05,44.2,2422675.0,0.0,1649.0,1649.0,1649.0,1649.0,932100.0,0.0
NIFTY,26-DEC-2024,26000.0,08-11-2024 12:35:00,44.5,44.6,43.95,44.35,2422675.0,0.0,1637.35,1639.7,1637.35,1639.7,932100.0,0.0
NIFTY,26-DEC-2024,26000.0,08-11-2024 12:36:00,44.45,44.45,44.1,44.4,2422675.0,0.0,1639.2,1644.5,1639.15,1642.4,932100.0,0.0
NIFTY,26-DEC-2024,26000.0,08-11-2024 12:37:00,44.2,44.55,44.2,44.5,2422500.0,0.0,1645.95,1645.95,1645.95,1645.95,932100.0,0.0
NIFTY,26-DEC-2024,26000.0,08-11-2024 12:38:00,44.4,44.65,44.4,44.5,2422500.0,0.0,,,,,,
NIFTY,26-DEC-2024,26000.0,08-11-2024 12:39:00,44.65,44.65,44.55,44.55,2422500.0,0.0,1639.2,1639.2,1639.2,1639.2,932100.0,0.0
NIFTY,26-DEC-2024,26000.0,08-11-2024 12:40:00,44.3,44.3,44.0,44.2,2422450.0,0.0,1644.5,1644.5,1644.5,1644.5,932100.0,0.0
NIFTY,26-DEC-2024,26000.0,08-11-2024 12:41:00,44.55,44.7,44.35,44.35,2422450.0,0.0,,,,,,
NIFTY,26-DEC-2024,26000.0,08-11-2024 12:42:00,44.25,44.65,44.25,44.4,2422450.0,0.0,,,,,,
NIFTY,26-DEC-2024,26000.0,08-11-2024 12:43:00,44.4,44.4,44.4,44.4,2422450.0,9200.0,1644.5,1644.5,1644.5,1644.5,932100.0,975.0
NIFTY,26-DEC-2024,26000.0,08-11-2024 12:44:00,44.5,44.8,44.5,44.75,2423575.0,0.0,,,,,,
NIFTY,26-DEC-2024,26000.0,08-11-2024 12:45:00,44.65,44.85,44.5,44.5,2423575.0,5550.0,1627.5,1627.5,1627.5,1627.5,932100.0,50.0
NIFTY,26-DEC-2024,26000.0,08-11-2024 12:46:00,44.55,44.55,44.05,44.1,2426000.0,3875.0,1627.5,1627.5,1627.5,1627.5,932100.0,0.0
NIFTY,26-DEC-2024,26000.0,08-11-2024 12:47:00,44.0,44.3,44.0,44.3,2426000.0,1400.0,1627.5,1627.5,1627.5,1627.5,932100.0,0.0
NIFTY,26-DEC-2024,26000.0,08-11-2024 12:48:00,44.1,44.25,44.0,44.2,2426000.0,0.0,,,,,,
NIFTY,26-DEC-2024,26000.0,08-11-2024 12:49:00,44.2,44.4,44.05,44.25,2426550.0,1500.0,1642.05,1646.5,1642.05,1646.5,932150.0,50.0
NIFTY,26-DEC-2024,26000.0,08-11-2024 12:50:00,44.25,44.35,43.95,44.35,2426550.0,3100.0,1637.8,1645.65,1637.8,1641.0,932150.0,1450.0
NIFTY,26-DEC-2024,26000.0,08-11-2024 12:51:00,44.35,44.35,44.3,44.3,2426550.0,200.0,1641.0,1641.0,1641.0,1641.0,932150.0,375.0
NIFTY,26-DEC-2024,26000.0,08-11-2024 12:52:00,44.05,44.6,44.05,44.6,2426400.0,150.0,1641.0,1641.0,1641.0,1641.0,930275.0,125.0
NIFTY,26-DEC-2024,26000.0,08-11-2024 12:53:00,44.4,44.4,44.2,44.2,2426400.0,1150.0,1641.55,1641.55,1641.55,1641.55,930275.0,75.0
NIFTY,26-DEC-2024,26000.0,08-11-2024 12:54:00,44.4,44.4,44.4,44.4,2426400.0,75.0,1641.55,1643.0,1641.55,1643.0,930275.0,0.0
NIFTY,26-DEC-2024,26000.0,08-11-2024 12:55:00,44.7,44.7,44.65,44.65,2426425.0,1100.0,1637.85,1637.85,1637.85,1637.85,930100.0,350.0
NIFTY,26-DEC-2024,26000.0,08-11-2024 12:56:00,44.7,44.85,44.65,44.85,2426425.0,425.0,1637.85,1637.85,1637.85,1637.85,930100.0,0.0
NIFTY,26-DEC-2024,26000.0,08-11-2024 12:57:00,44.9,44.9,44.7,44.9,2426425.0,325.0,1633.75,1633.75,1633.75,1633.75,930100.0,25.0
NIFTY,26-DEC-2024,26000.0,08-11-2024 12:59:00,44.25,44.4,44.25,44.4,2426700.0,1175.0,1633.75,1638.0,1633.75,1638.0,929850.0,0.0
NIFTY,26-DEC-2024,26000.0,08-11-2024 13:00:00,44.5,44.5,44.4,44.4,2426700.0,400.0,1638.0,1638.0,1638.0,1638.0,929850.0,750.0
NIFTY,26-DEC-2024,26000.0,08-11-2024 13:01:00,44.8,44.8,44.7,44.7,2426575.0,225.0,1638.0,1638.0,1638.0,1638.0,929850.0,0.0
NIFTY,26-DEC-2024,26000.0,08-11-2024 13:02:00,44.4,44.7,44.4,44.7,2426575.0,0.0,1638.0,1638.0,1638.0,1638.0,929850.0,0.0
NIFTY,26-DEC-2024,26000.0,08-11-2024 13:03:00,44.55,44.7,44.55,44.7,2426575.0,0.0,1638.1,1638.1,1638.1,1638.1,929100.0,0.0
NIFTY,26-DEC-2024,26000.0,08-11-2024 13:04:00,44.75,44.95,44.7,44.95,2426325.0,1000.0,,,,,,
NIFTY,26-DEC-2024,26000.0,08-11-2024 13:05:00,44.8,45.2,44.8,45.0,2426325.0,1150.0,1635.0,1635.0,1633.0,1633.0,929075.0,575.0
NIFTY,26-DEC-2024,26000.0,08-11-2024 13:06:00,45.0,45.0,44.8,44.8,2426325.0,850.0,1630.85,1630.85,1630.85,1630.85,929075.0,25.0
NIFTY,26-DEC-2024,26000.0,08-11-2024 13:07:00,44.7,44.7,44.7,44.7,2426175.0,0.0,1632.95,1632.95,1626.65,1626.65,928525.0,0.0
NIFTY,26-DEC-2024,26000.0,08-11-2024 13:08:00,45.0,45.15,44.7,45.0,2426175.0,925.0,1626.65,1626.65,1621.65,1622.85,928525.0,150.0
NIFTY,26-DEC-2024,26000.0,08-11-2024 13:09:00,45.05,45.35,45.0,45.05,2426175.0,5625.0,1622.85,1623.75,1622.85,1623.0,928525.0,125.0
NIFTY,26-DEC-2024,26000.0,08-11-2024 13:10:00,45.15,46.3,45.15,46.3,2426900.0,4575.0,1623.0,1623.0,1623.0,1623.0,927850.0,500.0
NIFTY,26-DEC-2024,26000.0,08-11-2024 13:11:00,46.4,46.45,46.15,46.2,2426900.0,11950.0,1608.4,1608.4,1608.4,1608.4,927850.0,125.0
NIFTY,26-DEC-2024,26000.0,08-11-2024 13:12:00,46.65,46.65,46.2,46.6,2426900.0,4500.0,1608.4,1608.4,1608.4,1608.4,927850.0,0.0
NIFTY,26-DEC-2024,26000.0,08-11-2024 13:13:00,46.65,46.9,46.5,46.7,2425775.0,0.0,,,,,,
NIFTY,26-DEC-2024,26000.0,08-11-2024 13:14:00,46.75,46.75,46.45,46.45,2425775.0,3875.0,1611.85,1611.85,1611.85,1611.85,927850.0,25.0
NIFTY,26-DEC-2024,26000.0,08-11-2024 13:15:00,46.65,46.75,46.4,46.5,2425775.0,4025.0,1609.95,1609.95,1609.95,1609.95,927850.0,150.0
NIFTY,26-DEC-2024,26000.0,08-11-2024 13:16:00,46.35,46.8,46.3,46.8,2425550.0,4225.0,1610.0,1615.0,1610.0,1615.0,927675.0,25.0
NIFTY,26-DEC-2024,26000.0,08-11-2024 13:17:00,46.55,46.8,46.55,46.8,2425550.0,550.0,1615.0,1615.0,1612.0,1612.0,927675.0,25.0
NIFTY,26-DEC-2024,26000.0,08-11-2024 13:18:00,46.5,46.5,46.5,46.5,2425550.0,2075.0,1612.0,1612.0,1612.0,1612.0,927675.0,25.0
NIFTY,26-DEC-2024,26000.0,08-11-2024 13:19:00,46.8,46.95,46.55,46.65,2425450.0,2775.0,1613.0,1616.65,1613.0,1616.65,927700.0,50.0
NIFTY,26-DEC-2024,26000.0,08-11-2024 13:20:00,46.65,46.7,46.5,46.6,2425450.0,1850.0,1616.65,1616.65,1616.65,1616.65,927700.0,25.0
NIFTY,26-DEC-2024,26000.0,08-11-2024 13:21:00,46.7,47.2,46.6,47.05,2425450.0,0.0,,,,,,
NIFTY,26-DEC-2024,26000.0,08-11-2024 13:22:00,47.05,47.6,47.05,47.3,2425525.0,2225.0,1616.65,1616.65,1616.65,1616.65,927700.0,0.0
NIFTY,26-DEC-2024,26000.0,08-11-2024 13:23:00,47.2,47.4,47.1,47.3,2425525.0,4050.0,,,,,,
NIFTY,26-DEC-2024,26000.0,08-11-2024 13:24:00,47.3,47.3,47.0,47.25,2425525.0,3475.0,1616.65,1616.65,1616.65,1616.65,927700.0,0.0
NIFTY,26-DEC-2024,26000.0,08-11-2024 13:25:00,47.15,47.7,47.0,47.55,2427250.0,0.0,,,,,,
NIFTY,26-DEC-2024,26000.0,08-11-2024 13:26:00,47.7,47.7,47.05,47.1,2427250.0,0.0,1590.0,1590.0,1590.0,1590.0,927725.0,0.0
NIFTY,26-DEC-2024,26000.0,08-11-2024 13:27:00,47.1,47.15,46.75,46.8,2427250.0,8625.0,1598.5,1598.55,1596.05,1596.05,927725.0,0.0
NIFTY,26-DEC-2024,26000.0,08-11-2024 13:28:00,46.9,47.15,46.9,47.15,2427475.0,3725.0,1595.5,1595.5,1589.65,1589.65,927625.0,525.0
NIFTY,26-DEC-2024,26000.0,08-11-2024 13:29:00,47.15,47.5,47.05,47.15,2427475.0,3100.0,1589.45,1589.45,1589.45,1589.45,927625.0,0.0
NIFTY,26-DEC-2024,26000.0,08-11-2024 13:30:00,47.25,47.25,47.25,47.25,2427475.0,1225.0,1593.2,1593.2,1586.9,1586.9,927625.0,175.0
NIFTY,26-DEC-2024,26000.0,08-11-2024 13:31:00,47.35,47.35,47.1,47.1,2426800.0,0.0,,,,,,
NIFTY,26-DEC-2024,26000.0,08-11-2024 13:32:00,47.1,47.5,47.05,47.5,2426800.0,800.0,1586.9,1586.9,1586.9,1586.9,927625.0,75.0
NIFTY,26-DEC-2024,26000.0,08-11-2024 13:33:00,47.25,47.25,46.85,46.85,2426800.0,200.0,1596.05,1596.05,1596.05,1596.05,927550.0,0.0
NIFTY,26-DEC-2024,26000.0,08-11-2024 13:34:00,46.8,46.8,46.55,46.55,2425825.0,1525.0,1598.55,1598.55,1598.0,1598.0,927550.0,200.0
NIFTY,26-DEC-2024,26000.0,08-11-2024 13:35:00,46.5,46.5,46.2,46.35,2425825.0,0.0,1600.0,1606.65,1600.0,1606.65,927550.0,0.0
NIFTY,26-DEC-2024,26000.0,08-11-2024 13:36:00,46.35,46.35,45.4,45.4,2425825.0,1600.0,1606.65,1606.65,1606.65,1606.65,927550.0,100.0
NIFTY,26-DEC-2024,26000.0,08-11-2024 13:37:00,45.2,45.2,45.0,45.15,2426150.0,1350.0,1606.65,1606.65,1606.65,1606.65,927550.0,0.0
NIFTY,26-DEC-2024,26000.0,08-11-2024 13:38:00,45.1,45.3,45.0,45.3,2426150.0,1250.0,1606.65,1606.65,1606.65,1606.65,927550.0,0.0
NIFTY,26-DEC-2024,26000.0,08-11-2024 13:39:00,45.2,45.2,45.2,45.2,2426150.0,0.0,,,,,,
NIFTY,26-DEC-2024,26000.0,08-11-2024 13:40:00,44.95,45.0,44.8,44.8,2426300.0,1400.0,,,,,,
NIFTY,26-DEC-2024,26000.0,08-11-2024 13:41:00,45.0,45.0,44.55,44.6,2426300.0,0.0,,,,,,
NIFTY,26-DEC-2024,26000.0,08-11-2024 13:42:00,44.5,44.7,44.3,44.6,2426300.0,0.0,,,,,,
NIFTY,26-DEC-2024,26000.0,08-11-2024 13:43:00,44.4,44.65,44.25,44.45,2426850.0,2850.0,,,,,,
NIFTY,26-DEC-2024,26000.0,08-11-2024 13:44:00,44.5,44.7,44.3,44.7,2426850.0,3200.0,1610.0,1610.0,1610.0,1610.0,927600.0,0.0
NIFTY,26-DEC-2024,26000.0,08-11-2024 13:45:00,44.8,45.0,44.8,45.0,2426850.0,0.0,1610.2,1610.2,1610.2,1610.2,927600.0,0.0
NIFTY,26-DEC-2024,26000.0,08-11-2024 13:46:00,45.0,45.0,45.0,45.0,2429075.0,0.0,,,,,,
NIFTY,26-DEC-2024,26000.0,08-11-2024 13:47:00,44.85,45.2,44.85,45.2,2429075.0,0.0,,,,,,
NIFTY,26-DEC-2024,26000.0,08-11-2024 13:48:00,44.9,44.95,44.7,44.7,2429075.0,0.0,1616.65,1616.65,1616.65,1616.65,927575.0,0.0
NIFTY,26-DEC-2024,26000.0,08-11-2024 13:49:00,44.65,44.85,44.65,44.85,2429700.0,0.0,,,,,,
NIFTY,26-DEC-2024,26000.0,08-11-2024 13:50:00,44.7,44.95,44.7,44.8,2429700.0,0.0,,,,,,
NIFTY,26-DEC-2024,26000.0,08-11-2024 13:51:00,44.9,45.1,44.65,44.9,2429700.0,10225.0,1620.0,1620.0,1620.0,1620.0,927575.0,1625.0
NIFTY,26-DEC-2024,26000.0,08-11-2024 13:52:00,45.0,45.2,45.0,45.2,2431825.0,0.0,,,,,,
NIFTY,26-DEC-2024,26000.0,08-11-2024 13:53:00,45.2,45.25,44.7,44.75,2431825.0,9075.0,1620.0,1620.0,1620.0,1620.0,927575.0,0.0
NIFTY,26-DEC-2024,26000.0,08-11-2024 13:53:00,45.2,45.25,44.7,44.75,2431825.0,9075.0,1620.0,1620.0,1620.0,1620.0,933800.0,-10925.0
NIFTY,26-DEC-2024,26000.0,08-11-2024 13:53:00,45.2,45.25,44.7,44.75,2431825.0,-286400.0,1620.0,1620.0,1620.0,1620.0,927575.0,0.0
NIFTY,26-DEC-2024,26000.0,08-11-2024 13:53:00,45.2,45.25,44.7,44.75,2431825.0,-286400.0,1620.0,1620.0,1620.0,1620.0,933800.0,-10925.0
NIFTY,26-DEC-2024,26000.0,08-11-2024 13:54:00,45.0,45.0,44.6,44.7,2431825.0,0.0,,,,,,
NIFTY,26-DEC-2024,26000.0,08-11-2024 13:55:00,44.85,44.85,44.5,44.5,2434025.0,1925.0,1620.0,1620.0,1620.0,1620.0,927575.0,0.0
NIFTY,26-DEC-2024,26000.0,08-11-2024 13:55:00,44.85,44.85,44.5,44.5,2434025.0,1925.0,1620.0,1620.0,1620.0,1620.0,933800.0,0.0
NIFTY,26-DEC-2024,26000.0,08-11-2024 13:56:00,44.65,44.65,44.4,44.4,2434025.0,0.0,1613.3,1613.3,1613.3,1613.3,927575.0,0.0
NIFTY,26-DEC-2024,26000.0,08-11-2024 13:57:00,44.5,44.5,44.25,44.4,2434025.0,850.0,1613.3,1613.3,1613.3,1613.3,927575.0,125.0
NIFTY,26-DEC-2024,26000.0,08-11-2024 13:58:00,44.45,44.7,44.25,44.55,2434175.0,2825.0,1613.3,1613.3,1613.3,1613.3,927575.0,0.0
NIFTY,26-DEC-2024,26000.0,08-11-2024 13:59:00,44.55,45.05,44.55,45.05,2434175.0,950.0,1613.3,1613.3,1613.3,1613.3,927575.0,0.0
NIFTY,26-DEC-2024,26000.0,08-11-2024 14:00:00,45.05,45.15,44.95,45.15,2434175.0,4000.0,1613.3,1613.3,1613.3,1613.3,927575.0,0.0
NIFTY,26-DEC-2024,26000.0,08-11-2024 14:01:00,45.1,45.25,44.75,44.9,2433725.0,2800.0,1614.85,1620.0,1614.85,1620.0,927450.0,25.0
NIFTY,26-DEC-2024,26000.0,08-11-2024 14:02:00,45.1,45.1,44.75,44.75,2433725.0,0.0,,,,,,
NIFTY,26-DEC-2024,26000.0,08-11-2024 14:03:00,44.8,44.95,44.8,44.95,2433725.0,0.0,,,,,,
NIFTY,26-DEC-2024,26000.0,08-11-2024 14:04:00,45.15,45.15,44.75,45.1,2434050.0,0.0,1620.0,1620.0,1620.0,1620.0,927450.0,75.0
NIFTY,26-DEC-2024,26000.0,08-11-2024 14:05:00,45.35,45.35,45.05,45.05,2434050.0,3450.0,1618.25,1618.25,1618.25,1618.25,927375.0,0.0
NIFTY,26-DEC-2024,26000.0,08-11-2024 14:06:00,44.9,44.9,44.9,44.9,2434050.0,1075.0,1618.25,1618.25,1613.05,1613.05,927375.0,25.0
NIFTY,26-DEC-2024,26000.0,08-11-2024 14:07:00,45.05,45.35,45.05,45.35,2434475.0,0.0,,,,,,
NIFTY,26-DEC-2024,26000.0,08-11-2024 14:08:00,45.1,45.1,44.7,44.8,2434475.0,225.0,1613.05,1613.05,1613.05,1613.05,927375.0,25.0
NIFTY,26-DEC-2024,26000.0,08-11-2024 14:09:00,44.95,45.0,44.4,44.4,2434475.0,4700.0,1613.05,1613.05,1613.05,1613.05,927375.0,0.0
NIFTY,26-DEC-2024,26000.0,08-11-2024 14:10:00,44.5,44.75,44.35,44.75,2434050.0,3775.0,1613.05,1613.05,1613.05,1613.05,927375.0,0.0
NIFTY,26-DEC-2024,26000.0,08-11-2024 14:11:00,44.75,44.75,44.4,44.4,2434050.0,400.0,1613.05,1613.05,1613.05,1613.05,927375.0,0.0
NIFTY,26-DEC-2024,26000.0,08-11-2024 14:12:00,44.4,44.4,44.4,44.4,2434050.0,700.0,1625.0,1625.0,1625.0,1625.0,927375.0,0.0
NIFTY,26-DEC-2024,26000.0,08-11-2024 14:13:00,44.15,44.25,44.15,44.2,2435500.0,5300.0,,,,,,
NIFTY,26-DEC-2024,26000.0,08-11-2024 14:14:00,44.25,44.3,44.1,44.15,2435500.0,6425.0,1625.0,1625.0,1625.0,1625.0,927375.0,25.0
NIFTY,26-DEC-2024,26000.0,08-11-2024 14:15:00,44.15,44.15,43.7,43.7,2435500.0,4100.0,1635.0,1635.0,1635.0,1635.0,927375.0,50.0
NIFTY,26-DEC-2024,26000.0,08-11-2024 14:16:00,43.7,43.9,43.7,43.85,2444250.0,0.0,,,,,,
NIFTY,26-DEC-2024,26000.0,08-11-2024 14:17:00,44.0,44.2,44.0,44.05,2444250.0,1475.0,1635.0,1637.8,1635.0,1637.8,927375.0,0.0
NIFTY,26-DEC-2024,26000.0,08-11-2024 14:18:00,44.05,44.05,43.85,44.05,2444250.0,725.0,1637.8,1637.8,1637.8,1637.8,927375.0,25.0
NIFTY,26-DEC-2024,26000.0,08-11-2024 14:19:00,44.1,44.2,43.7,44.0,2448375.0,4650.0,1637.8,1637.8,1637.8,1637.8,927375.0,0.0
NIFTY,26-DEC-2024,26000.0,08-11-2024 14:20:00,43.95,43.95,43.9,43.9,2448375.0,2025.0,1637.8,1637.8,1637.8,1637.8,927375.0,0.0
NIFTY,26-DEC-2024,26000.0,08-11-2024 14:21:00,44.2,44.75,44.15,44.15,2448375.0,5275.0,1640.0,1640.0,1633.9,1633.9,927375.0,275.0
NIFTY,26-DEC-2024,26000.0,08-11-2024 14:22:00,44.15,44.25,44.15,44.25,2447575.0,600.0,1635.0,1635.0,1635.0,1635.0,927375.0,0.0
NIFTY,26-DEC-2024,26000.0,08-11-2024 14:23:00,44.2,44.2,43.45,43.5,2447575.0,0.0,,,,,,
NIFTY,26-DEC-2024,26000.0,08-11-2024 14:24:00,43.55,43.55,43.25,43.3,2447575.0,0.0,,,,,,
NIFTY,26-DEC-2024,26000.0,08-11-2024 14:25:00,43.2,43.3,43.0,43.0,2446625.0,0.0,,,,,,
NIFTY,26-DEC-2024,26000.0,08-11-2024 14:26:00,43.0,43.0,42.9,42.95,2446625.0,0.0,,,,,,
NIFTY,26-DEC-2024,26000.0,08-11-2024 14:27:00,42.75,42.75,42.55,42.75,2446625.0,0.0,1636.7,1636.7,1636.7,1636.7,927200.0,0.0
NIFTY,26-DEC-2024,26000.0,08-11-2024 14:28:00,42.9,42.9,42.6,42.6,2446625.0,13250.0,1636.7,1636.7,1636.7,1636.7,927200.0,275.0
NIFTY,26-DEC-2024,26000.0,08-11-2024 14:29:00,42.6,42.6,42.35,42.4,2447475.0,2200.0,,,,,,
NIFTY,26-DEC-2024,26000.0,08-11-2024 14:30:00,42.6,42.6,42.5,42.6,2447475.0,0.0,,,,,,
NIFTY,26-DEC-2024,26000.0,08-11-2024 14:31:00,42.5,42.5,42.3,42.3,2448725.0,0.0,,,,,,
NIFTY,26-DEC-2024,26000.0,08-11-2024 14:32:00,42.15,42.3,42.15,42.3,2448725.0,0.0,,,,,,
NIFTY,26-DEC-2024,26000.0,08-11-2024 14:33:00,42.15,42.3,42.1,42.3,2448725.0,0.0,1636.7,1636.7,1636.7,1636.7,927200.0,0.0
NIFTY,26-DEC-2024,26000.0,08-11-2024 14:34:00,42.3,42.3,41.9,41.9,2448250.0,6175.0,1636.7,1649.0,1636.7,1649.0,927200.0,0.0
NIFTY,26-DEC-2024,26000.0,08-11-2024 14:35:00,41.9,42.1,41.9,42.0,2448250.0,3150.0,1649.0,1649.0,1649.0,1649.0,927200.0,25.0
NIFTY,26-DEC-2024,26000.0,08-11-2024 14:36:00,41.8,42.3,41.8,42.0,2448250.0,0.0,1644.05,1644.05,1644.05,1644.05,927200.0,0.0
NIFTY,26-DEC-2024,26000.0,08-11-2024 14:37:00,42.0,42.0,42.0,42.0,2448250.0,0.0,,,,,,
NIFTY,26-DEC-2024,26000.0,08-11-2024 14:38:00,42.5,42.5,42.3,42.3,2448225.0,0.0,1636.75,1636.75,1636.75,1636.75,927075.0,0.0
NIFTY,26-DEC-2024,26000.0,08-11-2024 14:39:00,42.3,42.4,42.3,42.4,2448225.0,2975.0,,,,,,
NIFTY,26-DEC-2024,26000.0,08-11-2024 14:40:00,42.5,42.5,42.5,42.5,2448225.0,125.0,1636.75,1636.75,1636.75,1636.75,927075.0,250.0
NIFTY,26-DEC-2024,26000.0,08-11-2024 14:41:00,42.5,42.65,42.5,42.65,2448400.0,0.0,,,,,,
NIFTY,26-DEC-2024,26000.0,08-11-2024 14:42:00,42.65,43.2,42.55,43.2,2448400.0,0.0,,,,,,
NIFTY,26-DEC-2024,26000.0,08-11-2024 14:43:00,42.95,43.25,42.95,42.95,2448400.0,10975.0,1636.75,1636.75,1636.75,1636.75,927075.0,0.0
NIFTY,26-DEC-2024,26000.0,08-11-2024 14:44:00,43.3,43.8,43.3,43.8,2448400.0,0.0,,,,,,
NIFTY,26-DEC-2024,26000.0,08-11-2024 14:45:00,43.65,43.7,43.4,43.5,2448400.0,0.0,1636.75,1636.75,1602.55,1606.15,927075.0,0.0
NIFTY,26-DEC-2024,26000.0,08-11-2024 14:46:00,43.5,43.5,42.75,42.75,2451275.0,0.0,1615.95,1615.95,1615.95,1615.95,927075.0,0.0
NIFTY,26-DEC-2024,26000.0,08-11-2024 14:47:00,42.65,43.0,42.65,42.9,2451275.0,0.0,1625.0,1627.25,1625.0,1627.25,927075.0,325.0
NIFTY,26-DEC-2024,26000.0,08-11-2024 14:48:00,42.9,43.0,42.9,42.9,2451275.0,0.0,,,,,,
NIFTY,26-DEC-2024,26000.0,08-11-2024 14:49:00,42.9,42.9,42.8,42.8,2454250.0,13125.0,1627.25,1627.25,1627.25,1627.25,927075.0,50.0
NIFTY,26-DEC-2024,26000.0,08-11-2024 14:50:00,42.85,43.0,42.85,43.0,2454250.0,0.0,1615.6,1615.6,1615.6,1615.6,927025.0,0.0
NIFTY,26-DEC-2024,26000.0,08-11-2024 14:51:00,43.05,43.5,43.05,43.5,2454250.0,0.0,,,,,,
NIFTY,26-DEC-2024,26000.0,08-11-2024 14:52:00,43.4,43.8,43.35,43.8,2453475.0,6575.0,1612.3,1613.6,1612.3,1613.6,926925.0,300.0
NIFTY,26-DEC-2024,26000.0,08-11-2024 14:53:00,43.5,43.75,43.5,43.75,2453475.0,0.0,,,,,,
NIFTY,26-DEC-2024,26000.0,08-11-2024 14:54:00,43.7,43.8,43.35,43.45,2453475.0,2850.0,1613.6,1613.6,1613.6,1613.6,926925.0,100.0
NIFTY,26-DEC-2024,26000.0,08-11-2024 14:55:00,43.45,44.05,43.45,43.65,2452800.0,5075.0,1613.6,1613.6,1612.85,1612.85,926900.0,0.0
NIFTY,26-DEC-2024,26000.0,08-11-2024 14:56:00,43.75,43.9,43.5,43.7,2452800.0,6425.0,1615.0,1616.55,1615.0,1616.55,926900.0,0.0
NIFTY,26-DEC-2024,26000.0,08-11-2024 14:57:00,43.7,44.0,43.25,44.0,2452800.0,0.0,1616.55,1616.55,1616.55,1616.55,926900.0,6250.0
NIFTY,26-DEC-2024,26000.0,08-11-2024 14:58:00,43.65,44.1,43.65,43.85,2454350.0,4275.0,1616.55,1616.55,1616.55,1616.55,926900.0,0.0
NIFTY,26-DEC-2024,26000.0,08-11-2024 14:59:00,44.1,44.1,43.7,43.7,2454350.0,0.0,1617.9,1617.9,1617.9,1617.9,933075.0,0.0
NIFTY,26-DEC-2024,26000.0,08-11-2024 15:00:00,43.9,43.95,43.6,43.8,2454350.0,0.0,,,,,,
NIFTY,26-DEC-2024,26000.0,08-11-2024 15:01:00,44.0,44.0,43.3,43.3,2457550.0,0.0,1615.0,1626.05,1615.0,1626.05,933075.0,0.0
NIFTY,26-DEC-2024,26000.0,08-11-2024 15:02:00,43.15,43.15,42.2,42.25,2457550.0,0.0,1626.05,1626.05,1626.05,1626.05,933075.0,200.0
NIFTY,26-DEC-2024,26000.0,08-11-2024 15:03:00,42.05,42.2,41.85,41.85,2457550.0,0.0,1631.0,1631.0,1631.0,1631.0,933075.0,0.0
NIFTY,26-DEC-2024,26000.0,08-11-2024 15:04:00,41.9,42.15,41.8,41.95,2462575.0,50475.0,1631.0,1631.0,1631.0,1631.0,933075.0,100.0
NIFTY,26-DEC-2024,26000.0,08-11-2024 15:05:00,41.95,41.95,41.25,41.7,2462575.0,0.0,1635.0,1635.0,1635.0,1635.0,932950.0,0.0
NIFTY,26-DEC-2024,26000.0,08-11-2024 15:06:00,41.7,41.75,41.6,41.6,2462575.0,20275.0,1635.0,1635.0,1635.0,1635.0,932950.0,25.0
NIFTY,26-DEC-2024,26000.0,08-11-2024 15:07:00,42.05,42.2,41.95,42.2,2461425.0,6325.0,1630.4,1630.4,1630.4,1630.4,932950.0,50.0
NIFTY,26-DEC-2024,26000.0,08-11-2024 15:08:00,42.0,42.2,42.0,42.2,2461425.0,0.0,,,,,,
NIFTY,26-DEC-2024,26000.0,08-11-2024 15:09:00,42.1,42.2,41.95,42.2,2461425.0,0.0,,,,,,
NIFTY,26-DEC-2024,26000.0,08-11-2024 15:10:00,42.2,42.2,42.0,42.0,2461800.0,0.0,1630.4,1630.4,1630.4,1630.4,932950.0,0.0
NIFTY,26-DEC-2024,26000.0,08-11-2024 15:11:00,42.4,42.4,42.15,42.4,2461800.0,9800.0,,,,,,
NIFTY,26-DEC-2024,26000.0,08-11-2024 15:12:00,42.4,42.45,42.05,42.05,2461800.0,0.0,,,,,,
NIFTY,26-DEC-2024,26000.0,08-11-2024 15:13:00,42.0,42.2,42.0,42.2,2460825.0,0.0,1626.35,1626.35,1626.35,1626.35,932950.0,0.0
NIFTY,26-DEC-2024,26000.0,08-11-2024 15:14:00,42.15,42.15,42.1,42.15,2460825.0,7725.0,1626.35,1626.35,1626.35,1626.35,932950.0,100.0
NIFTY,26-DEC-2024,26000.0,08-11-2024 15:15:00,42.0,42.25,42.0,42.25,2460825.0,0.0,,,,,,
NIFTY,26-DEC-2024,26000.0,08-11-2024 15:16:00,42.3,42.3,41.85,42.1,2461200.0,0.0,1620.65,1626.35,1620.65,1626.35,932925.0,0.0
NIFTY,26-DEC-2024,26000.0,08-11-2024 15:17:00,42.0,42.15,42.0,42.05,2461200.0,0.0,,,,,,
NIFTY,26-DEC-2024,26000.0,08-11-2024 15:18:00,42.2,42.25,42.0,42.0,2461200.0,0.0,,,,,,
NIFTY,26-DEC-2024,26000.0,08-11-2024 15:19:00,41.95,42.05,41.9,42.0,2462775.0,0.0,1626.0,1626.0,1626.0,1626.0,932950.0,0.0
NIFTY,26-DEC-2024,26000.0,08-11-2024 15:20:00,42.1,42.4,42.0,42.25,2462775.0,14375.0,1626.0,1627.45,1626.0,1626.0,932950.0,325.0
NIFTY,26-DEC-2024,26000.0,08-11-2024 15:21:00,42.2,42.3,41.8,42.05,2462775.0,0.0,1631.05,1631.05,1631.05,1631.05,932950.0,0.0
NIFTY,26-DEC-2024,26000.0,08-11-2024 15:22:00,41.65,41.8,41.55,41.8,2464100.0,0.0,1630.0,1630.0,1630.0,1630.0,932950.0,250.0
NIFTY,26-DEC-2024,26000.0,08-11-2024 15:23:00,41.55,42.1,41.55,42.1,2464100.0,0.0,1630.0,1630.0,1630.0,1630.0,932950.0,0.0
NIFTY,26-DEC-2024,26000.0,08-11-2024 15:24:00,41.65,41.85,41.25,41.25,2464100.0,0.0,1630.9,1630.95,1630.7,1630.7,932975.0,0.0
NIFTY,26-DEC-2024,26000.0,08-11-2024 15:25:00,41.4,41.65,41.4,41.55,2463875.0,15500.0,1633.2,1633.2,1631.75,1631.75,932975.0,0.0
NIFTY,26-DEC-2024,26000.0,08-11-2024 15:26:00,41.25,41.5,41.0,41.05,2463875.0,5750.0,1631.75,1639.55,1631.75,1639.55,933875.0,1325.0
NIFTY,26-DEC-2024,26000.0,08-11-2024 15:27:00,41.2,41.5,40.8,41.0,2463875.0,0.0,1656.0,1656.0,1656.0,1656.0,933875.0,0.0
NIFTY,26-DEC-2024,26000.0,08-11-2024 15:28:00,40.8,41.8,40.8,41.5,2462475.0,20750.0,1659.9,1659.95,1659.9,1659.95,933800.0,325.0
NIFTY,26-DEC-2024,26000.0,08-11-2024 15:29:00,41.6,42.05,41.0,41.0,2462475.0,0.0,,,,,,
NIFTY,26-DEC-2024,26000.0,11-11-2024 09:15:00,41.0,42.6,39.05,39.6,2475600.0,7050.0,1654.7,1654.7,1654.7,1654.7,0.0,0.0
NIFTY,26-DEC-2024,26000.0,11-11-2024 09:16:00,38.45,39.1,38.05,38.7,2475600.0,2475.0,1654.7,1754.4,1654.7,1734.4,933700.0,250.0
NIFTY,26-DEC-2024,26000.0,11-11-2024 09:17:00,38.7,39.2,38.3,39.05,2475600.0,3800.0,1734.4,1740.6,1729.95,1740.6,933700.0,125.0
NIFTY,26-DEC-2024,26000.0,11-11-2024 09:18:00,39.05,39.6,38.7,39.0,2476875.0,725.0,1740.6,1740.6,1730.0,1730.0,933425.0,125.0
NIFTY,26-DEC-2024,26000.0,11-11-2024 09:19:00,39.45,39.45,39.0,39.0,2476875.0,0.0,1730.0,1730.0,1730.0,1730.0,933425.0,0.0
NIFTY,26-DEC-2024,26000.0,11-11-2024 09:20:00,39.15,39.15,38.45,38.5,2476875.0,0.0,1730.0,1730.0,1730.0,1730.0,933425.0,0.0
NIFTY,26-DEC-2024,26000.0,11-11-2024 09:21:00,38.6,39.0,38.05,39.0,2476375.0,0.0,,,,,,
NIFTY,26-DEC-2024,26000.0,11-11-2024 09:22:00,38.55,39.0,38.55,38.55,2476375.0,14050.0,1730.0,1730.0,1730.0,1730.0,933425.0,0.0
NIFTY,26-DEC-2024,26000.0,11-11-2024 09:23:00,38.8,39.0,38.4,38.4,2476375.0,3075.0,1730.0,1730.0,1730.0,1730.0,933425.0,0.0
NIFTY,26-DEC-2024,26000.0,11-11-2024 09:24:00,38.3,38.5,38.3,38.3,2476375.0,0.0,,,,,,
NIFTY,26-DEC-2024,26000.0,11-11-2024 09:25:00,38.4,38.9,38.3,38.35,2477000.0,0.0,1712.0,1712.0,1712.0,1712.0,933425.0,25.0
NIFTY,26-DEC-2024,26000.0,11-11-2024 09:26:00,38.35,38.8,38.1,38.1,2477000.0,0.0,1724.95,1724.95,1724.95,1724.95,933400.0,275.0
NIFTY,26-DEC-2024,26000.0,11-11-2024 09:27:00,38.4,38.4,38.0,38.0,2477750.0,0.0,,,,,,
NIFTY,26-DEC-2024,26000.0,11-11-2024 09:28:00,38.25,38.25,37.5,37.5,2477750.0,0.0,1713.0,1713.0,1713.0,1713.0,933550.0,0.0
NIFTY,26-DEC-2024,26000.0,11-11-2024 09:29:00,37.25,37.7,36.8,37.35,2477750.0,0.0,1714.9,1714.9,1692.0,1692.0,933550.0,275.0
NIFTY,26-DEC-2024,26000.0,11-11-2024 09:30:00,36.6,37.4,36.3,37.25,2474025.0,17075.0,1692.0,1692.0,1680.0,1680.0,933550.0,25.0
NIFTY,26-DEC-2024,26000.0,11-11-2024 09:31:00,37.65,37.65,37.65,37.65,2474025.0,10500.0,1680.0,1680.0,1650.0,1655.0,933600.0,475.0
NIFTY,26-DEC-2024,26000.0,11-11-2024 09:32:00,37.5,37.5,37.0,37.0,2474025.0,1050.0,1655.0,1661.0,1655.0,1659.3,933600.0,100.0
NIFTY,26-DEC-2024,26000.0,11-11-2024 09:33:00,37.0,37.5,37.0,37.35,2473625.0,2250.0,1659.3,1662.9,1659.3,1662.9,933675.0,50.0
NIFTY,26-DEC-2024,26000.0,11-11-2024 09:34:00,37.5,37.5,37.2,37.5,2473625.0,0.0,1662.9,1662.9,1648.05,1648.05,933675.0,25.0
NIFTY,26-DEC-2024,26000.0,11-11-2024 09:35:00,37.5,38.0,37.5,37.85,2473625.0,0.0,1648.05,1648.05,1648.05,1648.05,933675.0,0.0
NIFTY,26-DEC-2024,26000.0,11-11-2024 09:36:00,37.8,38.0,37.45,38.0,2475625.0,0.0,1648.05,1648.05,1642.65,1642.65,933675.0,425.0
NIFTY,26-DEC-2024,26000.0,11-11-2024 09:37:00,38.0,38.25,37.95,38.15,2475625.0,6825.0,1642.65,1642.65,1642.65,1642.65,933675.0,0.0
NIFTY,26-DEC-2024,26000.0,11-11-2024 09:38:00,38.15,38.2,38.0,38.0,2475625.0,2575.0,1650.0,1650.0,1650.0,1650.0,933675.0,250.0
NIFTY,26-DEC-2024,26000.0,11-11-2024 09:39:00,38.25,38.25,37.5,37.5,2476275.0,0.0,1666.75,1666.75,1666.75,1666.75,933750.0,0.0
NIFTY,26-DEC-2024,26000.0,11-11-2024 09:40:00,37.5,37.75,36.95,36.95,2476275.0,0.0,1665.0,1675.0,1659.7,1675.0,933900.0,525.0
NIFTY,26-DEC-2024,26000.0,11-11-2024 09:41:00,37.05,37.05,36.55,36.8,2476275.0,0.0,1675.0,1679.15,1675.0,1676.0,933900.0,250.0
NIFTY,26-DEC-2024,26000.0,11-11-2024 09:42:00,36.7,37.2,36.7,36.9,2476250.0,6025.0,1676.0,1676.0,1672.05,1672.05,933900.0,125.0
NIFTY,26-DEC-2024,26000.0,11-11-2024 09:43:00,36.9,36.95,36.55,36.55,2476250.0,2100.0,1672.05,1672.05,1672.05,1672.05,933900.0,0.0
NIFTY,26-DEC-2024,26000.0,11-11-2024 09:44:00,36.55,37.2,36.55,37.2,2476250.0,0.0,1672.05,1672.05,1648.0,1648.0,934100.0,75.0
NIFTY,26-DEC-2024,26000.0,11-11-2024 09:45:00,37.2,37.6,37.2,37.4,2476675.0,325.0,1648.0,1650.0,1645.0,1650.0,934025.0,75.0
NIFTY,26-DEC-2024,26000.0,11-11-2024 09:46:00,37.4,37.45,37.4,37.4,2476675.0,1750.0,1650.0,1650.0,1645.0,1650.0,934025.0,500.0
NIFTY,26-DEC-2024,26000.0,11-11-2024 09:47:00,37.55,37.6,36.6,37.0,2476675.0,4625.0,1650.0,1656.0,1650.0,1652.0,934025.0,200.0
NIFTY,26-DEC-2024,26000.0,11-11-2024 09:48:00,36.65,37.6,36.65,37.3,2479000.0,0.0,1652.0,1652.0,1633.0,1633.0,934750.0,0.0
NIFTY,26-DEC-2024,26000.0,11-11-2024 09:49:00,37.8,38.65,37.75,38.0,2479000.0,5475.0,1633.0,1633.0,1616.05,1620.15,934750.0,275.0
NIFTY,26-DEC-2024,26000.0,11-11-2024 09:50:00,37.0,38.0,37.0,38.0,2479000.0,10875.0,1620.15,1620.15,1620.15,1620.15,934750.0,0.0
NIFTY,26-DEC-2024,26000.0,11-11-2024 09:51:00,38.0,38.0,37.8,37.8,2480050.0,475.0,1620.15,1620.15,1620.15,1620.15,934750.0,0.0
NIFTY,26-DEC-2024,26000.0,11-11-2024 09:52:00,37.5,37.5,37.1,37.35,2480050.0,0.0,1620.15,1649.9,1620.15,1639.7,935025.0,150.0
NIFTY,26-DEC-2024,26000.0,11-11-2024 09:53:00,37.55,37.55,37.25,37.5,2480050.0,0.0,1649.25,1649.25,1638.0,1640.0,935025.0,75.0
NIFTY,26-DEC-2024,26000.0,11-11-2024 09:54:00,37.5,37.9,37.45,37.45,2480775.0,5050.0,1640.0,1640.0,1640.0,1640.0,935025.0,50.0
NIFTY,26-DEC-2024,26000.0,11-11-2024 09:55:00,37.9,37.95,37.1,37.2,2480775.0,4350.0,1640.0,1641.0,1640.0,1641.0,935050.0,25.0
NIFTY,26-DEC-2024,26000.0,11-11-2024 09:56:00,37.2,37.65,36.8,36.8,2480775.0,0.0,1641.0,1660.0,1641.0,1651.15,935050.0,625.0
NIFTY,26-DEC-2024,26000.0,11-11-2024 09:57:00,37.15,37.85,37.15,37.85,2481800.0,0.0,1651.15,1651.15,1625.0,1625.0,934400.0,2650.0
NIFTY,26-DEC-2024,26000.0,11-11-2024 09:58:00,37.7,37.85,37.3,37.4,2481800.0,0.0,1625.0,1625.0,1620.0,1620.0,934400.0,25.0
NIFTY,26-DEC-2024,26000.0,11-11-2024 09:59:00,37.0,37.5,36.75,37.2,2481800.0,0.0,1620.0,1620.0,1620.0,1620.0,934400.0,0.0
NIFTY,26-DEC-2024,26000.0,11-11-2024 10:00:00,36.55,37.2,36.55,37.1,2481400.0,0.0,1620.0,1620.0,1620.0,1620.0,934400.0,0.0
NIFTY,26-DEC-2024,26000.0,11-11-2024 10:01:00,37.55,37.9,37.0,37.1,2481400.0,0.0,1620.0,1636.45,1620.0,1636.45,934400.0,625.0
NIFTY,26-DEC-2024,26000.0,11-11-2024 10:02:00,37.0,37.2,36.15,36.7,2481400.0,16300.0,1636.45,1650.0,1636.45,1650.0,932075.0,975.0
NIFTY,26-DEC-2024,26000.0,11-11-2024 10:03:00,36.75,36.75,35.4,35.95,2483200.0,0.0,1650.0,1650.0,1643.45,1650.0,931450.0,450.0
NIFTY,26-DEC-2024,26000.0,11-11-2024 10:04:00,35.9,35.9,35.2,35.45,2483200.0,39400.0,1650.0,1650.0,1644.45,1645.55,931450.0,225.0
NIFTY,26-DEC-2024,26000.0,11-11-2024 10:05:00,35.6,36.25,35.35,35.8,2483200.0,3325.0,1645.55,1646.0,1645.55,1646.0,931450.0,100.0
NIFTY,26-DEC-2024,26000.0,11-11-2024 10:06:00,36.3,36.3,35.75,35.8,2483000.0,0.0,1646.0,1646.0,1636.0,1636.0,931450.0,200.0
NIFTY,26-DEC-2024,26000.0,11-11-2024 10:07:00,35.65,36.05,35.5,35.6,2483000.0,5900.0,1636.0,1636.0,1636.0,1636.0,931450.0,0.0
NIFTY,26-DEC-2024,26000.0,11-11-2024 10:08:00,35.7,35.7,35.5,35.55,2483000.0,0.0,1645.0,1645.0,1640.0,1640.0,931800.0,300.0
NIFTY,26-DEC-2024,26000.0,11-11-2024 10:09:00,36.3,36.3,36.3,36.3,2482725.0,0.0,1640.0,1644.0,1640.0,1644.0,931800.0,75.0
NIFTY,26-DEC-2024,26000.0,11-11-2024 10:10:00,36.5,37.5,36.5,37.3,2482725.0,8325.0,1644.0,1644.0,1644.0,1644.0,931800.0,0.0
NIFTY,26-DEC-2024,26000.0,11-11-2024 10:11:00,37.3,37.45,36.55,37.0,2482725.0,3275.0,1644.0,1648.15,1644.0,1648.15,931925.0,50.0
NIFTY,26-DEC-2024,26000.0,11-11-2024 10:12:00,37.0,37.15,37.0,37.0,2482725.0,0.0,1649.35,1649.35,1649.35,1649.35,931925.0,25.0
NIFTY,26-DEC-2024,26000.0,11-11-2024 10:13:00,36.85,36.9,36.4,36.55,2482875.0,0.0,1660.9,1660.9,1660.9,1660.9,931925.0,0.0
NIFTY,26-DEC-2024,26000.0,11-11-2024 10:14:00,36.25,36.6,36.25,36.4,2482875.0,0.0,1660.9,1660.9,1660.9,1660.9,931925.0,50.0
NIFTY,26-DEC-2024,26000.0,11-11-2024 10:15:00,36.2,36.45,36.2,36.45,2484275.0,0.0,1660.9,1660.9,1660.9,1660.9,931925.0,0.0
NIFTY,26-DEC-2024,26000.0,11-11-2024 10:16:00,36.65,36.65,36.2,36.25,2484275.0,7425.0,1660.9,1660.9,1660.9,1660.9,931925.0,0.0
NIFTY,26-DEC-2024,26000.0,11-11-2024 10:17:00,36.05,36.05,35.5,35.5,2484275.0,0.0,1660.9,1660.9,1660.9,1660.9,931925.0,0.0
NIFTY,26-DEC-2024,26000.0,11-11-2024 10:18:00,35.75,35.8,35.75,35.75,2484775.0,2050.0,1660.9,1660.9,1660.9,1660.9,931925.0,0.0
NIFTY,26-DEC-2024,26000.0,11-11-2024 10:19:00,35.8,35.8,35.0,35.35,2484775.0,0.0,1660.9,1660.9,1660.9,1660.9,931925.0,0.0
NIFTY,26-DEC-2024,26000.0,11-11-2024 10:20:00,35.5,35.6,35.3,35.35,2484775.0,11075.0,1660.9,1666.35,1660.9,1666.35,931925.0,25.0
NIFTY,26-DEC-2024,26000.0,11-11-2024 10:21:00,35.3,35.9,35.25,35.7,2484725.0,0.0,1670.0,1670.0,1649.35,1649.35,931925.0,0.0
NIFTY,26-DEC-2024,26000.0,11-11-2024 10:22:00,35.65,35.65,35.4,35.55,2484725.0,0.0,1650.0,1654.0,1643.3,1643.3,931850.0,550.0
NIFTY,26-DEC-2024,26000.0,11-11-2024 10:23:00,35.65,35.65,35.6,35.6,2484725.0,0.0,1643.3,1643.3,1643.3,1643.3,931850.0,75.0
NIFTY,26-DEC-2024,26000.0,11-11-2024 10:24:00,35.6,36.0,35.6,36.0,2484725.0,6700.0,1643.3,1643.3,1643.3,1643.3,931850.0,0.0
NIFTY,26-DEC-2024,26000.0,11-11-2024 10:25:00,36.5,36.9,36.2,36.9,2485925.0,1250.0,1643.3,1643.3,1630.0,1630.0,931675.0,75.0
NIFTY,26-DEC-2024,26000.0,11-11-2024 10:26:00,36.3,37.0,36.3,37.0,2485925.0,375.0,1630.0,1630.0,1613.55,1613.55,931675.0,75.0
NIFTY,26-DEC-2024,26000.0,11-11-2024 10:27:00,36.9,37.6,36.3,37.6,2485925.0,0.0,1613.55,1613.55,1591.1,1591.1,931675.0,50.0
NIFTY,26-DEC-2024,26000.0,11-11-2024 10:28:00,37.8,38.2,37.15,38.2,2486575.0,0.0,1586.0,1586.0,1576.0,1576.0,931550.0,275.0
NIFTY,26-DEC-2024,26000.0,11-11-2024 10:29:00,38.45,39.4,38.45,39.4,2486575.0,11175.0,1576.0,1576.0,1548.95,1548.95,931550.0,300.0
NIFTY,26-DEC-2024,26000.0,11-11-2024 10:30:00,39.75,40.1,39.45,39.55,2486500.0,11475.0,1563.65,1563.65,1541.65,1541.65,931550.0,1450.0
NIFTY,26-DEC-2024,26000.0,11-11-2024 10:31:00,40.45,40.65,40.35,40.65,2486500.0,0.0,,,,,,
NIFTY,26-DEC-2024,26000.0,11-11-2024 10:32:00,40.5,40.5,39.9,39.9,2486500.0,8125.0,1541.65,1541.65,1541.65,1541.65,931550.0,75.0
NIFTY,26-DEC-2024,26000.0,11-11-2024 10:33:00,39.75,39.8,39.25,39.5,2487825.0,4450.0,1541.65,1541.65,1541.65,1541.65,931550.0,0.0
NIFTY,26-DEC-2024,26000.0,11-11-2024 10:34:00,39.5,39.8,39.45,39.6,2487825.0,6750.0,1550.0,1550.0,1550.0,1550.0,930250.0,150.0
NIFTY,26-DEC-2024,26000.0,11-11-2024 10:35:00,39.4,39.9,39.4,39.65,2487825.0,0.0,1565.0,1565.0,1549.55,1549.55,930250.0,150.0
NIFTY,26-DEC-2024,26000.0,11-11-2024 10:36:00,39.65,40.3,39.6,40.3,2487825.0,2950.0,1549.55,1549.55,1541.65,1541.65,930250.0,25.0
NIFTY,26-DEC-2024,26000.0,11-11-2024 10:37:00,40.25,40.25,39.8,40.2,2486500.0,6150.0,1541.65,1552.55,1541.65,1550.0,930250.0,150.0
NIFTY,26-DEC-2024,26000.0,11-11-2024 10:38:00,40.3,40.75,40.2,40.55,2486500.0,5300.0,1550.0,1550.0,1532.45,1532.45,930250.0,175.0
NIFTY,26-DEC-2024,26000.0,11-11-2024 10:39:00,40.7,42.9,40.7,42.9,2486300.0,17200.0,1532.45,1532.45,1526.0,1530.9,930250.0,200.0
NIFTY,26-DEC-2024,26000.0,11-11-2024 10:40:00,43.0,43.55,42.8,42.8,2486300.0,0.0,1530.9,1530.9,1520.0,1520.0,930175.0,0.0
NIFTY,26-DEC-2024,26000.0,11-11-2024 10:41:00,43.0,43.1,42.6,43.0,2486300.0,3625.0,1520.0,1520.0,1515.0,1515.0,930175.0,125.0
NIFTY,26-DEC-2024,26000.0,11-11-2024 10:42:00,43.0,43.0,42.25,42.25,2487075.0,2750.0,1515.0,1515.0,1515.0,1515.0,930175.0,50.0
NIFTY,26-DEC-2024,26000.0,11-11-2024 10:43:00,42.2,42.2,41.7,41.7,2487075.0,2525.0,1515.0,1529.95,1515.0,1529.95,930175.0,25.0
NIFTY,26-DEC-2024,26000.0,11-11-2024 10:44:00,41.55,41.55,41.25,41.5,2487075.0,0.0,1529.95,1529.95,1529.95,1529.95,930175.0,0.0
NIFTY,26-DEC-2024,26000.0,11-11-2024 10:45:00,41.55,41.75,41.55,41.75,2487075.0,0.0,1529.95,1529.95,1529.95,1529.95,930175.0,0.0
NIFTY,26-DEC-2024,26000.0,11-11-2024 10:46:00,41.75,41.75,41.0,41.0,2487325.0,3700.0,1529.95,1529.95,1529.95,1529.95,930175.0,0.0
NIFTY,26-DEC-2024,26000.0,11-11-2024 10:47:00,40.8,41.0,40.75,40.9,2487325.0,6375.0,1547.4,1547.4,1547.4,1547.4,930175.0,200.0
NIFTY,26-DEC-2024,26000.0,11-11-2024 10:48:00,41.0,41.0,40.5,40.5,2487325.0,1900.0,1547.4,1547.4,1534.5,1534.5,930175.0,25.0
NIFTY,26-DEC-2024,26000.0,11-11-2024 10:49:00,40.1,40.25,40.0,40.15,2488875.0,4200.0,1534.5,1534.5,1534.5,1534.5,930175.0,0.0
NIFTY,26-DEC-2024,26000.0,11-11-2024 10:50:00,40.05,40.5,39.8,39.8,2488875.0,0.0,1534.5,1534.5,1534.5,1534.5,930175.0,0.0
NIFTY,26-DEC-2024,26000.0,11-11-2024 10:51:00,39.55,40.0,39.55,39.95,2488875.0,0.0,1534.5,1534.5,1534.5,1534.5,930175.0,0.0
NIFTY,26-DEC-2024,26000.0,11-11-2024 10:52:00,39.9,40.6,39.6,39.8,2489950.0,11875.0,1534.5,1534.5,1534.5,1534.5,930175.0,0.0
NIFTY,26-DEC-2024,26000.0,11-11-2024 10:53:00,39.8,39.95,39.45,39.95,2489950.0,2125.0,1534.5,1534.5,1534.5,1534.5,930175.0,0.0
NIFTY,26-DEC-2024,26000.0,11-11-2024 10:54:00,39.9,40.05,39.9,40.0,2489950.0,4450.0,1540.55,1541.0,1540.0,1541.0,930325.0,425.0
NIFTY,26-DEC-2024,26000.0,11-11-2024 10:55:00,40.4,40.9,40.4,40.9,2492175.0,4100.0,1541.0,1541.0,1536.5,1536.5,930700.0,175.0
NIFTY,26-DEC-2024,26000.0,11-11-2024 10:56:00,40.85,41.15,40.8,41.15,2492175.0,4225.0,1536.5,1536.5,1527.8,1530.0,930700.0,750.0
NIFTY,26-DEC-2024,26000.0,11-11-2024 10:57:00,41.1,41.35,41.1,41.35,2492175.0,6050.0,1530.0,1530.0,1530.0,1530.0,930700.0,0.0
NIFTY,26-DEC-2024,26000.0,11-11-2024 10:58:00,41.15,41.7,41.15,41.7,2502275.0,0.0,1530.0,1531.25,1530.0,1531.25,930700.0,0.0
NIFTY,26-DEC-2024,26000.0,11-11-2024 10:59:00,41.7,42.4,41.65,42.4,2502275.0,1925.0,1530.95,1530.95,1530.95,1530.95,930700.0,300.0
NIFTY,26-DEC-2024,26000.0,11-11-2024 11:00:00,42.4,42.5,42.25,42.25,2502275.0,4700.0,1530.95,1530.95,1517.25,1517.85,930700.0,100.0
NIFTY,26-DEC-2024,26000.0,11-11-2024 11:01:00,42.25,42.7,42.2,42.7,2504725.0,1975.0,1517.85,1517.85,1517.85,1517.85,930700.0,0.0
NIFTY,26-DEC-2024,26000.0,11-11-2024 11:02:00,42.55,42.8,42.55,42.8,2504725.0,7475.0,1517.85,1521.1,1517.85,1521.1,930650.0,25.0
NIFTY,26-DEC-2024,26000.0,11-11-2024 11:03:00,42.85,42.9,42.55,42.55,2514850.0,0.0,1521.1,1521.1,1521.1,1521.1,930650.0,0.0
NIFTY,26-DEC-2024,26000.0,11-11-2024 11:04:00,42.75,42.75,42.45,42.55,2514850.0,6650.0,1518.25,1525.0,1517.85,1517.85,930650.0,275.0
NIFTY,26-DEC-2024,26000.0,11-11-2024 11:05:00,42.55,43.55,42.5,43.3,2514850.0,29575.0,1515.0,1517.0,1506.0,1506.0,930650.0,100.0
NIFTY,26-DEC-2024,26000.0,11-11-2024 11:06:00,43.3,43.5,43.0,43.2,2539950.0,11625.0,1506.0,1506.0,1497.95,1497.95,930650.0,50.0
NIFTY,26-DEC-2024,26000.0,11-11-2024 11:07:00,43.0,43.0,41.75,41.75,2539950.0,0.0,1497.95,1497.95,1497.95,1497.95,930650.0,0.0
NIFTY,26-DEC-2024,26000.0,11-11-2024 11:08:00,42.1,42.5,41.85,42.5,2539950.0,0.0,1497.95,1497.95,1497.95,1497.95,930650.0,0.0
NIFTY,26-DEC-2024,26000.0,11-11-2024 11:09:00,42.4,42.75,42.4,42.75,2539950.0,22550.0,1497.95,1497.95,1497.95,1497.95,930650.0,0.0
NIFTY,26-DEC-2024,26000.0,11-11-2024 11:10:00,42.75,43.0,42.45,42.45,2540650.0,0.0,1497.95,1497.95,1497.95,1497.95,930650.0,0.0
NIFTY,26-DEC-2024,26000.0,11-11-2024 11:11:00,42.3,42.45,42.0,42.0,2540650.0,14175.0,1497.95,1497.95,1497.95,1497.95,930650.0,0.0
NIFTY,26-DEC-2024,26000.0,11-11-2024 11:12:00,42.05,42.3,41.75,42.3,2540650.0,0.0,1497.95,1500.0,1496.0,1496.0,930275.0,50.0
NIFTY,26-DEC-2024,26000.0,11-11-2024 11:13:00,42.45,43.0,42.45,43.0,2540275.0,4325.0,1496.0,1496.0,1485.5,1485.5,930175.0,175.0
NIFTY,26-DEC-2024,26000.0,11-11-2024 11:14:00,43.0,43.35,42.65,42.75,2540275.0,15775.0,1485.5,1485.5,1476.0,1476.0,930175.0,25.0
NIFTY,26-DEC-2024,26000.0,11-11-2024 11:15:00,42.75,43.8,42.75,43.5,2540275.0,9000.0,1476.0,1476.0,1467.25,1467.25,930175.0,50.0
NIFTY,26-DEC-2024,26000.0,11-11-2024 11:16:00,43.7,44.1,43.7,43.85,2542200.0,0.0,1467.25,1468.95,1465.3,1465.3,930000.0,500.0
NIFTY,26-DEC-2024,26000.0,11-11-2024 11:17:00,43.9,44.25,43.55,43.55,2542200.0,0.0,1464.0,1464.0,1456.35,1456.35,930000.0,275.0
NIFTY,26-DEC-2024,26000.0,11-11-2024 11:18:00,43.75,43.9,43.6,43.6,2542200.0,12350.0,1456.35,1461.2,1456.35,1461.2,930000.0,25.0
NIFTY,26-DEC-2024,26000.0,11-11-2024 11:19:00,43.65,43.9,43.65,43.7,2545150.0,4825.0,1461.2,1471.7,1461.2,1471.7,929700.0,50.0
NIFTY,26-DEC-2024,26000.0,11-11-2024 11:20:00,43.65,43.75,43.15,43.15,2545150.0,4125.0,1468.75,1475.0,1468.75,1475.0,929700.0,150.0
NIFTY,26-DEC-2024,26000.0,11-11-2024 11:21:00,43.3,43.3,42.9,42.9,2545150.0,0.0,1475.0,1475.0,1468.0,1471.0,929700.0,25.0
NIFTY,26-DEC-2024,26000.0,11-11-2024 11:22:00,42.85,42.85,42.25,42.85,2547475.0,2200.0,1471.0,1474.0,1470.0,1471.9,929675.0,225.0
NIFTY,26-DEC-2024,26000.0,11-11-2024 11:23:00,42.8,43.0,42.8,43.0,2547475.0,2250.0,1471.9,1471.9,1467.85,1467.85,929675.0,300.0
NIFTY,26-DEC-2024,26000.0,11-11-2024 11:24:00,43.3,43.45,43.0,43.45,2547475.0,1225.0,1467.85,1467.85,1464.65,1464.65,929675.0,50.0
NIFTY,26-DEC-2024,26000.0,11-11-2024 11:25:00,43.4,43.7,43.15,43.4,2547800.0,3650.0,1464.65,1469.45,1464.65,1469.45,929525.0,0.0
NIFTY,26-DEC-2024,26000.0,11-11-2024 11:26:00,43.25,43.5,43.0,43.25,2547800.0,0.0,1469.45,1469.45,1469.45,1469.45,929525.0,0.0
NIFTY,26-DEC-2024,26000.0,11-11-2024 11:27:00,42.75,42.8,41.7,41.9,2547800.0,7625.0,1469.45,1469.45,1469.45,1469.45,929525.0,200.0
NIFTY,26-DEC-2024,26000.0,11-11-2024 11:28:00,41.75,42.0,41.75,42.0,2545725.0,10500.0,1469.45,1469.45,1469.45,1469.45,929525.0,0.0
NIFTY,26-DEC-2024,26000.0,11-11-2024 11:29:00,41.95,42.0,41.8,42.0,2545725.0,1850.0,1475.45,1475.45,1474.0,1474.0,929725.0,25.0
NIFTY,26-DEC-2024,26000.0,11-11-2024 11:30:00,42.0,42.05,41.65,42.05,2545725.0,0.0,1476.0,1476.0,1469.25,1469.25,929725.0,0.0
NIFTY,26-DEC-2024,26000.0,11-11-2024 11:31:00,42.15,42.15,41.85,41.85,2546850.0,6150.0,1466.35,1466.35,1466.35,1466.35,929725.0,550.0
NIFTY,26-DEC-2024,26000.0,11-11-2024 11:32:00,41.75,42.2,41.6,42.2,2546850.0,0.0,1466.0,1466.0,1466.0,1466.0,929725.0,300.0
NIFTY,26-DEC-2024,26000.0,11-11-2024 11:33:00,42.15,42.6,42.15,42.25,2546850.0,11375.0,1466.0,1466.0,1466.0,1466.0,929725.0,0.0
NIFTY,26-DEC-2024,26000.0,11-11-2024 11:34:00,42.25,42.25,41.85,42.0,2545950.0,625.0,1466.0,1466.0,1466.0,1466.0,929725.0,0.0
NIFTY,26-DEC-2024,26000.0,11-11-2024 11:35:00,42.0,42.1,41.7,42.1,2545950.0,1550.0,1465.0,1466.05,1465.0,1466.05,929800.0,0.0
NIFTY,26-DEC-2024,26000.0,11-11-2024 11:36:00,42.2,42.5,42.1,42.4,2545950.0,6775.0,1464.8,1464.8,1464.8,1464.8,929800.0,175.0
NIFTY,26-DEC-2024,26000.0,11-11-2024 11:37:00,42.3,42.6,42.3,42.35,2546400.0,225.0,1464.8,1464.8,1461.0,1461.45,929800.0,50.0
NIFTY,26-DEC-2024,26000.0,11-11-2024 11:38:00,42.5,42.5,42.1,42.45,2546400.0,0.0,1461.45,1470.6,1461.45,1470.6,929800.0,0.0
NIFTY,26-DEC-2024,26000.0,11-11-2024 11:39:00,42.35,42.5,42.3,42.4,2546400.0,3050.0,1471.65,1471.65,1469.15,1469.15,929800.0,75.0
NIFTY,26-DEC-2024,26000.0,11-11-2024 11:40:00,42.4,42.75,42.4,42.5,2548500.0,2875.0,1470.25,1470.4,1464.95,1470.0,929775.0,275.0
NIFTY,26-DEC-2024,26000.0,11-11-2024 11:41:00,42.3,42.45,41.85,42.2,2548500.0,0.0,1470.0,1471.0,1470.0,1471.0,929775.0,0.0
NIFTY,26-DEC-2024,26000.0,11-11-2024 11:42:00,42.1,42.3,42.0,42.2,2548500.0,0.0,1471.0,1471.0,1471.0,1471.0,929775.0,950.0
NIFTY,26-DEC-2024,26000.0,11-11-2024 11:43:00,42.2,43.75,42.2,43.75,2547775.0,0.0,1464.0,1464.0,1450.0,1452.15,929050.0,0.0
NIFTY,26-DEC-2024,26000.0,11-11-2024 11:44:00,43.9,44.0,43.2,43.5,2547775.0,20025.0,1450.0,1450.8,1446.0,1447.4,929050.0,2000.0
NIFTY,26-DEC-2024,26000.0,11-11-2024 11:45:00,43.6,43.75,43.15,43.15,2547775.0,12475.0,1447.4,1450.0,1447.4,1450.0,929050.0,100.0
NIFTY,26-DEC-2024,26000.0,11-11-2024 11:46:00,43.5,43.5,42.9,42.9,2548100.0,2475.0,1450.0,1450.0,1450.0,1450.0,927300.0,425.0
NIFTY,26-DEC-2024,26000.0,11-11-2024 11:47:00,42.2,42.2,42.2,42.2,2548100.0,0.0,1458.4,1458.4,1458.4,1458.4,927300.0,75.0
NIFTY,26-DEC-2024,26000.0,11-11-2024 11:48:00,41.7,41.7,41.2,41.2,2548100.0,975.0,1460.0,1463.45,1460.0,1463.45,927300.0,225.0
NIFTY,26-DEC-2024,26000.0,11-11-2024 11:49:00,41.5,41.5,41.5,41.5,2548275.0,0.0,1463.45,1463.45,1463.45,1463.45,927300.0,0.0
NIFTY,26-DEC-2024,26000.0,11-11-2024 11:50:00,41.45,41.45,41.0,41.0,2548275.0,0.0,,,,,,
NIFTY,26-DEC-2024,26000.0,11-11-2024 11:51:00,40.9,40.9,40.0,40.7,2548275.0,3325.0,1463.45,1480.0,1463.45,1480.0,927550.0,0.0
NIFTY,26-DEC-2024,26000.0,11-11-2024 11:52:00,40.6,40.6,40.2,40.3,2548850.0,2250.0,1480.0,1480.0,1473.7,1473.7,927575.0,50.0
NIFTY,26-DEC-2024,26000.0,11-11-2024 11:53:00,40.15,40.15,40.15,40.15,2548850.0,0.0,1473.7,1473.7,1473.7,1473.7,927575.0,25.0
NIFTY,26-DEC-2024,26000.0,11-11-2024 11:54:00,40.05,40.05,40.05,40.05,2548850.0,525.0,1477.65,1477.65,1477.65,1477.65,927575.0,25.0
NIFTY,26-DEC-2024,26000.0,11-11-2024 11:55:00,40.2,40.2,40.2,40.2,2548925.0,0.0,1485.0,1485.0,1485.0,1485.0,927575.0,25.0
NIFTY,26-DEC-2024,26000.0,11-11-2024 11:56:00,40.45,40.45,39.9,40.15,2548925.0,0.0,1481.0,1481.0,1481.0,1481.0,927625.0,0.0
NIFTY,26-DEC-2024,26000.0,11-11-2024 11:57:00,40.15,40.3,40.1,40.3,2548925.0,4350.0,1481.0,1481.0,1481.0,1481.0,927625.0,50.0
NIFTY,26-DEC-2024,26000.0,11-11-2024 11:58:00,40.3,40.5,40.2,40.5,2551750.0,4450.0,1481.0,1488.8,1481.0,1488.8,927600.0,0.0
NIFTY,26-DEC-2024,26000.0,11-11-2024 11:59:00,40.6,40.95,40.4,40.95,2551750.0,1950.0,,,,,,
NIFTY,26-DEC-2024,26000.0,11-11-2024 12:00:00,40.6,40.75,40.6,40.75,2551750.0,1800.0,1493.0,1493.0,1493.0,1493.0,927600.0,0.0
NIFTY,26-DEC-2024,26000.0,11-11-2024 12:01:00,40.8,40.8,40.75,40.75,2552775.0,1650.0,1493.0,1493.0,1493.0,1493.0,927600.0,100.0
NIFTY,26-DEC-2024,26000.0,11-11-2024 12:02:00,40.65,40.65,39.85,39.85,2552775.0,0.0,,,,,,
NIFTY,26-DEC-2024,26000.0,11-11-2024 12:03:00,39.85,40.25,39.7,40.25,2552775.0,1325.0,1501.0,1501.0,1501.0,1501.0,927600.0,75.0
NIFTY,26-DEC-2024,26000.0,11-11-2024 12:04:00,40.05,40.5,40.05,40.3,2552425.0,3725.0,1516.3,1516.3,1516.3,1516.3,927600.0,50.0
NIFTY,26-DEC-2024,26000.0,11-11-2024 12:05:00,40.25,40.3,40.15,40.2,2552425.0,1400.0,1516.3,1516.3,1516.3,1516.3,927600.0,0.0
NIFTY,26-DEC-2024,26000.0,11-11-2024 12:06:00,40.15,40.2,40.05,40.1,2552425.0,0.0,,,,,,
NIFTY,26-DEC-2024,26000.0,11-11-2024 12:07:00,40.1,40.2,40.05,40.05,2551525.0,3375.0,1516.3,1516.3,1516.3,1516.3,927600.0,0.0
NIFTY,26-DEC-2024,26000.0,11-11-2024 12:08:00,39.55,39.6,39.1,39.6,2551525.0,3500.0,1511.95,1528.0,1511.95,1526.7,927575.0,250.0
NIFTY,26-DEC-2024,26000.0,11-11-2024 12:09:00,39.45,39.6,39.2,39.25,2551525.0,1100.0,1526.7,1526.7,1521.1,1521.95,927575.0,50.0
NIFTY,26-DEC-2024,26000.0,11-11-2024 12:10:00,39.1,39.15,38.6,38.75,2552000.0,0.0,1521.95,1521.95,1521.95,1521.95,927575.0,0.0
NIFTY,26-DEC-2024,26000.0,11-11-2024 12:11:00,38.8,38.95,38.7,38.95,2552000.0,14050.0,1521.95,1543.95,1521.95,1543.95,927450.0,0.0
NIFTY,26-DEC-2024,26000.0,11-11-2024 12:12:00,38.95,39.3,38.9,39.3,2552000.0,3525.0,1549.95,1549.95,1549.95,1549.95,927450.0,50.0
NIFTY,26-DEC-2024,26000.0,11-11-2024 12:13:00,39.3,39.5,39.2,39.5,2554575.0,0.0,,,,,,
NIFTY,26-DEC-2024,26000.0,11-11-2024 12:14:00,39.5,39.5,39.25,39.45,2554575.0,0.0,1528.1,1528.1,1528.1,1528.1,927500.0,0.0
NIFTY,26-DEC-2024,26000.0,11-11-2024 12:15:00,39.55,39.8,39.45,39.6,2554575.0,0.0,,,,,,
NIFTY,26-DEC-2024,26000.0,11-11-2024 12:16:00,39.8,40.25,39.65,40.2,2554875.0,10025.0,1521.2,1521.2,1521.2,1521.2,927500.0,75.0
NIFTY,26-DEC-2024,26000.0,11-11-2024 12:17:00,40.1,40.1,39.7,39.7,2554875.0,1675.0,1521.2,1526.85,1521.2,1526.85,927550.0,0.0
NIFTY,26-DEC-2024,26000.0,11-11-2024 12:18:00,39.35,39.55,39.0,39.0,2554875.0,1950.0,1530.75,1530.75,1530.75,1530.75,927550.0,150.0
NIFTY,26-DEC-2024,26000.0,11-11-2024 12:19:00,39.0,39.0,38.75,38.75,2555475.0,0.0,1545.4,1545.4,1545.4,1545.4,927575.0,0.0
NIFTY,26-DEC-2024,26000.0,11-11-2024 12:20:00,38.6,38.75,38.45,38.55,2555475.0,2375.0,1545.4,1545.4,1545.4,1545.4,927575.0,250.0
NIFTY,26-DEC-2024,26000.0,11-11-2024 12:21:00,38.45,38.45,38.0,38.0,2555475.0,0.0,1555.0,1555.0,1555.0,1555.0,927575.0,0.0
NIFTY,26-DEC-2024,26000.0,11-11-2024 12:22:00,38.0,38.0,38.0,38.0,2556550.0,0.0,,,,,,
NIFTY,26-DEC-2024,26000.0,11-11-2024 12:23:00,38.0,38.65,38.0,38.65,2556550.0,0.0,1586.45,1586.45,1586.45,1586.45,927575.0,375.0
NIFTY,26-DEC-2024,26000.0,11-11-2024 12:24:00,38.6,38.6,38.2,38.25,2556550.0,0.0,1586.45,1586.45,1570.0,1570.0,927525.0,0.0
NIFTY,26-DEC-2024,26000.0,11-11-2024 12:25:00,38.15,38.4,38.15,38.25,2565300.0,19075.0,1570.0,1572.35,1570.0,1570.75,927525.0,75.0
NIFTY,26-DEC-2024,26000.0,11-11-2024 12:26:00,38.5,38.6,38.4,38.6,2565300.0,4400.0,1570.75,1571.0,1570.75,1571.0,927475.0,500.0
NIFTY,26-DEC-2024,26000.0,11-11-2024 12:27:00,38.7,39.2,38.7,39.05,2565300.0,7775.0,1571.0,1575.35,1565.4,1571.0,927475.0,625.0
NIFTY,26-DEC-2024,26000.0,11-11-2024 12:28:00,39.6,40.0,39.45,39.7,2572475.0,3550.0,1571.0,1571.0,1565.0,1565.0,927125.0,500.0
NIFTY,26-DEC-2024,26000.0,11-11-2024 12:29:00,39.7,39.7,39.5,39.65,2572475.0,0.0,1565.0,1565.0,1565.0,1565.0,927125.0,0.0
NIFTY,26-DEC-2024,26000.0,11-11-2024 12:30:00,39.65,39.65,39.65,39.65,2572475.0,3700.0,1565.0,1565.0,1565.0,1565.0,927125.0,0.0
NIFTY,26-DEC-2024,26000.0,11-11-2024 12:31:00,39.9,39.95,39.8,39.9,2578175.0,0.0,1565.0,1565.0,1565.0,1565.0,927125.0,0.0
NIFTY,26-DEC-2024,26000.0,11-11-2024 12:32:00,40.0,40.0,39.9,40.0,2578175.0,7650.0,1565.0,1565.0,1565.0,1565.0,927125.0,0.0
NIFTY,26-DEC-2024,26000.0,11-11-2024 12:33:00,39.95,39.95,39.65,39.75,2578175.0,3525.0,1565.0,1565.0,1565.0,1565.0,927125.0,0.0
NIFTY,26-DEC-2024,26000.0,11-11-2024 12:34:00,39.15,39.15,39.15,39.15,2578175.0,0.0,,,,,,
NIFTY,26-DEC-2024,26000.0,11-11-2024 12:35:00,39.15,39.3,38.95,38.95,2582075.0,425.0,1565.0,1565.0,1565.0,1565.0,927125.0,0.0
NIFTY,26-DEC-2024,26000.0,11-11-2024 12:36:00,39.2,39.3,39.0,39.3,2582075.0,5400.0,1560.8,1560.8,1541.3,1541.3,926725.0,350.0
NIFTY,26-DEC-2024,26000.0,11-11-2024 12:37:00,39.1,39.45,39.0,39.25,2582875.0,0.0,,,,,,
NIFTY,26-DEC-2024,26000.0,11-11-2024 12:38:00,39.3,39.85,39.3,39.85,2582875.0,0.0,,,,,,
NIFTY,26-DEC-2024,26000.0,11-11-2024 12:39:00,39.6,39.75,39.5,39.5,2582875.0,0.0,1541.3,1541.3,1540.15,1540.15,926500.0,50.0
NIFTY,26-DEC-2024,26000.0,11-11-2024 12:40:00,39.5,39.8,39.2,39.25,2582725.0,8025.0,1540.15,1540.15,1540.15,1540.15,926500.0,25.0
NIFTY,26-DEC-2024,26000.0,11-11-2024 12:41:00,39.2,39.4,39.2,39.4,2582725.0,0.0,1540.15,1540.15,1537.0,1537.0,926525.0,25.0
NIFTY,26-DEC-2024,26000.0,11-11-2024 12:42:00,39.5,39.5,38.65,38.65,2582725.0,0.0,1537.0,1537.0,1537.0,1537.0,926525.0,0.0
NIFTY,26-DEC-2024,26000.0,11-11-2024 12:43:00,38.6,38.6,38.25,38.4,2591350.0,0.0,1537.0,1537.0,1537.0,1537.0,926525.0,0.0
NIFTY,26-DEC-2024,26000.0,11-11-2024 12:44:00,38.55,38.55,38.4,38.4,2591350.0,29625.0,1537.0,1540.15,1537.0,1540.15,926525.0,0.0
NIFTY,26-DEC-2024,26000.0,11-11-2024 12:45:00,38.6,38.6,38.55,38.55,2591350.0,175.0,1534.0,1534.0,1534.0,1534.0,926525.0,350.0
NIFTY,26-DEC-2024,26000.0,11-11-2024 12:46:00,38.6,38.6,38.55,38.55,2593100.0,150.0,1534.0,1534.0,1534.0,1534.0,926525.0,0.0
NIFTY,26-DEC-2024,26000.0,11-11-2024 12:47:00,38.55,38.9,38.5,38.9,2593100.0,575.0,1534.0,1534.0,1534.0,1534.0,926525.0,0.0
NIFTY,26-DEC-2024,26000.0,11-11-2024 12:48:00,38.55,38.55,38.5,38.5,2593100.0,2700.0,1534.8,1534.8,1534.8,1534.8,926525.0,75.0
NIFTY,26-DEC-2024,26000.0,11-11-2024 12:49:00,38.2,38.25,38.0,38.0,2594175.0,0.0,,,,,,
NIFTY,26-DEC-2024,26000.0,11-11-2024 12:50:00,37.55,37.95,37.45,37.55,2594175.0,0.0,1534.8,1540.8,1534.8,1540.8,926525.0,0.0
NIFTY,26-DEC-2024,26000.0,11-11-2024 12:51:00,37.75,37.75,37.75,37.75,2594175.0,7900.0,1540.8,1540.8,1540.8,1540.8,926525.0,25.0
NIFTY,26-DEC-2024,26000.0,11-11-2024 12:52:00,37.75,38.1,37.7,38.1,2594875.0,925.0,1540.8,1540.8,1540.8,1540.8,926525.0,0.0
NIFTY,26-DEC-2024,26000.0,11-11-2024 12:53:00,38.1,38.1,37.95,37.95,2594875.0,0.0,1540.8,1540.8,1540.8,1540.8,926525.0,0.0
NIFTY,26-DEC-2024,26000.0,11-11-2024 12:54:00,38.1,38.25,38.0,38.05,2594875.0,3475.0,1540.8,1540.8,1540.8,1540.8,926525.0,0.0
NIFTY,26-DEC-2024,26000.0,11-11-2024 12:55:00,38.25,38.45,38.25,38.45,2595425.0,0.0,,,,,,
NIFTY,26-DEC-2024,26000.0,11-11-2024 12:56:00,38.5,38.5,38.1,38.1,2595425.0,1050.0,1540.8,1540.8,1540.8,1540.8,926525.0,0.0
NIFTY,26-DEC-2024,26000.0,11-11-2024 12:57:00,38.1,38.1,38.05,38.05,2595425.0,350.0,1540.8,1540.8,1540.8,1540.8,926525.0,0.0
NIFTY,26-DEC-2024,26000.0,11-11-2024 12:58:00,38.05,38.4,38.05,38.4,2595500.0,1100.0,1540.8,1552.2,1540.8,1552.2,926575.0,125.0
NIFTY,26-DEC-2024,26000.0,11-11-2024 12:59:00,38.5,38.5,38.05,38.5,2595500.0,450.0,1552.2,1552.2,1547.9,1547.9,926575.0,25.0
NIFTY,26-DEC-2024,26000.0,11-11-2024 13:00:00,38.3,38.3,38.3,38.3,2595500.0,1975.0,1547.9,1547.9,1547.9,1547.9,926575.0,25.0
NIFTY,26-DEC-2024,26000.0,11-11-2024 13:01:00,38.15,38.15,37.8,37.9,2596550.0,525.0,1547.9,1554.05,1547.9,1554.05,926575.0,25.0
NIFTY,26-DEC-2024,26000.0,11-11-2024 13:02:00,37.95,38.3,37.95,38.0,2596550.0,0.0,1554.05,1554.05,1554.05,1554.05,926575.0,0.0
NIFTY,26-DEC-2024,26000.0,11-11-2024 13:03:00,38.0,38.45,38.0,38.45,2596550.0,625.0,1554.05,1554.05,1554.05,1554.05,926575.0,0.0
NIFTY,26-DEC-2024,26000.0,11-11-2024 13:04:00,38.1,38.4,38.05,38.25,2596600.0,950.0,,,,,,
NIFTY,26-DEC-2024,26000.0,11-11-2024 13:05:00,38.55,38.55,38.3,38.45,2596600.0,1350.0,1554.05,1554.05,1554.05,1554.05,926575.0,0.0
NIFTY,26-DEC-2024,26000.0,11-11-2024 13:06:00,38.25,38.25,37.9,37.9,2596600.0,1700.0,1554.05,1554.05,1554.05,1554.05,926575.0,0.0
NIFTY,26-DEC-2024,26000.0,11-11-2024 13:07:00,37.9,38.1,37.4,37.8,2597500.0,0.0,1555.0,1555.0,1555.0,1555.0,926575.0,25.0
NIFTY,26-DEC-2024,26000.0,11-11-2024 13:08:00,37.5,37.65,37.45,37.65,2597500.0,12675.0,1555.0,1555.0,1555.0,1555.0,926575.0,50.0
NIFTY,26-DEC-2024,26000.0,11-11-2024 13:09:00,37.5,38.0,37.5,37.8,2597500.0,1225.0,1556.8,1556.8,1556.8,1556.8,926575.0,25.0
NIFTY,26-DEC-2024,26000.0,11-11-2024 13:10:00,37.9,38.0,37.8,37.8,2599525.0,0.0,,,,,,
NIFTY,26-DEC-2024,26000.0,11-11-2024 13:11:00,37.65,38.15,37.65,37.95,2599525.0,0.0,1556.8,1556.8,1556.8,1556.8,926575.0,25.0
NIFTY,26-DEC-2024,26000.0,11-11-2024 13:12:00,37.9,37.9,37.5,37.7,2599525.0,2075.0,1556.8,1573.85,1556.8,1573.85,926575.0,125.0
NIFTY,26-DEC-2024,26000.0,11-11-2024 13:13:00,37.45,37.45,37.35,37.35,2598775.0,0.0,1573.85,1573.85,1573.85,1573.85,926575.0,0.0
NIFTY,26-DEC-2024,26000.0,11-11-2024 13:14:00,37.55,37.7,37.55,37.7,2598775.0,1975.0,1573.85,1573.85,1573.85,1573.85,926575.0,0.0
NIFTY,26-DEC-2024,26000.0,11-11-2024 13:15:00,37.7,37.7,37.55,37.55,2598775.0,0.0,,,,,,
NIFTY,26-DEC-2024,26000.0,11-11-2024 13:16:00,37.7,37.7,37.7,37.7,2598375.0,0.0,,,,,,
NIFTY,26-DEC-2024,26000.0,11-11-2024 13:17:00,38.0,38.0,38.0,38.0,2598375.0,0.0,,,,,,
NIFTY,26-DEC-2024,26000.0,11-11-2024 13:18:00,37.7,38.1,37.7,38.1,2598375.0,0.0,,,,,,
NIFTY,26-DEC-2024,26000.0,11-11-2024 13:19:00,37.8,37.8,36.5,37.0,2598675.0,7125.0,1591.8,1591.8,1591.8,1591.8,926750.0,50.0
NIFTY,26-DEC-2024,26000.0,11-11-2024 13:20:00,36.45,36.75,35.9,36.0,2598675.0,0.0,1593.25,1600.0,1593.25,1600.0,926750.0,125.0
NIFTY,26-DEC-2024,26000.0,11-11-2024 13:21:00,36.3,36.3,35.75,36.05,2598675.0,13900.0,1600.0,1600.0,1600.0,1600.0,926750.0,0.0
NIFTY,26-DEC-2024,26000.0,11-11-2024 13:22:00,36.0,36.0,36.0,36.0,2600875.0,11225.0,1600.0,1600.0,1600.0,1600.0,926750.0,0.0
NIFTY,26-DEC-2024,26000.0,11-11-2024 13:23:00,36.3,36.45,36.2,36.45,2600875.0,625.0,1600.0,1600.0,1600.0,1600.0,926750.0,0.0
NIFTY,26-DEC-2024,26000.0,11-11-2024 13:24:00,36.4,36.4,36.35,36.35,2600875.0,0.0,,,,,,
NIFTY,26-DEC-2024,26000.0,11-11-2024 13:25:00,36.35,36.9,36.35,36.8,2598200.0,2225.0,1600.0,1600.0,1600.0,1600.0,926750.0,0.0
NIFTY,26-DEC-2024,26000.0,11-11-2024 13:26:00,36.8,36.8,36.65,36.75,2598200.0,4425.0,1600.0,1600.0,1600.0,1600.0,926750.0,0.0
NIFTY,26-DEC-2024,26000.0,11-11-2024 13:27:00,36.65,36.9,36.55,36.55,2598200.0,1825.0,,,,,,
NIFTY,26-DEC-2024,26000.0,11-11-2024 13:28:00,36.65,36.65,36.25,36.25,2597050.0,1050.0,1600.0,1600.0,1600.0,1600.0,926750.0,0.0
NIFTY,26-DEC-2024,26000.0,11-11-2024 13:29:00,36.3,36.55,36.2,36.2,2597050.0,1550.0,1600.0,1600.0,1600.0,1600.0,926750.0,0.0
NIFTY,26-DEC-2024,26000.0,11-11-2024 13:30:00,36.4,36.5,36.2,36.25,2597050.0,1750.0,,,,,,
NIFTY,26-DEC-2024,26000.0,11-11-2024 13:31:00,36.35,36.35,36.35,36.35,2597050.0,375.0,1600.0,1600.0,1600.0,1600.0,926750.0,0.0
NIFTY,26-DEC-2024,26000.0,11-11-2024 13:32:00,36.4,36.4,36.25,36.4,2597125.0,0.0,1580.6,1580.6,1580.6,1580.6,926775.0,0.0
NIFTY,26-DEC-2024,26000.0,11-11-2024 13:33:00,36.5,36.55,36.2,36.55,2597125.0,750.0,1580.6,1580.6,1580.6,1580.6,926775.0,150.0
NIFTY,26-DEC-2024,26000.0,11-11-2024 13:34:00,36.25,36.5,36.25,36.25,2596925.0,1175.0,1580.6,1580.6,1580.6,1580.6,926775.0,0.0
NIFTY,26-DEC-2024,26000.0,11-11-2024 13:35:00,36.25,36.3,36.25,36.3,2596925.0,0.0,,,,,,
NIFTY,26-DEC-2024,26000.0,11-11-2024 13:36:00,36.3,36.3,36.3,36.3,2596925.0,1575.0,1580.6,1580.6,1580.6,1580.6,926775.0,0.0
NIFTY,26-DEC-2024,26000.0,11-11-2024 13:37:00,35.95,35.95,35.9,35.9,2597225.0,425.0,1580.6,1580.6,1580.6,1580.6,926775.0,0.0
NIFTY,26-DEC-2024,26000.0,11-11-2024 13:38:00,35.95,36.1,35.95,36.0,2597225.0,2175.0,,,,,,
NIFTY,26-DEC-2024,26000.0,11-11-2024 13:39:00,35.85,35.85,35.85,35.85,2597225.0,0.0,1588.0,1588.0,1588.0,1588.0,926750.0,0.0
NIFTY,26-DEC-2024,26000.0,11-11-2024 13:40:00,35.85,35.85,35.25,35.4,2597200.0,200.0,,,,,,
NIFTY,26-DEC-2024,26000.0,11-11-2024 13:41:00,35.55,35.65,35.35,35.4,2597200.0,0.0,,,,,,
NIFTY,26-DEC-2024,26000.0,11-11-2024 13:42:00,35.25,35.3,35.05,35.05,2597200.0,0.0,1588.0,1604.35,1588.0,1604.35,926775.0,25.0
NIFTY,26-DEC-2024,26000.0,11-11-2024 13:43:00,35.0,35.0,34.6,34.8,2602250.0,18175.0,1611.8,1611.8,1611.8,1611.8,926775.0,150.0
NIFTY,26-DEC-2024,26000.0,11-11-2024 13:44:00,34.65,34.7,34.15,34.15,2602250.0,0.0,1611.8,1635.0,1611.8,1635.0,926700.0,150.0
NIFTY,26-DEC-2024,26000.0,11-11-2024 13:45:00,34.2,34.2,34.0,34.2,2602250.0,7025.0,1635.0,1635.0,1635.0,1635.0,926700.0,250.0
NIFTY,26-DEC-2024,26000.0,11-11-2024 13:46:00,34.25,34.35,33.8,33.85,2604925.0,0.0,1635.0,1635.0,1635.0,1635.0,926700.0,0.0
NIFTY,26-DEC-2024,26000.0,11-11-2024 13:47:00,34.05,34.05,33.7,33.7,2604925.0,5850.0,1635.0,1635.0,1630.0,1630.0,926300.0,50.0
NIFTY,26-DEC-2024,26000.0,11-11-2024 13:48:00,33.75,34.0,33.7,34.0,2604925.0,3600.0,1630.0,1630.0,1630.0,1630.0,926300.0,0.0
NIFTY,26-DEC-2024,26000.0,11-11-2024 13:49:00,34.0,34.2,34.0,34.05,2607400.0,3075.0,1630.0,1635.0,1630.0,1635.0,926300.0,100.0
NIFTY,26-DEC-2024,26000.0,11-11-2024 13:50:00,34.2,34.5,34.05,34.05,2607400.0,6625.0,1635.0,1638.0,1635.0,1638.0,926300.0,25.0
NIFTY,26-DEC-2024,26000.0,11-11-2024 13:51:00,34.1,34.45,34.1,34.3,2607400.0,5725.0,1638.0,1638.0,1638.0,1638.0,926300.0,0.0
NIFTY,26-DEC-2024,26000.0,11-11-2024 13:52:00,34.35,34.45,34.05,34.2,2614625.0,0.0,1638.0,1638.0,1638.0,1638.0,926200.0,75.0
NIFTY,26-DEC-2024,26000.0,11-11-2024 13:53:00,34.3,34.35,34.05,34.05,2614625.0,1675.0,1638.0,1640.0,1638.0,1639.25,926200.0,0.0
NIFTY,26-DEC-2024,26000.0,11-11-2024 13:54:00,34.15,34.55,34.0,34.55,2614625.0,5425.0,1643.95,1643.95,1637.1,1637.1,926200.0,225.0
NIFTY,26-DEC-2024,26000.0,11-11-2024 13:55:00,34.4,35.0,34.4,34.7,2619950.0,4250.0,1637.1,1637.1,1637.1,1637.1,926200.0,0.0
NIFTY,26-DEC-2024,26000.0,11-11-2024 13:56:00,34.9,35.0,34.75,34.75,2619950.0,1225.0,1637.1,1637.1,1632.0,1632.0,926200.0,0.0
NIFTY,26-DEC-2024,26000.0,11-11-2024 13:57:00,35.1,35.75,35.1,35.75,2619950.0,3225.0,1620.0,1620.0,1620.0,1620.0,926200.0,625.0
NIFTY,26-DEC-2024,26000.0,11-11-2024 13:58:00,35.7,35.85,35.7,35.85,2623900.0,0.0,1617.95,1617.95,1615.0,1615.0,926200.0,150.0
NIFTY,26-DEC-2024,26000.0,11-11-2024 13:59:00,35.8,36.0,35.8,36.0,2623900.0,5725.0,1615.0,1615.0,1615.0,1615.0,926200.0,0.0
NIFTY,26-DEC-2024,26000.0,11-11-2024 14:00:00,35.8,35.85,35.65,35.85,2623900.0,8275.0,1615.0,1615.0,1614.3,1614.3,926200.0,25.0
NIFTY,26-DEC-2024,26000.0,11-11-2024 14:01:00,35.4,35.4,34.75,34.8,2630125.0,3175.0,1611.5,1611.5,1605.4,1605.4,926200.0,125.0
NIFTY,26-DEC-2024,26000.0,11-11-2024 14:02:00,34.8,34.8,34.5,34.6,2630125.0,925.0,1605.4,1608.95,1605.4,1608.95,926200.0,50.0
NIFTY,26-DEC-2024,26000.0,11-11-2024 14:03:00,34.1,34.7,34.1,34.7,2630125.0,4300.0,1608.95,1608.95,1608.95,1608.95,926200.0,0.0
NIFTY,26-DEC-2024,26000.0,11-11-2024 14:04:00,34.4,34.4,34.15,34.15,2630950.0,0.0,1608.95,1617.35,1608.95,1617.35,925875.0,50.0
NIFTY,26-DEC-2024,26000.0,11-11-2024 14:05:00,34.15,34.45,34.0,34.0,2630950.0,425.0,1617.35,1617.35,1617.35,1617.35,925875.0,0.0
NIFTY,26-DEC-2024,26000.0,11-11-2024 14:06:00,34.05,34.3,34.0,34.25,2630950.0,1975.0,1617.35,1617.35,1617.35,1617.35,925875.0,0.0
NIFTY,26-DEC-2024,26000.0,11-11-2024 14:07:00,34.3,34.3,34.05,34.3,2631375.0,0.0,1617.35,1617.35,1617.35,1617.35,925875.0,0.0
NIFTY,26-DEC-2024,26000.0,11-11-2024 14:08:00,34.5,34.5,34.5,34.5,2631375.0,0.0,,,,,,
NIFTY,26-DEC-2024,26000.0,11-11-2024 14:09:00,34.4,34.4,34.4,34.4,2631375.0,8125.0,1617.35,1617.35,1617.35,1617.35,925875.0,0.0
NIFTY,26-DEC-2024,26000.0,11-11-2024 14:10:00,34.25,34.25,34.2,34.2,2631700.0,0.0,,,,,,
NIFTY,26-DEC-2024,26000.0,11-11-2024 14:11:00,34.2,34.6,34.2,34.2,2631700.0,1375.0,1644.1,1644.1,1644.1,1644.1,925825.0,125.0
NIFTY,26-DEC-2024,26000.0,11-11-2024 14:12:00,34.2,34.2,33.4,33.4,2631700.0,3200.0,1644.1,1644.1,1644.1,1644.1,925825.0,0.0
NIFTY,26-DEC-2024,26000.0,11-11-2024 14:13:00,33.35,33.35,32.65,32.8,2635300.0,13525.0,1644.1,1644.1,1644.1,1644.1,925825.0,0.0
NIFTY,26-DEC-2024,26000.0,11-11-2024 14:14:00,32.55,32.55,31.9,31.9,2635300.0,12075.0,,,,,,
NIFTY,26-DEC-2024,26000.0,11-11-2024 14:15:00,31.8,31.85,31.2,31.2,2635300.0,6700.0,1663.1,1670.9,1663.1,1665.9,925725.0,500.0
NIFTY,26-DEC-2024,26000.0,11-11-2024 14:16:00,31.4,31.4,31.0,31.0,2634775.0,0.0,1665.9,1679.9,1665.9,1674.45,925700.0,575.0
NIFTY,26-DEC-2024,26000.0,11-11-2024 14:17:00,31.0,31.05,30.85,30.95,2634775.0,4850.0,1674.45,1687.65,1674.45,1687.65,925700.0,0.0
NIFTY,26-DEC-2024,26000.0,11-11-2024 14:18:00,31.0,31.1,30.65,30.95,2634775.0,7250.0,1690.0,1698.75,1690.0,1698.75,925700.0,1000.0
NIFTY,26-DEC-2024,26000.0,11-11-2024 14:19:00,31.0,31.15,30.9,31.1,2637725.0,3475.0,1698.75,1698.75,1691.75,1691.75,926400.0,50.0
NIFTY,26-DEC-2024,26000.0,11-11-2024 14:20:00,31.0,31.0,30.4,30.7,2637725.0,0.0,1691.75,1697.2,1691.75,1697.2,926400.0,0.0
NIFTY,26-DEC-2024,26000.0,11-11-2024 14:21:00,30.7,31.2,30.7,31.15,2637725.0,14225.0,1688.1,1688.1,1672.35,1680.0,926400.0,50.0
NIFTY,26-DEC-2024,26000.0,11-11-2024 14:22:00,31.05,31.2,31.0,31.15,2642300.0,350.0,1680.0,1680.0,1672.0,1672.0,926325.0,75.0
NIFTY,26-DEC-2024,26000.0,11-11-2024 14:23:00,31.2,31.3,31.1,31.3,2642300.0,1725.0,1667.55,1667.55,1667.55,1667.55,926325.0,50.0
NIFTY,26-DEC-2024,26000.0,11-11-2024 14:24:00,31.05,31.2,30.95,31.15,2642300.0,0.0,1666.5,1666.5,1666.5,1666.5,926325.0,0.0
NIFTY,26-DEC-2024,26000.0,11-11-2024 14:25:00,31.25,31.3,30.7,31.05,2642925.0,12075.0,1666.0,1666.0,1666.0,1666.0,926325.0,75.0
NIFTY,26-DEC-2024,26000.0,11-11-2024 14:26:00,31.05,31.5,31.0,31.5,2642925.0,0.0,1656.25,1656.25,1656.25,1656.25,926325.0,0.0
NIFTY,26-DEC-2024,26000.0,11-11-2024 14:27:00,31.4,31.75,31.2,31.75,2642925.0,0.0,1656.25,1656.25,1656.25,1656.25,926325.0,25.0
NIFTY,26-DEC-2024,26000.0,11-11-2024 14:28:00,31.7,31.7,31.15,31.25,2643200.0,0.0,1656.25,1656.25,1648.75,1648.75,926325.0,0.0
NIFTY,26-DEC-2024,26000.0,11-11-2024 14:29:00,31.3,32.0,31.2,31.9,2643200.0,15375.0,1648.75,1650.0,1648.75,1650.0,926325.0,75.0
NIFTY,26-DEC-2024,26000.0,11-11-2024 14:30:00,32.1,32.3,31.8,31.8,2643200.0,6500.0,1650.0,1650.0,1650.0,1650.0,926325.0,25.0
NIFTY,26-DEC-2024,26000.0,11-11-2024 14:31:00,31.6,31.65,31.5,31.6,2643825.0,3350.0,,,,,,
NIFTY,26-DEC-2024,26000.0,11-11-2024 14:32:00,31.45,32.05,31.45,32.05,2643825.0,0.0,1632.75,1632.75,1632.75,1632.75,926325.0,0.0
NIFTY,26-DEC-2024,26000.0,11-11-2024 14:33:00,32.1,32.35,32.1,32.35,2643825.0,3150.0,1632.75,1638.0,1632.75,1638.0,926325.0,75.0
NIFTY,26-DEC-2024,26000.0,11-11-2024 14:34:00,32.6,33.5,32.35,33.5,2643950.0,1675.0,1638.0,1638.0,1638.0,1638.0,926325.0,275.0
NIFTY,26-DEC-2024,26000.0,11-11-2024 14:35:00,33.25,34.0,33.25,33.5,2643950.0,10150.0,1638.0,1638.0,1638.0,1638.0,926325.0,0.0
NIFTY,26-DEC-2024,26000.0,11-11-2024 14:36:00,33.45,33.75,33.1,33.3,2643950.0,0.0,,,,,,
NIFTY,26-DEC-2024,26000.0,11-11-2024 14:37:00,33.1,33.4,32.95,33.25,2646075.0,0.0,1638.0,1638.0,1613.2,1613.2,926075.0,0.0
NIFTY,26-DEC-2024,26000.0,11-11-2024 14:38:00,33.1,33.45,33.0,33.45,2646075.0,11800.0,1613.2,1613.2,1613.2,1613.2,926075.0,25.0
NIFTY,26-DEC-2024,26000.0,11-11-2024 14:39:00,33.5,34.0,33.3,33.3,2646075.0,1475.0,1613.2,1613.2,1613.2,1613.2,926075.0,0.0
NIFTY,26-DEC-2024,26000.0,11-11-2024 14:40:00,33.45,33.7,33.3,33.4,2648525.0,14300.0,1575.0,1575.0,1575.0,1575.0,926050.0,75.0
NIFTY,26-DEC-2024,26000.0,11-11-2024 14:41:00,33.4,33.7,33.25,33.25,2648525.0,4100.0,1575.0,1575.0,1575.0,1575.0,926050.0,25.0
NIFTY,26-DEC-2024,26000.0,11-11-2024 14:42:00,33.25,33.3,33.05,33.05,2648525.0,0.0,,,,,,
NIFTY,26-DEC-2024,26000.0,11-11-2024 14:43:00,33.0,33.1,33.0,33.0,2649850.0,775.0,1575.0,1575.0,1575.0,1575.0,926050.0,0.0
NIFTY,26-DEC-2024,26000.0,11-11-2024 14:44:00,33.2,33.3,33.05,33.05,2649850.0,2450.0,1575.0,1575.0,1575.0,1575.0,926050.0,0.0
NIFTY,26-DEC-2024,26000.0,11-11-2024 14:45:00,33.2,33.45,33.0,33.15,2649850.0,3450.0,1575.0,1585.0,1575.0,1585.0,926025.0,0.0
NIFTY,26-DEC-2024,26000.0,11-11-2024 14:46:00,33.0,33.05,32.6,32.6,2650625.0,0.0,,,,,,
NIFTY,26-DEC-2024,26000.0,11-11-2024 14:47:00,32.6,33.05,32.6,33.0,2650625.0,5500.0,1595.3,1595.3,1588.3,1588.3,926025.0,200.0
NIFTY,26-DEC-2024,26000.0,11-11-2024 14:48:00,32.75,32.85,32.0,32.1,2650625.0,8100.0,1588.3,1588.3,1588.3,1588.3,926025.0,0.0
NIFTY,26-DEC-2024,26000.0,11-11-2024 14:49:00,32.0,32.6,31.9,32.15,2653500.0,0.0,1598.0,1598.0,1598.0,1598.0,926025.0,0.0
NIFTY,26-DEC-2024,26000.0,11-11-2024 14:50:00,32.1,32.45,32.0,32.4,2653500.0,0.0,1598.0,1598.0,1598.0,1598.0,926025.0,25.0
NIFTY,26-DEC-2024,26000.0,11-11-2024 14:51:00,32.3,32.75,32.3,32.75,2653500.0,12550.0,1598.0,1598.0,1584.0,1590.55,926025.0,250.0
NIFTY,26-DEC-2024,26000.0,11-11-2024 14:52:00,32.8,34.2,32.8,34.2,2656775.0,0.0,1590.0,1590.0,1570.0,1570.0,925725.0,250.0
NIFTY,26-DEC-2024,26000.0,11-11-2024 14:53:00,34.3,34.3,34.05,34.05,2656775.0,10750.0,1570.0,1570.0,1570.0,1570.0,925725.0,0.0
NIFTY,26-DEC-2024,26000.0,11-11-2024 14:54:00,33.9,34.05,33.8,34.0,2656775.0,1600.0,1570.0,1570.0,1570.0,1570.0,925725.0,0.0
NIFTY,26-DEC-2024,26000.0,11-11-2024 14:55:00,33.8,33.8,33.35,33.4,2651700.0,0.0,1590.0,1590.0,1590.0,1590.0,925575.0,0.0
NIFTY,26-DEC-2024,26000.0,11-11-2024 14:56:00,33.2,33.45,33.2,33.3,2651700.0,5250.0,1596.55,1596.55,1595.9,1595.9,925575.0,275.0
NIFTY,26-DEC-2024,26000.0,11-11-2024 14:57:00,33.3,33.3,32.9,32.95,2651700.0,3075.0,1593.0,1600.0,1593.0,1595.0,925575.0,275.0
NIFTY,26-DEC-2024,26000.0,11-11-2024 14:58:00,33.0,33.0,33.0,33.0,2651700.0,2525.0,1595.0,1595.0,1595.0,1595.0,925575.0,25.0
NIFTY,26-DEC-2024,26000.0,11-11-2024 14:59:00,32.7,32.7,32.5,32.5,2654825.0,0.0,1595.0,1595.0,1595.0,1595.0,925575.0,0.0
NIFTY,26-DEC-2024,26000.0,11-11-2024 15:00:00,32.5,32.5,31.0,31.0,2654825.0,0.0,1625.0,1625.0,1620.5,1623.8,925575.0,0.0
NIFTY,26-DEC-2024,26000.0,11-11-2024 15:01:00,31.0,31.35,30.95,31.15,2658050.0,6225.0,1623.8,1635.0,1623.8,1635.0,925575.0,150.0
NIFTY,26-DEC-2024,26000.0,11-11-2024 15:02:00,31.1,31.25,30.8,30.95,2658050.0,6150.0,1635.0,1635.0,1635.0,1635.0,925575.0,0.0
NIFTY,26-DEC-2024,26000.0,11-11-2024 15:03:00,30.9,31.45,30.9,31.25,2658050.0,0.0,1650.0,1650.0,1646.0,1646.0,925575.0,50.0
NIFTY,26-DEC-2024,26000.0,11-11-2024 15:04:00,31.2,31.4,31.1,31.4,2662300.0,0.0,1634.35,1634.35,1634.35,1634.35,925575.0,50.0
NIFTY,26-DEC-2024,26000.0,11-11-2024 15:05:00,31.45,31.8,31.35,31.8,2662300.0,0.0,,,,,,
NIFTY,26-DEC-2024,26000.0,11-11-2024 15:06:00,31.95,31.95,31.65,31.75,2662300.0,9350.0,1634.35,1634.35,1617.5,1617.5,925575.0,175.0
NIFTY,26-DEC-2024,26000.0,11-11-2024 15:07:00,31.8,31.8,31.5,31.7,2662500.0,2450.0,1617.5,1620.0,1617.5,1620.0,925575.0,25.0
NIFTY,26-DEC-2024,26000.0,11-11-2024 15:08:00,31.7,32.0,31.6,32.0,2662500.0,0.0,1620.0,1625.0,1620.0,1625.0,925650.0,25.0
NIFTY,26-DEC-2024,26000.0,11-11-2024 15:09:00,31.9,32.65,31.9,32.65,2662500.0,4100.0,1621.95,1621.95,1621.95,1621.95,925650.0,25.0
NIFTY,26-DEC-2024,26000.0,11-11-2024 15:10:00,32.65,32.95,32.55,32.7,2661350.0,0.0,1621.95,1621.95,1604.25,1604.25,925650.0,100.0
NIFTY,26-DEC-2024,26000.0,11-11-2024 15:11:00,32.85,32.9,32.7,32.9,2661350.0,0.0,1604.25,1604.25,1604.25,1604.25,925650.0,0.0
NIFTY,26-DEC-2024,26000.0,11-11-2024 15:12:00,32.9,32.9,32.05,32.05,2661350.0,4400.0,1594.7,1594.7,1594.7,1594.7,925575.0,0.0
NIFTY,26-DEC-2024,26000.0,11-11-2024 15:13:00,32.0,32.4,32.0,32.4,2661500.0,2750.0,1594.7,1594.7,1594.7,1594.7,925575.0,25.0
NIFTY,26-DEC-2024,26000.0,11-11-2024 15:14:00,32.4,32.4,32.0,32.0,2661500.0,3600.0,1594.7,1594.7,1594.7,1594.7,925575.0,0.0
NIFTY,26-DEC-2024,26000.0,11-11-2024 15:15:00,32.2,32.2,32.0,32.15,2661500.0,2225.0,1594.7,1594.7,1594.7,1594.7,925575.0,0.0
NIFTY,26-DEC-2024,26000.0,11-11-2024 15:16:00,32.0,32.0,31.8,31.8,2660650.0,0.0,,,,,,
NIFTY,26-DEC-2024,26000.0,11-11-2024 15:17:00,31.8,31.95,31.65,31.65,2660650.0,1175.0,1594.7,1594.7,1594.7,1594.7,925575.0,0.0
NIFTY,26-DEC-2024,26000.0,11-11-2024 15:18:00,31.55,31.6,31.3,31.45,2660650.0,7400.0,1623.9,1623.9,1623.9,1623.9,925575.0,75.0
NIFTY,26-DEC-2024,26000.0,11-11-2024 15:19:00,31.45,31.45,31.15,31.15,2663550.0,0.0,1635.0,1635.0,1635.0,1635.0,925550.0,275.0
NIFTY,26-DEC-2024,26000.0,11-11-2024 15:20:00,31.25,31.4,30.85,30.95,2663550.0,0.0,1631.6,1637.55,1630.4,1637.55,925875.0,325.0
NIFTY,26-DEC-2024,26000.0,11-11-2024 15:21:00,30.95,31.0,30.8,30.95,2663550.0,0.0,1637.55,1637.55,1626.25,1626.25,925875.0,25.0
NIFTY,26-DEC-2024,26000.0,11-11-2024 15:22:00,30.95,31.0,30.85,31.0,2669125.0,26250.0,1626.25,1626.25,1620.7,1620.7,925875.0,100.0
NIFTY,26-DEC-2024,26000.0,11-11-2024 15:23:00,31.0,31.0,30.85,30.9,2669125.0,0.0,1620.7,1632.15,1620.7,1632.15,926250.0,250.0
NIFTY,26-DEC-2024,26000.0,11-11-2024 15:24:00,30.9,30.95,30.75,30.8,2669125.0,0.0,1632.15,1632.9,1632.15,1632.9,926250.0,0.0
NIFTY,26-DEC-2024,26000.0,11-11-2024 15:25:00,30.85,30.95,30.65,30.65,2670300.0,0.0,,,,,,
NIFTY,26-DEC-2024,26000.0,11-11-2024 15:26:00,30.6,30.7,30.4,30.55,2670300.0,20875.0,1632.9,1632.9,1621.4,1621.4,926250.0,50.0
NIFTY,26-DEC-2024,26000.0,11-11-2024 15:27:00,30.5,30.9,30.4,30.6,2670300.0,0.0,1621.4,1623.55,1621.4,1623.55,926075.0,25.0
NIFTY,26-DEC-2024,26000.0,11-11-2024 15:28:00,30.55,30.95,30.3,30.3,2673475.0,25525.0,1623.55,1623.55,1619.55,1619.55,926075.0,25.0
NIFTY,26-DEC-2024,26000.0,11-11-2024 15:29:00,30.35,31.8,30.0,31.65,2673475.0,0.0,1619.55,1619.55,1617.9,1617.9,926075.0,25.0
NIFTY,26-DEC-2024,26000.0,12-11-2024 09:15:00,32.5,35.95,32.0,35.95,2671225.0,0.0,1617.9,1617.9,1558.0,1558.0,0.0,175.0
NIFTY,26-DEC-2024,26000.0,12-11-2024 09:16:00,32.9,32.9,31.1,31.1,2671225.0,11150.0,1558.0,1564.75,1558.0,1564.75,926050.0,25.0
NIFTY,26-DEC-2024,26000.0,12-11-2024 09:17:00,33.2,33.2,31.8,33.1,2671225.0,10925.0,1564.75,1564.75,1564.75,1564.75,926050.0,0.0
NIFTY,26-DEC-2024,26000.0,12-11-2024 09:18:00,33.15,33.15,32.85,32.85,2680725.0,4225.0,1564.75,1569.05,1564.15,1569.05,926050.0,75.0
NIFTY,26-DEC-2024,26000.0,12-11-2024 09:19:00,32.85,32.85,32.0,32.0,2680725.0,0.0,1569.05,1580.0,1569.05,1580.0,926050.0,0.0
NIFTY,26-DEC-2024,26000.0,12-11-2024 09:20:00,31.85,31.85,31.65,31.7,2680725.0,0.0,1595.65,1595.65,1595.65,1595.65,926050.0,0.0
NIFTY,26-DEC-2024,26000.0,12-11-2024 09:21:00,31.65,32.0,31.5,32.0,2687000.0,0.0,1583.15,1583.15,1583.15,1583.15,926050.0,0.0
NIFTY,26-DEC-2024,26000.0,12-11-2024 09:22:00,31.8,32.0,31.2,31.2,2687000.0,0.0,1577.0,1600.0,1577.0,1600.0,926000.0,0.0
NIFTY,26-DEC-2024,26000.0,12-11-2024 09:23:00,31.6,31.6,31.15,31.25,2687000.0,0.0,,,,,,
NIFTY,26-DEC-2024,26000.0,12-11-2024 09:24:00,31.35,31.4,31.15,31.4,2690425.0,0.0,1596.8,1596.8,1587.0,1587.0,926000.0,0.0
NIFTY,26-DEC-2024,26000.0,12-11-2024 09:25:00,31.2,31.5,31.0,31.35,2690425.0,0.0,1590.0,1590.0,1590.0,1590.0,925375.0,0.0
NIFTY,26-DEC-2024,26000.0,12-11-2024 09:26:00,31.35,31.35,31.1,31.25,2690425.0,36025.0,1590.0,1590.0,1590.0,1590.0,925375.0,1775.0
NIFTY,26-DEC-2024,26000.0,12-11-2024 09:27:00,31.4,31.4,31.2,31.2,2690400.0,0.0,,,,,,
NIFTY,26-DEC-2024,26000.0,12-11-2024 09:28:00,31.05,31.1,30.55,30.65,2690400.0,0.0,1590.0,1590.0,1590.0,1590.0,925375.0,425.0
NIFTY,26-DEC-2024,26000.0,12-11-2024 09:29:00,30.9,30.95,30.65,30.9,2690400.0,0.0,1590.0,1600.0,1590.0,1600.0,925125.0,25.0
NIFTY,26-DEC-2024,26000.0,12-11-2024 09:30:00,30.55,30.75,30.3,30.5,2696450.0,11125.0,1600.0,1606.0,1600.0,1606.0,925125.0,0.0
NIFTY,26-DEC-2024,26000.0,12-11-2024 09:31:00,30.5,30.5,30.35,30.4,2696450.0,1925.0,1600.0,1600.0,1600.0,1600.0,925125.0,1325.0
NIFTY,26-DEC-2024,26000.0,12-11-2024 09:32:00,30.45,30.45,30.1,30.2,2696450.0,6000.0,1617.2,1617.2,1617.2,1617.2,925125.0,25.0
NIFTY,26-DEC-2024,26000.0,12-11-2024 09:33:00,30.2,30.5,30.2,30.5,2699575.0,0.0,1605.0,1605.0,1605.0,1605.0,924075.0,0.0
NIFTY,26-DEC-2024,26000.0,12-11-2024 09:34:00,30.6,30.7,30.4,30.7,2699575.0,0.0,1592.0,1592.0,1592.0,1592.0,923575.0,0.0
NIFTY,26-DEC-2024,26000.0,12-11-2024 09:35:00,30.5,30.5,30.1,30.4,2699575.0,4725.0,,,,,,
NIFTY,26-DEC-2024,26000.0,12-11-2024 09:36:00,30.15,30.35,30.1,30.1,2702700.0,3325.0,1603.35,1603.35,1603.35,1603.35,923575.0,750.0
NIFTY,26-DEC-2024,26000.0,12-11-2024 09:37:00,30.1,30.1,30.0,30.0,2702700.0,0.0,,,,,,
NIFTY,26-DEC-2024,26000.0,12-11-2024 09:38:00,29.9,30.0,29.9,29.95,2702700.0,0.0,,,,,,
NIFTY,26-DEC-2024,26000.0,12-11-2024 09:39:00,29.95,30.0,29.85,29.85,2702575.0,7450.0,1641.9,1641.9,1641.9,1641.9,923575.0,25.0
NIFTY,26-DEC-2024,26000.0,12-11-2024 09:40:00,29.8,30.0,29.5,29.75,2702575.0,675.0,1641.9,1641.9,1629.8,1629.8,923625.0,0.0
NIFTY,26-DEC-2024,26000.0,12-11-2024 09:41:00,29.6,29.8,29.4,29.4,2702575.0,6100.0,1629.8,1629.8,1629.8,1629.8,923625.0,25.0
NIFTY,26-DEC-2024,26000.0,12-11-2024 09:42:00,29.8,29.8,29.75,29.8,2703850.0,1575.0,1629.8,1629.8,1629.8,1629.8,923625.0,0.0
NIFTY,26-DEC-2024,26000.0,12-11-2024 09:43:00,29.75,29.8,29.65,29.8,2703850.0,0.0,,,,,,
NIFTY,26-DEC-2024,26000.0,12-11-2024 09:44:00,29.8,29.8,29.75,29.75,2703850.0,3275.0,1629.8,1629.8,1622.5,1622.5,923625.0,0.0
NIFTY,26-DEC-2024,26000.0,12-11-2024 09:45:00,29.65,29.75,29.3,29.35,2706725.0,1100.0,1622.5,1622.5,1622.5,1622.5,923625.0,50.0
NIFTY,26-DEC-2024,26000.0,12-11-2024 09:46:00,29.4,29.4,29.4,29.4,2706725.0,0.0,1622.5,1622.5,1622.5,1622.5,923625.0,0.0
NIFTY,26-DEC-2024,26000.0,12-11-2024 09:47:00,29.0,29.3,29.0,29.15,2706725.0,0.0,,,,,,
NIFTY,26-DEC-2024,26000.0,12-11-2024 09:48:00,29.0,29.4,29.0,29.4,2708125.0,0.0,1641.1,1652.6,1641.1,1652.6,923625.0,375.0
NIFTY,26-DEC-2024,26000.0,12-11-2024 09:49:00,29.15,29.8,29.15,29.55,2708125.0,9725.0,1652.6,1652.6,1652.6,1652.6,923625.0,0.0
NIFTY,26-DEC-2024,26000.0,12-11-2024 09:50:00,29.8,29.95,29.8,29.95,2708125.0,2400.0,1652.6,1652.6,1652.6,1652.6,923625.0,0.0
NIFTY,26-DEC-2024,26000.0,12-11-2024 09:51:00,30.2,30.5,30.2,30.5,2708125.0,0.0,1652.6,1652.6,1623.95,1623.95,923725.0,25.0
NIFTY,26-DEC-2024,26000.0,12-11-2024 09:52:00,30.5,30.5,30.25,30.25,2707600.0,0.0,1623.95,1632.0,1623.95,1632.0,923725.0,75.0
NIFTY,26-DEC-2024,26000.0,12-11-2024 09:53:00,30.45,30.45,30.25,30.4,2707600.0,0.0,1632.0,1640.0,1632.0,1636.0,923725.0,50.0
NIFTY,26-DEC-2024,26000.0,12-11-2024 09:54:00,30.3,30.45,30.15,30.15,2707600.0,6900.0,1630.0,1630.0,1630.0,1630.0,923725.0,25.0
NIFTY,26-DEC-2024,26000.0,12-11-2024 09:55:00,30.1,30.35,30.0,30.2,2707525.0,0.0,1630.0,1642.0,1630.0,1641.0,923650.0,50.0
NIFTY,26-DEC-2024,26000.0,12-11-2024 09:56:00,30.0,30.65,30.0,30.3,2707525.0,4350.0,1641.0,1641.0,1641.0,1641.0,923650.0,25.0
NIFTY,26-DEC-2024,26000.0,12-11-2024 09:57:00,30.3,31.7,30.3,31.7,2707200.0,0.0,1630.0,1630.0,1600.0,1600.0,923650.0,50.0
NIFTY,26-DEC-2024,26000.0,12-11-2024 09:58:00,31.8,32.15,31.5,32.15,2707200.0,14050.0,1600.0,1600.0,1580.0,1580.0,923600.0,25.0
NIFTY,26-DEC-2024,26000.0,12-11-2024 09:59:00,32.5,35.0,32.3,32.5,2707200.0,0.0,1580.0,1580.0,1544.45,1544.45,923600.0,125.0
NIFTY,26-DEC-2024,26000.0,12-11-2024 10:00:00,32.8,32.8,30.45,31.45,2705850.0,31925.0,1544.45,1580.0,1544.0,1566.0,923525.0,125.0
NIFTY,26-DEC-2024,26000.0,12-11-2024 10:01:00,30.9,31.2,30.65,31.2,2705850.0,0.0,1566.0,1566.0,1566.0,1566.0,923525.0,0.0
NIFTY,26-DEC-2024,26000.0,12-11-2024 10:02:00,31.2,31.45,30.7,30.7,2705850.0,2650.0,1566.0,1566.0,1566.0,1566.0,923525.0,0.0
NIFTY,26-DEC-2024,26000.0,12-11-2024 10:03:00,30.5,30.5,29.6,29.85,2705850.0,7350.0,1566.0,1610.65,1566.0,1610.65,923525.0,50.0
NIFTY,26-DEC-2024,26000.0,12-11-2024 10:04:00,30.0,30.0,29.7,29.7,2710950.0,9350.0,1610.65,1610.65,1610.65,1610.65,923525.0,0.0
NIFTY,26-DEC-2024,26000.0,12-11-2024 10:05:00,29.7,29.7,29.45,29.55,2710950.0,0.0,1610.65,1620.0,1610.65,1620.0,923525.0,50.0
NIFTY,26-DEC-2024,26000.0,12-11-2024 10:06:00,29.55,29.8,29.4,29.4,2717025.0,7150.0,1620.0,1620.0,1614.95,1614.95,923525.0,25.0
NIFTY,26-DEC-2024,26000.0,12-11-2024 10:07:00,29.4,29.4,29.25,29.3,2717025.0,9125.0,1614.95,1614.95,1614.95,1614.95,923525.0,0.0
NIFTY,26-DEC-2024,26000.0,12-11-2024 10:08:00,29.15,29.55,29.0,29.55,2717025.0,6050.0,1620.0,1620.0,1620.0,1620.0,923525.0,25.0
NIFTY,26-DEC-2024,26000.0,12-11-2024 10:09:00,29.75,30.0,29.75,30.0,2725150.0,525.0,1620.0,1620.0,1610.0,1610.0,923450.0,25.0
NIFTY,26-DEC-2024,26000.0,12-11-2024 10:10:00,30.15,30.9,30.05,30.3,2725150.0,3300.0,1610.0,1610.0,1590.0,1590.0,923475.0,25.0
NIFTY,26-DEC-2024,26000.0,12-11-2024 10:11:00,30.35,30.35,29.8,29.8,2725150.0,0.0,1590.0,1590.0,1590.0,1590.0,923475.0,0.0
NIFTY,26-DEC-2024,26000.0,12-11-2024 10:12:00,29.8,29.8,29.6,29.6,2725150.0,2625.0,1590.0,1619.9,1590.0,1619.9,923475.0,0.0
NIFTY,26-DEC-2024,26000.0,12-11-2024 10:13:00,29.4,29.4,29.25,29.4,2724775.0,750.0,1619.9,1619.9,1619.9,1619.9,923475.0,25.0
NIFTY,26-DEC-2024,26000.0,12-11-2024 10:14:00,29.3,29.3,29.05,29.3,2724775.0,0.0,,,,,,
NIFTY,26-DEC-2024,26000.0,12-11-2024 10:15:00,29.1,29.35,29.0,29.0,2724775.0,0.0,,,,,,
NIFTY,26-DEC-2024,26000.0,12-11-2024 10:16:00,29.0,29.3,29.0,29.1,2725850.0,3900.0,1619.9,1619.9,1609.5,1609.5,923475.0,0.0
NIFTY,26-DEC-2024,26000.0,12-11-2024 10:17:00,29.4,29.65,29.05,29.15,2725850.0,4150.0,1600.0,1600.0,1600.0,1600.0,923475.0,0.0
NIFTY,26-DEC-2024,26000.0,12-11-2024 10:18:00,29.05,29.45,29.05,29.45,2725850.0,1950.0,,,,,,
NIFTY,26-DEC-2024,26000.0,12-11-2024 10:19:00,29.5,29.7,29.5,29.5,2725900.0,0.0,1595.05,1595.05,1595.05,1595.05,923475.0,0.0
NIFTY,26-DEC-2024,26000.0,12-11-2024 10:20:00,29.45,29.5,29.2,29.2,2725900.0,0.0,1603.1,1603.1,1601.95,1602.0,923475.0,0.0
NIFTY,26-DEC-2024,26000.0,12-11-2024 10:21:00,29.35,29.4,29.25,29.3,2726350.0,0.0,1606.0,1609.35,1606.0,1609.05,923475.0,0.0
NIFTY,26-DEC-2024,26000.0,12-11-2024 10:22:00,29.2,29.3,29.2,29.25,2726350.0,0.0,1602.7,1602.7,1602.7,1602.7,920750.0,0.0
NIFTY,26-DEC-2024,26000.0,12-11-2024 10:23:00,29.5,29.7,29.5,29.5,2726350.0,4875.0,1605.0,1605.0,1605.0,1605.0,920750.0,0.0
NIFTY,26-DEC-2024,26000.0,12-11-2024 10:24:00,29.35,29.5,29.0,29.05,2726350.0,1800.0,1605.0,1605.0,1605.0,1605.0,920750.0,4300.0
NIFTY,26-DEC-2024,26000.0,12-11-2024 10:25:00,29.05,29.55,29.05,29.55,2727650.0,1775.0,1605.0,1607.9,1605.0,1607.9,920550.0,0.0
NIFTY,26-DEC-2024,26000.0,12-11-2024 10:26:00,29.6,30.25,29.6,30.2,2727650.0,1800.0,1607.9,1607.9,1607.9,1607.9,920550.0,25.0
NIFTY,26-DEC-2024,26000.0,12-11-2024 10:27:00,30.2,30.2,30.05,30.05,2727650.0,0.0,,,,,,
NIFTY,26-DEC-2024,26000.0,12-11-2024 10:28:00,30.0,30.0,29.75,29.75,2728375.0,1075.0,1607.9,1607.9,1607.9,1607.9,920550.0,0.0
NIFTY,26-DEC-2024,26000.0,12-11-2024 10:29:00,29.5,29.55,29.4,29.55,2728375.0,225.0,1585.0,1585.0,1585.0,1585.0,920550.0,1000.0
NIFTY,26-DEC-2024,26000.0,12-11-2024 10:30:00,29.45,29.55,29.45,29.55,2728375.0,1300.0,1585.0,1585.0,1585.0,1585.0,920550.0,0.0
NIFTY,26-DEC-2024,26000.0,12-11-2024 10:31:00,30.25,30.25,30.25,30.25,2728050.0,0.0,,,,,,
NIFTY,26-DEC-2024,26000.0,12-11-2024 10:32:00,29.6,29.8,29.6,29.8,2728050.0,0.0,,,,,,
NIFTY,26-DEC-2024,26000.0,12-11-2024 10:33:00,29.6,29.9,29.6,29.9,2727725.0,650.0,1585.0,1585.0,1585.0,1585.0,920550.0,0.0
NIFTY,26-DEC-2024,26000.0,12-11-2024 10:34:00,29.9,30.0,29.5,29.5,2727725.0,1150.0,,,,,,
NIFTY,26-DEC-2024,26000.0,12-11-2024 10:35:00,29.85,29.85,29.3,29.55,2727725.0,8700.0,1630.0,1630.0,1630.0,1630.0,920550.0,25.0
NIFTY,26-DEC-2024,26000.0,12-11-2024 10:36:00,29.7,29.7,29.0,29.0,2736100.0,0.0,,,,,,
NIFTY,26-DEC-2024,26000.0,12-11-2024 10:37:00,29.0,29.4,29.0,29.4,2736100.0,7900.0,1630.0,1662.0,1630.0,1662.0,919625.0,0.0
NIFTY,26-DEC-2024,26000.0,12-11-2024 10:38:00,29.2,29.35,28.8,29.25,2736100.0,0.0,1660.0,1660.0,1660.0,1660.0,919625.0,0.0
NIFTY,26-DEC-2024,26000.0,12-11-2024 10:39:00,29.0,29.0,28.7,28.85,2736100.0,9425.0,1660.0,1660.0,1658.0,1658.0,919625.0,800.0
NIFTY,26-DEC-2024,26000.0,12-11-2024 10:40:00,28.8,28.8,28.45,28.55,2735900.0,0.0,1658.0,1663.0,1655.6,1661.0,919600.0,25.0
NIFTY,26-DEC-2024,26000.0,12-11-2024 10:41:00,28.55,28.85,28.55,28.85,2735900.0,3700.0,1661.0,1661.0,1655.0,1655.0,919600.0,50.0
NIFTY,26-DEC-2024,26000.0,12-11-2024 10:42:00,28.7,28.75,28.55,28.7,2735900.0,3550.0,1655.0,1655.0,1655.0,1655.0,919600.0,50.0
NIFTY,26-DEC-2024,26000.0,12-11-2024 10:43:00,28.85,28.9,28.55,28.55,2736925.0,550.0,1655.0,1655.0,1646.4,1646.4,919575.0,200.0
NIFTY,26-DEC-2024,26000.0,12-11-2024 10:44:00,28.8,28.95,28.5,28.95,2736925.0,4000.0,1657.1,1657.1,1657.1,1657.1,919575.0,200.0
NIFTY,26-DEC-2024,26000.0,12-11-2024 10:45:00,28.5,28.5,28.15,28.4,2736925.0,475.0,1657.1,1660.45,1657.1,1660.45,919575.0,25.0
NIFTY,26-DEC-2024,26000.0,12-11-2024 10:46:00,28.5,28.5,28.5,28.5,2739450.0,0.0,1660.45,1660.45,1660.45,1660.45,919575.0,0.0
NIFTY,26-DEC-2024,26000.0,12-11-2024 10:47:00,28.5,28.6,28.35,28.6,2739450.0,400.0,1660.15,1660.15,1660.15,1660.15,919575.0,50.0
NIFTY,26-DEC-2024,26000.0,12-11-2024 10:48:00,28.6,28.7,28.45,28.7,2739450.0,700.0,1660.15,1660.15,1644.0,1644.0,919825.0,0.0
NIFTY,26-DEC-2024,26000.0,12-11-2024 10:49:00,28.9,28.9,28.6,28.6,2740125.0,1350.0,1637.0,1638.5,1637.0,1638.5,919800.0,125.0
NIFTY,26-DEC-2024,26000.0,12-11-2024 10:50:00,28.3,28.5,28.3,28.35,2740125.0,3250.0,1638.5,1638.5,1638.5,1638.5,919800.0,0.0
NIFTY,26-DEC-2024,26000.0,12-11-2024 10:51:00,28.55,28.6,28.4,28.6,2740125.0,0.0,,,,,,
NIFTY,26-DEC-2024,26000.0,12-11-2024 10:52:00,28.55,29.0,28.55,29.0,2739650.0,1550.0,1638.5,1638.5,1638.5,1638.5,919800.0,0.0
NIFTY,26-DEC-2024,26000.0,12-11-2024 10:53:00,28.65,28.65,28.5,28.6,2739650.0,4400.0,1638.5,1638.5,1638.5,1638.5,919800.0,0.0
NIFTY,26-DEC-2024,26000.0,12-11-2024 10:54:00,28.35,28.55,28.35,28.5,2739650.0,2350.0,1644.65,1644.65,1640.3,1640.3,919700.0,175.0
NIFTY,26-DEC-2024,26000.0,12-11-2024 10:55:00,28.5,28.8,28.5,28.8,2742275.0,1600.0,1637.7,1637.7,1637.7,1637.7,919575.0,25.0
NIFTY,26-DEC-2024,26000.0,12-11-2024 10:56:00,28.75,28.75,28.55,28.75,2742275.0,0.0,,,,,,
NIFTY,26-DEC-2024,26000.0,12-11-2024 10:57:00,28.75,28.8,28.6,28.8,2742275.0,875.0,1637.7,1637.7,1637.7,1637.7,919575.0,0.0
NIFTY,26-DEC-2024,26000.0,12-11-2024 10:58:00,28.8,28.8,28.75,28.75,2743750.0,1000.0,1624.95,1626.8,1624.95,1626.8,919550.0,50.0
NIFTY,26-DEC-2024,26000.0,12-11-2024 10:59:00,28.6,28.8,28.5,28.8,2743750.0,1250.0,1626.8,1626.8,1626.8,1626.8,919550.0,25.0
NIFTY,26-DEC-2024,26000.0,12-11-2024 11:00:00,28.6,28.6,28.5,28.5,2743750.0,1050.0,,,,,,
NIFTY,26-DEC-2024,26000.0,12-11-2024 11:01:00,28.8,28.8,28.8,28.8,2744850.0,0.0,1627.55,1627.55,1627.55,1627.55,919550.0,0.0
NIFTY,26-DEC-2024,26000.0,12-11-2024 11:02:00,28.4,28.8,28.4,28.8,2744850.0,0.0,,,,,,
NIFTY,26-DEC-2024,26000.0,12-11-2024 11:03:00,28.7,28.75,28.5,28.5,2744850.0,1250.0,1627.55,1627.55,1627.55,1627.55,919550.0,50.0
NIFTY,26-DEC-2024,26000.0,12-11-2024 11:04:00,28.45,28.45,28.4,28.45,2744425.0,250.0,1627.55,1627.55,1627.55,1627.55,919550.0,0.0
NIFTY,26-DEC-2024,26000.0,12-11-2024 11:05:00,28.6,28.6,28.6,28.6,2744425.0,0.0,,,,,,
NIFTY,26-DEC-2024,26000.0,12-11-2024 11:06:00,28.8,28.8,28.75,28.75,2744425.0,675.0,1627.55,1627.55,1627.55,1627.55,919550.0,0.0
NIFTY,26-DEC-2024,26000.0,12-11-2024 11:07:00,28.7,28.75,28.5,28.5,2744750.0,0.0,1628.0,1628.0,1627.55,1627.55,919500.0,0.0
NIFTY,26-DEC-2024,26000.0,12-11-2024 11:08:00,28.6,28.7,28.6,28.6,2744750.0,3075.0,,,,,,
NIFTY,26-DEC-2024,26000.0,12-11-2024 11:09:00,28.6,28.75,28.6,28.75,2744750.0,50.0,1627.55,1627.55,1627.55,1627.55,919500.0,50.0
NIFTY,26-DEC-2024,26000.0,12-11-2024 11:10:00,28.75,28.75,28.3,28.6,2745600.0,0.0,1627.55,1627.55,1627.55,1627.55,919500.0,0.0
NIFTY,26-DEC-2024,26000.0,12-11-2024 11:11:00,28.5,28.5,28.3,28.3,2745600.0,4525.0,1627.55,1627.55,1627.55,1627.55,919500.0,0.0
NIFTY,26-DEC-2024,26000.0,12-11-2024 11:12:00,28.65,28.65,28.3,28.6,2745600.0,0.0,,,,,,
NIFTY,26-DEC-2024,26000.0,12-11-2024 11:13:00,28.6,28.6,28.35,28.5,2746550.0,750.0,1627.55,1627.55,1627.55,1627.55,919500.0,0.0
NIFTY,26-DEC-2024,26000.0,12-11-2024 11:14:00,28.2,28.4,28.2,28.4,2746550.0,1525.0,1627.55,1634.8,1627.55,1634.8,919500.0,0.0
NIFTY,26-DEC-2024,26000.0,12-11-2024 11:15:00,28.4,28.5,28.2,28.2,2746550.0,125.0,1634.8,1634.8,1634.8,1634.8,919500.0,200.0
NIFTY,26-DEC-2024,26000.0,12-11-2024 11:16:00,28.4,28.7,28.4,28.65,2747550.0,750.0,1634.2,1634.2,1634.2,1634.2,919425.0,200.0
NIFTY,26-DEC-2024,26000.0,12-11-2024 11:17:00,28.4,28.4,28.35,28.35,2747550.0,1450.0,1634.2,1634.2,1634.2,1634.2,919425.0,0.0
NIFTY,26-DEC-2024,26000.0,12-11-2024 11:18:00,28.5,28.5,28.3,28.4,2747550.0,0.0,1641.85,1641.85,1641.85,1641.85,919425.0,0.0
NIFTY,26-DEC-2024,26000.0,12-11-2024 11:19:00,28.4,28.5,28.2,28.3,2748050.0,1700.0,1642.9,1642.9,1642.9,1642.9,919275.0,0.0
NIFTY,26-DEC-2024,26000.0,12-11-2024 11:20:00,28.3,28.5,28.3,28.5,2748050.0,1625.0,1642.9,1642.9,1642.9,1642.9,919275.0,75.0
NIFTY,26-DEC-2024,26000.0,12-11-2024 11:21:00,28.5,28.65,28.4,28.45,2748050.0,1275.0,1642.9,1642.9,1642.9,1642.9,919275.0,0.0
NIFTY,26-DEC-2024,26000.0,12-11-2024 11:22:00,28.6,28.8,28.6,28.7,2748400.0,575.0,1642.9,1642.9,1642.9,1642.9,919275.0,0.0
NIFTY,26-DEC-2024,26000.0,12-11-2024 11:23:00,28.65,28.75,28.65,28.7,2748400.0,2475.0,1642.9,1642.9,1642.9,1642.9,919275.0,0.0
NIFTY,26-DEC-2024,26000.0,12-11-2024 11:24:00,28.75,28.85,28.75,28.75,2748400.0,0.0,1619.0,1619.0,1619.0,1619.0,919250.0,0.0
NIFTY,26-DEC-2024,26000.0,12-11-2024 11:25:00,28.7,28.7,28.6,28.6,2746925.0,0.0,,,,,,
NIFTY,26-DEC-2024,26000.0,12-11-2024 11:26:00,28.6,28.6,28.5,28.6,2746925.0,1600.0,1624.55,1627.1,1624.55,1627.1,919225.0,75.0
NIFTY,26-DEC-2024,26000.0,12-11-2024 11:27:00,28.7,28.85,28.5,28.85,2746925.0,1625.0,1627.1,1627.1,1627.1,1627.1,919225.0,25.0
NIFTY,26-DEC-2024,26000.0,12-11-2024 11:28:00,28.75,28.75,28.7,28.7,2744450.0,3450.0,1627.1,1627.1,1627.1,1627.1,919225.0,0.0
NIFTY,26-DEC-2024,26000.0,12-11-2024 11:29:00,28.85,28.85,28.7,28.8,2744450.0,775.0,1627.1,1627.1,1627.1,1627.1,919225.0,0.0
NIFTY,26-DEC-2024,26000.0,12-11-2024 11:30:00,28.65,28.7,28.5,28.7,2744450.0,1375.0,1636.55,1636.55,1636.55,1636.55,919225.0,250.0
NIFTY,26-DEC-2024,26000.0,12-11-2024 11:31:00,28.7,28.8,28.55,28.7,2743925.0,675.0,1635.2,1635.2,1635.2,1635.2,919350.0,0.0
NIFTY,26-DEC-2024,26000.0,12-11-2024 11:32:00,28.75,28.75,28.55,28.55,2743925.0,875.0,1635.2,1635.2,1635.2,1635.2,919350.0,25.0
NIFTY,26-DEC-2024,26000.0,12-11-2024 11:33:00,28.5,28.5,28.5,28.5,2743925.0,0.0,,,,,,
NIFTY,26-DEC-2024,26000.0,12-11-2024 11:34:00,28.7,28.8,28.5,28.8,2744475.0,2675.0,1635.2,1635.2,1635.2,1635.2,919350.0,0.0
NIFTY,26-DEC-2024,26000.0,12-11-2024 11:35:00,28.65,28.95,28.65,28.75,2744475.0,1200.0,,,,,,
NIFTY,26-DEC-2024,26000.0,12-11-2024 11:37:00,28.75,28.75,28.6,28.6,2745175.0,100.0,1635.2,1641.35,1635.2,1641.35,919375.0,0.0
NIFTY,26-DEC-2024,26000.0,12-11-2024 11:38:00,28.6,28.7,28.6,28.7,2745175.0,125.0,1642.95,1642.95,1642.95,1642.95,919375.0,125.0
NIFTY,26-DEC-2024,26000.0,12-11-2024 11:39:00,28.7,28.85,28.7,28.8,2745175.0,50.0,1642.95,1644.5,1642.95,1644.5,919375.0,0.0
NIFTY,26-DEC-2024,26000.0,12-11-2024 11:40:00,28.8,28.8,28.8,28.8,2744875.0,875.0,1644.65,1644.65,1644.65,1644.65,919375.0,75.0
NIFTY,26-DEC-2024,26000.0,12-11-2024 11:41:00,28.8,28.8,28.7,28.7,2744875.0,725.0,1644.65,1644.65,1644.65,1644.65,919375.0,0.0
NIFTY,26-DEC-2024,26000.0,12-11-2024 11:42:00,28.8,28.8,28.7,28.7,2744875.0,0.0,1640.0,1640.0,1640.0,1640.0,919225.0,0.0
NIFTY,26-DEC-2024,26000.0,12-11-2024 11:43:00,28.7,28.7,28.7,28.7,2744875.0,675.0,1640.0,1650.0,1640.0,1650.0,919150.0,100.0
NIFTY,26-DEC-2024,26000.0,12-11-2024 11:44:00,28.7,28.7,28.5,28.5,2745125.0,50.0,1650.0,1650.0,1650.0,1650.0,919150.0,0.0
NIFTY,26-DEC-2024,26000.0,12-11-2024 11:45:00,28.5,28.6,28.4,28.6,2745125.0,850.0,1650.0,1650.0,1650.0,1650.0,919150.0,0.0
NIFTY,26-DEC-2024,26000.0,12-11-2024 11:46:00,28.6,28.6,28.6,28.6,2744525.0,0.0,,,,,,
NIFTY,26-DEC-2024,26000.0,12-11-2024 11:47:00,28.6,28.8,28.45,28.45,2744525.0,0.0,1650.0,1650.0,1650.0,1650.0,919150.0,0.0
NIFTY,26-DEC-2024,26000.0,12-11-2024 11:48:00,28.65,28.65,28.6,28.6,2744525.0,2275.0,1650.0,1650.0,1650.0,1650.0,919150.0,0.0
NIFTY,26-DEC-2024,26000.0,12-11-2024 11:49:00,28.65,28.65,28.45,28.45,2743375.0,1100.0,1650.0,1650.0,1650.0,1650.0,919150.0,0.0
NIFTY,26-DEC-2024,26000.0,12-11-2024 11:50:00,28.5,28.65,28.5,28.5,2743375.0,0.0,,,,,,
NIFTY,26-DEC-2024,26000.0,12-11-2024 11:51:00,28.6,28.6,28.6,28.6,2743375.0,0.0,1650.0,1650.0,1650.0,1650.0,919150.0,0.0
NIFTY,26-DEC-2024,26000.0,12-11-2024 11:52:00,28.6,29.6,28.6,29.0,2743175.0,1250.0,1650.0,1650.0,1650.0,1650.0,919150.0,0.0
NIFTY,26-DEC-2024,26000.0,12-11-2024 11:53:00,28.8,29.4,28.8,29.4,2743175.0,8325.0,1650.0,1650.0,1638.0,1638.0,919150.0,0.0
NIFTY,26-DEC-2024,26000.0,12-11-2024 11:54:00,29.15,29.3,29.1,29.3,2743175.0,1900.0,1638.0,1638.0,1638.0,1638.0,919150.0,200.0
NIFTY,26-DEC-2024,26000.0,12-11-2024 11:55:00,29.15,29.25,29.1,29.25,2743550.0,0.0,,,,,,
NIFTY,26-DEC-2024,26000.0,12-11-2024 11:56:00,29.3,29.45,29.3,29.4,2743550.0,1750.0,1638.0,1638.0,1638.0,1638.0,919150.0,0.0
NIFTY,26-DEC-2024,26000.0,12-11-2024 11:57:00,29.25,29.3,29.25,29.3,2743550.0,4875.0,1638.05,1638.05,1638.05,1638.05,919325.0,25.0
NIFTY,26-DEC-2024,26000.0,12-11-2024 11:58:00,29.0,29.2,29.0,29.2,2742375.0,2600.0,,,,,,
NIFTY,26-DEC-2024,26000.0,12-11-2024 11:59:00,29.2,29.2,29.1,29.1,2742375.0,1800.0,1655.85,1655.85,1655.85,1655.85,919350.0,25.0
NIFTY,26-DEC-2024,26000.0,12-11-2024 12:00:00,,,,,,,1645.0,1645.0,1645.0,1645.0,919350.0,0.0
NIFTY,26-DEC-2024,26000.0,12-11-2024 12:01:00,29.05,29.25,29.05,29.25,2741725.0,0.0,1643.05,1643.05,1643.05,1643.05,919250.0,0.0
NIFTY,26-DEC-2024,26000.0,12-11-2024 12:02:00,29.2,29.3,29.05,29.3,2741725.0,925.0,,,,,,
NIFTY,26-DEC-2024,26000.0,12-11-2024 12:03:00,29.3,29.3,29.25,29.25,2741725.0,650.0,1643.05,1643.05,1643.05,1643.05,919250.0,275.0
NIFTY,26-DEC-2024,26000.0,12-11-2024 12:04:00,29.25,29.25,29.0,29.0,2741725.0,250.0,1643.05,1645.55,1643.05,1645.55,919175.0,0.0
NIFTY,26-DEC-2024,26000.0,12-11-2024 12:05:00,29.0,29.0,28.6,28.9,2741950.0,0.0,,,,,,
NIFTY,26-DEC-2024,26000.0,12-11-2024 12:06:00,28.9,29.1,28.9,29.1,2741950.0,1400.0,,,,,,
NIFTY,26-DEC-2024,26000.0,12-11-2024 12:07:00,28.5,28.5,28.5,28.5,2741950.0,0.0,1645.55,1645.55,1645.55,1645.55,919175.0,100.0
NIFTY,26-DEC-2024,26000.0,12-11-2024 12:08:00,28.9,28.9,28.9,28.9,2742200.0,2150.0,1645.55,1645.55,1645.55,1645.55,919175.0,0.0
NIFTY,26-DEC-2024,26000.0,12-11-2024 12:09:00,28.7,28.7,28.5,28.55,2742200.0,75.0,,,,,,
NIFTY,26-DEC-2024,26000.0,12-11-2024 12:10:00,28.65,28.7,28.65,28.7,2742750.0,575.0,1645.55,1645.55,1645.55,1645.55,919175.0,0.0
NIFTY,26-DEC-2024,26000.0,12-11-2024 12:11:00,28.8,29.0,28.8,28.8,2742750.0,725.0,,,,,,
NIFTY,26-DEC-2024,26000.0,12-11-2024 12:12:00,28.6,28.6,28.6,28.6,2742750.0,0.0,,,,,,
NIFTY,26-DEC-2024,26000.0,12-11-2024 12:13:00,28.5,28.5,28.5,28.5,2744250.0,6175.0,1675.0,1675.0,1675.0,1675.0,919075.0,0.0
NIFTY,26-DEC-2024,26000.0,12-11-2024 12:14:00,28.65,28.8,28.6,28.6,2744250.0,0.0,1675.0,1675.0,1675.0,1675.0,919075.0,125.0
NIFTY,26-DEC-2024,26000.0,12-11-2024 12:15:00,28.6,28.8,28.6,28.7,2744250.0,1850.0,1675.0,1675.0,1675.0,1675.0,919075.0,0.0
NIFTY,26-DEC-2024,26000.0,12-11-2024 12:16:00,28.7,28.9,28.6,28.8,2744050.0,850.0,,,,,,
NIFTY,26-DEC-2024,26000.0,12-11-2024 12:17:00,28.85,28.85,28.85,28.85,2744050.0,0.0,1653.25,1653.25,1653.25,1653.25,919075.0,0.0
NIFTY,26-DEC-2024,26000.0,12-11-2024 12:18:00,28.7,28.7,28.7,28.7,2744050.0,1375.0,1653.25,1653.25,1653.25,1653.25,919075.0,75.0
NIFTY,26-DEC-2024,26000.0,12-11-2024 12:19:00,28.75,28.75,28.75,28.75,2744350.0,75.0,,,,,,
NIFTY,26-DEC-2024,26000.0,12-11-2024 12:20:00,28.75,28.95,28.75,28.95,2744350.0,0.0,1652.05,1652.05,1652.05,1652.05,919075.0,0.0
NIFTY,26-DEC-2024,26000.0,12-11-2024 12:21:00,28.7,28.7,28.3,28.4,2744350.0,4175.0,1652.45,1652.45,1652.45,1652.45,919075.0,0.0
NIFTY,26-DEC-2024,26000.0,12-11-2024 12:22:00,28.65,28.8,28.6,28.8,2746125.0,500.0,1652.45,1652.45,1652.45,1652.45,919075.0,150.0
NIFTY,26-DEC-2024,26000.0,12-11-2024 12:23:00,28.85,28.85,28.6,28.6,2746125.0,975.0,1651.35,1651.35,1651.35,1651.35,919150.0,25.0
NIFTY,26-DEC-2024,26000.0,12-11-2024 12:24:00,28.6,28.85,28.6,28.85,2746125.0,0.0,,,,,,
NIFTY,26-DEC-2024,26000.0,12-11-2024 12:25:00,28.85,28.85,28.85,28.85,2746225.0,0.0,1651.35,1651.35,1651.35,1651.35,919150.0,0.0
NIFTY,26-DEC-2024,26000.0,12-11-2024 12:26:00,28.95,28.95,28.65,28.65,2746225.0,800.0,1651.35,1651.35,1651.35,1651.35,919150.0,0.0
NIFTY,26-DEC-2024,26000.0,12-11-2024 12:27:00,28.8,28.8,28.5,28.6,2746225.0,475.0,1651.35,1651.35,1651.35,1651.35,919150.0,0.0
NIFTY,26-DEC-2024,26000.0,12-11-2024 12:28:00,,,,,,,1651.35,1651.35,1651.35,1651.35,919150.0,0.0
NIFTY,26-DEC-2024,26000.0,12-11-2024 12:29:00,28.75,28.8,28.6,28.6,2743150.0,6850.0,1651.35,1670.8,1651.35,1670.8,919150.0,25.0
NIFTY,26-DEC-2024,26000.0,12-11-2024 12:30:00,28.65,28.65,28.5,28.5,2743150.0,200.0,1661.4,1661.4,1661.4,1661.4,919150.0,25.0
NIFTY,26-DEC-2024,26000.0,12-11-2024 12:31:00,28.55,28.7,28.5,28.5,2743075.0,0.0,,,,,,
NIFTY,26-DEC-2024,26000.0,12-11-2024 12:32:00,28.65,28.65,28.45,28.45,2743075.0,1350.0,1670.75,1670.8,1666.0,1666.0,919075.0,0.0
NIFTY,26-DEC-2024,26000.0,12-11-2024 12:33:00,28.6,28.6,28.3,28.4,2743075.0,1425.0,1668.0,1670.0,1668.0,1670.0,919075.0,825.0
NIFTY,26-DEC-2024,26000.0,12-11-2024 12:34:00,28.2,28.5,28.2,28.4,2744300.0,375.0,1670.0,1677.0,1667.45,1668.0,918750.0,250.0
NIFTY,26-DEC-2024,26000.0,12-11-2024 12:35:00,28.3,28.3,28.3,28.3,2744300.0,375.0,1668.0,1668.0,1668.0,1668.0,918750.0,0.0
NIFTY,26-DEC-2024,26000.0,12-11-2024 12:36:00,28.1,28.1,28.05,28.05,2744300.0,0.0,1673.7,1675.55,1673.7,1675.55,918750.0,0.0
NIFTY,26-DEC-2024,26000.0,12-11-2024 12:37:00,28.1,28.4,28.1,28.4,2744600.0,825.0,1675.55,1675.55,1675.55,1675.55,918750.0,250.0
NIFTY,26-DEC-2024,26000.0,12-11-2024 12:38:00,28.25,28.35,28.1,28.1,2744600.0,775.0,1665.0,1665.0,1665.0,1665.0,918775.0,50.0
NIFTY,26-DEC-2024,26000.0,12-11-2024 12:39:00,28.05,28.05,28.0,28.0,2744600.0,0.0,,,,,,
NIFTY,26-DEC-2024,26000.0,12-11-2024 12:40:00,27.75,27.9,27.4,27.9,2746100.0,0.0,1675.0,1707.75,1675.0,1707.75,918475.0,0.0
NIFTY,26-DEC-2024,26000.0,12-11-2024 12:41:00,27.85,28.05,27.45,27.55,2746100.0,0.0,1712.0,1715.5,1706.6,1715.5,918475.0,1525.0
NIFTY,26-DEC-2024,26000.0,12-11-2024 12:42:00,27.45,27.45,27.2,27.2,2746100.0,0.0,1715.5,1715.5,1715.5,1715.5,918475.0,0.0
NIFTY,26-DEC-2024,26000.0,12-11-2024 12:43:00,27.2,27.55,27.15,27.3,2748325.0,0.0,1711.35,1719.55,1711.35,1719.55,918475.0,50.0
NIFTY,26-DEC-2024,26000.0,12-11-2024 12:44:00,27.2,27.2,27.0,27.1,2748325.0,16400.0,1719.55,1719.55,1711.8,1711.8,918200.0,0.0
NIFTY,26-DEC-2024,26000.0,12-11-2024 12:45:00,26.95,27.1,26.5,26.85,2748325.0,3000.0,1711.8,1720.0,1711.8,1720.0,918200.0,25.0
NIFTY,26-DEC-2024,26000.0,12-11-2024 12:46:00,26.5,27.2,26.4,27.2,2748875.0,0.0,1718.0,1731.95,1718.0,1731.95,918325.0,275.0
NIFTY,26-DEC-2024,26000.0,12-11-2024 12:47:00,27.0,27.55,27.0,27.55,2748875.0,0.0,1731.2,1731.2,1731.2,1731.2,918325.0,0.0
NIFTY,26-DEC-2024,26000.0,12-11-2024 12:48:00,27.65,28.0,27.35,27.9,2748875.0,12850.0,1731.2,1731.2,1731.2,1731.2,918325.0,25.0
NIFTY,26-DEC-2024,26000.0,12-11-2024 12:49:00,26.85,27.05,26.5,26.5,2750450.0,4850.0,1762.9,1772.9,1762.9,1772.9,918575.0,400.0
NIFTY,26-DEC-2024,26000.0,12-11-2024 12:50:00,26.6,27.2,26.6,26.85,2750450.0,7250.0,1746.7,1746.7,1746.7,1746.7,918575.0,50.0
NIFTY,26-DEC-2024,26000.0,12-11-2024 12:51:00,27.05,27.05,26.9,27.05,2750450.0,0.0,1746.7,1760.0,1746.7,1760.0,918575.0,0.0
NIFTY,26-DEC-2024,26000.0,12-11-2024 12:52:00,26.75,27.5,26.75,27.3,2750900.0,0.0,,,,,,
NIFTY,26-DEC-2024,26000.0,12-11-2024 12:53:00,27.4,27.4,27.2,27.3,2750900.0,0.0,,,,,,
NIFTY,26-DEC-2024,26000.0,12-11-2024 12:54:00,27.25,27.5,27.2,27.25,2750900.0,0.0,1742.0,1743.85,1742.0,1743.85,918525.0,0.0
NIFTY,26-DEC-2024,26000.0,12-11-2024 12:55:00,27.4,27.5,27.35,27.5,2750475.0,0.0,1750.4,1750.4,1749.55,1749.55,918525.0,0.0
NIFTY,26-DEC-2024,26000.0,12-11-2024 12:56:00,27.3,27.8,27.2,27.45,2750475.0,0.0,1755.0,1755.15,1754.9,1754.9,918525.0,0.0
NIFTY,26-DEC-2024,26000.0,12-11-2024 12:57:00,27.3,27.35,27.1,27.1,2750475.0,0.0,1769.1,1769.1,1764.4,1764.4,918525.0,0.0
NIFTY,26-DEC-2024,26000.0,12-11-2024 12:58:00,27.3,27.3,26.95,26.95,2749325.0,0.0,1769.95,1781.5,1769.95,1781.5,918700.0,0.0
NIFTY,26-DEC-2024,26000.0,12-11-2024 12:59:00,26.75,26.85,26.55,26.85,2749325.0,46450.0,1763.65,1763.65,1763.65,1763.65,918700.0,0.0
NIFTY,26-DEC-2024,26000.0,12-11-2024 13:00:00,27.0,27.1,26.8,26.9,2749325.0,0.0,,,,,,
NIFTY,26-DEC-2024,26000.0,12-11-2024 13:01:00,27.0,27.0,26.95,27.0,2751000.0,0.0,1763.65,1763.65,1745.5,1745.5,918675.0,850.0
NIFTY,26-DEC-2024,26000.0,12-11-2024 13:02:00,27.0,27.25,26.95,27.25,2751000.0,10100.0,1745.5,1745.5,1740.0,1740.0,918675.0,25.0
NIFTY,26-DEC-2024,26000.0,12-11-2024 13:03:00,27.4,27.4,27.2,27.25,2751000.0,0.0,,,,,,
NIFTY,26-DEC-2024,26000.0,12-11-2024 13:04:00,27.4,27.4,27.2,27.2,2746200.0,7950.0,1740.0,1740.0,1740.0,1740.0,918675.0,0.0
NIFTY,26-DEC-2024,26000.0,12-11-2024 13:05:00,27.05,27.05,26.85,26.85,2746200.0,0.0,,,,,,
NIFTY,26-DEC-2024,26000.0,12-11-2024 13:06:00,27.0,27.1,26.7,26.7,2746200.0,1575.0,1739.75,1739.75,1739.75,1739.75,918675.0,50.0
NIFTY,26-DEC-2024,26000.0,12-11-2024 13:07:00,26.95,27.0,26.95,27.0,2746650.0,1125.0,1739.75,1739.75,1739.75,1739.75,918675.0,0.0
NIFTY,26-DEC-2024,26000.0,12-11-2024 13:08:00,26.95,27.1,26.75,26.75,2746650.0,0.0,1739.75,1739.95,1739.75,1739.95,918675.0,25.0
NIFTY,26-DEC-2024,26000.0,12-11-2024 13:09:00,26.8,27.2,26.8,27.2,2746650.0,2475.0,1739.95,1739.95,1739.95,1739.95,918675.0,0.0
NIFTY,26-DEC-2024,26000.0,12-11-2024 13:10:00,27.2,27.4,27.15,27.3,2746150.0,0.0,1739.95,1739.95,1739.95,1739.95,918675.0,0.0
NIFTY,26-DEC-2024,26000.0,12-11-2024 13:11:00,27.1,27.55,27.1,27.55,2746150.0,0.0,,,,,,
NIFTY,26-DEC-2024,26000.0,12-11-2024 13:12:00,27.4,27.5,27.4,27.4,2746150.0,0.0,1757.95,1763.25,1757.95,1763.25,918675.0,25.0
NIFTY,26-DEC-2024,26000.0,12-11-2024 13:13:00,27.35,27.35,27.05,27.1,2744650.0,0.0,,,,,,
NIFTY,26-DEC-2024,26000.0,12-11-2024 13:14:00,27.3,27.35,27.15,27.25,2744650.0,0.0,1767.8,1767.8,1767.8,1767.8,918700.0,0.0
NIFTY,26-DEC-2024,26000.0,12-11-2024 13:15:00,26.85,27.6,26.85,27.6,2744650.0,0.0,1780.0,1780.0,1780.0,1780.0,918700.0,0.0
NIFTY,26-DEC-2024,26000.0,12-11-2024 13:16:00,27.6,27.6,27.0,27.2,2744250.0,0.0,1779.1,1790.5,1779.1,1790.5,918150.0,0.0
NIFTY,26-DEC-2024,26000.0,12-11-2024 13:17:00,27.2,27.2,26.35,26.35,2744250.0,0.0,1798.0,1816.15,1798.0,1816.15,918150.0,0.0
NIFTY,26-DEC-2024,26000.0,12-11-2024 13:18:00,26.35,26.35,25.8,25.8,2744250.0,0.0,1816.15,1816.15,1810.0,1810.0,918150.0,1175.0
NIFTY,26-DEC-2024,26000.0,12-11-2024 13:19:00,26.1,26.1,25.7,25.9,2746100.0,0.0,1813.0,1813.0,1800.85,1800.85,917275.0,0.0
NIFTY,26-DEC-2024,26000.0,12-11-2024 13:20:00,25.8,26.4,25.8,26.4,2746100.0,0.0,1800.75,1800.75,1800.75,1800.75,917275.0,1875.0
NIFTY,26-DEC-2024,26000.0,12-11-2024 13:21:00,26.2,26.4,26.15,26.2,2746100.0,0.0,,,,,,
NIFTY,26-DEC-2024,26000.0,12-11-2024 13:22:00,26.25,26.85,26.25,26.65,2748325.0,0.0,1792.0,1792.0,1769.55,1769.55,917200.0,125.0
NIFTY,26-DEC-2024,26000.0,12-11-2024 13:23:00,26.6,26.75,26.4,26.5,2748325.0,0.0,,,,,,
NIFTY,26-DEC-2024,26000.0,12-11-2024 13:24:00,26.7,26.8,26.4,26.75,2748325.0,0.0,1772.45,1786.15,1772.45,1786.15,917200.0,0.0
NIFTY,26-DEC-2024,26000.0,12-11-2024 13:25:00,26.65,26.75,26.5,26.6,2748450.0,53475.0,1785.55,1787.85,1785.55,1787.85,917200.0,75.0
NIFTY,26-DEC-2024,26000.0,12-11-2024 13:26:00,26.75,26.9,26.5,26.5,2748450.0,4400.0,1787.85,1787.85,1787.85,1787.85,917200.0,25.0
NIFTY,26-DEC-2024,26000.0,12-11-2024 13:27:00,26.6,26.7,26.6,26.6,2748450.0,0.0,,,,,,
NIFTY,26-DEC-2024,26000.0,12-11-2024 13:28:00,26.85,27.0,26.8,26.8,2750225.0,0.0,1798.25,1798.25,1791.3,1791.3,917200.0,0.0
NIFTY,26-DEC-2024,26000.0,12-11-2024 13:29:00,26.8,26.8,26.4,26.45,2750225.0,0.0,1794.0,1794.0,1794.0,1794.0,917200.0,0.0
NIFTY,26-DEC-2024,26000.0,12-11-2024 13:30:00,26.3,26.55,26.2,26.4,2750225.0,13650.0,,,,,,
NIFTY,26-DEC-2024,26000.0,12-11-2024 13:31:00,26.4,26.6,26.4,26.6,2749725.0,0.0,,,,,,
NIFTY,26-DEC-2024,26000.0,12-11-2024 13:32:00,26.5,26.7,26.25,26.25,2749725.0,3275.0,,,,,,
NIFTY,26-DEC-2024,26000.0,12-11-2024 13:33:00,26.3,26.6,26.3,26.45,2749725.0,9075.0,1800.35,1800.35,1800.35,1800.35,917200.0,0.0
NIFTY,26-DEC-2024,26000.0,12-11-2024 13:34:00,26.55,26.55,26.1,26.2,2750100.0,0.0,1805.2,1815.0,1805.2,1815.0,917200.0,0.0
NIFTY,26-DEC-2024,26000.0,12-11-2024 13:35:00,25.9,25.95,25.75,25.85,2750100.0,9075.0,1819.7,1831.35,1819.7,1831.35,917225.0,725.0
NIFTY,26-DEC-2024,26000.0,12-11-2024 13:36:00,25.8,26.0,25.6,25.85,2750100.0,3075.0,1833.55,1833.55,1824.55,1828.2,917225.0,425.0
NIFTY,26-DEC-2024,26000.0,12-11-2024 13:37:00,25.9,26.05,25.75,25.9,2748050.0,5175.0,1835.5,1839.95,1824.75,1839.95,917150.0,850.0
NIFTY,26-DEC-2024,26000.0,12-11-2024 13:38:00,25.8,27.05,25.8,27.05,2748050.0,0.0,1839.05,1839.05,1839.05,1839.05,917150.0,0.0
NIFTY,26-DEC-2024,26000.0,12-11-2024 13:39:00,27.45,27.45,27.0,27.05,2748050.0,8150.0,1842.75,1847.95,1835.8,1835.8,917150.0,200.0
NIFTY,26-DEC-2024,26000.0,12-11-2024 13:40:00,27.05,27.4,27.05,27.3,2750250.0,6000.0,1839.55,1842.1,1830.25,1830.25,917400.0,675.0
NIFTY,26-DEC-2024,26000.0,12-11-2024 13:41:00,27.3,27.4,27.05,27.05,2750250.0,11325.0,1830.25,1830.25,1830.25,1830.25,917400.0,250.0
NIFTY,26-DEC-2024,26000.0,12-11-2024 13:42:00,27.05,27.3,26.75,27.0,2750250.0,6550.0,1830.0,1832.0,1825.0,1832.0,917400.0,600.0
NIFTY,26-DEC-2024,26000.0,12-11-2024 13:43:00,27.0,27.0,26.7,26.7,2746450.0,0.0,1834.1,1850.0,1834.1,1850.0,917225.0,0.0
NIFTY,26-DEC-2024,26000.0,12-11-2024 13:44:00,26.8,27.5,26.8,27.25,2746450.0,2150.0,1850.0,1850.0,1835.9,1838.0,917225.0,225.0
NIFTY,26-DEC-2024,26000.0,12-11-2024 13:45:00,27.2,27.35,27.0,27.1,2746450.0,8200.0,1838.0,1838.0,1838.0,1838.0,917225.0,100.0
NIFTY,26-DEC-2024,26000.0,12-11-2024 13:46:00,27.2,27.35,27.0,27.3,2741525.0,4300.0,,,,,,
NIFTY,26-DEC-2024,26000.0,12-11-2024 13:47:00,27.2,27.9,27.0,27.9,2741525.0,0.0,1820.0,1820.0,1793.4,1798.15,917300.0,0.0
NIFTY,26-DEC-2024,26000.0,12-11-2024 13:48:00,27.7,28.0,27.3,27.9,2741525.0,9500.0,1792.05,1800.0,1792.05,1793.0,917300.0,825.0
NIFTY,26-DEC-2024,26000.0,12-11-2024 13:49:00,27.9,27.9,27.3,27.6,2738175.0,0.0,1806.55,1821.1,1806.25,1821.1,917025.0,375.0
NIFTY,26-DEC-2024,26000.0,12-11-2024 13:50:00,27.55,27.55,27.2,27.2,2738175.0,0.0,1825.0,1832.5,1825.0,1830.75,917025.0,275.0
NIFTY,26-DEC-2024,26000.0,12-11-2024 13:51:00,27.0,27.0,26.4,26.4,2738175.0,0.0,1830.6,1830.6,1821.8,1824.7,917025.0,0.0
NIFTY,26-DEC-2024,26000.0,12-11-2024 13:52:00,26.55,27.0,26.55,26.85,2737725.0,9800.0,1832.4,1835.15,1832.4,1834.95,917025.0,250.0
NIFTY,26-DEC-2024,26000.0,12-11-2024 13:53:00,26.8,27.15,26.8,27.15,2737725.0,625.0,1831.5,1831.5,1831.5,1831.5,917075.0,125.0
NIFTY,26-DEC-2024,26000.0,12-11-2024 13:54:00,27.25,28.05,27.25,28.05,2737725.0,2375.0,1831.5,1831.5,1831.5,1831.5,917075.0,0.0
NIFTY,26-DEC-2024,26000.0,12-11-2024 13:55:00,27.85,28.05,27.7,27.75,2738975.0,0.0,,,,,,
NIFTY,26-DEC-2024,26000.0,12-11-2024 13:56:00,27.75,27.9,27.5,27.8,2738975.0,5300.0,1831.5,1831.5,1807.5,1811.7,917075.0,0.0
NIFTY,26-DEC-2024,26000.0,12-11-2024 13:57:00,27.65,27.75,27.4,27.4,2738975.0,0.0,1807.65,1807.9,1802.05,1806.8,917075.0,250.0
NIFTY,26-DEC-2024,26000.0,12-11-2024 13:58:00,27.75,27.9,27.6,27.6,2740325.0,0.0,1805.35,1813.8,1805.35,1813.8,917000.0,350.0
NIFTY,26-DEC-2024,26000.0,12-11-2024 13:59:00,27.75,27.75,27.35,27.45,2740325.0,0.0,1811.45,1825.0,1811.45,1825.0,917000.0,0.0
NIFTY,26-DEC-2024,26000.0,12-11-2024 14:00:00,27.25,27.55,27.1,27.4,2740325.0,6300.0,1823.15,1829.25,1819.8,1829.25,917000.0,500.0
NIFTY,26-DEC-2024,26000.0,12-11-2024 14:01:00,27.4,27.8,27.3,27.5,2740000.0,450.0,1823.0,1827.35,1823.0,1827.35,916950.0,325.0
NIFTY,26-DEC-2024,26000.0,12-11-2024 14:02:00,27.8,27.8,27.25,27.35,2740000.0,5175.0,1827.2,1827.2,1821.45,1821.45,916950.0,325.0
NIFTY,26-DEC-2024,26000.0,12-11-2024 14:03:00,27.25,27.35,26.9,27.35,2740000.0,0.0,1829.95,1829.95,1814.55,1821.3,916950.0,0.0
NIFTY,26-DEC-2024,26000.0,12-11-2024 14:04:00,27.35,27.35,26.8,27.1,2739650.0,0.0,1821.3,1821.3,1821.3,1821.3,916950.0,175.0
NIFTY,26-DEC-2024,26000.0,12-11-2024 14:05:00,26.8,27.25,26.75,27.05,2739650.0,0.0,1834.15,1834.25,1830.05,1831.65,916825.0,100.0
NIFTY,26-DEC-2024,26000.0,12-11-2024 14:06:00,27.35,27.8,27.3,27.75,2739650.0,5550.0,1830.85,1830.85,1800.25,1800.25,916825.0,375.0
NIFTY,26-DEC-2024,26000.0,12-11-2024 14:07:00,27.5,27.5,26.95,26.95,2740300.0,0.0,1802.65,1820.7,1802.65,1819.1,916750.0,0.0
NIFTY,26-DEC-2024,26000.0,12-11-2024 14:08:00,26.95,27.15,26.9,27.15,2740300.0,2425.0,1818.65,1819.7,1810.5,1814.55,916750.0,350.0
NIFTY,26-DEC-2024,26000.0,12-11-2024 14:09:00,27.1,27.2,26.55,26.55,2740300.0,1100.0,1814.55,1814.55,1814.55,1814.55,916750.0,175.0
NIFTY,26-DEC-2024,26000.0,12-11-2024 14:10:00,26.35,26.5,26.1,26.5,2740400.0,16175.0,1814.55,1814.55,1814.55,1814.55,916750.0,0.0
NIFTY,26-DEC-2024,26000.0,12-11-2024 14:11:00,26.6,26.95,25.9,26.65,2740400.0,4675.0,1814.55,1814.55,1814.55,1814.55,916750.0,0.0
NIFTY,26-DEC-2024,26000.0,12-11-2024 14:12:00,26.75,26.75,26.75,26.75,2740400.0,0.0,,,,,,
NIFTY,26-DEC-2024,26000.0,12-11-2024 14:13:00,26.7,26.7,26.65,26.65,2740400.0,0.0,1815.0,1815.0,1815.0,1815.0,916650.0,0.0
NIFTY,26-DEC-2024,26000.0,12-11-2024 14:14:00,26.6,26.7,26.6,26.7,2741375.0,0.0,1815.0,1815.0,1815.0,1815.0,916650.0,475.0
NIFTY,26-DEC-2024,26000.0,12-11-2024 14:15:00,26.7,26.8,26.6,26.8,2741375.0,0.0,1817.9,1829.55,1817.9,1826.7,916275.0,50.0
NIFTY,26-DEC-2024,26000.0,12-11-2024 14:16:00,26.8,26.85,26.6,26.75,2741400.0,5325.0,1827.65,1827.65,1826.55,1826.55,916200.0,275.0
NIFTY,26-DEC-2024,26000.0,12-11-2024 14:17:00,26.9,26.9,26.55,26.7,2741400.0,0.0,1823.95,1823.95,1823.95,1823.95,916200.0,0.0
NIFTY,26-DEC-2024,26000.0,12-11-2024 14:18:00,26.9,27.15,26.85,27.0,2741400.0,2450.0,1823.95,1823.95,1823.95,1823.95,916200.0,25.0
NIFTY,26-DEC-2024,26000.0,12-11-2024 14:19:00,26.9,27.25,26.8,27.05,2743050.0,2775.0,1823.95,1823.95,1820.0,1820.0,916200.0,0.0
NIFTY,26-DEC-2024,26000.0,12-11-2024 14:20:00,27.1,27.1,27.0,27.0,2743050.0,2300.0,1820.0,1820.0,1820.0,1820.0,916200.0,300.0
NIFTY,26-DEC-2024,26000.0,12-11-2024 14:21:00,26.7,26.7,26.7,26.7,2743050.0,0.0,,,,,,
NIFTY,26-DEC-2024,26000.0,12-11-2024 14:22:00,26.6,27.0,26.5,26.95,2741900.0,3025.0,1820.0,1820.0,1795.5,1795.5,915875.0,0.0
NIFTY,26-DEC-2024,26000.0,12-11-2024 14:23:00,26.9,26.9,26.6,26.65,2741900.0,0.0,1795.0,1797.7,1795.0,1797.7,915875.0,0.0
NIFTY,26-DEC-2024,26000.0,12-11-2024 14:24:00,26.65,26.7,26.5,26.5,2741900.0,3700.0,1795.5,1795.5,1795.5,1795.5,915875.0,0.0
NIFTY,26-DEC-2024,26000.0,12-11-2024 14:25:00,26.5,26.55,26.45,26.5,2740875.0,0.0,1799.0,1799.0,1799.0,1799.0,915700.0,0.0
NIFTY,26-DEC-2024,26000.0,12-11-2024 14:26:00,26.4,26.7,26.4,26.55,2740875.0,0.0,1798.35,1805.7,1796.05,1800.0,915700.0,0.0
NIFTY,26-DEC-2024,26000.0,12-11-2024 14:27:00,26.55,26.7,26.45,26.7,2740875.0,6575.0,1800.55,1806.9,1800.55,1806.9,915700.0,2500.0
NIFTY,26-DEC-2024,26000.0,12-11-2024 14:28:00,26.7,27.75,26.6,27.45,2738950.0,0.0,1815.5,1830.0,1815.5,1830.0,915675.0,0.0
NIFTY,26-DEC-2024,26000.0,12-11-2024 14:29:00,27.55,27.55,26.85,26.85,2738950.0,13000.0,1842.0,1847.15,1834.2,1842.75,915675.0,950.0
NIFTY,26-DEC-2024,26000.0,12-11-2024 14:30:00,27.0,27.3,27.0,27.3,2738950.0,0.0,1814.6,1814.6,1814.55,1814.55,915675.0,0.0
NIFTY,26-DEC-2024,26000.0,12-11-2024 14:31:00,27.3,27.5,27.25,27.4,2736250.0,1750.0,1814.55,1815.0,1804.7,1804.7,915675.0,1650.0
NIFTY,26-DEC-2024,26000.0,12-11-2024 14:32:00,27.5,27.75,27.45,27.75,2736250.0,4600.0,1810.8,1810.8,1810.8,1810.8,915675.0,1575.0
NIFTY,26-DEC-2024,26000.0,12-11-2024 14:33:00,27.5,27.5,27.25,27.4,2736250.0,7175.0,1810.8,1810.8,1810.8,1810.8,915675.0,0.0
NIFTY,26-DEC-2024,26000.0,12-11-2024 14:34:00,27.3,28.0,27.2,27.3,2734050.0,0.0,1795.1,1795.1,1795.1,1795.1,914250.0,0.0
NIFTY,26-DEC-2024,26000.0,12-11-2024 14:35:00,27.45,27.95,27.25,27.9,2734050.0,3725.0,1795.1,1802.25,1795.1,1802.25,914250.0,150.0
NIFTY,26-DEC-2024,26000.0,12-11-2024 14:36:00,28.45,28.5,27.75,28.4,2734050.0,3700.0,1786.05,1786.05,1786.05,1786.05,914250.0,250.0
NIFTY,26-DEC-2024,26000.0,12-11-2024 14:37:00,28.1,28.1,27.0,27.0,2735800.0,4100.0,,,,,,
NIFTY,26-DEC-2024,26000.0,12-11-2024 14:38:00,27.2,27.2,26.8,26.8,2735800.0,0.0,,,,,,
NIFTY,26-DEC-2024,26000.0,12-11-2024 14:39:00,26.8,26.9,26.7,26.7,2735800.0,2000.0,1786.05,1815.3,1786.05,1815.3,914050.0,0.0
NIFTY,26-DEC-2024,26000.0,12-11-2024 14:40:00,26.8,27.25,26.7,27.0,2738400.0,3500.0,1815.75,1820.0,1815.75,1820.0,914075.0,125.0
NIFTY,26-DEC-2024,26000.0,12-11-2024 14:41:00,27.0,27.35,27.0,27.0,2738400.0,2800.0,1816.6,1816.6,1816.6,1816.6,914075.0,75.0
NIFTY,26-DEC-2024,26000.0,12-11-2024 14:42:00,27.25,27.4,27.25,27.4,2738400.0,0.0,,,,,,
NIFTY,26-DEC-2024,26000.0,12-11-2024 14:43:00,27.4,27.4,27.2,27.3,2738225.0,1500.0,1816.6,1825.0,1816.6,1825.0,914125.0,0.0
NIFTY,26-DEC-2024,26000.0,12-11-2024 14:44:00,27.2,27.4,26.7,27.1,2738225.0,750.0,1820.0,1822.0,1819.05,1822.0,914125.0,175.0
NIFTY,26-DEC-2024,26000.0,12-11-2024 14:45:00,27.2,27.25,27.2,27.25,2738225.0,0.0,1822.0,1822.0,1822.0,1822.0,914125.0,25.0
NIFTY,26-DEC-2024,26000.0,12-11-2024 14:46:00,27.3,27.3,26.95,26.95,2736400.0,2325.0,1817.3,1817.3,1817.3,1817.3,914125.0,400.0
NIFTY,26-DEC-2024,26000.0,12-11-2024 14:47:00,26.85,26.85,26.5,26.65,2736400.0,0.0,,,,,,
NIFTY,26-DEC-2024,26000.0,12-11-2024 14:48:00,26.65,26.95,26.65,26.95,2736400.0,2200.0,1817.3,1819.0,1811.3,1819.0,913750.0,0.0
NIFTY,26-DEC-2024,26000.0,12-11-2024 14:49:00,26.8,27.0,26.8,27.0,2736400.0,0.0,1808.25,1815.9,1808.25,1813.85,913750.0,225.0
NIFTY,26-DEC-2024,26000.0,12-11-2024 14:50:00,26.8,27.0,26.8,26.8,2734725.0,0.0,1816.0,1818.0,1806.0,1813.05,913725.0,0.0
NIFTY,26-DEC-2024,26000.0,12-11-2024 14:51:00,27.2,27.35,27.0,27.0,2734725.0,3575.0,1818.0,1818.0,1814.7,1814.7,913725.0,475.0
NIFTY,26-DEC-2024,26000.0,12-11-2024 14:52:00,27.0,27.2,27.0,27.2,2735375.0,1300.0,1825.0,1825.0,1816.4,1816.4,913575.0,200.0
NIFTY,26-DEC-2024,26000.0,12-11-2024 14:53:00,27.35,27.35,27.0,27.2,2735375.0,0.0,1822.15,1822.15,1822.15,1822.15,913575.0,0.0
NIFTY,26-DEC-2024,26000.0,12-11-2024 14:54:00,27.3,27.35,27.25,27.25,2735375.0,0.0,1822.15,1822.15,1822.15,1822.15,913575.0,75.0
NIFTY,26-DEC-2024,26000.0,12-11-2024 14:55:00,27.35,27.35,27.2,27.2,2734625.0,0.0,1821.1,1821.1,1818.05,1818.05,913575.0,0.0
NIFTY,26-DEC-2024,26000.0,12-11-2024 14:56:00,27.3,27.3,27.3,27.3,2734625.0,6250.0,,,,,,
NIFTY,26-DEC-2024,26000.0,12-11-2024 14:57:00,27.35,27.45,27.2,27.45,2734625.0,3325.0,1814.0,1814.0,1814.0,1814.0,913575.0,300.0
NIFTY,26-DEC-2024,26000.0,12-11-2024 14:58:00,27.5,27.5,27.0,27.25,2728925.0,0.0,1815.55,1818.1,1815.55,1817.65,913275.0,0.0
NIFTY,26-DEC-2024,26000.0,12-11-2024 14:59:00,27.25,27.25,26.9,26.9,2728925.0,7200.0,1817.65,1837.45,1817.65,1837.45,913275.0,225.0
NIFTY,26-DEC-2024,26000.0,12-11-2024 15:00:00,27.0,27.1,26.65,27.0,2728925.0,12075.0,1836.75,1848.8,1836.75,1848.0,913275.0,825.0
NIFTY,26-DEC-2024,26000.0,12-11-2024 15:01:00,27.0,27.2,27.0,27.2,2728925.0,9600.0,1837.65,1837.65,1837.65,1837.65,913075.0,0.0
NIFTY,26-DEC-2024,26000.0,12-11-2024 15:02:00,27.0,27.2,26.8,27.15,2721675.0,0.0,1830.95,1830.95,1830.95,1830.95,913075.0,0.0
NIFTY,26-DEC-2024,26000.0,12-11-2024 15:03:00,27.25,28.65,27.25,28.65,2721675.0,28375.0,1830.95,1833.05,1830.95,1831.65,913075.0,425.0
NIFTY,26-DEC-2024,26000.0,12-11-2024 15:04:00,28.8,29.15,28.55,29.05,2763600.0,45375.0,1833.2,1849.95,1833.2,1846.1,913125.0,225.0
NIFTY,26-DEC-2024,26000.0,12-11-2024 15:05:00,29.1,29.3,28.45,28.45,2763600.0,0.0,1846.1,1846.1,1846.1,1846.1,913125.0,250.0
NIFTY,26-DEC-2024,26000.0,12-11-2024 15:06:00,28.55,28.75,28.05,28.45,2763600.0,0.0,1842.05,1851.95,1842.05,1850.8,913125.0,0.0
NIFTY,26-DEC-2024,26000.0,12-11-2024 15:07:00,28.5,28.5,28.1,28.2,2763925.0,31950.0,1851.4,1867.15,1851.1,1867.15,913200.0,225.0
NIFTY,26-DEC-2024,26000.0,12-11-2024 15:08:00,28.4,29.3,28.4,29.1,2763925.0,10700.0,1870.45,1878.4,1870.45,1877.0,913200.0,1450.0
NIFTY,26-DEC-2024,26000.0,12-11-2024 15:09:00,29.1,29.35,27.8,28.55,2763925.0,25625.0,1877.0,1885.0,1877.0,1880.05,913200.0,2150.0
NIFTY,26-DEC-2024,26000.0,12-11-2024 15:10:00,28.6,29.05,28.35,28.5,2779125.0,0.0,1885.0,1888.0,1885.0,1888.0,913200.0,0.0
NIFTY,26-DEC-2024,26000.0,12-11-2024 15:11:00,28.55,28.55,28.05,28.05,2779125.0,0.0,1888.0,1893.0,1888.0,1893.0,912550.0,375.0
NIFTY,26-DEC-2024,26000.0,12-11-2024 15:12:00,28.25,28.25,27.65,27.7,2779125.0,31850.0,1893.0,1894.0,1890.0,1890.0,912550.0,475.0
NIFTY,26-DEC-2024,26000.0,12-11-2024 15:13:00,27.95,27.95,27.45,27.7,2776750.0,0.0,1899.0,1899.0,1899.0,1899.0,912550.0,0.0
NIFTY,26-DEC-2024,26000.0,12-11-2024 15:14:00,27.7,27.7,27.3,27.55,2776750.0,5275.0,1897.3,1897.3,1895.0,1897.3,912550.0,100.0
NIFTY,26-DEC-2024,26000.0,12-11-2024 15:15:00,27.5,27.5,27.35,27.5,2776750.0,3125.0,1895.0,1895.0,1890.0,1890.0,912550.0,175.0
NIFTY,26-DEC-2024,26000.0,12-11-2024 15:16:00,27.45,27.45,27.1,27.4,2774550.0,2000.0,1890.0,1890.0,1890.0,1890.0,912550.0,25.0
NIFTY,26-DEC-2024,26000.0,12-11-2024 15:17:00,27.35,27.4,27.1,27.15,2774550.0,0.0,1900.0,1900.0,1896.95,1896.95,912450.0,0.0
NIFTY,26-DEC-2024,26000.0,12-11-2024 15:18:00,27.15,27.15,27.0,27.15,2774550.0,6750.0,1898.0,1898.0,1896.45,1896.45,912450.0,225.0
NIFTY,26-DEC-2024,26000.0,12-11-2024 15:19:00,27.15,27.35,27.05,27.3,2775625.0,4825.0,1893.0,1893.0,1893.0,1893.0,912425.0,50.0
NIFTY,26-DEC-2024,26000.0,12-11-2024 15:20:00,27.05,27.2,27.0,27.0,2775625.0,2200.0,1893.0,1893.0,1893.0,1893.0,912425.0,75.0
NIFTY,26-DEC-2024,26000.0,12-11-2024 15:21:00,27.2,27.2,27.1,27.1,2775625.0,0.0,1893.0,1893.0,1891.45,1891.45,912425.0,0.0
NIFTY,26-DEC-2024,26000.0,12-11-2024 15:22:00,27.05,27.05,26.75,26.85,2773425.0,2650.0,1891.45,1891.45,1887.6,1890.6,912025.0,400.0
NIFTY,26-DEC-2024,26000.0,12-11-2024 15:23:00,26.65,27.4,26.65,27.2,2773425.0,6200.0,1891.8,1900.0,1891.8,1899.3,912025.0,400.0
NIFTY,26-DEC-2024,26000.0,12-11-2024 15:24:00,27.15,27.4,27.15,27.25,2773425.0,15775.0,1899.3,1907.0,1899.3,1907.0,912025.0,750.0
NIFTY,26-DEC-2024,26000.0,12-11-2024 15:25:00,27.4,27.8,27.4,27.8,2782300.0,0.0,1907.0,1907.0,1901.55,1904.1,911975.0,325.0
NIFTY,26-DEC-2024,26000.0,12-11-2024 15:26:00,27.75,28.0,27.75,28.0,2782300.0,0.0,1904.1,1908.6,1904.1,1908.6,911975.0,100.0
NIFTY,26-DEC-2024,26000.0,12-11-2024 15:27:00,27.95,28.0,27.75,27.9,2782300.0,24050.0,1909.5,1915.85,1908.95,1913.0,911975.0,600.0
NIFTY,26-DEC-2024,26000.0,12-11-2024 15:28:00,27.9,27.95,27.65,27.95,2782750.0,0.0,1913.0,1918.95,1910.9,1917.0,911975.0,450.0
NIFTY,26-DEC-2024,26000.0,12-11-2024 15:29:00,27.95,27.95,27.35,27.4,2782750.0,3425.0,1917.0,1918.95,1914.6,1914.6,912200.0,475.0
NIFTY,26-DEC-2024,26000.0,13-11-2024 09:15:00,27.4,27.4,25.25,27.3,2781700.0,0.0,1914.6,1966.35,1914.6,1965.0,912000.0,150.0
NIFTY,26-DEC-2024,26000.0,13-11-2024 09:16:00,26.85,26.85,25.65,26.4,2781700.0,0.0,1965.0,1965.0,1933.55,1933.55,912025.0,800.0
NIFTY,26-DEC-2024,26000.0,13-11-2024 09:17:00,26.5,27.25,26.35,27.05,2781700.0,0.0,1935.0,1940.0,1919.9,1925.0,912025.0,325.0
NIFTY,26-DEC-2024,26000.0,13-11-2024 09:18:00,27.0,27.4,27.0,27.2,2781200.0,0.0,1930.0,1933.1,1925.0,1927.0,912650.0,175.0
NIFTY,26-DEC-2024,26000.0,13-11-2024 09:19:00,27.3,27.9,27.0,27.3,2781200.0,17525.0,1928.0,1930.0,1923.0,1930.0,912650.0,0.0
NIFTY,26-DEC-2024,26000.0,13-11-2024 09:20:00,27.3,27.5,27.0,27.0,2781200.0,3700.0,1943.65,1943.65,1943.65,1943.65,912650.0,0.0
NIFTY,26-DEC-2024,26000.0,13-11-2024 09:21:00,27.0,27.1,27.0,27.05,2781375.0,0.0,1964.7,1966.0,1953.45,1959.65,912650.0,0.0
NIFTY,26-DEC-2024,26000.0,13-11-2024 09:22:00,27.0,27.3,27.0,27.0,2781375.0,0.0,1933.3,1940.0,1933.3,1940.0,912925.0,0.0
NIFTY,26-DEC-2024,26000.0,13-11-2024 09:23:00,27.2,27.4,26.85,27.35,2781375.0,0.0,1923.0,1923.0,1911.85,1911.85,912925.0,0.0
NIFTY,26-DEC-2024,26000.0,13-11-2024 09:24:00,27.2,27.4,26.8,26.8,2782925.0,0.0,1912.0,1912.0,1912.0,1912.0,912925.0,0.0
NIFTY,26-DEC-2024,26000.0,13-11-2024 09:25:00,26.85,27.05,26.8,26.85,2782925.0,0.0,1922.0,1930.15,1917.7,1917.7,912800.0,0.0
NIFTY,26-DEC-2024,26000.0,13-11-2024 09:26:00,26.8,26.9,26.5,26.5,2782925.0,0.0,1942.2,1950.75,1939.0,1950.75,912800.0,2900.0
NIFTY,26-DEC-2024,26000.0,13-11-2024 09:27:00,27.0,27.0,26.4,26.4,2783750.0,41500.0,1954.9,1954.9,1945.6,1945.6,912800.0,400.0
NIFTY,26-DEC-2024,26000.0,13-11-2024 09:28:00,26.65,26.65,26.4,26.5,2783750.0,0.0,1953.5,1953.5,1952.9,1952.9,912875.0,0.0
NIFTY,26-DEC-2024,26000.0,13-11-2024 09:29:00,26.5,26.75,26.25,26.45,2783750.0,0.0,,,,,,
NIFTY,26-DEC-2024,26000.0,13-11-2024 09:30:00,26.2,26.5,26.1,26.2,2782900.0,7525.0,1971.55,1983.75,1970.75,1970.75,912800.0,125.0
NIFTY,26-DEC-2024,26000.0,13-11-2024 09:31:00,26.7,27.0,26.5,26.7,2782900.0,8625.0,1970.75,1970.75,1970.75,1970.75,912800.0,575.0
NIFTY,26-DEC-2024,26000.0,13-11-2024 09:32:00,26.75,26.75,26.2,26.35,2782900.0,8325.0,1950.0,1950.0,1947.75,1947.75,912800.0,75.0
NIFTY,26-DEC-2024,26000.0,13-11-2024 09:33:00,26.5,26.5,26.0,26.0,2786475.0,7925.0,1963.8,1963.8,1963.8,1963.8,912800.0,325.0
NIFTY,26-DEC-2024,26000.0,13-11-2024 09:34:00,26.1,26.25,26.0,26.0,2786475.0,0.0,1962.0,1990.0,1962.0,1990.0,912375.0,775.0
NIFTY,26-DEC-2024,26000.0,13-11-2024 09:35:00,25.8,26.0,25.35,25.35,2786475.0,0.0,1990.0,1990.0,1979.5,1979.5,912375.0,0.0
NIFTY,26-DEC-2024,26000.0,13-11-2024 09:36:00,25.35,25.65,25.0,25.2,2788250.0,11650.0,1979.5,1980.0,1979.5,1980.0,912375.0,50.0
NIFTY,26-DEC-2024,26000.0,13-11-2024 09:37:00,25.0,25.4,25.0,25.4,2788250.0,6925.0,1980.0,1985.0,1978.75,1978.75,911950.0,25.0
NIFTY,26-DEC-2024,26000.0,13-11-2024 09:38:00,25.45,26.0,25.35,25.95,2788250.0,0.0,1983.9,1983.9,1971.05,1974.3,911950.0,0.0
NIFTY,26-DEC-2024,26000.0,13-11-2024 09:39:00,25.75,25.95,25.4,25.95,2790800.0,8200.0,1980.0,1989.95,1972.85,1989.95,911775.0,1225.0
NIFTY,26-DEC-2024,26000.0,13-11-2024 09:40:00,25.7,26.25,25.7,25.8,2790800.0,7900.0,1990.0,1990.0,1990.0,1990.0,911775.0,1675.0
NIFTY,26-DEC-2024,26000.0,13-11-2024 09:41:00,25.8,25.8,25.25,25.3,2790800.0,0.0,1990.0,1990.0,1990.0,1990.0,911775.0,0.0
NIFTY,26-DEC-2024,26000.0,13-11-2024 09:42:00,25.4,25.8,25.3,25.35,2788550.0,15000.0,1983.35,1983.35,1983.35,1983.35,911775.0,19100.0
NIFTY,26-DEC-2024,26000.0,13-11-2024 09:43:00,25.5,26.2,25.5,25.75,2788550.0,6050.0,2003.25,2003.25,1999.0,1999.0,910000.0,100.0
NIFTY,26-DEC-2024,26000.0,13-11-2024 09:44:00,25.8,26.05,25.2,25.2,2788550.0,10850.0,2009.95,2015.0,2009.95,2015.0,910000.0,200.0
NIFTY,26-DEC-2024,26000.0,13-11-2024 09:45:00,25.3,25.3,25.0,25.05,2788550.0,0.0,2015.0,2017.55,2008.0,2008.0,910000.0,0.0
NIFTY,26-DEC-2024,26000.0,13-11-2024 09:46:00,25.3,25.3,24.95,25.3,2783375.0,12125.0,2011.05,2021.9,2011.05,2021.9,909625.0,625.0
NIFTY,26-DEC-2024,26000.0,13-11-2024 09:47:00,25.3,25.75,25.0,25.0,2783375.0,9575.0,2017.1,2045.0,2017.1,2045.0,909625.0,300.0
NIFTY,26-DEC-2024,26000.0,13-11-2024 09:48:00,25.0,25.3,24.75,25.2,2786350.0,8850.0,2050.0,2052.6,2044.75,2044.75,909625.0,500.0
NIFTY,26-DEC-2024,26000.0,13-11-2024 09:49:00,24.7,24.95,24.15,24.95,2786350.0,0.0,2050.0,2050.05,2050.0,2050.05,909475.0,0.0
NIFTY,26-DEC-2024,26000.0,13-11-2024 09:50:00,25.35,25.5,25.2,25.5,2786350.0,14925.0,2050.05,2050.05,2050.05,2050.05,909475.0,350.0
NIFTY,26-DEC-2024,26000.0,13-11-2024 09:51:00,25.9,26.0,25.5,25.85,2785450.0,0.0,2030.7,2037.2,2007.0,2007.0,908975.0,650.0
NIFTY,26-DEC-2024,26000.0,13-11-2024 09:52:00,25.9,26.2,25.5,25.95,2785450.0,0.0,2015.85,2015.85,1980.0,2007.9,908975.0,0.0
NIFTY,26-DEC-2024,26000.0,13-11-2024 09:53:00,25.5,26.0,25.5,25.85,2785450.0,0.0,2008.2,2010.0,2008.2,2010.0,908975.0,0.0
NIFTY,26-DEC-2024,26000.0,13-11-2024 09:54:00,25.3,25.7,25.15,25.2,2783975.0,15675.0,2010.2,2018.15,2010.2,2018.15,908975.0,0.0
NIFTY,26-DEC-2024,26000.0,13-11-2024 09:55:00,25.6,25.8,25.3,25.5,2783975.0,0.0,2010.9,2016.0,1997.5,2010.15,905725.0,4775.0
NIFTY,26-DEC-2024,26000.0,13-11-2024 09:56:00,25.8,25.9,25.6,25.6,2783975.0,0.0,2015.0,2015.0,2007.0,2007.0,905725.0,0.0
NIFTY,26-DEC-2024,26000.0,13-11-2024 09:57:00,25.6,26.5,25.6,26.0,2779625.0,9325.0,1994.95,1994.95,1994.95,1994.95,905725.0,0.0
NIFTY,26-DEC-2024,26000.0,13-11-2024 09:58:00,26.0,26.2,25.6,26.15,2779625.0,0.0,2015.0,2016.0,2015.0,2016.0,905375.0,0.0
NIFTY,26-DEC-2024,26000.0,13-11-2024 09:59:00,26.15,26.5,26.0,26.4,2779625.0,0.0,2011.1,2011.1,2000.0,2000.0,905375.0,0.0
NIFTY,26-DEC-2024,26000.0,13-11-2024 10:00:00,26.25,26.25,26.0,26.0,2778075.0,0.0,2000.0,2000.0,2000.0,2000.0,905375.0,675.0
NIFTY,26-DEC-2024,26000.0,13-11-2024 10:01:00,25.85,25.85,25.5,25.5,2778075.0,0.0,2005.0,2005.0,2005.0,2005.0,905075.0,0.0
NIFTY,26-DEC-2024,26000.0,13-11-2024 10:02:00,25.5,25.8,25.35,25.8,2778075.0,19725.0,2005.0,2016.85,2005.0,2010.1,905075.0,100.0
NIFTY,26-DEC-2024,26000.0,13-11-2024 10:03:00,25.5,25.75,25.5,25.55,2778075.0,1050.0,2010.0,2012.0,2010.0,2012.0,905075.0,625.0
NIFTY,26-DEC-2024,26000.0,13-11-2024 10:04:00,25.55,25.6,25.3,25.6,2778000.0,0.0,2012.0,2012.0,2012.0,2012.0,905075.0,0.0
NIFTY,26-DEC-2024,26000.0,13-11-2024 10:05:00,25.55,25.55,25.2,25.2,2778000.0,0.0,2030.0,2030.0,2030.0,2030.0,905075.0,25.0
NIFTY,26-DEC-2024,26000.0,13-11-2024 10:06:00,25.5,25.8,25.4,25.6,2778000.0,0.0,2040.0,2040.45,2033.0,2033.0,904575.0,0.0
NIFTY,26-DEC-2024,26000.0,13-11-2024 10:07:00,25.5,25.7,25.5,25.7,2776200.0,4825.0,2045.0,2063.4,2045.0,2063.4,904075.0,650.0
NIFTY,26-DEC-2024,26000.0,13-11-2024 10:08:00,25.9,25.9,24.8,24.8,2776200.0,0.0,2055.0,2055.0,2055.0,2055.0,904075.0,0.0
NIFTY,26-DEC-2024,26000.0,13-11-2024 10:09:00,24.8,25.0,24.65,24.65,2776200.0,9625.0,2048.1,2053.25,2048.1,2050.25,903950.0,550.0
NIFTY,26-DEC-2024,26000.0,13-11-2024 10:10:00,24.9,25.05,24.55,24.85,2781775.0,0.0,2050.25,2057.8,2037.05,2045.35,903950.0,0.0
NIFTY,26-DEC-2024,26000.0,13-11-2024 10:11:00,24.7,25.2,24.65,25.2,2781775.0,0.0,2043.05,2046.0,2041.05,2046.0,903950.0,0.0
NIFTY,26-DEC-2024,26000.0,13-11-2024 10:12:00,25.1,25.15,25.1,25.15,2781775.0,16075.0,2039.35,2041.0,2039.35,2041.0,903950.0,1150.0
NIFTY,26-DEC-2024,26000.0,13-11-2024 10:13:00,25.15,25.15,24.8,25.0,2780250.0,7175.0,2044.5,2079.2,2041.95,2079.2,903025.0,275.0
NIFTY,26-DEC-2024,26000.0,13-11-2024 10:14:00,24.8,25.1,24.75,24.9,2780250.0,0.0,2080.6,2086.4,2075.95,2086.4,903025.0,0.0
NIFTY,26-DEC-2024,26000.0,13-11-2024 10:15:00,24.9,26.3,24.5,26.1,2780250.0,8825.0,2079.35,2090.6,2079.35,2086.75,903025.0,1275.0
NIFTY,26-DEC-2024,26000.0,13-11-2024 10:16:00,26.05,26.6,26.05,26.4,2770650.0,0.0,2093.0,2096.45,2082.7,2096.45,902675.0,0.0
NIFTY,26-DEC-2024,26000.0,13-11-2024 10:17:00,26.5,27.0,26.5,26.9,2770650.0,0.0,2090.0,2090.0,2077.9,2077.9,902675.0,1575.0
NIFTY,26-DEC-2024,26000.0,13-11-2024 10:18:00,27.75,27.75,27.0,27.35,2762675.0,0.0,2072.9,2072.9,2057.0,2057.0,902675.0,0.0
NIFTY,26-DEC-2024,26000.0,13-11-2024 10:19:00,27.25,27.25,26.85,26.9,2762675.0,0.0,2059.75,2059.85,2059.75,2059.85,901300.0,0.0
NIFTY,26-DEC-2024,26000.0,13-11-2024 10:20:00,26.8,26.8,26.6,26.6,2762675.0,72150.0,2058.55,2058.55,2058.55,2058.55,901300.0,500.0
NIFTY,26-DEC-2024,26000.0,13-11-2024 10:21:00,26.6,26.75,26.4,26.4,2762225.0,0.0,2075.45,2084.45,2072.2,2072.2,901300.0,0.0
NIFTY,26-DEC-2024,26000.0,13-11-2024 10:22:00,26.35,26.7,26.3,26.55,2762225.0,6450.0,2072.2,2083.1,2072.2,2083.1,901075.0,625.0
NIFTY,26-DEC-2024,26000.0,13-11-2024 10:23:00,26.65,26.75,26.3,26.7,2762225.0,5700.0,2082.7,2089.85,2082.7,2089.85,901075.0,125.0
NIFTY,26-DEC-2024,26000.0,13-11-2024 10:24:00,26.75,26.75,26.65,26.65,2762225.0,1925.0,2083.7,2083.7,2083.7,2083.7,901075.0,275.0
NIFTY,26-DEC-2024,26000.0,13-11-2024 10:25:00,27.0,27.5,26.8,27.15,2763325.0,7175.0,2068.45,2068.45,2031.7,2031.7,900750.0,200.0
NIFTY,26-DEC-2024,26000.0,13-11-2024 10:26:00,27.1,27.2,26.65,26.65,2763325.0,0.0,2033.0,2058.8,2033.0,2058.8,900750.0,0.0
NIFTY,26-DEC-2024,26000.0,13-11-2024 10:27:00,26.95,27.05,26.95,27.05,2763325.0,2175.0,2049.7,2051.8,2044.4,2051.8,900075.0,825.0
NIFTY,26-DEC-2024,26000.0,13-11-2024 10:28:00,26.9,26.9,26.85,26.85,2763350.0,0.0,2051.8,2051.8,2051.8,2051.8,900075.0,250.0
NIFTY,26-DEC-2024,26000.0,13-11-2024 10:29:00,26.75,26.95,25.9,26.2,2763350.0,0.0,,,,,,
NIFTY,26-DEC-2024,26000.0,13-11-2024 10:30:00,26.25,26.45,26.25,26.25,2763350.0,12700.0,2051.8,2051.8,2051.8,2051.8,900075.0,0.0
NIFTY,26-DEC-2024,26000.0,13-11-2024 10:31:00,26.1,26.3,25.9,25.9,2764175.0,2700.0,2044.0,2062.5,2044.0,2062.5,899950.0,50.0
NIFTY,26-DEC-2024,26000.0,13-11-2024 10:32:00,25.95,26.45,25.95,26.15,2764175.0,4375.0,2065.25,2065.3,2065.25,2065.3,899950.0,175.0
NIFTY,26-DEC-2024,26000.0,13-11-2024 10:33:00,26.55,26.55,26.55,26.55,2764175.0,1925.0,2065.3,2065.3,2065.3,2065.3,899950.0,0.0
NIFTY,26-DEC-2024,26000.0,13-11-2024 10:34:00,26.35,26.65,26.2,26.5,2764800.0,0.0,,,,,,
NIFTY,26-DEC-2024,26000.0,13-11-2024 10:35:00,26.5,26.75,26.25,26.25,2764800.0,3975.0,2065.3,2065.3,2027.1,2027.1,899925.0,0.0
NIFTY,26-DEC-2024,26000.0,13-11-2024 10:36:00,26.4,26.4,26.3,26.3,2764800.0,3225.0,2027.1,2031.0,2027.1,2031.0,899925.0,175.0
NIFTY,26-DEC-2024,26000.0,13-11-2024 10:37:00,26.1,26.1,25.9,25.9,2765075.0,750.0,2031.0,2031.0,2030.0,2030.0,899925.0,225.0
NIFTY,26-DEC-2024,26000.0,13-11-2024 10:38:00,26.0,26.0,25.75,25.75,2765075.0,3625.0,2030.0,2044.9,2030.0,2039.8,899925.0,0.0
NIFTY,26-DEC-2024,26000.0,13-11-2024 10:39:00,25.6,25.65,25.2,25.2,2765075.0,1100.0,2047.95,2052.0,2047.95,2052.0,899925.0,150.0
NIFTY,26-DEC-2024,26000.0,13-11-2024 10:40:00,25.15,25.15,25.0,25.0,2765350.0,0.0,,,,,,
NIFTY,26-DEC-2024,26000.0,13-11-2024 10:41:00,25.2,25.2,24.95,24.95,2765350.0,0.0,2065.3,2065.3,2065.3,2065.3,899950.0,0.0
NIFTY,26-DEC-2024,26000.0,13-11-2024 10:42:00,24.95,25.4,24.95,25.4,2765350.0,12850.0,2065.3,2065.3,2061.25,2061.25,899950.0,475.0
NIFTY,26-DEC-2024,26000.0,13-11-2024 10:43:00,25.1,25.35,25.05,25.35,2763975.0,0.0,2061.25,2062.0,2061.25,2062.0,900175.0,0.0
NIFTY,26-DEC-2024,26000.0,13-11-2024 10:44:00,25.15,25.15,24.95,25.0,2763975.0,3500.0,2068.0,2068.0,2068.0,2068.0,900175.0,150.0
NIFTY,26-DEC-2024,26000.0,13-11-2024 10:45:00,25.2,25.4,25.1,25.4,2763975.0,9075.0,2056.2,2056.2,2056.2,2056.2,900175.0,100.0
NIFTY,26-DEC-2024,26000.0,13-11-2024 10:47:00,25.35,25.35,24.9,25.0,2762875.0,750.0,,,,,,
NIFTY,26-DEC-2024,26000.0,13-11-2024 10:48:00,25.1,25.1,24.95,24.95,2762875.0,2500.0,2056.2,2056.2,2056.2,2056.2,900175.0,0.0
NIFTY,26-DEC-2024,26000.0,13-11-2024 10:49:00,24.8,25.0,24.8,25.0,2764050.0,775.0,2056.2,2056.2,2056.2,2056.2,900175.0,0.0
NIFTY,26-DEC-2024,26000.0,13-11-2024 10:50:00,24.75,25.0,24.75,24.9,2764050.0,0.0,2056.2,2056.2,2056.2,2056.2,900175.0,0.0
NIFTY,26-DEC-2024,26000.0,13-11-2024 10:51:00,24.9,25.1,24.8,25.1,2764050.0,725.0,2056.2,2056.2,2045.85,2053.8,900125.0,0.0
NIFTY,26-DEC-2024,26000.0,13-11-2024 10:52:00,25.15,25.15,25.15,25.15,2762925.0,0.0,,,,,,
NIFTY,26-DEC-2024,26000.0,13-11-2024 10:53:00,25.3,25.75,25.3,25.5,2762925.0,3650.0,2003.0,2003.0,1995.35,1995.35,900125.0,125.0
NIFTY,26-DEC-2024,26000.0,13-11-2024 10:54:00,25.55,25.65,25.25,25.45,2762925.0,0.0,,,,,,
NIFTY,26-DEC-2024,26000.0,13-11-2024 10:55:00,25.35,25.4,25.1,25.4,2764575.0,1900.0,1995.35,1995.35,1995.35,1995.35,900125.0,0.0
NIFTY,26-DEC-2024,26000.0,13-11-2024 10:56:00,25.4,26.05,25.1,26.05,2764575.0,1150.0,1995.35,2030.0,1995.35,2030.0,900100.0,0.0
NIFTY,26-DEC-2024,26000.0,13-11-2024 10:57:00,25.85,26.1,25.8,26.1,2764575.0,0.0,2043.95,2043.95,2042.0,2042.0,900100.0,425.0
NIFTY,26-DEC-2024,26000.0,13-11-2024 10:58:00,26.1,26.1,25.85,26.1,2768875.0,12650.0,2042.0,2042.0,2042.0,2042.0,900100.0,50.0
NIFTY,26-DEC-2024,26000.0,13-11-2024 10:59:00,26.1,26.1,26.0,26.0,2768875.0,0.0,2042.0,2042.0,2042.0,2042.0,900000.0,0.0
NIFTY,26-DEC-2024,26000.0,13-11-2024 11:00:00,25.85,26.0,25.7,26.0,2768875.0,0.0,2042.0,2042.0,2042.0,2042.0,900000.0,25.0
NIFTY,26-DEC-2024,26000.0,13-11-2024 11:01:00,26.0,26.0,25.8,25.8,2768500.0,1200.0,2042.0,2042.0,2042.0,2042.0,900000.0,50.0
NIFTY,26-DEC-2024,26000.0,13-11-2024 11:02:00,25.8,25.8,25.55,25.55,2768500.0,0.0,2041.0,2050.35,2041.0,2050.35,900050.0,50.0
NIFTY,26-DEC-2024,26000.0,13-11-2024 11:03:00,25.7,25.7,25.2,25.4,2768500.0,1725.0,2040.0,2050.95,2040.0,2050.95,900050.0,150.0
NIFTY,26-DEC-2024,26000.0,13-11-2024 11:04:00,25.4,25.4,25.0,25.25,2769600.0,200.0,2050.95,2050.95,2050.95,2050.95,900050.0,25.0
NIFTY,26-DEC-2024,26000.0,13-11-2024 11:05:00,25.25,25.3,25.2,25.2,2769600.0,500.0,2046.0,2046.0,2046.0,2046.0,900050.0,50.0
NIFTY,26-DEC-2024,26000.0,13-11-2024 11:06:00,25.0,25.05,24.95,24.95,2769600.0,0.0,,,,,,
NIFTY,26-DEC-2024,26000.0,13-11-2024 11:07:00,24.85,24.9,24.75,24.9,2768525.0,0.0,,,,,,
NIFTY,26-DEC-2024,26000.0,13-11-2024 11:08:00,24.8,24.9,24.8,24.85,2768525.0,2225.0,2046.0,2046.0,2046.0,2046.0,900050.0,0.0
NIFTY,26-DEC-2024,26000.0,13-11-2024 11:09:00,24.85,24.9,24.8,24.8,2768525.0,825.0,2051.0,2056.9,2051.0,2056.9,900075.0,100.0
NIFTY,26-DEC-2024,26000.0,13-11-2024 11:10:00,25.0,25.1,24.9,25.1,2769050.0,0.0,,,,,,
NIFTY,26-DEC-2024,26000.0,13-11-2024 11:11:00,25.0,25.1,24.9,24.9,2769050.0,7075.0,2060.7,2062.0,2059.8,2060.7,900075.0,400.0
NIFTY,26-DEC-2024,26000.0,13-11-2024 11:12:00,25.15,25.2,24.9,24.9,2769050.0,2350.0,2060.7,2060.7,2060.7,2060.7,900075.0,100.0
NIFTY,26-DEC-2024,26000.0,13-11-2024 11:13:00,25.1,25.25,25.05,25.05,2775750.0,0.0,2060.7,2060.7,2060.7,2060.7,900075.0,0.0
NIFTY,26-DEC-2024,26000.0,13-11-2024 11:14:00,25.05,25.4,25.05,25.3,2775750.0,1700.0,2051.2,2062.8,2048.0,2062.8,900075.0,75.0
NIFTY,26-DEC-2024,26000.0,13-11-2024 11:15:00,25.35,25.35,25.05,25.1,2775750.0,4175.0,2062.8,2062.8,2062.8,2062.8,900075.0,300.0
NIFTY,26-DEC-2024,26000.0,13-11-2024 11:16:00,25.1,25.2,24.9,25.0,2774675.0,1050.0,2051.9,2051.9,2051.9,2051.9,900200.0,50.0
NIFTY,26-DEC-2024,26000.0,13-11-2024 11:17:00,25.35,25.35,24.8,24.8,2774675.0,0.0,,,,,,
NIFTY,26-DEC-2024,26000.0,13-11-2024 11:18:00,24.75,25.0,24.7,24.7,2774675.0,0.0,2065.55,2067.7,2065.55,2067.7,900200.0,0.0
NIFTY,26-DEC-2024,26000.0,13-11-2024 11:19:00,25.0,25.0,24.3,24.8,2776675.0,0.0,2075.0,2075.0,2066.85,2074.5,900200.0,0.0
NIFTY,26-DEC-2024,26000.0,13-11-2024 11:20:00,24.4,24.75,24.4,24.7,2776675.0,0.0,2065.55,2065.55,2065.55,2065.55,900200.0,0.0
NIFTY,26-DEC-2024,26000.0,13-11-2024 11:21:00,24.7,24.8,24.4,24.4,2776675.0,0.0,2060.0,2060.0,2060.0,2060.0,900200.0,0.0
NIFTY,26-DEC-2024,26000.0,13-11-2024 11:22:00,24.75,24.75,24.6,24.65,2775975.0,0.0,2059.0,2059.0,2059.0,2059.0,899525.0,0.0
NIFTY,26-DEC-2024,26000.0,13-11-2024 11:23:00,24.65,24.8,24.65,24.8,2775975.0,11950.0,2059.0,2059.0,2054.0,2054.0,899525.0,2725.0
NIFTY,26-DEC-2024,26000.0,13-11-2024 11:24:00,24.35,24.7,24.05,24.5,2775975.0,0.0,2040.0,2052.75,2040.0,2052.75,899525.0,0.0
NIFTY,26-DEC-2024,26000.0,13-11-2024 11:25:00,24.0,25.05,24.0,25.0,2775200.0,0.0,,,,,,
NIFTY,26-DEC-2024,26000.0,13-11-2024 11:26:00,25.05,25.75,25.05,25.25,2775200.0,45800.0,,,,,,
NIFTY,26-DEC-2024,26000.0,13-11-2024 11:27:00,25.2,26.0,25.2,25.25,2775200.0,0.0,,,,,,
NIFTY,26-DEC-2024,26000.0,13-11-2024 11:28:00,25.1,25.2,25.1,25.2,2774625.0,11800.0,2052.75,2052.75,2051.95,2051.95,899050.0,575.0
NIFTY,26-DEC-2024,26000.0,13-11-2024 11:29:00,25.2,25.2,25.2,25.2,2774625.0,775.0,2051.95,2052.15,2051.95,2052.15,899050.0,50.0
NIFTY,26-DEC-2024,26000.0,13-11-2024 11:30:00,25.15,25.45,25.15,25.4,2774625.0,1175.0,2055.4,2056.0,2054.45,2056.0,899050.0,625.0
NIFTY,26-DEC-2024,26000.0,13-11-2024 11:31:00,25.15,25.8,25.15,25.65,2774575.0,5600.0,2057.0,2062.9,2057.0,2062.9,899100.0,375.0
NIFTY,26-DEC-2024,26000.0,13-11-2024 11:32:00,25.65,25.9,25.6,25.65,2774575.0,0.0,,,,,,
NIFTY,26-DEC-2024,26000.0,13-11-2024 11:33:00,25.7,25.75,25.7,25.75,2774575.0,5850.0,2055.75,2055.75,2055.75,2055.75,899100.0,350.0
NIFTY,26-DEC-2024,26000.0,13-11-2024 11:34:00,25.7,25.7,25.45,25.5,2779375.0,5425.0,2059.55,2059.55,2055.6,2055.6,898875.0,250.0
NIFTY,26-DEC-2024,26000.0,13-11-2024 11:35:00,25.5,25.7,25.5,25.5,2779375.0,4175.0,2049.8,2055.0,2040.0,2040.0,898875.0,2075.0
NIFTY,26-DEC-2024,26000.0,13-11-2024 11:36:00,25.7,25.7,25.5,25.5,2779375.0,1550.0,2045.0,2045.0,2045.0,2045.0,898875.0,1025.0
NIFTY,26-DEC-2024,26000.0,13-11-2024 11:37:00,25.5,25.6,25.5,25.5,2781875.0,0.0,2055.0,2055.0,2051.55,2051.55,896775.0,0.0
NIFTY,26-DEC-2024,26000.0,13-11-2024 11:38:00,25.5,25.55,25.5,25.55,2781875.0,5050.0,2051.55,2053.8,2051.55,2053.8,896775.0,1025.0
NIFTY,26-DEC-2024,26000.0,13-11-2024 11:39:00,25.5,25.5,25.5,25.5,2781875.0,1250.0,2058.0,2058.0,2050.0,2052.4,896775.0,225.0
NIFTY,26-DEC-2024,26000.0,13-11-2024 11:40:00,25.65,25.65,25.5,25.5,2786400.0,1075.0,2051.2,2051.2,2051.2,2051.2,896775.0,500.0
NIFTY,26-DEC-2024,26000.0,13-11-2024 11:41:00,25.5,25.5,25.35,25.4,2786400.0,3250.0,2050.75,2050.75,2050.75,2050.75,895350.0,25.0
NIFTY,26-DEC-2024,26000.0,13-11-2024 11:42:00,25.4,25.45,25.4,25.45,2786400.0,0.0,,,,,,
NIFTY,26-DEC-2024,26000.0,13-11-2024 11:43:00,25.45,25.6,25.35,25.6,2787050.0,150.0,2050.75,2080.0,2050.75,2080.0,895350.0,0.0
NIFTY,26-DEC-2024,26000.0,13-11-2024 11:44:00,25.5,25.75,25.3,25.35,2787050.0,5400.0,2079.45,2086.0,2079.45,2086.0,895350.0,525.0
NIFTY,26-DEC-2024,26000.0,13-11-2024 11:45:00,25.4,25.45,25.2,25.2,2787050.0,0.0,2076.85,2076.85,2075.2,2075.85,895350.0,825.0
NIFTY,26-DEC-2024,26000.0,13-11-2024 11:46:00,25.25,25.4,25.1,25.3,2791875.0,0.0,2072.75,2076.55,2066.65,2071.2,894750.0,0.0
NIFTY,26-DEC-2024,26000.0,13-11-2024 11:47:00,25.4,25.5,25.3,25.35,2791875.0,4600.0,2071.2,2071.2,2053.5,2061.65,894750.0,425.0
NIFTY,26-DEC-2024,26000.0,13-11-2024 11:48:00,25.3,25.4,25.05,25.2,2791875.0,1225.0,2053.2,2062.5,2053.2,2062.5,894750.0,1000.0
NIFTY,26-DEC-2024,26000.0,13-11-2024 11:49:00,25.4,25.6,25.4,25.6,2792425.0,275.0,2062.5,2062.5,2062.5,2062.5,894750.0,150.0
NIFTY,26-DEC-2024,26000.0,13-11-2024 11:50:00,25.5,25.5,25.5,25.5,2792425.0,225.0,2062.5,2062.5,2062.5,2062.5,894750.0,0.0
NIFTY,26-DEC-2024,26000.0,13-11-2024 11:51:00,25.4,25.4,25.1,25.3,2792425.0,725.0,2057.0,2057.0,2057.0,2057.0,893775.0,25.0
NIFTY,26-DEC-2024,26000.0,13-11-2024 11:52:00,25.15,25.3,25.1,25.15,2792650.0,0.0,2055.0,2055.0,2055.0,2055.0,893775.0,0.0
NIFTY,26-DEC-2024,26000.0,13-11-2024 11:53:00,25.15,25.35,25.15,25.2,2792650.0,725.0,2055.0,2055.0,2055.0,2055.0,893775.0,125.0
NIFTY,26-DEC-2024,26000.0,13-11-2024 11:54:00,25.45,25.45,25.3,25.3,2792650.0,100.0,2055.0,2055.0,2055.0,2055.0,893775.0,25.0
NIFTY,26-DEC-2024,26000.0,13-11-2024 11:55:00,25.3,25.45,25.2,25.45,2792000.0,1400.0,2054.75,2054.75,2054.75,2054.75,893750.0,50.0
NIFTY,26-DEC-2024,26000.0,13-11-2024 11:56:00,25.35,25.35,25.2,25.35,2792000.0,1300.0,2054.75,2064.0,2054.75,2064.0,893750.0,0.0
NIFTY,26-DEC-2024,26000.0,13-11-2024 11:57:00,25.4,25.5,25.2,25.5,2792000.0,1250.0,2052.05,2052.05,2052.05,2052.05,893750.0,450.0
NIFTY,26-DEC-2024,26000.0,13-11-2024 11:58:00,25.5,25.5,25.2,25.25,2789825.0,0.0,2052.05,2052.05,2052.05,2052.05,893750.0,0.0
NIFTY,26-DEC-2024,26000.0,13-11-2024 11:59:00,25.25,25.5,25.2,25.3,2789825.0,0.0,2047.1,2047.1,2044.95,2046.45,893725.0,0.0
NIFTY,26-DEC-2024,26000.0,13-11-2024 12:00:00,25.25,25.5,25.25,25.3,2789825.0,2350.0,2046.45,2051.15,2043.95,2043.95,893725.0,125.0
NIFTY,26-DEC-2024,26000.0,13-11-2024 12:01:00,25.35,25.4,25.1,25.15,2787775.0,0.0,2044.7,2045.3,2042.8,2045.15,893675.0,0.0
NIFTY,26-DEC-2024,26000.0,13-11-2024 12:02:00,25.3,25.3,25.0,25.05,2787775.0,2725.0,2055.0,2055.0,2055.0,2055.0,893675.0,975.0
NIFTY,26-DEC-2024,26000.0,13-11-2024 12:03:00,25.1,25.25,25.05,25.25,2787775.0,4925.0,2055.0,2055.0,2055.0,2055.0,893675.0,0.0
NIFTY,26-DEC-2024,26000.0,13-11-2024 12:04:00,25.15,25.4,25.15,25.4,2788425.0,0.0,2060.0,2068.0,2060.0,2068.0,890225.0,0.0
NIFTY,26-DEC-2024,26000.0,13-11-2024 12:05:00,25.35,25.4,25.35,25.4,2788425.0,0.0,2070.0,2070.0,2070.0,2070.0,890225.0,0.0
NIFTY,26-DEC-2024,26000.0,13-11-2024 12:06:00,25.35,25.6,25.35,25.6,2788425.0,3150.0,2065.0,2071.3,2065.0,2071.3,890225.0,6150.0
NIFTY,26-DEC-2024,26000.0,13-11-2024 12:07:00,25.5,25.5,25.4,25.4,2788150.0,0.0,2071.3,2071.3,2071.3,2071.3,890225.0,150.0
NIFTY,26-DEC-2024,26000.0,13-11-2024 12:08:00,25.4,25.5,25.15,25.2,2788150.0,1600.0,2073.1,2073.1,2067.0,2067.0,887325.0,175.0
NIFTY,26-DEC-2024,26000.0,13-11-2024 12:09:00,25.35,25.45,25.2,25.45,2788150.0,0.0,2084.95,2084.95,2078.1,2078.1,887325.0,0.0
NIFTY,26-DEC-2024,26000.0,13-11-2024 12:10:00,25.7,25.9,25.7,25.75,2787750.0,4600.0,2080.0,2080.0,2080.0,2080.0,887325.0,250.0
NIFTY,26-DEC-2024,26000.0,13-11-2024 12:11:00,25.6,25.75,25.6,25.75,2787750.0,2375.0,2086.0,2086.0,2086.0,2086.0,887325.0,25.0
NIFTY,26-DEC-2024,26000.0,13-11-2024 12:12:00,25.8,25.9,25.6,25.6,2787750.0,1250.0,2086.0,2086.0,2086.0,2086.0,887325.0,0.0
NIFTY,26-DEC-2024,26000.0,13-11-2024 12:13:00,25.85,25.85,25.85,25.85,2788225.0,3100.0,2086.0,2086.0,2086.0,2086.0,887325.0,0.0
NIFTY,26-DEC-2024,26000.0,13-11-2024 12:14:00,25.75,25.75,25.75,25.75,2788225.0,0.0,,,,,,
NIFTY,26-DEC-2024,26000.0,13-11-2024 12:15:00,25.8,26.4,25.8,25.85,2788225.0,675.0,,,,,,
NIFTY,26-DEC-2024,26000.0,13-11-2024 12:16:00,25.75,25.85,25.5,25.6,2785625.0,3825.0,2086.0,2086.0,2086.0,2086.0,887325.0,25.0
NIFTY,26-DEC-2024,26000.0,13-11-2024 12:17:00,25.7,25.9,25.7,25.7,2785625.0,2625.0,2065.6,2066.65,2064.85,2064.85,887175.0,0.0
NIFTY,26-DEC-2024,26000.0,13-11-2024 12:18:00,25.9,25.9,25.8,25.8,2785625.0,3125.0,2064.85,2064.85,2064.85,2064.85,887175.0,675.0
NIFTY,26-DEC-2024,26000.0,13-11-2024 12:19:00,25.8,25.8,25.5,25.75,2783450.0,450.0,2064.85,2064.85,2064.85,2064.85,887175.0,0.0
NIFTY,26-DEC-2024,26000.0,13-11-2024 12:20:00,25.7,25.7,25.55,25.65,2783450.0,0.0,2064.85,2064.85,2064.85,2064.85,886625.0,0.0
NIFTY,26-DEC-2024,26000.0,13-11-2024 12:21:00,25.6,25.8,25.5,25.65,2783450.0,0.0,,,,,,
NIFTY,26-DEC-2024,26000.0,13-11-2024 12:22:00,25.6,25.65,25.45,25.65,2778550.0,8625.0,2069.0,2069.0,2069.0,2069.0,886625.0,0.0
NIFTY,26-DEC-2024,26000.0,13-11-2024 12:23:00,25.65,25.65,25.55,25.55,2778550.0,2625.0,2060.0,2060.0,2060.0,2060.0,886625.0,975.0
NIFTY,26-DEC-2024,26000.0,13-11-2024 12:24:00,25.4,25.4,25.3,25.4,2778550.0,0.0,2060.0,2060.0,2060.0,2060.0,886625.0,25.0
NIFTY,26-DEC-2024,26000.0,13-11-2024 12:25:00,25.3,25.5,25.3,25.5,2780150.0,7300.0,2060.0,2060.0,2060.0,2060.0,886625.0,0.0
NIFTY,26-DEC-2024,26000.0,13-11-2024 12:26:00,25.35,25.4,25.35,25.4,2780150.0,0.0,,,,,,
NIFTY,26-DEC-2024,26000.0,13-11-2024 12:27:00,25.4,25.75,25.4,25.5,2780150.0,0.0,,,,,,
NIFTY,26-DEC-2024,26000.0,13-11-2024 12:28:00,25.3,25.5,25.3,25.35,2781075.0,2775.0,2073.5,2073.5,2073.5,2073.5,886625.0,50.0
NIFTY,26-DEC-2024,26000.0,13-11-2024 12:29:00,25.3,25.75,25.3,25.55,2781075.0,0.0,2065.9,2069.0,2065.9,2069.0,885875.0,75.0
NIFTY,26-DEC-2024,26000.0,13-11-2024 12:30:00,25.6,25.6,25.45,25.45,2781075.0,4275.0,2070.05,2071.3,2070.05,2071.3,885875.0,0.0
NIFTY,26-DEC-2024,26000.0,13-11-2024 12:31:00,25.45,25.45,25.35,25.35,2780325.0,0.0,,,,,,
NIFTY,26-DEC-2024,26000.0,13-11-2024 12:32:00,25.35,25.5,25.25,25.45,2780325.0,475.0,2065.0,2065.0,2060.0,2065.0,885825.0,0.0
NIFTY,26-DEC-2024,26000.0,13-11-2024 12:33:00,25.45,25.6,25.4,25.55,2780325.0,1550.0,2065.0,2065.0,2061.9,2061.9,885825.0,775.0
NIFTY,26-DEC-2024,26000.0,13-11-2024 12:34:00,25.7,25.7,25.7,25.7,2779500.0,1425.0,2061.9,2061.9,2061.9,2061.9,885825.0,100.0
NIFTY,26-DEC-2024,26000.0,13-11-2024 12:35:00,25.4,25.4,25.25,25.25,2779500.0,1150.0,,,,,,
NIFTY,26-DEC-2024,26000.0,13-11-2024 12:36:00,25.25,25.3,25.1,25.1,2779500.0,0.0,2065.0,2065.0,2065.0,2065.0,885575.0,400.0
NIFTY,26-DEC-2024,26000.0,13-11-2024 12:37:00,25.1,25.1,25.05,25.1,2779600.0,5075.0,2065.65,2065.65,2065.65,2065.65,885575.0,0.0
NIFTY,26-DEC-2024,26000.0,13-11-2024 12:38:00,25.1,25.15,25.0,25.15,2779600.0,0.0,2065.65,2065.65,2065.65,2065.65,885575.0,100.0
NIFTY,26-DEC-2024,26000.0,13-11-2024 12:39:00,25.15,25.15,25.1,25.1,2779600.0,5550.0,2065.65,2065.65,2065.65,2065.65,885575.0,0.0
NIFTY,26-DEC-2024,26000.0,13-11-2024 12:40:00,25.0,25.15,25.0,25.15,2777950.0,2200.0,2077.9,2079.0,2072.0,2072.0,885475.0,50.0
NIFTY,26-DEC-2024,26000.0,13-11-2024 12:41:00,25.15,25.15,24.95,25.0,2777950.0,0.0,2072.95,2072.95,2072.95,2072.95,885475.0,0.0
NIFTY,26-DEC-2024,26000.0,13-11-2024 12:42:00,25.0,25.05,25.0,25.05,2777950.0,0.0,2079.0,2079.0,2079.0,2079.0,885475.0,0.0
NIFTY,26-DEC-2024,26000.0,13-11-2024 12:43:00,25.05,25.05,24.95,24.95,2781025.0,5200.0,,,,,,
NIFTY,26-DEC-2024,26000.0,13-11-2024 12:44:00,24.9,25.1,24.9,25.05,2781025.0,4650.0,,,,,,
NIFTY,26-DEC-2024,26000.0,13-11-2024 12:45:00,25.2,25.45,25.15,25.35,2781025.0,0.0,,,,,,
NIFTY,26-DEC-2024,26000.0,13-11-2024 12:46:00,25.3,25.35,25.3,25.35,2781825.0,4775.0,2089.0,2089.0,2089.0,2089.0,885475.0,500.0
NIFTY,26-DEC-2024,26000.0,13-11-2024 12:47:00,25.3,25.65,25.05,25.45,2781825.0,2500.0,2088.0,2096.3,2088.0,2096.3,885550.0,275.0
NIFTY,26-DEC-2024,26000.0,13-11-2024 12:48:00,25.45,25.55,25.05,25.25,2781825.0,0.0,2105.95,2106.35,2100.0,2100.0,885550.0,0.0
NIFTY,26-DEC-2024,26000.0,13-11-2024 12:49:00,25.3,26.15,25.3,25.8,2784900.0,15450.0,2100.0,2100.0,2100.0,2100.0,885550.0,700.0
NIFTY,26-DEC-2024,26000.0,13-11-2024 12:50:00,25.9,25.9,25.55,25.6,2784900.0,5050.0,,,,,,
NIFTY,26-DEC-2024,26000.0,13-11-2024 12:51:00,25.35,25.4,25.2,25.4,2784900.0,5175.0,2092.5,2092.5,2092.5,2092.5,886050.0,0.0
NIFTY,26-DEC-2024,26000.0,13-11-2024 12:52:00,25.25,25.25,25.1,25.1,2784150.0,0.0,,,,,,
NIFTY,26-DEC-2024,26000.0,13-11-2024 12:53:00,25.0,25.2,24.75,24.9,2784150.0,0.0,2095.0,2103.55,2095.0,2103.55,885950.0,0.0
NIFTY,26-DEC-2024,26000.0,13-11-2024 12:54:00,24.9,24.9,24.75,24.75,2784150.0,2475.0,2105.0,2105.0,2105.0,2105.0,885950.0,0.0
NIFTY,26-DEC-2024,26000.0,13-11-2024 12:55:00,24.85,24.95,24.7,24.7,2784375.0,4425.0,2105.0,2105.0,2100.0,2100.0,885950.0,475.0
NIFTY,26-DEC-2024,26000.0,13-11-2024 12:56:00,24.75,24.9,24.7,24.9,2784375.0,1650.0,2100.0,2100.0,2100.0,2100.0,885950.0,75.0
NIFTY,26-DEC-2024,26000.0,13-11-2024 12:57:00,24.9,24.95,24.6,24.9,2784375.0,3650.0,2103.0,2103.0,2103.0,2103.0,885950.0,325.0
NIFTY,26-DEC-2024,26000.0,13-11-2024 12:58:00,24.9,25.2,24.8,25.2,2783250.0,2800.0,2105.0,2116.1,2105.0,2108.85,885650.0,1225.0
NIFTY,26-DEC-2024,26000.0,13-11-2024 12:59:00,25.05,25.35,25.0,25.1,2783250.0,0.0,2117.55,2117.55,2105.55,2105.55,885650.0,0.0
NIFTY,26-DEC-2024,26000.0,13-11-2024 13:00:00,25.1,25.1,25.0,25.0,2783250.0,2425.0,2110.0,2110.0,2110.0,2110.0,885650.0,275.0
NIFTY,26-DEC-2024,26000.0,13-11-2024 13:01:00,25.2,25.3,25.1,25.15,2784825.0,1925.0,2115.0,2120.0,2115.0,2115.5,885350.0,1700.0
NIFTY,26-DEC-2024,26000.0,13-11-2024 13:02:00,25.1,25.1,25.0,25.0,2784825.0,0.0,2110.45,2110.45,2110.45,2110.45,885350.0,0.0
NIFTY,26-DEC-2024,26000.0,13-11-2024 13:03:00,25.05,25.2,24.85,24.9,2784825.0,0.0,2117.05,2121.25,2117.05,2121.25,885350.0,1025.0
NIFTY,26-DEC-2024,26000.0,13-11-2024 13:04:00,24.95,25.0,24.8,24.9,2786075.0,0.0,,,,,,
NIFTY,26-DEC-2024,26000.0,13-11-2024 13:05:00,24.8,25.15,24.8,25.15,2786075.0,0.0,2117.0,2117.0,2111.55,2113.0,885325.0,0.0
NIFTY,26-DEC-2024,26000.0,13-11-2024 13:06:00,25.15,25.4,25.1,25.35,2786075.0,0.0,2122.0,2123.0,2120.15,2123.0,885325.0,975.0
NIFTY,26-DEC-2024,26000.0,13-11-2024 13:07:00,25.25,25.25,25.1,25.1,2785400.0,16775.0,2127.5,2127.5,2127.5,2127.5,885325.0,25.0
NIFTY,26-DEC-2024,26000.0,13-11-2024 13:08:00,25.05,26.1,25.0,25.7,2785400.0,8825.0,2124.0,2124.0,2124.0,2124.0,885725.0,0.0
NIFTY,26-DEC-2024,26000.0,13-11-2024 13:09:00,25.85,25.85,25.4,25.7,2785400.0,0.0,,,,,,
NIFTY,26-DEC-2024,26000.0,13-11-2024 13:10:00,25.4,25.45,25.2,25.2,2786850.0,0.0,,,,,,
NIFTY,26-DEC-2024,26000.0,13-11-2024 13:11:00,25.2,25.5,25.2,25.35,2786850.0,4250.0,2125.0,2125.0,2125.0,2125.0,885725.0,400.0
NIFTY,26-DEC-2024,26000.0,13-11-2024 13:12:00,25.45,25.5,25.3,25.4,2786850.0,1300.0,2111.5,2111.5,2111.5,2111.5,885725.0,25.0
NIFTY,26-DEC-2024,26000.0,13-11-2024 13:13:00,25.55,25.55,25.2,25.25,2786125.0,1950.0,2111.5,2111.5,2111.5,2111.5,885725.0,0.0
NIFTY,26-DEC-2024,26000.0,13-11-2024 13:14:00,25.15,25.2,25.1,25.2,2786125.0,0.0,2104.95,2104.95,2098.65,2098.65,885750.0,0.0
NIFTY,26-DEC-2024,26000.0,13-11-2024 13:15:00,25.3,25.3,25.1,25.1,2786125.0,1300.0,2098.65,2100.15,2098.65,2100.15,885750.0,225.0
NIFTY,26-DEC-2024,26000.0,13-11-2024 13:16:00,25.2,25.2,25.2,25.2,2786850.0,625.0,2100.15,2100.15,2100.15,2100.15,885750.0,100.0
NIFTY,26-DEC-2024,26000.0,13-11-2024 13:17:00,25.3,25.3,25.0,25.25,2786850.0,1325.0,2100.15,2100.15,2100.15,2100.15,885750.0,0.0
NIFTY,26-DEC-2024,26000.0,13-11-2024 13:18:00,25.15,25.25,24.9,24.95,2786850.0,300.0,2116.0,2116.0,2116.0,2116.0,885550.0,25.0
NIFTY,26-DEC-2024,26000.0,13-11-2024 13:19:00,25.05,25.15,24.95,25.15,2786800.0,2050.0,2116.0,2116.0,2116.0,2116.0,885550.0,0.0
NIFTY,26-DEC-2024,26000.0,13-11-2024 13:20:00,24.85,25.2,24.85,25.2,2786800.0,2550.0,2116.0,2116.0,2116.0,2116.0,885550.0,0.0
NIFTY,26-DEC-2024,26000.0,13-11-2024 13:21:00,25.0,25.0,25.0,25.0,2786800.0,0.0,2088.2,2088.2,2088.2,2088.2,885550.0,25.0
NIFTY,26-DEC-2024,26000.0,13-11-2024 13:22:00,25.0,25.05,24.9,24.9,2786650.0,1800.0,2088.2,2088.2,2088.2,2088.2,885550.0,0.0
NIFTY,26-DEC-2024,26000.0,13-11-2024 13:23:00,24.9,24.95,24.7,24.7,2786650.0,0.0,2120.15,2120.15,2115.25,2115.25,885550.0,0.0
NIFTY,26-DEC-2024,26000.0,13-11-2024 13:24:00,24.65,25.0,24.6,25.0,2786650.0,0.0,2115.25,2115.25,2115.25,2115.25,885550.0,3200.0
NIFTY,26-DEC-2024,26000.0,13-11-2024 13:25:00,24.95,25.1,24.8,24.8,2785800.0,11325.0,2115.0,2115.0,2115.0,2115.0,885550.0,25.0
NIFTY,26-DEC-2024,26000.0,13-11-2024 13:26:00,24.8,24.85,24.55,24.6,2785800.0,4025.0,2115.0,2115.0,2115.0,2115.0,883375.0,0.0
NIFTY,26-DEC-2024,26000.0,13-11-2024 13:27:00,24.7,24.7,24.55,24.65,2785800.0,3300.0,2112.8,2112.8,2112.8,2112.8,883375.0,300.0
NIFTY,26-DEC-2024,26000.0,13-11-2024 13:28:00,24.65,24.65,24.45,24.55,2788525.0,5525.0,2109.9,2119.7,2109.9,2118.5,883325.0,50.0
NIFTY,26-DEC-2024,26000.0,13-11-2024 13:29:00,24.55,24.6,24.4,24.55,2788525.0,0.0,2114.6,2114.6,2114.6,2114.6,883325.0,0.0
NIFTY,26-DEC-2024,26000.0,13-11-2024 13:30:00,24.55,24.7,24.4,24.55,2788525.0,0.0,2114.6,2119.0,2112.8,2112.8,883325.0,50.0
NIFTY,26-DEC-2024,26000.0,13-11-2024 13:31:00,24.45,24.55,24.45,24.45,2789125.0,0.0,2111.65,2111.65,2111.65,2111.65,883325.0,125.0
NIFTY,26-DEC-2024,26000.0,13-11-2024 13:32:00,24.4,24.4,24.2,24.35,2789125.0,9850.0,2123.85,2123.95,2123.85,2123.95,883125.0,50.0
NIFTY,26-DEC-2024,26000.0,13-11-2024 13:33:00,24.35,24.35,24.05,24.2,2789125.0,3875.0,2120.05,2120.05,2120.05,2120.05,883125.0,475.0
NIFTY,26-DEC-2024,26000.0,13-11-2024 13:34:00,24.2,24.3,24.1,24.15,2788575.0,7725.0,2124.65,2124.65,2124.65,2124.65,883000.0,75.0
NIFTY,26-DEC-2024,26000.0,13-11-2024 13:35:00,24.3,24.3,24.3,24.3,2788575.0,0.0,,,,,,
NIFTY,26-DEC-2024,26000.0,13-11-2024 13:36:00,24.3,24.4,24.05,24.2,2788575.0,1625.0,2124.65,2124.65,2118.0,2123.0,883000.0,0.0
NIFTY,26-DEC-2024,26000.0,13-11-2024 13:37:00,24.3,24.45,24.2,24.45,2788175.0,0.0,2123.0,2123.0,2123.0,2123.0,883000.0,350.0
NIFTY,26-DEC-2024,26000.0,13-11-2024 13:38:00,24.4,24.8,24.35,24.5,2788175.0,5850.0,2123.0,2123.0,2082.9,2082.9,882775.0,0.0
NIFTY,26-DEC-2024,26000.0,13-11-2024 13:39:00,24.35,24.5,24.35,24.5,2788175.0,2475.0,,,,,,
NIFTY,26-DEC-2024,26000.0,13-11-2024 13:41:00,24.4,24.4,23.85,24.1,2787475.0,150.0,2081.2,2081.2,2081.2,2081.2,882675.0,0.0
NIFTY,26-DEC-2024,26000.0,13-11-2024 13:42:00,24.15,24.15,23.8,23.95,2787475.0,2750.0,2081.2,2081.2,2081.2,2081.2,882675.0,250.0
NIFTY,26-DEC-2024,26000.0,13-11-2024 13:43:00,23.9,24.2,23.9,24.05,2788225.0,2175.0,,,,,,
NIFTY,26-DEC-2024,26000.0,13-11-2024 13:44:00,24.1,24.35,24.0,24.35,2788225.0,0.0,,,,,,
NIFTY,26-DEC-2024,26000.0,13-11-2024 13:45:00,24.5,24.65,24.0,24.0,2788225.0,0.0,2057.0,2057.0,2050.0,2050.0,882725.0,0.0
NIFTY,26-DEC-2024,26000.0,13-11-2024 13:46:00,24.05,25.05,24.05,24.95,2784375.0,0.0,2056.0,2056.0,2056.0,2056.0,882725.0,0.0
NIFTY,26-DEC-2024,26000.0,13-11-2024 13:47:00,24.85,25.0,24.85,24.95,2784375.0,19325.0,2056.0,2056.0,2056.0,2056.0,882725.0,475.0
NIFTY,26-DEC-2024,26000.0,13-11-2024 13:48:00,24.75,24.9,24.75,24.9,2784375.0,1100.0,2051.95,2051.95,2051.95,2051.95,882725.0,25.0
NIFTY,26-DEC-2024,26000.0,13-11-2024 13:49:00,24.9,25.05,24.65,24.9,2787700.0,8150.0,2046.4,2048.0,2046.0,2046.0,882425.0,100.0
NIFTY,26-DEC-2024,26000.0,13-11-2024 13:50:00,24.85,25.1,24.6,24.9,2787700.0,0.0,2058.0,2058.6,2058.0,2058.6,882400.0,0.0
NIFTY,26-DEC-2024,26000.0,13-11-2024 13:51:00,24.9,25.0,24.1,24.1,2787700.0,1875.0,2058.6,2058.6,2058.6,2058.6,882400.0,525.0
NIFTY,26-DEC-2024,26000.0,13-11-2024 13:52:00,24.2,24.35,24.1,24.35,2793200.0,10450.0,2058.6,2063.4,2058.6,2063.4,883400.0,0.0
NIFTY,26-DEC-2024,26000.0,13-11-2024 13:53:00,24.45,24.55,24.45,24.55,2793200.0,5275.0,2067.95,2069.0,2066.0,2066.0,883400.0,725.0
NIFTY,26-DEC-2024,26000.0,13-11-2024 13:54:00,24.6,24.6,24.55,24.55,2793200.0,0.0,2066.0,2066.0,2066.0,2066.0,883400.0,725.0
NIFTY,26-DEC-2024,26000.0,13-11-2024 13:55:00,24.7,25.1,24.7,25.0,2815000.0,20825.0,2064.3,2064.3,2062.0,2062.0,883875.0,0.0
NIFTY,26-DEC-2024,26000.0,13-11-2024 13:56:00,25.25,25.25,25.05,25.2,2815000.0,0.0,,,,,,
NIFTY,26-DEC-2024,26000.0,13-11-2024 13:57:00,25.4,26.05,25.3,26.0,2815000.0,0.0,2062.0,2062.0,2062.0,2062.0,883875.0,200.0
NIFTY,26-DEC-2024,26000.0,13-11-2024 13:58:00,26.0,26.0,25.15,25.3,2837725.0,29425.0,2043.75,2055.15,2043.75,2055.15,883875.0,25.0
NIFTY,26-DEC-2024,26000.0,13-11-2024 13:59:00,25.5,25.8,25.4,25.5,2837725.0,0.0,2069.0,2070.0,2069.0,2070.0,883875.0,0.0
NIFTY,26-DEC-2024,26000.0,13-11-2024 14:00:00,25.3,25.5,25.3,25.45,2837725.0,19125.0,2066.0,2067.0,2061.05,2066.75,883875.0,950.0
NIFTY,26-DEC-2024,26000.0,13-11-2024 14:01:00,25.5,25.5,25.3,25.5,2846725.0,475.0,2066.0,2066.0,2066.0,2066.0,883175.0,25.0
NIFTY,26-DEC-2024,26000.0,13-11-2024 14:02:00,25.45,25.65,25.4,25.65,2846725.0,1275.0,2065.0,2065.0,2062.9,2062.9,883175.0,625.0
NIFTY,26-DEC-2024,26000.0,13-11-2024 14:03:00,25.7,25.7,25.35,25.35,2846725.0,0.0,2062.85,2074.0,2062.85,2074.0,883175.0,0.0
NIFTY,26-DEC-2024,26000.0,13-11-2024 14:04:00,25.35,25.95,25.35,25.6,2846200.0,0.0,2074.0,2083.5,2074.0,2083.45,885600.0,0.0
NIFTY,26-DEC-2024,26000.0,13-11-2024 14:05:00,25.55,25.55,25.35,25.45,2846200.0,8325.0,2088.0,2088.7,2088.0,2088.7,885600.0,4600.0
NIFTY,26-DEC-2024,26000.0,13-11-2024 14:06:00,25.2,25.2,25.2,25.2,2846200.0,1825.0,2080.0,2080.0,2080.0,2080.0,885600.0,275.0
NIFTY,26-DEC-2024,26000.0,13-11-2024 14:07:00,,,,,,,2085.25,2085.25,2085.25,2085.25,885600.0,0.0
NIFTY,26-DEC-2024,26000.0,13-11-2024 14:08:00,25.2,25.6,25.2,25.6,2847450.0,0.0,2085.25,2085.25,2085.25,2085.25,885600.0,25.0
NIFTY,26-DEC-2024,26000.0,13-11-2024 14:09:00,25.6,25.6,25.05,25.05,2847450.0,1000.0,2085.25,2085.25,2085.25,2085.25,885600.0,0.0
NIFTY,26-DEC-2024,26000.0,13-11-2024 14:10:00,25.0,25.15,25.0,25.15,2847850.0,0.0,2085.0,2090.0,2085.0,2090.0,887450.0,0.0
NIFTY,26-DEC-2024,26000.0,13-11-2024 14:11:00,25.0,25.0,24.8,24.8,2847850.0,3375.0,2092.0,2095.0,2092.0,2093.25,887450.0,925.0
NIFTY,26-DEC-2024,26000.0,13-11-2024 14:12:00,25.0,26.25,24.8,25.95,2847850.0,5075.0,2100.3,2106.75,2100.3,2106.75,887450.0,0.0
NIFTY,26-DEC-2024,26000.0,13-11-2024 14:13:00,25.85,25.85,25.7,25.8,2847650.0,0.0,,,,,,
NIFTY,26-DEC-2024,26000.0,13-11-2024 14:14:00,25.7,25.7,25.6,25.6,2847650.0,6750.0,2106.75,2106.75,2106.75,2106.75,887450.0,500.0
NIFTY,26-DEC-2024,26000.0,13-11-2024 14:15:00,25.6,25.6,25.2,25.2,2847650.0,0.0,2097.3,2097.3,2097.3,2097.3,888025.0,0.0
NIFTY,26-DEC-2024,26000.0,13-11-2024 14:16:00,25.4,25.4,25.1,25.1,2847950.0,0.0,2103.55,2103.55,2103.55,2103.55,887875.0,250.0
NIFTY,26-DEC-2024,26000.0,13-11-2024 14:17:00,24.9,25.05,24.9,25.0,2847950.0,0.0,2112.0,2120.65,2112.0,2120.65,887875.0,0.0
NIFTY,26-DEC-2024,26000.0,13-11-2024 14:18:00,25.0,25.0,24.9,25.0,2847950.0,0.0,2120.0,2120.0,2120.0,2120.0,887875.0,0.0
NIFTY,26-DEC-2024,26000.0,13-11-2024 14:19:00,24.75,24.95,24.75,24.95,2847950.0,0.0,2118.0,2120.3,2118.0,2118.0,889025.0,800.0
NIFTY,26-DEC-2024,26000.0,13-11-2024 14:20:00,24.9,24.9,24.6,24.75,2847825.0,8625.0,2112.0,2112.0,2112.0,2112.0,889025.0,900.0
NIFTY,26-DEC-2024,26000.0,13-11-2024 14:21:00,24.95,24.95,24.7,24.7,2847825.0,0.0,,,,,,
NIFTY,26-DEC-2024,26000.0,13-11-2024 14:22:00,24.8,24.8,24.35,24.5,2847100.0,0.0,2129.35,2139.45,2129.35,2136.0,888750.0,0.0
NIFTY,26-DEC-2024,26000.0,13-11-2024 14:23:00,24.45,24.5,24.2,24.4,2847100.0,8550.0,2136.0,2140.8,2136.0,2140.8,888750.0,2275.0
NIFTY,26-DEC-2024,26000.0,13-11-2024 14:24:00,24.5,24.65,24.5,24.65,2847100.0,8250.0,2140.8,2140.8,2129.8,2129.8,888750.0,200.0
NIFTY,26-DEC-2024,26000.0,13-11-2024 14:25:00,24.7,25.5,24.55,25.25,2848650.0,3300.0,,,,,,
NIFTY,26-DEC-2024,26000.0,13-11-2024 14:26:00,25.2,25.3,25.0,25.3,2848650.0,14400.0,2129.8,2139.0,2129.8,2133.15,888250.0,375.0
NIFTY,26-DEC-2024,26000.0,13-11-2024 14:27:00,25.25,25.35,25.05,25.25,2848650.0,0.0,,,,,,
NIFTY,26-DEC-2024,26000.0,13-11-2024 14:28:00,25.2,25.25,25.0,25.0,2847450.0,6650.0,2137.0,2137.0,2137.0,2137.0,888250.0,150.0
NIFTY,26-DEC-2024,26000.0,13-11-2024 14:29:00,25.25,25.3,25.0,25.3,2847450.0,775.0,2145.8,2150.0,2145.8,2150.0,888225.0,25.0
NIFTY,26-DEC-2024,26000.0,13-11-2024 14:30:00,25.15,25.35,25.0,25.05,2847450.0,0.0,2150.0,2150.0,2150.0,2150.0,888225.0,0.0
NIFTY,26-DEC-2024,26000.0,13-11-2024 14:31:00,25.05,25.75,24.75,25.5,2846300.0,3000.0,2150.0,2165.0,2150.0,2165.0,888225.0,150.0
NIFTY,26-DEC-2024,26000.0,13-11-2024 14:32:00,25.05,25.35,25.0,25.0,2846300.0,2475.0,,,,,,
NIFTY,26-DEC-2024,26000.0,13-11-2024 14:33:00,25.0,25.3,24.9,24.95,2846300.0,1575.0,2165.0,2172.0,2165.0,2172.0,888200.0,375.0
NIFTY,26-DEC-2024,26000.0,13-11-2024 14:34:00,25.0,25.5,25.0,25.5,2845050.0,1775.0,2173.25,2173.25,2173.25,2173.25,888200.0,825.0
NIFTY,26-DEC-2024,26000.0,13-11-2024 14:35:00,25.3,25.45,24.95,25.45,2845050.0,0.0,2179.9,2192.1,2170.0,2170.0,888125.0,0.0
NIFTY,26-DEC-2024,26000.0,13-11-2024 14:36:00,25.25,25.75,25.25,25.5,2845050.0,3225.0,2170.0,2170.7,2170.0,2170.7,888125.0,400.0
NIFTY,26-DEC-2024,26000.0,13-11-2024 14:37:00,25.65,25.65,25.4,25.5,2841625.0,3850.0,2170.7,2170.7,2170.7,2170.7,888125.0,50.0
NIFTY,26-DEC-2024,26000.0,13-11-2024 14:38:00,25.5,25.5,25.15,25.25,2841625.0,6625.0,2173.8,2173.8,2160.0,2160.0,887825.0,100.0
NIFTY,26-DEC-2024,26000.0,13-11-2024 14:39:00,25.25,25.35,25.0,25.2,2841625.0,675.0,2155.8,2171.0,2155.8,2165.0,887825.0,550.0
NIFTY,26-DEC-2024,26000.0,13-11-2024 14:40:00,25.2,25.2,24.5,24.7,2838550.0,0.0,2164.0,2165.0,2155.45,2165.0,887825.0,0.0
NIFTY,26-DEC-2024,26000.0,13-11-2024 14:41:00,24.75,24.75,24.4,24.4,2838550.0,0.0,2183.95,2190.0,2183.95,2190.0,887225.0,0.0
NIFTY,26-DEC-2024,26000.0,13-11-2024 14:42:00,24.4,25.0,24.4,24.95,2838550.0,9825.0,2190.0,2191.05,2190.0,2191.05,887225.0,850.0
NIFTY,26-DEC-2024,26000.0,13-11-2024 14:43:00,25.0,25.0,24.8,24.85,2838375.0,4275.0,2191.05,2191.05,2191.05,2191.05,887225.0,0.0
NIFTY,26-DEC-2024,26000.0,13-11-2024 14:44:00,24.95,25.0,24.7,25.0,2838375.0,0.0,,,,,,
NIFTY,26-DEC-2024,26000.0,13-11-2024 14:45:00,24.9,25.05,24.8,24.9,2838375.0,4550.0,2186.0,2191.05,2186.0,2191.05,887275.0,25.0
NIFTY,26-DEC-2024,26000.0,13-11-2024 14:46:00,24.85,25.05,24.75,24.85,2838500.0,5925.0,2187.45,2187.45,2187.45,2187.45,887275.0,125.0
NIFTY,26-DEC-2024,26000.0,13-11-2024 14:47:00,24.85,24.9,24.65,24.85,2838500.0,7050.0,2187.1,2187.1,2181.3,2181.3,887275.0,175.0
NIFTY,26-DEC-2024,26000.0,13-11-2024 14:48:00,24.8,24.85,24.8,24.8,2838500.0,0.0,2175.0,2179.2,2166.6,2166.6,887275.0,0.0
NIFTY,26-DEC-2024,26000.0,13-11-2024 14:49:00,24.9,24.9,24.75,24.8,2838525.0,0.0,2167.85,2180.0,2167.85,2180.0,887275.0,0.0
NIFTY,26-DEC-2024,26000.0,13-11-2024 14:50:00,24.75,24.8,24.6,24.8,2838525.0,0.0,2165.0,2180.0,2165.0,2180.0,887175.0,0.0
NIFTY,26-DEC-2024,26000.0,13-11-2024 14:51:00,24.95,24.95,24.8,24.95,2838525.0,7500.0,2185.0,2185.0,2185.0,2185.0,887175.0,775.0
NIFTY,26-DEC-2024,26000.0,13-11-2024 14:52:00,24.8,25.85,24.75,25.85,2838625.0,6075.0,2191.0,2191.0,2191.0,2191.0,887175.0,0.0
NIFTY,26-DEC-2024,26000.0,13-11-2024 14:53:00,25.65,26.05,25.6,25.6,2838625.0,0.0,2164.0,2164.0,2164.0,2164.0,886400.0,0.0
NIFTY,26-DEC-2024,26000.0,13-11-2024 14:54:00,25.95,25.95,25.35,25.35,2838625.0,14375.0,2174.85,2175.0,2161.0,2175.0,886400.0,1700.0
NIFTY,26-DEC-2024,26000.0,13-11-2024 14:55:00,25.85,25.85,25.4,25.75,2837350.0,5750.0,2166.0,2175.05,2166.0,2175.05,886400.0,600.0
NIFTY,26-DEC-2024,26000.0,13-11-2024 14:56:00,25.7,25.75,25.0,25.25,2837350.0,45175.0,2166.1,2175.0,2166.1,2175.0,885850.0,0.0
NIFTY,26-DEC-2024,26000.0,13-11-2024 14:57:00,25.25,26.5,25.25,26.45,2837350.0,0.0,2176.0,2180.0,2175.0,2180.0,885850.0,0.0
NIFTY,26-DEC-2024,26000.0,13-11-2024 14:58:00,26.35,26.95,26.3,26.7,2897250.0,60050.0,2180.0,2182.85,2180.0,2182.85,885625.0,3225.0
NIFTY,26-DEC-2024,26000.0,13-11-2024 14:59:00,26.55,27.4,26.35,27.35,2897250.0,17250.0,2185.0,2185.0,2181.15,2181.15,885625.0,0.0
NIFTY,26-DEC-2024,26000.0,13-11-2024 15:00:00,27.35,27.6,26.6,26.75,2897250.0,0.0,2185.0,2190.0,2180.0,2190.0,885625.0,2075.0
NIFTY,26-DEC-2024,26000.0,13-11-2024 15:01:00,27.2,27.3,26.55,26.75,2933650.0,0.0,2185.5,2197.15,2185.5,2187.05,885050.0,0.0
NIFTY,26-DEC-2024,26000.0,13-11-2024 15:02:00,26.6,26.6,26.15,26.25,2933650.0,63700.0,2190.0,2198.0,2190.0,2198.0,885050.0,1025.0
NIFTY,26-DEC-2024,26000.0,13-11-2024 15:03:00,26.1,26.1,25.75,25.75,2933650.0,2650.0,2200.0,2205.0,2200.0,2205.0,885050.0,850.0
NIFTY,26-DEC-2024,26000.0,13-11-2024 15:04:00,25.95,26.0,25.75,25.75,2930400.0,6600.0,2205.0,2222.85,2203.0,2222.85,881250.0,4100.0
NIFTY,26-DEC-2024,26000.0,13-11-2024 15:05:00,25.7,25.8,25.55,25.7,2930400.0,0.0,2220.5,2225.0,2220.5,2223.9,881250.0,0.0
NIFTY,26-DEC-2024,26000.0,13-11-2024 15:06:00,25.75,25.9,25.55,25.8,2930400.0,5775.0,2223.9,2223.9,2223.9,2223.9,881250.0,425.0
NIFTY,26-DEC-2024,26000.0,13-11-2024 15:07:00,25.8,25.9,25.6,25.85,2930075.0,5500.0,2220.0,2220.0,2220.0,2220.0,881250.0,325.0
NIFTY,26-DEC-2024,26000.0,13-11-2024 15:08:00,25.65,25.9,25.6,25.85,2930075.0,5075.0,2199.65,2199.65,2199.65,2199.65,881250.0,50.0
NIFTY,26-DEC-2024,26000.0,13-11-2024 15:09:00,25.8,27.05,25.8,26.85,2930075.0,0.0,2200.0,2209.85,2199.3,2199.3,880775.0,0.0
NIFTY,26-DEC-2024,26000.0,13-11-2024 15:10:00,26.9,27.0,26.7,27.0,2973125.0,50050.0,2199.3,2200.0,2195.0,2200.0,880575.0,250.0
NIFTY,26-DEC-2024,26000.0,13-11-2024 15:11:00,27.0,27.25,26.9,27.0,2973125.0,15175.0,2200.0,2200.0,2200.0,2200.0,880575.0,4425.0
NIFTY,26-DEC-2024,26000.0,13-11-2024 15:12:00,27.0,27.2,27.0,27.1,2973125.0,0.0,2199.0,2200.0,2195.55,2200.0,880575.0,150.0
NIFTY,26-DEC-2024,26000.0,13-11-2024 15:13:00,27.25,27.25,26.0,26.0,2976750.0,0.0,2204.6,2204.6,2204.6,2204.6,880575.0,0.0
NIFTY,26-DEC-2024,26000.0,13-11-2024 15:14:00,26.0,26.25,25.9,25.9,2976750.0,25275.0,2204.6,2204.6,2204.6,2204.6,880575.0,50.0
NIFTY,26-DEC-2024,26000.0,13-11-2024 15:15:00,25.85,26.45,25.85,26.45,2976750.0,16200.0,2184.55,2195.35,2170.65,2177.9,876725.0,0.0
NIFTY,26-DEC-2024,26000.0,13-11-2024 15:16:00,25.9,26.1,25.6,25.6,2975125.0,9750.0,2177.9,2177.9,2177.9,2177.9,876725.0,3475.0
NIFTY,26-DEC-2024,26000.0,13-11-2024 15:17:00,25.7,26.15,25.6,25.85,2975125.0,0.0,2183.0,2183.0,2183.0,2183.0,874550.0,1475.0
NIFTY,26-DEC-2024,26000.0,13-11-2024 15:18:00,26.0,26.15,25.85,26.0,2975125.0,0.0,2183.0,2183.0,2183.0,2183.0,874550.0,0.0
NIFTY,26-DEC-2024,26000.0,13-11-2024 15:19:00,26.0,26.0,25.75,25.75,2975100.0,8450.0,2170.0,2170.0,2156.45,2156.45,872300.0,1850.0
NIFTY,26-DEC-2024,26000.0,13-11-2024 15:20:00,25.75,26.25,25.75,26.2,2975100.0,0.0,2160.0,2160.0,2160.0,2160.0,872300.0,0.0
NIFTY,26-DEC-2024,26000.0,13-11-2024 15:21:00,26.25,26.25,25.95,25.95,2975100.0,15975.0,2151.6,2151.6,2151.6,2151.6,872300.0,3925.0
NIFTY,26-DEC-2024,26000.0,13-11-2024 15:22:00,26.0,26.4,26.0,26.4,2975100.0,7825.0,2160.0,2165.0,2160.0,2165.0,872300.0,0.0
NIFTY,26-DEC-2024,26000.0,13-11-2024 15:23:00,26.1,26.5,26.05,26.5,2985775.0,0.0,2150.1,2150.1,2150.1,2150.1,867250.0,0.0
NIFTY,26-DEC-2024,26000.0,13-11-2024 15:24:00,26.4,26.6,26.35,26.4,2985775.0,11125.0,2150.0,2150.0,2150.0,2150.0,867250.0,1850.0
NIFTY,26-DEC-2024,26000.0,13-11-2024 15:25:00,26.65,26.7,26.3,26.6,2995100.0,6275.0,2143.9,2143.9,2140.0,2140.8,867250.0,275.0
NIFTY,26-DEC-2024,26000.0,13-11-2024 15:26:00,26.6,26.65,26.25,26.4,2995100.0,0.0,2136.0,2136.0,2136.0,2136.0,866700.0,0.0
NIFTY,26-DEC-2024,26000.0,13-11-2024 15:27:00,26.4,26.5,26.25,26.4,2995100.0,11575.0,2135.85,2135.85,2130.0,2130.0,866700.0,1325.0
NIFTY,26-DEC-2024,26000.0,13-11-2024 15:28:00,26.4,26.4,25.45,25.6,2999250.0,0.0,2130.2,2145.0,2130.2,2141.55,867675.0,0.0
NIFTY,26-DEC-2024,26000.0,13-11-2024 15:29:00,25.6,26.0,25.35,25.75,2999250.0,15200.0,2141.55,2146.95,2141.55,2146.95,867675.0,1200.0
NIFTY,26-DEC-2024,26000.0,14-11-2024 09:15:00,20.0,25.75,20.0,25.3,2997975.0,0.0,2146.95,2146.95,2146.0,2146.0,867650.0,0.0
NIFTY,26-DEC-2024,26000.0,14-11-2024 09:16:00,25.1,25.35,24.2,25.25,2997975.0,0.0,2146.0,2155.7,2146.0,2155.7,867650.0,825.0
NIFTY,26-DEC-2024,26000.0,14-11-2024 09:17:00,24.0,25.05,24.0,25.05,2997975.0,10850.0,2163.25,2163.25,2163.25,2163.25,867650.0,200.0
NIFTY,26-DEC-2024,26000.0,14-11-2024 09:18:00,24.6,25.5,24.0,25.25,2999625.0,0.0,2155.15,2155.15,2155.15,2155.15,867650.0,0.0
NIFTY,26-DEC-2024,26000.0,14-11-2024 09:19:00,25.25,25.25,24.0,24.5,2999625.0,10200.0,2160.0,2160.0,2151.0,2151.0,867150.0,0.0
NIFTY,26-DEC-2024,26000.0,14-11-2024 09:20:00,24.5,25.1,24.5,24.65,2999625.0,0.0,2159.0,2171.2,2159.0,2171.2,867150.0,0.0
NIFTY,26-DEC-2024,26000.0,14-11-2024 09:21:00,24.65,24.85,24.65,24.8,3001850.0,13150.0,2175.0,2175.0,2175.0,2175.0,867150.0,725.0
NIFTY,26-DEC-2024,26000.0,14-11-2024 09:22:00,24.5,25.0,24.5,25.0,3001850.0,0.0,2175.0,2175.0,2175.0,2175.0,867050.0,0.0
NIFTY,26-DEC-2024,26000.0,14-11-2024 09:23:00,24.75,24.95,24.55,24.95,3001850.0,4000.0,2155.25,2155.25,2150.4,2150.4,867050.0,0.0
NIFTY,26-DEC-2024,26000.0,14-11-2024 09:24:00,25.1,25.3,24.8,25.2,2999450.0,0.0,2147.9,2147.9,2140.0,2140.0,866725.0,0.0
NIFTY,26-DEC-2024,26000.0,14-11-2024 09:25:00,25.3,25.35,25.2,25.2,2999450.0,0.0,2147.0,2147.0,2142.75,2142.75,866725.0,0.0
NIFTY,26-DEC-2024,26000.0,14-11-2024 09:26:00,25.35,25.35,25.1,25.25,2999450.0,0.0,2155.0,2165.2,2155.0,2165.2,866725.0,0.0
NIFTY,26-DEC-2024,26000.0,14-11-2024 09:27:00,25.1,25.25,24.75,24.75,2997300.0,0.0,2160.0,2160.0,2150.0,2155.0,866425.0,700.0
NIFTY,26-DEC-2024,26000.0,14-11-2024 09:28:00,24.7,25.0,24.65,25.0,2997300.0,0.0,2156.2,2156.2,2155.0,2155.0,866425.0,300.0
NIFTY,26-DEC-2024,26000.0,14-11-2024 09:29:00,25.0,25.2,24.8,25.0,2997300.0,28225.0,2170.0,2170.0,2170.0,2170.0,866425.0,0.0
NIFTY,26-DEC-2024,26000.0,14-11-2024 09:30:00,25.0,25.2,24.7,24.7,2993475.0,0.0,2167.0,2167.0,2167.0,2167.0,866425.0,0.0
NIFTY,26-DEC-2024,26000.0,14-11-2024 09:31:00,24.95,24.95,24.7,24.7,2993475.0,0.0,2167.2,2167.2,2160.0,2162.0,866275.0,150.0
NIFTY,26-DEC-2024,26000.0,14-11-2024 09:32:00,24.85,24.95,24.6,24.9,2993475.0,14525.0,2177.0,2183.05,2175.0,2175.0,866275.0,125.0
NIFTY,26-DEC-2024,26000.0,14-11-2024 09:33:00,24.9,25.0,24.85,24.85,2993475.0,6125.0,2177.0,2177.0,2170.0,2170.0,866275.0,325.0
NIFTY,26-DEC-2024,26000.0,14-11-2024 09:34:00,24.85,25.15,24.85,25.15,2995725.0,0.0,2160.0,2165.65,2153.5,2165.65,866125.0,0.0
NIFTY,26-DEC-2024,26000.0,14-11-2024 09:35:00,25.0,25.1,24.9,25.0,2995725.0,6200.0,2165.65,2175.0,2165.65,2170.1,866125.0,475.0
NIFTY,26-DEC-2024,26000.0,14-11-2024 09:36:00,25.0,25.15,24.8,25.0,2993725.0,825.0,2170.1,2170.1,2160.0,2160.0,866125.0,475.0
NIFTY,26-DEC-2024,26000.0,14-11-2024 09:37:00,24.85,25.0,24.45,24.7,2993725.0,11000.0,2170.1,2173.2,2170.1,2173.2,866225.0,150.0
NIFTY,26-DEC-2024,26000.0,14-11-2024 09:38:00,25.0,25.15,24.7,25.0,2993725.0,15050.0,2175.0,2177.0,2172.1,2172.1,866225.0,0.0
NIFTY,26-DEC-2024,26000.0,14-11-2024 09:39:00,25.0,25.0,24.45,24.45,2993225.0,0.0,,,,,,
NIFTY,26-DEC-2024,26000.0,14-11-2024 09:40:00,24.55,24.65,24.2,24.2,2993225.0,2200.0,2163.0,2175.05,2163.0,2175.0,866275.0,300.0
NIFTY,26-DEC-2024,26000.0,14-11-2024 09:41:00,24.45,24.5,23.85,24.5,2993225.0,3525.0,2172.05,2208.05,2171.65,2206.0,866275.0,2950.0
NIFTY,26-DEC-2024,26000.0,14-11-2024 09:42:00,24.0,24.6,23.95,23.95,2996050.0,9800.0,2228.05,2228.05,2201.0,2201.0,866275.0,775.0
NIFTY,26-DEC-2024,26000.0,14-11-2024 09:43:00,23.95,24.9,23.95,24.25,2996050.0,0.0,2208.95,2208.95,2199.0,2199.1,869800.0,0.0
NIFTY,26-DEC-2024,26000.0,14-11-2024 09:44:00,24.5,24.5,23.9,23.9,2996050.0,13925.0,2199.1,2199.1,2199.1,2199.1,869800.0,225.0
NIFTY,26-DEC-2024,26000.0,14-11-2024 09:45:00,24.2,24.6,24.0,24.6,2991675.0,2300.0,2199.1,2199.1,2179.0,2189.15,869800.0,0.0
NIFTY,26-DEC-2024,26000.0,14-11-2024 09:46:00,24.1,24.5,24.1,24.5,2991675.0,1725.0,2180.05,2180.6,2169.1,2169.1,869875.0,425.0
NIFTY,26-DEC-2024,26000.0,14-11-2024 09:47:00,24.2,25.05,24.2,24.9,2991675.0,0.0,2169.55,2169.55,2169.55,2169.55,869875.0,0.0
NIFTY,26-DEC-2024,26000.0,14-11-2024 09:48:00,24.75,24.75,24.55,24.75,2991800.0,2650.0,2169.55,2175.0,2169.55,2175.0,871725.0,25.0
NIFTY,26-DEC-2024,26000.0,14-11-2024 09:49:00,24.7,24.7,24.2,24.5,2991800.0,3125.0,2180.0,2180.0,2172.25,2172.25,871725.0,2800.0
NIFTY,26-DEC-2024,26000.0,14-11-2024 09:50:00,24.5,24.5,24.2,24.3,2991800.0,9025.0,2184.5,2184.5,2184.5,2184.5,871725.0,75.0
NIFTY,26-DEC-2024,26000.0,14-11-2024 09:51:00,24.3,24.3,23.9,24.0,2991800.0,0.0,2172.0,2181.15,2172.0,2181.05,871725.0,0.0
NIFTY,26-DEC-2024,26000.0,14-11-2024 09:52:00,24.0,24.05,23.9,24.0,2993325.0,6175.0,2181.05,2181.65,2181.05,2181.65,872775.0,400.0
NIFTY,26-DEC-2024,26000.0,14-11-2024 09:53:00,24.0,24.0,23.8,23.8,2993325.0,925.0,2184.5,2193.15,2180.0,2180.0,872775.0,300.0
NIFTY,26-DEC-2024,26000.0,14-11-2024 09:54:00,23.85,23.85,23.65,23.65,2992775.0,5200.0,2180.05,2180.05,2180.05,2180.05,872775.0,500.0
NIFTY,26-DEC-2024,26000.0,14-11-2024 09:55:00,23.7,23.85,23.7,23.85,2992775.0,4500.0,2175.0,2182.0,2170.0,2170.0,872175.0,1775.0
NIFTY,26-DEC-2024,26000.0,14-11-2024 09:56:00,23.8,23.9,23.7,23.8,2992775.0,0.0,2170.0,2170.0,2151.0,2151.0,872175.0,300.0
NIFTY,26-DEC-2024,26000.0,14-11-2024 09:57:00,23.8,24.0,23.6,23.85,2993350.0,7375.0,2151.0,2155.15,2151.0,2155.15,872175.0,0.0
NIFTY,26-DEC-2024,26000.0,14-11-2024 09:58:00,24.0,24.15,23.65,23.95,2993350.0,9200.0,2155.0,2158.45,2155.0,2158.45,873725.0,75.0
NIFTY,26-DEC-2024,26000.0,14-11-2024 09:59:00,23.9,23.95,23.65,23.95,2993350.0,2975.0,2155.0,2160.3,2155.0,2160.3,873725.0,2975.0
NIFTY,26-DEC-2024,26000.0,14-11-2024 10:00:00,23.95,24.15,23.7,24.15,2993350.0,0.0,2154.65,2154.65,2140.5,2140.5,873725.0,0.0
NIFTY,26-DEC-2024,26000.0,14-11-2024 10:01:00,24.3,24.6,24.0,24.4,2992600.0,2325.0,2119.55,2119.55,2112.25,2112.9,876125.0,300.0
NIFTY,26-DEC-2024,26000.0,14-11-2024 10:02:00,24.45,24.5,24.4,24.5,2992600.0,4650.0,2113.2,2113.2,2097.0,2097.0,876125.0,225.0
NIFTY,26-DEC-2024,26000.0,14-11-2024 10:03:00,24.7,24.7,24.7,24.7,2992600.0,2725.0,,,,,,
NIFTY,26-DEC-2024,26000.0,14-11-2024 10:04:00,24.7,24.95,24.7,24.9,2993175.0,0.0,2097.0,2101.0,2096.0,2096.0,875800.0,75.0
NIFTY,26-DEC-2024,26000.0,14-11-2024 10:05:00,24.95,25.0,24.75,24.75,2993175.0,0.0,2096.0,2100.0,2096.0,2100.0,875800.0,100.0
NIFTY,26-DEC-2024,26000.0,14-11-2024 10:06:00,24.8,24.9,24.55,24.7,2993175.0,20625.0,2100.0,2100.0,2092.05,2100.0,875800.0,1425.0
NIFTY,26-DEC-2024,26000.0,14-11-2024 10:07:00,24.5,24.75,24.2,24.2,2995750.0,0.0,2107.5,2107.5,2107.5,2107.5,876750.0,0.0
NIFTY,26-DEC-2024,26000.0,14-11-2024 10:08:00,24.15,24.65,24.15,24.6,2995750.0,0.0,2122.0,2122.0,2122.0,2122.0,876750.0,0.0
NIFTY,26-DEC-2024,26000.0,14-11-2024 10:09:00,24.6,24.7,24.5,24.6,2995750.0,20850.0,2117.55,2125.55,2117.55,2125.55,876750.0,375.0
NIFTY,26-DEC-2024,26000.0,14-11-2024 10:10:00,24.6,24.6,24.35,24.45,2995925.0,3100.0,2125.0,2133.0,2125.0,2133.0,876750.0,300.0
NIFTY,26-DEC-2024,26000.0,14-11-2024 10:11:00,24.5,24.5,24.1,24.25,2995925.0,4200.0,2131.8,2140.65,2131.8,2134.25,876750.0,0.0
NIFTY,26-DEC-2024,26000.0,14-11-2024 10:12:00,24.45,24.45,24.1,24.25,2995925.0,0.0,,,,,,
NIFTY,26-DEC-2024,26000.0,14-11-2024 10:13:00,24.4,24.45,24.15,24.45,2994575.0,1900.0,2135.35,2135.35,2120.8,2120.8,877325.0,1050.0
NIFTY,26-DEC-2024,26000.0,14-11-2024 10:14:00,24.5,24.5,24.3,24.35,2994575.0,925.0,2120.8,2120.8,2120.8,2120.8,877325.0,525.0
NIFTY,26-DEC-2024,26000.0,14-11-2024 10:15:00,24.3,24.5,24.1,24.25,2994575.0,6550.0,2120.8,2120.8,2120.8,2120.8,877325.0,0.0
NIFTY,26-DEC-2024,26000.0,14-11-2024 10:16:00,24.2,24.2,24.0,24.15,2996575.0,1700.0,2143.95,2143.95,2143.95,2143.95,877325.0,25.0
NIFTY,26-DEC-2024,26000.0,14-11-2024 10:17:00,23.8,24.0,23.55,23.55,2996575.0,0.0,2144.0,2144.0,2144.0,2144.0,877475.0,25.0
NIFTY,26-DEC-2024,26000.0,14-11-2024 10:18:00,23.55,23.6,23.3,23.6,2996575.0,2500.0,2144.0,2146.2,2144.0,2146.2,877475.0,25.0
NIFTY,26-DEC-2024,26000.0,14-11-2024 10:19:00,23.6,23.6,23.3,23.3,2994300.0,2175.0,2146.2,2146.2,2146.2,2146.2,877475.0,0.0
NIFTY,26-DEC-2024,26000.0,14-11-2024 10:20:00,23.15,23.15,23.0,23.0,2994300.0,3875.0,2146.2,2146.2,2146.2,2146.2,877475.0,0.0
NIFTY,26-DEC-2024,26000.0,14-11-2024 10:21:00,23.0,23.25,22.8,23.15,2994300.0,4050.0,2142.0,2142.0,2142.0,2142.0,877475.0,25.0
NIFTY,26-DEC-2024,26000.0,14-11-2024 10:22:00,23.1,23.1,22.8,23.1,2991725.0,0.0,2145.0,2146.2,2145.0,2145.0,877475.0,0.0
NIFTY,26-DEC-2024,26000.0,14-11-2024 10:23:00,23.0,23.0,22.95,22.95,2991725.0,600.0,2139.1,2139.1,2139.1,2139.1,877475.0,1125.0
NIFTY,26-DEC-2024,26000.0,14-11-2024 10:24:00,22.8,23.2,22.8,22.85,2991725.0,300.0,2139.1,2139.1,2139.1,2139.1,877475.0,500.0
NIFTY,26-DEC-2024,26000.0,14-11-2024 10:25:00,23.25,23.25,23.0,23.0,2991725.0,900.0,2139.1,2155.0,2139.1,2154.65,878525.0,175.0
NIFTY,26-DEC-2024,26000.0,14-11-2024 10:26:00,23.15,23.15,22.8,22.8,2991725.0,0.0,2155.0,2155.0,2155.0,2155.0,878525.0,0.0
NIFTY,26-DEC-2024,26000.0,14-11-2024 10:27:00,22.8,22.8,22.75,22.75,2991725.0,1025.0,2155.0,2163.9,2155.0,2163.9,878525.0,25.0
NIFTY,26-DEC-2024,26000.0,14-11-2024 10:28:00,22.65,23.05,22.65,23.0,2992000.0,6750.0,2163.9,2163.9,2163.9,2163.9,878525.0,25.0
NIFTY,26-DEC-2024,26000.0,14-11-2024 10:29:00,23.0,23.25,22.85,23.05,2992000.0,9900.0,2163.55,2163.55,2157.75,2157.75,878575.0,50.0
NIFTY,26-DEC-2024,26000.0,14-11-2024 10:30:00,23.0,23.25,22.8,23.15,2992000.0,5350.0,2166.0,2166.0,2157.75,2157.75,878575.0,475.0
NIFTY,26-DEC-2024,26000.0,14-11-2024 10:31:00,23.1,23.25,23.0,23.2,2991425.0,0.0,2152.1,2152.1,2152.1,2152.1,879000.0,175.0
NIFTY,26-DEC-2024,26000.0,14-11-2024 10:32:00,23.2,23.45,23.0,23.45,2991425.0,4475.0,2152.1,2158.15,2152.1,2157.4,879000.0,150.0
NIFTY,26-DEC-2024,26000.0,14-11-2024 10:33:00,23.3,23.6,23.3,23.5,2991425.0,4875.0,2159.75,2162.2,2152.1,2162.2,879000.0,0.0
NIFTY,26-DEC-2024,26000.0,14-11-2024 10:34:00,23.5,23.5,23.25,23.5,2990475.0,6475.0,2162.2,2162.2,2158.0,2158.0,879325.0,825.0
NIFTY,26-DEC-2024,26000.0,14-11-2024 10:35:00,23.25,23.4,23.0,23.1,2990475.0,0.0,2156.45,2159.0,2155.0,2159.0,879325.0,0.0
NIFTY,26-DEC-2024,26000.0,14-11-2024 10:36:00,23.0,23.1,23.0,23.1,2990475.0,7650.0,2166.9,2166.9,2166.9,2166.9,879325.0,1125.0
NIFTY,26-DEC-2024,26000.0,14-11-2024 10:37:00,23.1,23.1,22.8,23.0,2989900.0,0.0,2160.0,2166.0,2157.0,2166.0,879600.0,0.0
NIFTY,26-DEC-2024,26000.0,14-11-2024 10:38:00,23.0,23.0,22.8,23.0,2989900.0,975.0,,,,,,
NIFTY,26-DEC-2024,26000.0,14-11-2024 10:39:00,23.0,23.2,22.8,23.0,2989900.0,0.0,2170.0,2189.0,2170.0,2189.0,879600.0,0.0
NIFTY,26-DEC-2024,26000.0,14-11-2024 10:40:00,23.0,23.0,22.65,23.0,2988375.0,6025.0,2185.45,2186.2,2185.45,2185.7,879750.0,1500.0
NIFTY,26-DEC-2024,26000.0,14-11-2024 10:41:00,22.95,23.0,22.65,22.65,2988375.0,0.0,2185.7,2186.6,2172.4,2177.1,879750.0,1675.0
NIFTY,26-DEC-2024,26000.0,14-11-2024 10:42:00,22.7,23.1,22.7,23.1,2988375.0,0.0,2172.45,2172.45,2169.75,2169.75,879750.0,0.0
NIFTY,26-DEC-2024,26000.0,14-11-2024 10:43:00,23.1,23.2,22.9,23.0,2987050.0,0.0,,,,,,
NIFTY,26-DEC-2024,26000.0,14-11-2024 10:44:00,23.15,23.15,23.0,23.0,2987050.0,9500.0,2178.85,2178.85,2172.35,2172.35,880200.0,250.0
NIFTY,26-DEC-2024,26000.0,14-11-2024 10:45:00,23.0,23.2,22.9,22.9,2987050.0,525.0,2172.05,2180.3,2170.3,2180.3,880200.0,200.0
NIFTY,26-DEC-2024,26000.0,14-11-2024 10:46:00,22.8,23.0,22.5,22.5,2987525.0,0.0,2180.3,2192.2,2179.65,2192.2,880525.0,150.0
NIFTY,26-DEC-2024,26000.0,14-11-2024 10:47:00,22.95,22.95,22.8,22.8,2987525.0,0.0,2187.3,2187.3,2187.3,2187.3,880525.0,0.0
NIFTY,26-DEC-2024,26000.0,14-11-2024 10:48:00,22.85,22.85,22.4,22.7,2987525.0,5950.0,2177.0,2180.0,2177.0,2180.0,880525.0,75.0
NIFTY,26-DEC-2024,26000.0,14-11-2024 10:49:00,22.55,22.8,22.45,22.75,2988975.0,10100.0,2184.4,2184.4,2184.4,2184.4,881475.0,1625.0
NIFTY,26-DEC-2024,26000.0,14-11-2024 10:50:00,22.8,23.0,22.5,22.95,2988975.0,725.0,2184.4,2184.4,2177.0,2177.0,881475.0,75.0
NIFTY,26-DEC-2024,26000.0,14-11-2024 10:51:00,22.6,22.6,22.6,22.6,2988975.0,0.0,,,,,,
NIFTY,26-DEC-2024,26000.0,14-11-2024 10:52:00,22.45,22.45,22.2,22.2,2986400.0,0.0,2194.4,2194.4,2194.4,2194.4,880675.0,0.0
NIFTY,26-DEC-2024,26000.0,14-11-2024 10:53:00,22.2,22.2,22.1,22.1,2986400.0,17925.0,2194.4,2199.0,2194.4,2199.0,880675.0,275.0
NIFTY,26-DEC-2024,26000.0,14-11-2024 10:54:00,22.05,22.15,21.7,21.75,2986400.0,10300.0,2199.0,2199.0,2199.0,2199.0,880675.0,25.0
NIFTY,26-DEC-2024,26000.0,14-11-2024 10:55:00,21.85,21.85,21.5,21.5,2983750.0,0.0,2195.0,2195.0,2195.0,2195.0,880625.0,0.0
NIFTY,26-DEC-2024,26000.0,14-11-2024 10:56:00,21.5,21.55,21.2,21.45,2983750.0,0.0,2189.45,2193.2,2189.45,2193.2,880625.0,0.0
NIFTY,26-DEC-2024,26000.0,14-11-2024 10:57:00,21.45,21.6,21.4,21.45,2983750.0,12675.0,2193.2,2195.0,2193.0,2193.0,880625.0,225.0
NIFTY,26-DEC-2024,26000.0,14-11-2024 10:58:00,21.45,21.65,21.4,21.4,2981400.0,0.0,2203.0,2203.0,2200.0,2200.0,880475.0,0.0
NIFTY,26-DEC-2024,26000.0,14-11-2024 10:59:00,21.55,21.7,21.2,21.6,2981400.0,0.0,,,,,,
NIFTY,26-DEC-2024,26000.0,14-11-2024 11:00:00,21.6,22.15,21.6,22.0,2981400.0,94675.0,2200.0,2200.0,2200.0,2200.0,880475.0,625.0
NIFTY,26-DEC-2024,26000.0,14-11-2024 11:01:00,22.0,22.15,21.7,21.9,2981025.0,8200.0,2201.8,2209.0,2201.8,2209.0,880325.0,225.0
NIFTY,26-DEC-2024,26000.0,14-11-2024 11:02:00,22.0,22.0,21.75,21.75,2981025.0,0.0,,,,,,
NIFTY,26-DEC-2024,26000.0,14-11-2024 11:03:00,21.6,21.6,21.35,21.5,2981025.0,10250.0,2209.0,2216.0,2209.0,2216.0,880325.0,0.0
NIFTY,26-DEC-2024,26000.0,14-11-2024 11:04:00,21.45,21.6,21.3,21.6,2982375.0,0.0,2222.55,2222.55,2222.55,2222.55,880325.0,350.0
NIFTY,26-DEC-2024,26000.0,14-11-2024 11:05:00,21.6,21.7,21.3,21.6,2982375.0,0.0,2222.0,2229.0,2222.0,2229.0,880125.0,0.0
NIFTY,26-DEC-2024,26000.0,14-11-2024 11:06:00,21.45,21.55,21.4,21.5,2982375.0,0.0,2239.0,2239.0,2239.0,2239.0,880125.0,0.0
NIFTY,26-DEC-2024,26000.0,14-11-2024 11:07:00,21.5,21.7,21.4,21.45,2979775.0,40425.0,2240.0,2240.0,2240.0,2240.0,880150.0,150.0
NIFTY,26-DEC-2024,26000.0,14-11-2024 11:08:00,21.45,21.85,21.45,21.85,2979775.0,0.0,2244.0,2247.0,2244.0,2247.0,880150.0,0.0
NIFTY,26-DEC-2024,26000.0,14-11-2024 11:09:00,21.9,22.0,21.65,21.65,2979775.0,0.0,2240.0,2240.0,2240.0,2240.0,880150.0,0.0
NIFTY,26-DEC-2024,26000.0,14-11-2024 11:10:00,21.5,21.75,21.2,21.5,2979725.0,0.0,2235.0,2235.0,2235.0,2235.0,880250.0,0.0
NIFTY,26-DEC-2024,26000.0,14-11-2024 11:11:00,21.65,21.75,21.35,21.5,2979725.0,0.0,2236.0,2236.0,2236.0,2236.0,880250.0,0.0
NIFTY,26-DEC-2024,26000.0,14-11-2024 11:12:00,21.45,21.5,21.35,21.35,2979725.0,18175.0,2247.0,2249.0,2247.0,2249.0,880250.0,0.0
NIFTY,26-DEC-2024,26000.0,14-11-2024 11:13:00,21.25,21.5,21.25,21.5,2979625.0,3800.0,2249.75,2269.0,2249.75,2261.0,880475.0,1275.0
NIFTY,26-DEC-2024,26000.0,14-11-2024 11:14:00,21.35,21.5,21.3,21.3,2979625.0,0.0,,,,,,
NIFTY,26-DEC-2024,26000.0,14-11-2024 11:15:00,21.4,21.5,21.3,21.3,2979625.0,10825.0,2260.0,2260.0,2260.0,2260.0,880475.0,150.0
NIFTY,26-DEC-2024,26000.0,14-11-2024 11:16:00,21.35,21.35,21.25,21.35,2978775.0,0.0,,,,,,
NIFTY,26-DEC-2024,26000.0,14-11-2024 11:17:00,21.3,21.45,21.3,21.45,2978775.0,2100.0,2248.0,2248.0,2245.0,2245.0,880525.0,50.0
NIFTY,26-DEC-2024,26000.0,14-11-2024 11:18:00,21.5,21.7,21.5,21.6,2978775.0,0.0,,,,,,
NIFTY,26-DEC-2024,26000.0,14-11-2024 11:19:00,21.5,21.5,21.4,21.4,2977975.0,0.0,2245.0,2245.0,2242.0,2245.0,880575.0,0.0
NIFTY,26-DEC-2024,26000.0,14-11-2024 11:20:00,21.55,21.6,21.35,21.45,2977975.0,16600.0,2246.0,2253.0,2246.0,2253.0,880575.0,125.0
NIFTY,26-DEC-2024,26000.0,14-11-2024 11:21:00,21.5,21.85,21.45,21.45,2977975.0,14700.0,2253.0,2253.0,2253.0,2253.0,880575.0,50.0
NIFTY,26-DEC-2024,26000.0,14-11-2024 11:22:00,21.4,21.5,21.3,21.4,2979700.0,6975.0,2253.0,2253.0,2247.0,2248.95,880725.0,150.0
NIFTY,26-DEC-2024,26000.0,14-11-2024 11:23:00,21.5,21.5,21.3,21.35,2979700.0,0.0,2247.95,2247.95,2241.0,2241.0,880725.0,0.0
NIFTY,26-DEC-2024,26000.0,14-11-2024 11:24:00,21.3,21.5,21.3,21.5,2979700.0,1000.0,2246.0,2246.0,2246.0,2246.0,880725.0,125.0
NIFTY,26-DEC-2024,26000.0,14-11-2024 11:25:00,21.3,21.5,21.25,21.4,2977225.0,2525.0,2246.0,2246.0,2240.0,2240.0,880725.0,0.0
NIFTY,26-DEC-2024,26000.0,14-11-2024 11:26:00,21.45,21.45,21.15,21.15,2977225.0,0.0,2244.0,2246.0,2244.0,2246.0,880725.0,0.0
NIFTY,26-DEC-2024,26000.0,14-11-2024 11:27:00,21.3,21.45,21.3,21.45,2977225.0,9300.0,2243.35,2244.0,2238.0,2238.0,880725.0,3300.0
NIFTY,26-DEC-2024,26000.0,14-11-2024 11:28:00,21.45,21.45,21.45,21.45,2975700.0,0.0,2238.0,2238.0,2235.0,2238.0,880725.0,1375.0
NIFTY,26-DEC-2024,26000.0,14-11-2024 11:29:00,21.4,21.45,21.25,21.3,2975700.0,1600.0,2239.2,2239.7,2238.45,2238.45,883525.0,50.0
NIFTY,26-DEC-2024,26000.0,14-11-2024 11:30:00,21.25,21.4,21.2,21.4,2975700.0,0.0,2236.85,2249.95,2236.85,2249.95,883525.0,0.0
NIFTY,26-DEC-2024,26000.0,14-11-2024 11:31:00,21.35,21.4,21.15,21.15,2974825.0,2875.0,2249.95,2249.95,2242.0,2242.0,884825.0,250.0
NIFTY,26-DEC-2024,26000.0,14-11-2024 11:32:00,21.4,21.4,21.1,21.3,2974825.0,0.0,2243.8,2243.8,2243.8,2243.8,884825.0,0.0
NIFTY,26-DEC-2024,26000.0,14-11-2024 11:33:00,21.3,21.45,21.05,21.25,2974825.0,0.0,,,,,,
NIFTY,26-DEC-2024,26000.0,14-11-2024 11:34:00,21.25,21.5,21.2,21.5,2976000.0,4250.0,2243.8,2243.8,2237.95,2237.95,886650.0,2075.0
NIFTY,26-DEC-2024,26000.0,14-11-2024 11:35:00,21.5,21.65,21.15,21.6,2976000.0,7650.0,2222.0,2222.0,2222.0,2222.0,886650.0,975.0
NIFTY,26-DEC-2024,26000.0,14-11-2024 11:36:00,21.85,21.9,21.55,21.55,2976000.0,5350.0,2229.0,2229.0,2229.0,2229.0,886650.0,50.0
NIFTY,26-DEC-2024,26000.0,14-11-2024 11:37:00,21.6,21.6,21.55,21.6,2973150.0,0.0,2235.0,2238.0,2235.0,2238.0,887425.0,0.0
NIFTY,26-DEC-2024,26000.0,14-11-2024 11:38:00,21.6,21.9,21.55,21.9,2973150.0,750.0,2241.0,2242.0,2241.0,2242.0,887425.0,0.0
NIFTY,26-DEC-2024,26000.0,14-11-2024 11:39:00,21.6,21.75,21.55,21.55,2973150.0,1200.0,2245.0,2245.95,2240.7,2245.95,887425.0,300.0
NIFTY,26-DEC-2024,26000.0,14-11-2024 11:40:00,21.6,21.6,21.55,21.55,2973025.0,0.0,,,,,,
NIFTY,26-DEC-2024,26000.0,14-11-2024 11:41:00,21.55,21.55,21.55,21.55,2973025.0,0.0,,,,,,
NIFTY,26-DEC-2024,26000.0,14-11-2024 11:42:00,21.6,21.6,21.5,21.55,2973025.0,0.0,,,,,,
NIFTY,26-DEC-2024,26000.0,14-11-2024 11:43:00,21.5,21.5,21.45,21.5,2973050.0,0.0,2231.8,2231.8,2231.7,2231.7,887900.0,0.0
NIFTY,26-DEC-2024,26000.0,14-11-2024 11:44:00,21.9,22.0,21.65,22.0,2973050.0,0.0,2233.0,2235.1,2233.0,2235.1,887900.0,2325.0
NIFTY,26-DEC-2024,26000.0,14-11-2024 11:45:00,22.2,22.2,21.9,22.0,2973050.0,37500.0,2238.1,2238.1,2235.25,2235.25,887900.0,375.0
NIFTY,26-DEC-2024,26000.0,14-11-2024 11:46:00,22.0,22.0,21.7,21.8,2974625.0,0.0,2238.95,2238.95,2238.95,2238.95,889450.0,0.0
NIFTY,26-DEC-2024,26000.0,14-11-2024 11:47:00,21.8,21.95,21.75,21.8,2974625.0,5825.0,2238.95,2238.95,2238.95,2238.95,889450.0,75.0
NIFTY,26-DEC-2024,26000.0,14-11-2024 11:48:00,21.75,21.75,21.75,21.75,2974625.0,1075.0,2239.0,2240.0,2239.0,2240.0,889450.0,50.0
NIFTY,26-DEC-2024,26000.0,14-11-2024 11:49:00,21.8,21.8,21.8,21.8,2974900.0,0.0,2239.05,2239.05,2239.05,2239.05,889450.0,225.0
NIFTY,26-DEC-2024,26000.0,14-11-2024 11:50:00,22.0,22.0,22.0,22.0,2974900.0,850.0,,,,,,
NIFTY,26-DEC-2024,26000.0,14-11-2024 11:51:00,21.9,22.0,21.9,22.0,2974900.0,0.0,2232.0,2232.0,2232.0,2232.0,889500.0,0.0
NIFTY,26-DEC-2024,26000.0,14-11-2024 11:52:00,22.0,22.0,22.0,22.0,2974875.0,150.0,,,,,,
NIFTY,26-DEC-2024,26000.0,14-11-2024 11:53:00,21.9,21.9,21.8,21.85,2974875.0,825.0,2244.0,2244.0,2244.0,2244.0,889300.0,150.0
NIFTY,26-DEC-2024,26000.0,14-11-2024 11:54:00,21.85,21.85,21.85,21.85,2974875.0,0.0,,,,,,
NIFTY,26-DEC-2024,26000.0,14-11-2024 11:55:00,21.85,21.85,21.7,21.7,2975075.0,0.0,2244.0,2244.0,2244.0,2244.0,889300.0,0.0
NIFTY,26-DEC-2024,26000.0,14-11-2024 11:56:00,21.65,21.65,21.6,21.6,2975075.0,0.0,,,,,,
NIFTY,26-DEC-2024,26000.0,14-11-2024 11:57:00,21.6,21.6,21.6,21.6,2975075.0,1900.0,2240.5,2240.5,2240.5,2240.5,889300.0,75.0
NIFTY,26-DEC-2024,26000.0,14-11-2024 11:58:00,21.7,21.85,21.65,21.65,2975000.0,50.0,,,,,,
NIFTY,26-DEC-2024,26000.0,14-11-2024 11:59:00,21.75,22.0,21.7,22.0,2975000.0,2275.0,2220.0,2223.3,2220.0,2223.3,888000.0,2100.0
NIFTY,26-DEC-2024,26000.0,14-11-2024 12:00:00,21.9,22.1,21.9,21.9,2975000.0,0.0,,,,,,
NIFTY,26-DEC-2024,26000.0,14-11-2024 12:01:00,21.95,22.05,21.85,21.95,2974400.0,6625.0,2223.3,2223.3,2223.3,2223.3,888000.0,0.0
NIFTY,26-DEC-2024,26000.0,14-11-2024 12:02:00,21.95,22.0,21.8,22.0,2974400.0,1175.0,,,,,,
NIFTY,26-DEC-2024,26000.0,14-11-2024 12:03:00,21.8,22.0,21.7,21.7,2974400.0,1925.0,2224.75,2224.75,2224.75,2224.75,888675.0,75.0
NIFTY,26-DEC-2024,26000.0,14-11-2024 12:04:00,21.9,21.9,21.7,21.75,2974450.0,0.0,2226.45,2226.45,2223.3,2223.3,888675.0,0.0
NIFTY,26-DEC-2024,26000.0,14-11-2024 12:05:00,21.8,21.9,21.75,21.9,2974450.0,1150.0,2223.3,2223.3,2223.3,2223.3,888675.0,275.0
NIFTY,26-DEC-2024,26000.0,14-11-2024 12:06:00,21.8,21.9,21.75,21.9,2974450.0,3625.0,2223.3,2223.3,2223.3,2223.3,888675.0,150.0
NIFTY,26-DEC-2024,26000.0,14-11-2024 12:07:00,21.75,22.05,21.75,21.9,2972475.0,1500.0,2210.0,2214.6,2210.0,2214.6,889225.0,625.0
NIFTY,26-DEC-2024,26000.0,14-11-2024 12:08:00,22.05,22.15,21.9,22.0,2972475.0,0.0,,,,,,
NIFTY,26-DEC-2024,26000.0,14-11-2024 12:09:00,22.2,22.2,21.95,22.05,2972475.0,1750.0,2214.6,2221.0,2212.35,2212.35,889225.0,75.0
NIFTY,26-DEC-2024,26000.0,14-11-2024 12:10:00,22.05,22.25,22.0,22.2,2972525.0,2300.0,2212.35,2212.35,2212.35,2212.35,889225.0,600.0
NIFTY,26-DEC-2024,26000.0,14-11-2024 12:11:00,22.2,22.35,22.1,22.1,2972525.0,8700.0,2212.35,2212.35,2212.35,2212.35,889225.0,0.0
NIFTY,26-DEC-2024,26000.0,14-11-2024 12:12:00,22.1,22.3,22.1,22.3,2972525.0,0.0,2211.65,2211.65,2211.65,2211.65,888950.0,75.0
NIFTY,26-DEC-2024,26000.0,14-11-2024 12:13:00,21.9,22.2,21.85,22.2,2972450.0,0.0,2201.3,2202.55,2201.3,2202.55,888950.0,0.0
NIFTY,26-DEC-2024,26000.0,14-11-2024 12:14:00,22.1,22.9,22.1,22.8,2972450.0,4500.0,2200.0,2200.0,2200.0,2200.0,888325.0,0.0
NIFTY,26-DEC-2024,26000.0,14-11-2024 12:15:00,22.8,22.85,22.5,22.5,2972450.0,10825.0,2200.0,2201.15,2200.0,2201.15,888325.0,1000.0
NIFTY,26-DEC-2024,26000.0,14-11-2024 12:16:00,22.65,22.75,22.4,22.4,2972625.0,0.0,2194.1,2194.1,2194.1,2194.1,888325.0,0.0
NIFTY,26-DEC-2024,26000.0,14-11-2024 12:17:00,22.6,22.6,22.3,22.5,2972625.0,2800.0,2194.1,2194.1,2194.1,2194.1,888325.0,75.0
NIFTY,26-DEC-2024,26000.0,14-11-2024 12:18:00,22.5,22.6,22.45,22.45,2972625.0,5125.0,2194.1,2194.1,2194.1,2194.1,888325.0,0.0
NIFTY,26-DEC-2024,26000.0,14-11-2024 12:19:00,22.45,22.45,22.45,22.45,2972025.0,5900.0,,,,,,
NIFTY,26-DEC-2024,26000.0,14-11-2024 12:20:00,22.2,22.25,22.05,22.1,2972025.0,0.0,2212.05,2221.1,2212.05,2221.1,888050.0,0.0
NIFTY,26-DEC-2024,26000.0,14-11-2024 12:21:00,22.2,22.25,22.05,22.25,2972025.0,4000.0,2213.0,2220.15,2213.0,2220.15,888050.0,1925.0
NIFTY,26-DEC-2024,26000.0,14-11-2024 12:22:00,22.25,22.25,22.2,22.2,2971225.0,2400.0,,,,,,
NIFTY,26-DEC-2024,26000.0,14-11-2024 12:23:00,22.1,22.25,22.05,22.25,2971225.0,0.0,2219.4,2219.4,2209.7,2209.7,887975.0,0.0
NIFTY,26-DEC-2024,26000.0,14-11-2024 12:24:00,22.05,22.05,22.05,22.05,2971225.0,0.0,2211.6,2211.6,2211.6,2211.6,887975.0,0.0
NIFTY,26-DEC-2024,26000.0,14-11-2024 12:25:00,22.25,22.4,22.0,22.4,2969950.0,0.0,2211.6,2221.85,2211.6,2212.55,887950.0,275.0
NIFTY,26-DEC-2024,26000.0,14-11-2024 12:26:00,22.45,22.5,22.45,22.5,2969950.0,4900.0,2215.0,2215.0,2212.45,2212.45,887950.0,375.0
NIFTY,26-DEC-2024,26000.0,14-11-2024 12:27:00,22.35,22.5,22.35,22.35,2969950.0,1775.0,2221.15,2221.25,2212.0,2221.25,887950.0,275.0
NIFTY,26-DEC-2024,26000.0,14-11-2024 12:28:00,22.35,22.5,22.3,22.5,2970600.0,1600.0,2221.25,2221.25,2221.25,2221.25,887950.0,75.0
NIFTY,26-DEC-2024,26000.0,14-11-2024 12:29:00,22.3,22.3,22.3,22.3,2970600.0,0.0,2217.2,2223.0,2217.2,2223.0,887900.0,0.0
NIFTY,26-DEC-2024,26000.0,14-11-2024 12:30:00,22.3,22.45,22.3,22.45,2970600.0,200.0,2218.95,2218.95,2218.95,2218.95,887900.0,300.0
NIFTY,26-DEC-2024,26000.0,14-11-2024 12:31:00,22.4,22.4,22.35,22.35,2970600.0,0.0,2230.0,2230.0,2230.0,2230.0,887900.0,0.0
NIFTY,26-DEC-2024,26000.0,14-11-2024 12:32:00,,,,,,,2223.6,2223.6,2223.6,2223.6,887875.0,0.0
NIFTY,26-DEC-2024,26000.0,14-11-2024 12:33:00,22.35,22.35,22.2,22.2,2970900.0,0.0,2233.0,2233.0,2233.0,2233.0,887875.0,0.0
NIFTY,26-DEC-2024,26000.0,14-11-2024 12:34:00,22.1,22.25,22.1,22.25,2971075.0,0.0,2233.0,2233.0,2233.0,2233.0,887875.0,100.0
NIFTY,26-DEC-2024,26000.0,14-11-2024 12:35:00,22.4,22.4,22.4,22.4,2971075.0,4200.0,2233.0,2233.0,2233.0,2233.0,887875.0,0.0
NIFTY,26-DEC-2024,26000.0,14-11-2024 12:36:00,22.4,22.4,22.4,22.4,2971075.0,825.0,2239.0,2239.0,2239.0,2239.0,887850.0,50.0
NIFTY,26-DEC-2024,26000.0,14-11-2024 12:37:00,22.4,22.4,22.4,22.4,2971000.0,525.0,2239.0,2239.0,2239.0,2239.0,887850.0,0.0
NIFTY,26-DEC-2024,26000.0,14-11-2024 12:38:00,22.3,22.5,22.2,22.2,2971000.0,0.0,2240.0,2243.0,2240.0,2243.0,887875.0,0.0
NIFTY,26-DEC-2024,26000.0,14-11-2024 12:39:00,22.2,22.5,22.2,22.5,2971000.0,500.0,2240.0,2240.0,2240.0,2240.0,887875.0,0.0
NIFTY,26-DEC-2024,26000.0,14-11-2024 12:40:00,22.25,22.25,22.25,22.25,2971000.0,0.0,,,,,,
NIFTY,26-DEC-2024,26000.0,14-11-2024 12:41:00,22.2,22.2,22.2,22.2,2971050.0,0.0,2233.65,2233.65,2233.65,2233.65,887875.0,275.0
NIFTY,26-DEC-2024,26000.0,14-11-2024 12:42:00,21.4,22.1,21.4,22.1,2971050.0,2275.0,2233.65,2233.65,2233.65,2233.65,887875.0,0.0
NIFTY,26-DEC-2024,26000.0,14-11-2024 12:43:00,22.15,22.15,22.15,22.15,2969775.0,0.0,,,,,,
NIFTY,26-DEC-2024,26000.0,14-11-2024 12:44:00,22.15,22.15,22.05,22.05,2969775.0,50.0,2233.65,2233.65,2233.65,2233.65,887875.0,0.0
NIFTY,26-DEC-2024,26000.0,14-11-2024 12:45:00,22.05,22.25,22.0,22.2,2969775.0,1625.0,2233.65,2233.65,2227.7,2228.0,887950.0,0.0
NIFTY,26-DEC-2024,26000.0,14-11-2024 12:46:00,22.2,22.2,22.1,22.1,2969825.0,1175.0,,,,,,
NIFTY,26-DEC-2024,26000.0,14-11-2024 12:47:00,22.0,22.2,22.0,22.2,2969825.0,225.0,2228.0,2228.0,2228.0,2228.0,887950.0,800.0
NIFTY,26-DEC-2024,26000.0,14-11-2024 12:48:00,22.2,22.3,22.05,22.15,2969825.0,0.0,2227.0,2227.0,2226.0,2226.0,888525.0,0.0
NIFTY,26-DEC-2024,26000.0,14-11-2024 12:49:00,22.15,22.2,22.0,22.2,2970200.0,3125.0,2226.0,2226.0,2221.0,2221.0,890250.0,1725.0
NIFTY,26-DEC-2024,26000.0,14-11-2024 12:50:00,22.2,22.2,22.1,22.2,2970200.0,2200.0,2219.0,2220.0,2219.0,2220.0,890250.0,1000.0
NIFTY,26-DEC-2024,26000.0,14-11-2024 12:51:00,22.2,22.2,22.2,22.2,2970200.0,6250.0,2223.9,2223.9,2223.9,2223.9,890250.0,2000.0
NIFTY,26-DEC-2024,26000.0,14-11-2024 12:52:00,22.1,22.2,22.1,22.2,2969075.0,0.0,,,,,,
NIFTY,26-DEC-2024,26000.0,14-11-2024 12:53:00,22.2,22.3,22.15,22.2,2969075.0,0.0,2223.9,2223.9,2223.9,2223.9,890250.0,0.0
NIFTY,26-DEC-2024,26000.0,14-11-2024 12:54:00,22.2,22.3,22.05,22.2,2969075.0,0.0,2212.5,2212.5,2205.4,2205.4,891775.0,0.0
NIFTY,26-DEC-2024,26000.0,14-11-2024 12:55:00,22.2,22.3,22.15,22.15,2968875.0,0.0,2205.45,2205.45,2205.45,2205.45,891775.0,375.0
NIFTY,26-DEC-2024,26000.0,14-11-2024 12:56:00,21.9,22.1,21.85,22.1,2968875.0,0.0,,,,,,
NIFTY,26-DEC-2024,26000.0,14-11-2024 12:57:00,22.1,22.1,21.85,21.85,2968875.0,0.0,2216.5,2216.5,2216.5,2216.5,891600.0,0.0
NIFTY,26-DEC-2024,26000.0,14-11-2024 12:58:00,21.85,22.0,21.85,22.0,2968800.0,8725.0,2222.0,2224.95,2222.0,2224.95,891475.0,400.0
NIFTY,26-DEC-2024,26000.0,14-11-2024 12:59:00,21.85,22.75,21.85,22.5,2968800.0,0.0,2222.0,2222.0,2222.0,2222.0,891475.0,0.0
NIFTY,26-DEC-2024,26000.0,14-11-2024 13:00:00,22.65,22.7,22.5,22.5,2968800.0,0.0,2221.65,2221.65,2221.65,2221.65,891475.0,0.0
NIFTY,26-DEC-2024,26000.0,14-11-2024 13:01:00,22.65,22.9,22.65,22.8,2967375.0,11975.0,2221.65,2221.65,2221.65,2221.65,891475.0,400.0
NIFTY,26-DEC-2024,26000.0,14-11-2024 13:02:00,22.85,22.85,22.7,22.85,2967375.0,5200.0,2221.65,2221.65,2221.65,2221.65,891475.0,0.0
NIFTY,26-DEC-2024,26000.0,14-11-2024 13:03:00,22.6,22.8,22.6,22.6,2967375.0,500.0,2222.0,2222.0,2220.5,2220.5,891450.0,50.0
NIFTY,26-DEC-2024,26000.0,14-11-2024 13:04:00,22.8,22.8,22.6,22.8,2966950.0,0.0,2224.95,2224.95,2224.95,2224.95,891475.0,0.0
NIFTY,26-DEC-2024,26000.0,14-11-2024 13:05:00,22.6,22.6,22.6,22.6,2966950.0,0.0,2224.95,2224.95,2221.55,2221.55,891475.0,25.0
NIFTY,26-DEC-2024,26000.0,14-11-2024 13:06:00,22.6,22.6,22.6,22.6,2966950.0,2450.0,2220.15,2220.15,2220.15,2220.15,891475.0,100.0
NIFTY,26-DEC-2024,26000.0,14-11-2024 13:07:00,22.5,22.5,22.5,22.5,2965900.0,525.0,2221.0,2221.0,2217.0,2217.0,890925.0,500.0
NIFTY,26-DEC-2024,26000.0,14-11-2024 13:08:00,22.6,22.6,22.45,22.5,2965900.0,1200.0,2217.0,2219.95,2217.0,2219.95,890925.0,725.0
NIFTY,26-DEC-2024,26000.0,14-11-2024 13:09:00,22.5,22.5,22.3,22.5,2965900.0,0.0,2219.95,2219.95,2214.0,2214.0,890925.0,150.0
NIFTY,26-DEC-2024,26000.0,14-11-2024 13:10:00,22.3,22.35,22.3,22.35,2966550.0,0.0,2214.0,2214.0,2211.55,2212.2,892100.0,225.0
NIFTY,26-DEC-2024,26000.0,14-11-2024 13:11:00,22.35,22.6,22.35,22.6,2966550.0,2075.0,2214.4,2214.4,2204.55,2208.1,892100.0,625.0
NIFTY,26-DEC-2024,26000.0,14-11-2024 13:12:00,22.55,22.6,22.55,22.6,2966550.0,700.0,2211.0,2211.0,2211.0,2211.0,892100.0,225.0
NIFTY,26-DEC-2024,26000.0,14-11-2024 13:13:00,22.65,22.7,22.5,22.5,2966950.0,400.0,2208.0,2208.0,2208.0,2208.0,892750.0,0.0
NIFTY,26-DEC-2024,26000.0,14-11-2024 13:14:00,22.5,22.5,22.5,22.5,2966950.0,0.0,2208.0,2208.0,2208.0,2208.0,892750.0,0.0
NIFTY,26-DEC-2024,26000.0,14-11-2024 13:15:00,22.45,22.75,22.45,22.75,2966950.0,0.0,2208.0,2208.0,2202.0,2202.0,892750.0,500.0
NIFTY,26-DEC-2024,26000.0,14-11-2024 13:16:00,22.45,22.8,22.45,22.7,2967525.0,3275.0,2200.0,2201.95,2198.5,2198.5,895275.0,2125.0
NIFTY,26-DEC-2024,26000.0,14-11-2024 13:17:00,22.7,22.7,22.5,22.5,2967525.0,0.0,2199.0,2199.0,2199.0,2199.0,895275.0,0.0
NIFTY,26-DEC-2024,26000.0,14-11-2024 13:18:00,22.5,22.6,22.4,22.6,2967525.0,0.0,2201.1,2201.1,2201.1,2201.1,895275.0,0.0
NIFTY,26-DEC-2024,26000.0,14-11-2024 13:19:00,22.5,22.55,22.5,22.55,2966625.0,0.0,2201.1,2201.1,2201.1,2201.1,895275.0,600.0
NIFTY,26-DEC-2024,26000.0,14-11-2024 13:20:00,22.4,22.5,22.3,22.3,2966625.0,5350.0,2204.0,2204.0,2202.0,2202.0,895700.0,25.0
NIFTY,26-DEC-2024,26000.0,14-11-2024 13:21:00,22.5,22.65,22.3,22.65,2966625.0,0.0,2206.0,2206.0,2206.0,2206.0,895700.0,0.0
NIFTY,26-DEC-2024,26000.0,14-11-2024 13:22:00,22.35,22.65,22.35,22.65,2966475.0,0.0,,,,,,
NIFTY,26-DEC-2024,26000.0,14-11-2024 13:23:00,22.65,22.65,22.65,22.65,2966475.0,1300.0,2206.0,2206.0,2206.0,2206.0,895700.0,175.0
NIFTY,26-DEC-2024,26000.0,14-11-2024 13:24:00,22.4,22.5,22.4,22.5,2966475.0,75.0,2216.95,2216.95,2216.95,2216.95,895700.0,25.0
NIFTY,26-DEC-2024,26000.0,14-11-2024 13:25:00,22.6,22.65,22.4,22.55,2966125.0,2400.0,2205.45,2205.45,2205.45,2205.45,895700.0,100.0
NIFTY,26-DEC-2024,26000.0,14-11-2024 13:26:00,22.6,22.75,22.4,22.5,2966125.0,0.0,2200.1,2200.1,2199.45,2199.45,895900.0,0.0
NIFTY,26-DEC-2024,26000.0,14-11-2024 13:27:00,22.5,22.8,22.45,22.8,2966125.0,5325.0,2199.45,2199.45,2199.45,2199.45,895900.0,300.0
NIFTY,26-DEC-2024,26000.0,14-11-2024 13:28:00,22.6,22.9,22.6,22.8,2966025.0,2775.0,2193.0,2193.0,2193.0,2193.0,895900.0,50.0
NIFTY,26-DEC-2024,26000.0,14-11-2024 13:29:00,22.7,22.85,22.7,22.85,2966025.0,325.0,2193.0,2193.0,2193.0,2193.0,895900.0,0.0
NIFTY,26-DEC-2024,26000.0,14-11-2024 13:30:00,22.85,22.85,22.85,22.85,2966025.0,0.0,,,,,,
NIFTY,26-DEC-2024,26000.0,14-11-2024 13:31:00,22.85,22.9,22.8,22.8,2967825.0,0.0,,,,,,
NIFTY,26-DEC-2024,26000.0,14-11-2024 13:32:00,22.75,22.85,22.7,22.7,2967825.0,16875.0,2208.0,2208.0,2208.0,2208.0,895800.0,0.0
NIFTY,26-DEC-2024,26000.0,14-11-2024 13:33:00,22.9,22.9,22.5,22.5,2967825.0,0.0,2208.0,2208.0,2208.0,2208.0,895800.0,25.0
NIFTY,26-DEC-2024,26000.0,14-11-2024 13:34:00,22.55,22.55,22.4,22.5,2967300.0,0.0,2208.0,2218.0,2208.0,2218.0,895800.0,50.0
NIFTY,26-DEC-2024,26000.0,14-11-2024 13:35:00,22.45,22.85,22.4,22.85,2967300.0,14600.0,2218.0,2218.0,2218.0,2218.0,895800.0,0.0
NIFTY,26-DEC-2024,26000.0,14-11-2024 13:36:00,22.95,23.0,22.85,22.9,2967300.0,10800.0,2218.0,2221.95,2218.0,2221.95,895825.0,0.0
NIFTY,26-DEC-2024,26000.0,14-11-2024 13:37:00,22.95,23.0,22.85,22.85,2967300.0,0.0,2221.95,2221.95,2221.95,2221.95,895825.0,75.0
NIFTY,26-DEC-2024,26000.0,14-11-2024 13:38:00,22.8,22.8,22.8,22.8,2963875.0,0.0,,,,,,
NIFTY,26-DEC-2024,26000.0,14-11-2024 13:39:00,22.7,22.95,22.65,22.75,2963875.0,2700.0,2221.95,2221.95,2221.95,2221.95,895825.0,0.0
NIFTY,26-DEC-2024,26000.0,14-11-2024 13:40:00,22.7,23.05,22.45,22.75,2964450.0,0.0,2221.0,2233.0,2221.0,2233.0,895825.0,600.0
NIFTY,26-DEC-2024,26000.0,14-11-2024 13:41:00,22.7,22.75,22.65,22.65,2964450.0,0.0,,,,,,
NIFTY,26-DEC-2024,26000.0,14-11-2024 13:42:00,22.65,22.85,22.65,22.8,2964450.0,4600.0,2234.75,2234.75,2234.75,2234.75,895825.0,50.0
NIFTY,26-DEC-2024,26000.0,14-11-2024 13:43:00,22.85,23.0,22.75,22.8,2963875.0,475.0,2234.75,2236.0,2234.75,2236.0,895900.0,0.0
NIFTY,26-DEC-2024,26000.0,14-11-2024 13:44:00,22.95,23.1,22.95,23.0,2963875.0,0.0,,,,,,
NIFTY,26-DEC-2024,26000.0,14-11-2024 13:45:00,23.05,23.05,22.8,23.05,2963875.0,9025.0,2236.0,2236.0,2236.0,2236.0,895900.0,200.0
NIFTY,26-DEC-2024,26000.0,14-11-2024 13:46:00,23.1,23.1,22.9,23.0,2963550.0,0.0,2236.0,2237.85,2236.0,2237.85,895900.0,450.0
NIFTY,26-DEC-2024,26000.0,14-11-2024 13:47:00,23.0,23.0,22.8,22.8,2963550.0,4175.0,2237.85,2237.85,2237.85,2237.85,895900.0,0.0
NIFTY,26-DEC-2024,26000.0,14-11-2024 13:48:00,,,,,,,2235.0,2240.0,2235.0,2240.0,895850.0,0.0
NIFTY,26-DEC-2024,26000.0,14-11-2024 13:49:00,22.65,22.65,22.65,22.65,2963525.0,0.0,,,,,,
NIFTY,26-DEC-2024,26000.0,14-11-2024 13:50:00,22.9,23.0,22.65,23.0,2963525.0,4425.0,2240.0,2240.0,2240.0,2240.0,895850.0,400.0
NIFTY,26-DEC-2024,26000.0,14-11-2024 13:51:00,23.0,23.0,22.6,22.6,2963525.0,0.0,2228.0,2228.35,2228.0,2228.35,895850.0,0.0
NIFTY,26-DEC-2024,26000.0,14-11-2024 13:52:00,22.6,22.65,22.6,22.65,2962725.0,75.0,2228.35,2237.0,2228.35,2237.0,895875.0,75.0
NIFTY,26-DEC-2024,26000.0,14-11-2024 13:53:00,22.6,22.6,22.5,22.5,2962725.0,0.0,,,,,,
NIFTY,26-DEC-2024,26000.0,14-11-2024 13:54:00,22.65,22.7,22.5,22.7,2962725.0,0.0,,,,,,
NIFTY,26-DEC-2024,26000.0,14-11-2024 13:55:00,22.5,22.8,22.5,22.7,2961675.0,0.0,2236.65,2236.65,2236.65,2236.65,895950.0,0.0
NIFTY,26-DEC-2024,26000.0,14-11-2024 13:56:00,22.7,22.7,22.55,22.65,2961675.0,0.0,,,,,,
NIFTY,26-DEC-2024,26000.0,14-11-2024 13:57:00,22.3,22.3,22.3,22.3,2961675.0,0.0,,,,,,
NIFTY,26-DEC-2024,26000.0,14-11-2024 13:58:00,22.45,22.65,22.45,22.65,2961675.0,0.0,2233.0,2233.0,2228.35,2228.35,895950.0,0.0
NIFTY,26-DEC-2024,26000.0,14-11-2024 13:59:00,22.6,22.6,22.3,22.3,2962150.0,0.0,2228.35,2228.35,2228.35,2228.35,895875.0,0.0
NIFTY,26-DEC-2024,26000.0,14-11-2024 14:00:00,22.4,22.5,22.4,22.4,2962150.0,10525.0,2227.75,2228.8,2227.75,2228.8,895875.0,1325.0
NIFTY,26-DEC-2024,26000.0,14-11-2024 14:01:00,22.4,22.45,22.4,22.4,2962100.0,0.0,2228.8,2228.8,2224.95,2224.95,895875.0,100.0
NIFTY,26-DEC-2024,26000.0,14-11-2024 14:02:00,22.4,22.45,22.4,22.45,2962100.0,0.0,2224.1,2229.0,2224.1,2229.0,895800.0,25.0
NIFTY,26-DEC-2024,26000.0,14-11-2024 14:03:00,22.55,22.55,22.3,22.3,2962100.0,0.0,2220.0,2220.0,2215.75,2216.15,895800.0,0.0
NIFTY,26-DEC-2024,26000.0,14-11-2024 14:04:00,22.45,22.45,22.1,22.15,2961400.0,4550.0,2220.35,2221.05,2220.2,2221.05,895600.0,1275.0
NIFTY,26-DEC-2024,26000.0,14-11-2024 14:05:00,22.1,22.4,22.1,22.4,2961400.0,0.0,2227.0,2227.0,2226.05,2226.05,895600.0,0.0
NIFTY,26-DEC-2024,26000.0,14-11-2024 14:06:00,22.25,22.25,22.15,22.15,2961400.0,0.0,2223.0,2223.0,2223.0,2223.0,895600.0,250.0
NIFTY,26-DEC-2024,26000.0,14-11-2024 14:07:00,22.2,22.35,22.15,22.2,2961475.0,0.0,2223.6,2228.0,2223.6,2228.0,895600.0,25.0
NIFTY,26-DEC-2024,26000.0,14-11-2024 14:08:00,22.35,22.35,22.35,22.35,2961475.0,3000.0,2229.0,2229.0,2229.0,2229.0,895600.0,50.0
NIFTY,26-DEC-2024,26000.0,14-11-2024 14:09:00,22.25,22.25,22.15,22.15,2961475.0,0.0,,,,,,
NIFTY,26-DEC-2024,26000.0,14-11-2024 14:10:00,22.15,22.15,21.95,21.95,2961750.0,225.0,2229.0,2229.0,2220.0,2223.0,896275.0,0.0
NIFTY,26-DEC-2024,26000.0,14-11-2024 14:11:00,21.9,22.0,21.8,21.9,2961750.0,1050.0,2223.0,2223.6,2223.0,2223.6,896275.0,825.0
NIFTY,26-DEC-2024,26000.0,14-11-2024 14:12:00,22.1,22.1,21.75,21.95,2961750.0,350.0,2223.6,2223.6,2223.6,2223.6,896275.0,50.0
NIFTY,26-DEC-2024,26000.0,14-11-2024 14:13:00,22.05,22.05,21.9,22.0,2961750.0,2325.0,2225.0,2225.0,2225.0,2225.0,896275.0,0.0
NIFTY,26-DEC-2024,26000.0,14-11-2024 14:15:00,21.75,22.0,21.75,21.95,2961275.0,500.0,2225.0,2225.0,2225.0,2225.0,896275.0,50.0
NIFTY,26-DEC-2024,26000.0,14-11-2024 14:16:00,21.95,22.0,21.95,22.0,2961275.0,1225.0,2220.25,2220.25,2220.25,2220.25,896450.0,0.0
NIFTY,26-DEC-2024,26000.0,14-11-2024 14:17:00,22.0,22.05,22.0,22.05,2961250.0,1200.0,,,,,,
NIFTY,26-DEC-2024,26000.0,14-11-2024 14:18:00,22.05,22.05,22.05,22.05,2961250.0,0.0,,,,,,
NIFTY,26-DEC-2024,26000.0,14-11-2024 14:19:00,22.0,22.0,22.0,22.0,2961300.0,2125.0,2225.3,2225.3,2225.3,2225.3,896450.0,425.0
NIFTY,26-DEC-2024,26000.0,14-11-2024 14:20:00,21.8,21.8,21.8,21.8,2961300.0,0.0,2224.0,2224.0,2220.05,2220.05,896250.0,75.0
NIFTY,26-DEC-2024,26000.0,14-11-2024 14:21:00,22.0,22.0,22.0,22.0,2961300.0,0.0,2220.05,2220.05,2220.05,2220.05,896250.0,75.0
NIFTY,26-DEC-2024,26000.0,14-11-2024 14:22:00,22.0,22.0,22.0,22.0,2961300.0,0.0,2220.05,2220.05,2220.05,2220.05,896250.0,0.0
NIFTY,26-DEC-2024,26000.0,14-11-2024 14:23:00,21.95,22.0,21.95,22.0,2961850.0,0.0,2229.5,2229.5,2229.5,2229.5,896250.0,25.0
NIFTY,26-DEC-2024,26000.0,14-11-2024 14:24:00,22.0,22.0,22.0,22.0,2961850.0,2100.0,2229.5,2229.5,2229.5,2229.5,896250.0,0.0
NIFTY,26-DEC-2024,26000.0,14-11-2024 14:25:00,22.0,22.0,21.9,22.0,2962200.0,0.0,2217.35,2217.35,2217.35,2217.35,896225.0,0.0
NIFTY,26-DEC-2024,26000.0,14-11-2024 14:26:00,22.0,22.2,21.95,22.0,2962200.0,0.0,2223.0,2225.0,2223.0,2225.0,896225.0,75.0
NIFTY,26-DEC-2024,26000.0,14-11-2024 14:27:00,21.9,22.05,21.9,21.9,2962200.0,0.0,2225.0,2225.0,2225.0,2225.0,896225.0,0.0
NIFTY,26-DEC-2024,26000.0,14-11-2024 14:28:00,21.9,21.9,21.85,21.9,2962425.0,20450.0,2225.0,2225.0,2225.0,2225.0,896225.0,0.0
NIFTY,26-DEC-2024,26000.0,14-11-2024 14:29:00,21.9,21.9,21.9,21.9,2962425.0,0.0,,,,,,
NIFTY,26-DEC-2024,26000.0,14-11-2024 14:30:00,21.9,21.9,21.9,21.9,2962425.0,50.0,2233.95,2233.95,2233.95,2233.95,896225.0,50.0
NIFTY,26-DEC-2024,26000.0,14-11-2024 14:31:00,21.9,21.9,21.9,21.9,2962425.0,450.0,,,,,,
NIFTY,26-DEC-2024,26000.0,14-11-2024 14:32:00,21.9,21.95,21.9,21.95,2962425.0,1000.0,,,,,,
NIFTY,26-DEC-2024,26000.0,14-11-2024 14:33:00,21.95,21.95,21.9,21.95,2962425.0,350.0,2223.0,2223.0,2223.0,2223.0,896225.0,50.0
NIFTY,26-DEC-2024,26000.0,14-11-2024 14:34:00,22.0,22.0,21.85,21.85,2962750.0,0.0,,,,,,
NIFTY,26-DEC-2024,26000.0,14-11-2024 14:35:00,22.0,22.0,21.8,22.0,2962750.0,0.0,,,,,,
NIFTY,26-DEC-2024,26000.0,14-11-2024 14:36:00,21.8,21.9,21.6,21.75,2962750.0,1375.0,2221.45,2227.6,2221.45,2227.6,896175.0,25.0
NIFTY,26-DEC-2024,26000.0,14-11-2024 14:37:00,21.7,21.9,21.7,21.8,2963100.0,0.0,,,,,,
NIFTY,26-DEC-2024,26000.0,14-11-2024 14:38:00,21.8,21.8,21.6,21.6,2963100.0,1350.0,2227.6,2227.6,2227.6,2227.6,896175.0,25.0
NIFTY,26-DEC-2024,26000.0,14-11-2024 14:39:00,21.7,21.7,21.55,21.55,2963100.0,575.0,2227.0,2227.0,2227.0,2227.0,896150.0,50.0
NIFTY,26-DEC-2024,26000.0,14-11-2024 14:40:00,21.75,21.75,21.6,21.75,2962650.0,0.0,2223.8,2223.8,2223.8,2223.8,896150.0,0.0
NIFTY,26-DEC-2024,26000.0,14-11-2024 14:41:00,21.7,21.9,21.7,21.7,2962650.0,0.0,2223.2,2223.2,2223.2,2223.2,896150.0,0.0
NIFTY,26-DEC-2024,26000.0,14-11-2024 14:42:00,21.85,21.85,21.85,21.85,2962650.0,0.0,,,,,,
NIFTY,26-DEC-2024,26000.0,14-11-2024 14:43:00,21.7,21.85,21.6,21.85,2962200.0,2300.0,2220.15,2220.15,2220.15,2220.15,896150.0,125.0
NIFTY,26-DEC-2024,26000.0,14-11-2024 14:44:00,21.8,21.85,21.6,21.8,2962200.0,3600.0,2220.15,2220.15,2220.15,2220.15,896150.0,0.0
NIFTY,26-DEC-2024,26000.0,14-11-2024 14:45:00,21.6,21.6,21.6,21.6,2962200.0,0.0,,,,,,
NIFTY,26-DEC-2024,26000.0,14-11-2024 14:46:00,21.75,21.8,21.55,21.8,2962200.0,0.0,2228.0,2228.0,2228.0,2228.0,896150.0,0.0
NIFTY,26-DEC-2024,26000.0,14-11-2024 14:47:00,21.7,21.7,21.4,21.4,2962125.0,0.0,2228.0,2228.0,2228.0,2228.0,896275.0,0.0
NIFTY,26-DEC-2024,26000.0,14-11-2024 14:48:00,21.65,21.65,21.6,21.65,2962125.0,2950.0,2232.8,2232.8,2232.8,2232.8,896275.0,1425.0
NIFTY,26-DEC-2024,26000.0,14-11-2024 14:49:00,21.5,21.6,21.35,21.35,2961925.0,0.0,2223.0,2224.05,2223.0,2224.05,896275.0,0.0
NIFTY,26-DEC-2024,26000.0,14-11-2024 14:50:00,21.6,21.6,21.6,21.6,2961925.0,0.0,,,,,,
NIFTY,26-DEC-2024,26000.0,14-11-2024 14:51:00,21.75,21.75,21.5,21.5,2961925.0,2750.0,2225.25,2227.5,2225.25,2227.5,896125.0,300.0
NIFTY,26-DEC-2024,26000.0,14-11-2024 14:52:00,21.7,21.7,21.45,21.6,2960700.0,325.0,2223.35,2223.35,2222.35,2223.15,896325.0,200.0
NIFTY,26-DEC-2024,26000.0,14-11-2024 14:53:00,21.55,21.55,21.3,21.3,2960700.0,4575.0,2220.85,2228.0,2220.85,2228.0,896325.0,400.0
NIFTY,26-DEC-2024,26000.0,14-11-2024 14:54:00,21.45,21.5,21.4,21.4,2960700.0,0.0,2228.0,2228.0,2228.0,2228.0,896325.0,0.0
NIFTY,26-DEC-2024,26000.0,14-11-2024 14:55:00,21.4,21.4,21.35,21.35,2960700.0,0.0,2228.0,2228.0,2226.1,2226.1,896325.0,0.0
NIFTY,26-DEC-2024,26000.0,14-11-2024 14:56:00,21.35,21.4,21.35,21.4,2960875.0,0.0,2226.1,2230.0,2226.1,2230.0,896550.0,125.0
NIFTY,26-DEC-2024,26000.0,14-11-2024 14:57:00,21.4,21.5,21.35,21.5,2960875.0,0.0,2232.95,2232.95,2230.0,2231.0,896550.0,500.0
NIFTY,26-DEC-2024,26000.0,14-11-2024 14:58:00,21.5,21.5,21.5,21.5,2960875.0,0.0,2231.0,2231.0,2231.0,2231.0,896550.0,0.0
NIFTY,26-DEC-2024,26000.0,14-11-2024 14:59:00,21.55,21.55,21.35,21.5,2960875.0,0.0,2230.0,2230.0,2227.3,2227.3,896625.0,0.0
NIFTY,26-DEC-2024,26000.0,14-11-2024 15:00:00,21.4,21.55,21.35,21.55,2960875.0,0.0,2228.0,2247.0,2228.0,2247.0,896625.0,0.0
NIFTY,26-DEC-2024,26000.0,14-11-2024 15:01:00,21.6,21.6,21.35,21.35,2960875.0,20275.0,2247.0,2247.0,2238.0,2244.0,896625.0,850.0
NIFTY,26-DEC-2024,26000.0,14-11-2024 15:02:00,21.35,21.35,21.35,21.35,2958575.0,650.0,2247.0,2247.0,2247.0,2247.0,897400.0,0.0
NIFTY,26-DEC-2024,26000.0,14-11-2024 15:03:00,21.35,21.5,21.25,21.4,2958575.0,0.0,2251.35,2251.35,2244.2,2244.2,897400.0,0.0
NIFTY,26-DEC-2024,26000.0,14-11-2024 15:04:00,21.2,21.4,21.05,21.2,2958075.0,0.0,2242.0,2247.8,2242.0,2245.0,897600.0,0.0
NIFTY,26-DEC-2024,26000.0,14-11-2024 15:05:00,21.15,21.4,21.15,21.2,2958075.0,0.0,2245.0,2249.45,2245.0,2245.0,897600.0,0.0
NIFTY,26-DEC-2024,26000.0,14-11-2024 15:06:00,21.1,21.15,21.1,21.15,2958075.0,8775.0,2253.0,2259.0,2253.0,2259.0,897600.0,2175.0
NIFTY,26-DEC-2024,26000.0,14-11-2024 15:07:00,21.3,21.6,21.3,21.6,2957600.0,0.0,2255.0,2259.95,2248.35,2248.35,897300.0,0.0
NIFTY,26-DEC-2024,26000.0,14-11-2024 15:08:00,21.4,21.6,21.25,21.3,2957600.0,0.0,2237.0,2237.0,2220.0,2220.0,897300.0,0.0
NIFTY,26-DEC-2024,26000.0,14-11-2024 15:09:00,21.3,21.6,21.3,21.6,2957600.0,6275.0,2226.0,2231.55,2226.0,2231.55,897300.0,1100.0
NIFTY,26-DEC-2024,26000.0,14-11-2024 15:10:00,21.55,21.65,21.4,21.65,2957125.0,0.0,2228.5,2243.0,2226.0,2243.0,897300.0,0.0
NIFTY,26-DEC-2024,26000.0,14-11-2024 15:11:00,21.8,22.0,21.8,21.95,2957125.0,4700.0,2243.0,2243.0,2243.0,2243.0,897300.0,175.0
NIFTY,26-DEC-2024,26000.0,14-11-2024 15:12:00,21.95,22.25,21.95,22.0,2957125.0,9350.0,2230.0,2234.05,2230.0,2234.05,897450.0,125.0
NIFTY,26-DEC-2024,26000.0,14-11-2024 15:13:00,22.05,22.05,22.0,22.0,2956275.0,7425.0,2228.0,2228.0,2225.9,2226.8,897450.0,750.0
NIFTY,26-DEC-2024,26000.0,14-11-2024 15:14:00,21.9,21.95,21.85,21.85,2956275.0,0.0,,,,,,
NIFTY,26-DEC-2024,26000.0,14-11-2024 15:15:00,21.7,21.9,21.7,21.75,2956275.0,1675.0,2226.8,2227.05,2225.9,2227.0,897725.0,100.0
NIFTY,26-DEC-2024,26000.0,14-11-2024 15:16:00,21.7,21.9,21.7,21.85,2956275.0,6125.0,2228.9,2231.45,2228.9,2228.9,897750.0,450.0
NIFTY,26-DEC-2024,26000.0,14-11-2024 15:17:00,22.05,22.05,21.85,21.9,2955550.0,2075.0,2228.0,2228.0,2228.0,2228.0,897750.0,200.0
NIFTY,26-DEC-2024,26000.0,14-11-2024 15:18:00,22.05,22.05,21.9,22.05,2955550.0,0.0,2237.0,2237.0,2237.0,2237.0,897750.0,0.0
NIFTY,26-DEC-2024,26000.0,14-11-2024 15:19:00,22.0,22.05,21.85,22.05,2955625.0,2625.0,2237.0,2237.0,2232.0,2232.0,897700.0,125.0
NIFTY,26-DEC-2024,26000.0,14-11-2024 15:20:00,22.0,22.2,21.95,22.1,2955625.0,0.0,2231.95,2231.95,2224.6,2224.6,897700.0,0.0
NIFTY,26-DEC-2024,26000.0,14-11-2024 15:21:00,22.1,22.25,22.05,22.15,2955625.0,10125.0,2223.85,2225.3,2222.0,2225.3,897700.0,825.0
NIFTY,26-DEC-2024,26000.0,14-11-2024 15:22:00,22.15,22.15,22.05,22.05,2955250.0,0.0,2223.35,2230.0,2223.35,2230.0,897425.0,650.0
NIFTY,26-DEC-2024,26000.0,14-11-2024 15:23:00,22.05,22.15,21.85,21.9,2955250.0,5325.0,2230.0,2230.0,2225.2,2225.2,897425.0,225.0
NIFTY,26-DEC-2024,26000.0,14-11-2024 15:24:00,21.95,22.05,21.9,21.95,2955250.0,5625.0,2225.2,2228.95,2225.2,2228.95,897425.0,300.0
NIFTY,26-DEC-2024,26000.0,14-11-2024 15:25:00,21.95,22.35,21.95,22.1,2955200.0,0.0,2228.0,2228.0,2228.0,2228.0,897425.0,0.0
NIFTY,26-DEC-2024,26000.0,14-11-2024 15:26:00,22.1,22.3,22.05,22.15,2955200.0,6800.0,2228.0,2228.0,2221.8,2222.25,897000.0,25.0
NIFTY,26-DEC-2024,26000.0,14-11-2024 15:27:00,22.15,22.3,22.15,22.25,2955200.0,7850.0,2226.65,2226.95,2223.05,2226.95,897000.0,625.0
NIFTY,26-DEC-2024,26000.0,14-11-2024 15:28:00,22.25,22.25,22.1,22.2,2953125.0,4175.0,2222.4,2222.4,2222.4,2222.4,897000.0,100.0
NIFTY,26-DEC-2024,26000.0,14-11-2024 15:29:00,22.1,22.1,21.85,21.95,2953125.0,0.0,2219.95,2219.95,2207.75,2211.0,897200.0,575.0
NIFTY,26-DEC-2024,26000.0,18-11-2024 09:15:00,17.05,22.8,17.05,21.9,2953675.0,3800.0,2211.0,2241.65,2211.0,2238.5,896750.0,250.0
NIFTY,26-DEC-2024,26000.0,18-11-2024 09:16:00,21.5,21.9,21.5,21.9,2953675.0,1550.0,2238.5,2259.95,2238.5,2255.0,896750.0,1800.0
NIFTY,26-DEC-2024,26000.0,18-11-2024 09:17:00,21.7,22.7,21.45,21.5,2953675.0,2925.0,2255.0,2298.5,2255.0,2279.7,896750.0,2125.0
NIFTY,26-DEC-2024,26000.0,18-11-2024 09:18:00,21.5,21.5,21.1,21.15,2953750.0,1800.0,2279.7,2279.7,2270.0,2273.65,896800.0,50.0
NIFTY,26-DEC-2024,26000.0,18-11-2024 09:19:00,21.15,21.5,21.15,21.25,2953750.0,925.0,2273.65,2275.0,2273.65,2275.0,896800.0,50.0
NIFTY,26-DEC-2024,26000.0,18-11-2024 09:20:00,21.15,21.6,21.0,21.0,2953750.0,400.0,2280.0,2316.75,2280.0,2316.75,896800.0,575.0
NIFTY,26-DEC-2024,26000.0,18-11-2024 09:21:00,21.35,21.65,20.55,20.55,2955000.0,2100.0,2297.25,2297.25,2285.0,2285.0,896675.0,0.0
NIFTY,26-DEC-2024,26000.0,18-11-2024 09:22:00,21.15,21.15,21.15,21.15,2955000.0,775.0,2285.0,2285.0,2285.0,2285.0,896675.0,750.0
NIFTY,26-DEC-2024,26000.0,18-11-2024 09:23:00,20.8,21.2,20.35,21.05,2955000.0,6300.0,2273.45,2284.4,2273.45,2282.6,896675.0,175.0
NIFTY,26-DEC-2024,26000.0,18-11-2024 09:24:00,21.05,21.25,20.55,20.65,2954575.0,0.0,2282.6,2299.55,2282.6,2299.55,896750.0,500.0
NIFTY,26-DEC-2024,26000.0,18-11-2024 09:25:00,20.7,20.75,20.0,20.2,2954575.0,0.0,2306.35,2306.35,2299.55,2299.55,896750.0,0.0
NIFTY,26-DEC-2024,26000.0,18-11-2024 09:26:00,20.35,20.4,20.1,20.35,2954575.0,0.0,2290.4,2325.0,2290.4,2325.0,896750.0,0.0
NIFTY,26-DEC-2024,26000.0,18-11-2024 09:27:00,20.4,20.4,19.95,20.05,2965375.0,0.0,2317.25,2317.25,2310.0,2310.0,896625.0,0.0
NIFTY,26-DEC-2024,26000.0,18-11-2024 09:28:00,19.95,20.05,19.3,19.7,2965375.0,0.0,2313.0,2313.0,2313.0,2313.0,896625.0,0.0
NIFTY,26-DEC-2024,26000.0,18-11-2024 09:29:00,19.65,19.9,19.5,19.7,2965375.0,170350.0,2320.0,2320.0,2320.0,2320.0,896625.0,0.0
NIFTY,26-DEC-2024,26000.0,18-11-2024 09:30:00,19.65,19.85,19.3,19.3,2961725.0,0.0,2320.0,2320.0,2320.0,2320.0,896625.0,1425.0
NIFTY,26-DEC-2024,26000.0,18-11-2024 09:31:00,19.2,19.2,18.0,18.0,2961725.0,0.0,2300.0,2304.55,2300.0,2300.0,896375.0,0.0
NIFTY,26-DEC-2024,26000.0,18-11-2024 09:32:00,18.0,18.0,17.35,17.35,2961725.0,85350.0,2300.0,2315.0,2300.0,2315.0,896375.0,725.0
NIFTY,26-DEC-2024,26000.0,18-11-2024 09:33:00,17.25,17.25,16.25,16.35,2964950.0,0.0,2323.0,2343.85,2323.0,2343.85,895750.0,725.0
NIFTY,26-DEC-2024,26000.0,18-11-2024 09:34:00,16.3,17.4,16.3,17.25,2964950.0,117175.0,2335.05,2353.5,2335.05,2352.0,895750.0,775.0
NIFTY,26-DEC-2024,26000.0,18-11-2024 09:35:00,17.5,17.75,17.5,17.75,2964950.0,0.0,,,,,,
NIFTY,26-DEC-2024,26000.0,18-11-2024 09:36:00,17.65,17.8,16.85,16.85,2958975.0,12450.0,2352.0,2359.9,2352.0,2355.0,895825.0,0.0
NIFTY,26-DEC-2024,26000.0,18-11-2024 09:37:00,16.85,16.85,16.5,16.5,2958975.0,27450.0,2359.1,2368.0,2358.85,2358.85,895825.0,350.0
NIFTY,26-DEC-2024,26000.0,18-11-2024 09:38:00,16.55,16.65,16.45,16.45,2958975.0,0.0,2363.05,2384.35,2363.05,2384.35,895825.0,0.0
NIFTY,26-DEC-2024,26000.0,18-11-2024 09:39:00,16.4,17.65,16.4,17.55,2961300.0,61925.0,2389.0,2389.0,2385.3,2385.3,896850.0,0.0
NIFTY,26-DEC-2024,26000.0,18-11-2024 09:40:00,17.55,17.6,17.2,17.2,2961300.0,33900.0,2385.3,2404.0,2385.3,2404.0,896850.0,5750.0
NIFTY,26-DEC-2024,26000.0,18-11-2024 09:41:00,17.4,17.5,17.25,17.4,2961300.0,0.0,2404.0,2409.0,2403.0,2409.0,896850.0,450.0
NIFTY,26-DEC-2024,26000.0,18-11-2024 09:42:00,17.4,17.5,17.2,17.5,2956350.0,0.0,2381.45,2394.55,2381.0,2394.05,896850.0,0.0
NIFTY,26-DEC-2024,26000.0,18-11-2024 09:43:00,17.5,17.5,17.1,17.1,2956350.0,0.0,2394.05,2410.0,2394.05,2408.0,896425.0,600.0
NIFTY,26-DEC-2024,26000.0,18-11-2024 09:44:00,17.05,17.35,16.95,17.2,2956350.0,22350.0,2419.0,2419.0,2400.0,2400.0,896425.0,250.0
NIFTY,26-DEC-2024,26000.0,18-11-2024 09:45:00,17.1,17.15,17.0,17.0,2956825.0,0.0,2400.0,2417.0,2400.0,2417.0,896425.0,75.0
NIFTY,26-DEC-2024,26000.0,18-11-2024 09:46:00,17.2,17.4,17.2,17.3,2956825.0,0.0,2398.65,2398.65,2398.65,2398.65,896425.0,0.0
NIFTY,26-DEC-2024,26000.0,18-11-2024 09:47:00,17.35,17.45,17.0,17.1,2956825.0,0.0,2370.0,2371.15,2370.0,2371.15,896425.0,0.0
NIFTY,26-DEC-2024,26000.0,18-11-2024 09:48:00,17.1,17.6,17.1,17.55,2951375.0,0.0,,,,,,
NIFTY,26-DEC-2024,26000.0,18-11-2024 09:49:00,17.3,17.5,17.1,17.3,2951375.0,31500.0,2360.0,2374.75,2359.85,2359.85,896375.0,400.0
NIFTY,26-DEC-2024,26000.0,18-11-2024 09:50:00,17.35,17.35,17.05,17.05,2951375.0,0.0,2361.6,2375.1,2361.6,2375.1,896375.0,0.0
NIFTY,26-DEC-2024,26000.0,18-11-2024 09:51:00,17.2,17.35,17.2,17.35,2951375.0,3975.0,2354.6,2354.6,2350.0,2350.0,896375.0,700.0
NIFTY,26-DEC-2024,26000.0,18-11-2024 09:52:00,17.05,17.1,17.0,17.1,2952400.0,1525.0,2360.25,2368.0,2360.25,2368.0,896625.0,4050.0
NIFTY,26-DEC-2024,26000.0,18-11-2024 09:53:00,17.0,17.3,17.0,17.3,2952400.0,6750.0,2373.3,2375.0,2373.3,2375.0,896625.0,175.0
NIFTY,26-DEC-2024,26000.0,18-11-2024 09:54:00,17.2,17.5,17.1,17.3,2950650.0,0.0,2380.4,2380.4,2380.4,2380.4,896625.0,0.0
NIFTY,26-DEC-2024,26000.0,18-11-2024 09:55:00,17.5,17.65,17.4,17.6,2950650.0,0.0,2376.5,2376.5,2376.5,2376.5,894725.0,0.0
NIFTY,26-DEC-2024,26000.0,18-11-2024 09:56:00,17.6,17.65,17.45,17.55,2950650.0,16450.0,2365.75,2370.0,2365.75,2370.0,894725.0,0.0
NIFTY,26-DEC-2024,26000.0,18-11-2024 09:57:00,17.55,17.55,17.4,17.55,2950300.0,4475.0,2375.05,2375.05,2375.05,2375.05,894725.0,200.0
NIFTY,26-DEC-2024,26000.0,18-11-2024 09:58:00,17.5,17.55,17.5,17.5,2950300.0,2325.0,,,,,,
NIFTY,26-DEC-2024,26000.0,18-11-2024 09:59:00,17.4,17.55,17.25,17.25,2950300.0,650.0,2377.8,2377.8,2377.8,2377.8,894675.0,150.0
NIFTY,26-DEC-2024,26000.0,18-11-2024 10:00:00,17.3,17.4,17.25,17.4,2950675.0,4150.0,2380.85,2385.0,2380.85,2385.0,894700.0,50.0
NIFTY,26-DEC-2024,26000.0,18-11-2024 10:01:00,17.35,17.75,17.3,17.7,2950675.0,12100.0,2385.0,2385.0,2350.0,2354.8,894700.0,650.0
NIFTY,26-DEC-2024,26000.0,18-11-2024 10:02:00,17.8,17.9,17.75,17.9,2950675.0,0.0,2350.0,2350.0,2350.0,2350.0,894700.0,0.0
NIFTY,26-DEC-2024,26000.0,18-11-2024 10:03:00,17.9,18.2,17.8,17.95,2949625.0,8100.0,2350.0,2350.0,2340.0,2340.0,894700.0,25.0
NIFTY,26-DEC-2024,26000.0,18-11-2024 10:04:00,18.35,18.45,18.05,18.1,2949625.0,9025.0,2340.0,2340.0,2340.0,2340.0,894700.0,125.0
NIFTY,26-DEC-2024,26000.0,18-11-2024 10:05:00,18.15,18.35,18.05,18.05,2949625.0,10050.0,2311.5,2311.5,2304.2,2304.2,894150.0,50.0
NIFTY,26-DEC-2024,26000.0,18-11-2024 10:06:00,18.0,18.15,17.9,18.0,2949800.0,850.0,2318.85,2328.0,2318.85,2328.0,894025.0,0.0
NIFTY,26-DEC-2024,26000.0,18-11-2024 10:07:00,18.1,18.1,17.6,17.6,2949800.0,1750.0,2328.0,2328.0,2328.0,2328.0,894025.0,2625.0
NIFTY,26-DEC-2024,26000.0,18-11-2024 10:08:00,17.7,17.7,17.55,17.6,2949800.0,8775.0,2320.0,2320.0,2320.0,2320.0,894025.0,75.0
NIFTY,26-DEC-2024,26000.0,18-11-2024 10:09:00,17.6,18.0,17.6,17.8,2950050.0,5625.0,2322.0,2322.0,2300.0,2300.0,889200.0,2650.0
NIFTY,26-DEC-2024,26000.0,18-11-2024 10:10:00,17.9,17.9,17.2,17.35,2950050.0,0.0,2302.15,2302.15,2302.15,2302.15,889200.0,0.0
NIFTY,26-DEC-2024,26000.0,18-11-2024 10:11:00,17.35,17.45,17.3,17.3,2950050.0,14150.0,2302.15,2302.15,2302.15,2302.15,889200.0,75.0
NIFTY,26-DEC-2024,26000.0,18-11-2024 10:12:00,17.3,17.65,17.3,17.65,2950050.0,7950.0,2302.15,2302.15,2302.15,2302.15,889200.0,0.0
NIFTY,26-DEC-2024,26000.0,18-11-2024 10:13:00,17.65,17.7,17.55,17.6,2950050.0,11750.0,2302.15,2302.15,2302.15,2302.15,889200.0,0.0
NIFTY,26-DEC-2024,26000.0,18-11-2024 10:14:00,17.4,17.5,17.25,17.25,2950050.0,8775.0,2300.0,2300.0,2300.0,2300.0,889200.0,25.0
NIFTY,26-DEC-2024,26000.0,18-11-2024 10:15:00,17.3,17.4,17.1,17.25,2949800.0,3625.0,2325.0,2340.0,2325.0,2336.15,889100.0,200.0
NIFTY,26-DEC-2024,26000.0,18-11-2024 10:16:00,17.2,17.2,17.1,17.2,2949800.0,0.0,2336.15,2336.15,2336.15,2336.15,889100.0,0.0
NIFTY,26-DEC-2024,26000.0,18-11-2024 10:17:00,17.1,17.3,17.1,17.1,2949800.0,17050.0,2336.35,2336.35,2336.35,2336.35,889100.0,25.0
NIFTY,26-DEC-2024,26000.0,18-11-2024 10:18:00,17.15,17.25,17.1,17.1,2951675.0,625.0,,,,,,
NIFTY,26-DEC-2024,26000.0,18-11-2024 10:19:00,17.2,17.25,17.0,17.05,2951675.0,0.0,2339.0,2355.0,2339.0,2355.0,889075.0,425.0
NIFTY,26-DEC-2024,26000.0,18-11-2024 10:20:00,17.05,17.15,16.9,16.95,2951675.0,0.0,2355.0,2355.9,2355.0,2355.9,889075.0,25.0
NIFTY,26-DEC-2024,26000.0,18-11-2024 10:21:00,16.9,17.0,16.8,16.8,2952025.0,13900.0,2355.9,2355.9,2355.9,2355.9,889075.0,0.0
NIFTY,26-DEC-2024,26000.0,18-11-2024 10:22:00,16.8,17.05,16.8,16.9,2952025.0,0.0,2338.0,2344.95,2338.0,2344.95,889150.0,100.0
NIFTY,26-DEC-2024,26000.0,18-11-2024 10:23:00,17.0,17.2,16.95,17.1,2952025.0,2775.0,2344.95,2344.95,2328.35,2328.35,889150.0,0.0
NIFTY,26-DEC-2024,26000.0,18-11-2024 10:24:00,17.0,17.45,17.0,17.35,2952250.0,8075.0,2328.35,2328.35,2320.0,2320.0,889150.0,100.0
NIFTY,26-DEC-2024,26000.0,18-11-2024 10:25:00,17.3,17.3,17.0,17.0,2952250.0,9875.0,2320.0,2320.0,2320.0,2320.0,889150.0,125.0
NIFTY,26-DEC-2024,26000.0,18-11-2024 10:26:00,17.0,17.05,16.75,16.75,2952250.0,4725.0,2320.0,2320.0,2320.0,2320.0,889150.0,0.0
NIFTY,26-DEC-2024,26000.0,18-11-2024 10:27:00,16.95,16.95,16.75,16.85,2954575.0,3050.0,2320.0,2344.0,2320.0,2344.0,889075.0,0.0
NIFTY,26-DEC-2024,26000.0,18-11-2024 10:28:00,16.75,16.9,16.55,16.6,2954575.0,2475.0,2354.6,2365.5,2354.6,2365.5,889075.0,150.0
NIFTY,26-DEC-2024,26000.0,18-11-2024 10:29:00,16.7,16.7,16.45,16.5,2954575.0,6550.0,2357.5,2357.5,2357.5,2357.5,889075.0,275.0
NIFTY,26-DEC-2024,26000.0,18-11-2024 10:30:00,16.5,16.9,16.4,16.7,2953550.0,5750.0,2357.5,2359.0,2357.5,2359.0,889150.0,200.0
NIFTY,26-DEC-2024,26000.0,18-11-2024 10:31:00,16.75,16.85,16.65,16.8,2953550.0,8075.0,2359.0,2370.0,2359.0,2363.3,889150.0,325.0
NIFTY,26-DEC-2024,26000.0,18-11-2024 10:32:00,16.75,16.85,16.65,16.85,2953550.0,2975.0,2363.3,2363.3,2363.3,2363.3,889150.0,25.0
NIFTY,26-DEC-2024,26000.0,18-11-2024 10:33:00,16.7,16.8,16.6,16.6,2952825.0,2375.0,2363.3,2378.0,2363.3,2378.0,888875.0,75.0
NIFTY,26-DEC-2024,26000.0,18-11-2024 10:34:00,16.65,16.95,16.6,16.9,2952825.0,5975.0,2385.0,2388.0,2385.0,2388.0,888875.0,75.0
NIFTY,26-DEC-2024,26000.0,18-11-2024 10:35:00,16.8,16.8,16.6,16.75,2952825.0,16900.0,2388.0,2388.0,2388.0,2388.0,888875.0,0.0
NIFTY,26-DEC-2024,26000.0,18-11-2024 10:36:00,16.75,17.0,16.75,17.0,2964450.0,0.0,2384.0,2384.0,2384.0,2384.0,888775.0,0.0
NIFTY,26-DEC-2024,26000.0,18-11-2024 10:37:00,17.0,17.25,17.0,17.1,2964450.0,5525.0,2390.0,2390.1,2390.0,2390.1,888775.0,0.0
NIFTY,26-DEC-2024,26000.0,18-11-2024 10:38:00,17.1,17.5,17.05,17.35,2964450.0,0.0,2382.45,2385.0,2382.45,2385.0,888775.0,0.0
NIFTY,26-DEC-2024,26000.0,18-11-2024 10:39:00,17.35,17.45,17.3,17.4,2963475.0,7775.0,2385.0,2399.0,2385.0,2399.0,888800.0,250.0
NIFTY,26-DEC-2024,26000.0,18-11-2024 10:40:00,17.4,17.4,17.3,17.4,2963475.0,0.0,2399.0,2399.0,2399.0,2399.0,888800.0,150.0
NIFTY,26-DEC-2024,26000.0,18-11-2024 10:41:00,17.35,17.4,17.2,17.2,2963475.0,8550.0,2399.0,2399.0,2399.0,2399.0,888800.0,0.0
NIFTY,26-DEC-2024,26000.0,18-11-2024 10:42:00,17.15,17.7,17.15,17.45,2966800.0,9475.0,2400.0,2400.0,2400.0,2400.0,888800.0,150.0
NIFTY,26-DEC-2024,26000.0,18-11-2024 10:43:00,17.5,17.5,17.35,17.35,2966800.0,6450.0,2400.0,2406.75,2400.0,2406.75,888900.0,50.0
NIFTY,26-DEC-2024,26000.0,18-11-2024 10:44:00,17.4,17.5,17.2,17.5,2966800.0,700.0,2406.0,2410.0,2406.0,2407.75,888900.0,125.0
NIFTY,26-DEC-2024,26000.0,18-11-2024 10:45:00,17.5,17.55,16.6,16.65,2962575.0,8550.0,2407.75,2407.75,2407.75,2407.75,888900.0,0.0
NIFTY,26-DEC-2024,26000.0,18-11-2024 10:46:00,16.55,16.65,16.45,16.55,2962575.0,6325.0,2410.0,2410.0,2410.0,2410.0,888900.0,50.0
NIFTY,26-DEC-2024,26000.0,18-11-2024 10:47:00,16.6,16.9,16.55,16.9,2962575.0,0.0,2410.0,2415.0,2410.0,2412.9,888875.0,100.0
NIFTY,26-DEC-2024,26000.0,18-11-2024 10:48:00,17.1,17.2,17.05,17.2,2967875.0,5475.0,2412.9,2429.0,2412.9,2429.0,888875.0,75.0
NIFTY,26-DEC-2024,26000.0,18-11-2024 10:49:00,17.1,17.5,17.1,17.5,2967875.0,0.0,2429.0,2439.0,2429.0,2439.0,889000.0,175.0
NIFTY,26-DEC-2024,26000.0,18-11-2024 10:50:00,17.5,17.5,17.2,17.2,2967875.0,0.0,2439.0,2439.0,2411.0,2411.0,889000.0,0.0
NIFTY,26-DEC-2024,26000.0,18-11-2024 10:51:00,16.9,16.9,16.35,16.45,2952250.0,32075.0,2411.0,2411.0,2411.0,2411.0,889000.0,625.0
NIFTY,26-DEC-2024,26000.0,18-11-2024 10:52:00,16.4,16.45,16.4,16.4,2952250.0,2000.0,2400.55,2400.55,2400.0,2400.0,888475.0,0.0
NIFTY,26-DEC-2024,26000.0,18-11-2024 10:53:00,16.5,16.5,16.35,16.45,2952250.0,0.0,2398.8,2410.0,2398.8,2410.0,888475.0,0.0
NIFTY,26-DEC-2024,26000.0,18-11-2024 10:54:00,16.45,16.5,16.45,16.5,2950775.0,4300.0,2410.0,2418.35,2410.0,2418.35,888475.0,0.0
NIFTY,26-DEC-2024,26000.0,18-11-2024 10:55:00,16.55,16.65,16.55,16.65,2950775.0,2100.0,2418.35,2418.35,2418.35,2418.35,888475.0,325.0
NIFTY,26-DEC-2024,26000.0,18-11-2024 10:56:00,16.6,16.9,16.25,16.25,2950775.0,2100.0,2404.95,2404.95,2372.9,2375.0,888600.0,75.0
NIFTY,26-DEC-2024,26000.0,18-11-2024 10:57:00,16.3,16.35,16.25,16.25,2950775.0,4075.0,,,,,,
NIFTY,26-DEC-2024,26000.0,18-11-2024 10:58:00,16.4,16.4,16.05,16.25,2950775.0,0.0,,,,,,
NIFTY,26-DEC-2024,26000.0,18-11-2024 10:59:00,16.1,16.25,16.1,16.25,2950775.0,14350.0,2375.0,2375.0,2375.0,2375.0,888600.0,100.0
NIFTY,26-DEC-2024,26000.0,18-11-2024 11:00:00,16.25,16.25,16.15,16.2,2953800.0,0.0,2375.0,2375.0,2375.0,2375.0,888600.0,0.0
NIFTY,26-DEC-2024,26000.0,18-11-2024 11:01:00,16.15,16.25,16.1,16.25,2953800.0,4900.0,2375.0,2375.0,2375.0,2375.0,888600.0,0.0
NIFTY,26-DEC-2024,26000.0,18-11-2024 11:02:00,16.25,16.25,16.2,16.2,2953800.0,300.0,2375.0,2375.0,2375.0,2375.0,888600.0,0.0
NIFTY,26-DEC-2024,26000.0,18-11-2024 11:03:00,16.25,16.25,16.15,16.15,2953800.0,100.0,2383.0,2383.0,2383.0,2383.0,888475.0,0.0
NIFTY,26-DEC-2024,26000.0,18-11-2024 11:04:00,16.25,16.25,16.25,16.25,2953925.0,900.0,2383.0,2383.0,2383.0,2383.0,888475.0,25.0
NIFTY,26-DEC-2024,26000.0,18-11-2024 11:05:00,16.3,16.3,16.3,16.3,2953925.0,1625.0,2383.0,2400.0,2383.0,2400.0,888500.0,0.0
NIFTY,26-DEC-2024,26000.0,18-11-2024 11:06:00,16.3,16.4,16.15,16.15,2954700.0,1400.0,2400.0,2409.0,2400.0,2409.0,888500.0,175.0
NIFTY,26-DEC-2024,26000.0,18-11-2024 11:07:00,16.2,16.2,16.15,16.2,2954700.0,1900.0,2409.0,2409.0,2409.0,2409.0,888500.0,25.0
NIFTY,26-DEC-2024,26000.0,18-11-2024 11:08:00,16.2,16.25,16.2,16.25,2954700.0,725.0,2409.0,2409.0,2398.7,2398.7,888700.0,0.0
NIFTY,26-DEC-2024,26000.0,18-11-2024 11:09:00,16.25,16.25,16.15,16.25,2954850.0,1325.0,2409.0,2409.0,2409.0,2409.0,888700.0,75.0
NIFTY,26-DEC-2024,26000.0,18-11-2024 11:10:00,16.2,16.4,16.2,16.4,2954850.0,0.0,2416.65,2416.65,2416.65,2416.65,888725.0,0.0
NIFTY,26-DEC-2024,26000.0,18-11-2024 11:11:00,16.4,16.4,16.2,16.2,2954850.0,3475.0,2398.5,2402.1,2398.5,2400.05,888725.0,150.0
NIFTY,26-DEC-2024,26000.0,18-11-2024 11:12:00,16.3,16.3,16.3,16.3,2954850.0,0.0,,,,,,
NIFTY,26-DEC-2024,26000.0,18-11-2024 11:13:00,16.3,16.3,16.2,16.25,2954125.0,225.0,2400.05,2402.0,2400.05,2402.0,888750.0,25.0
NIFTY,26-DEC-2024,26000.0,18-11-2024 11:14:00,16.3,16.3,16.25,16.25,2954125.0,400.0,2406.0,2406.0,2406.0,2406.0,888750.0,75.0
NIFTY,26-DEC-2024,26000.0,18-11-2024 11:15:00,16.3,16.3,16.25,16.25,2954175.0,550.0,2406.0,2406.0,2406.0,2406.0,888750.0,0.0
NIFTY,26-DEC-2024,26000.0,18-11-2024 11:16:00,16.2,16.2,16.2,16.2,2954175.0,1050.0,2406.0,2406.0,2406.0,2406.0,888750.0,0.0
NIFTY,26-DEC-2024,26000.0,18-11-2024 11:17:00,16.35,16.35,16.35,16.35,2954175.0,175.0,2406.0,2406.0,2406.0,2406.0,888750.0,0.0
NIFTY,26-DEC-2024,26000.0,18-11-2024 11:18:00,16.25,16.35,16.25,16.35,2954175.0,100.0,2406.0,2406.0,2406.0,2406.0,888750.0,0.0
NIFTY,26-DEC-2024,26000.0,18-11-2024 11:19:00,16.25,16.4,16.25,16.35,2953925.0,0.0,2370.0,2370.2,2370.0,2370.2,888775.0,0.0
NIFTY,26-DEC-2024,26000.0,18-11-2024 11:20:00,16.35,16.5,16.35,16.5,2953925.0,375.0,2370.2,2370.2,2370.2,2370.2,888775.0,75.0
NIFTY,26-DEC-2024,26000.0,18-11-2024 11:21:00,16.5,16.6,16.5,16.5,2953550.0,3275.0,2370.2,2373.8,2370.2,2373.8,888775.0,0.0
NIFTY,26-DEC-2024,26000.0,18-11-2024 11:22:00,16.5,16.5,16.1,16.1,2953550.0,475.0,2385.45,2386.75,2385.45,2386.75,888800.0,75.0
NIFTY,26-DEC-2024,26000.0,18-11-2024 11:23:00,16.3,16.3,16.3,16.3,2953550.0,0.0,2389.0,2389.0,2389.0,2389.0,888800.0,0.0
NIFTY,26-DEC-2024,26000.0,18-11-2024 11:24:00,16.3,16.4,16.3,16.4,2954375.0,8600.0,2389.0,2389.0,2389.0,2389.0,888800.0,75.0
NIFTY,26-DEC-2024,26000.0,18-11-2024 11:25:00,16.35,16.4,16.35,16.4,2954375.0,0.0,,,,,,
NIFTY,26-DEC-2024,26000.0,18-11-2024 11:26:00,16.4,16.4,16.2,16.2,2954375.0,5725.0,2389.0,2389.0,2389.0,2389.0,888800.0,0.0
NIFTY,26-DEC-2024,26000.0,18-11-2024 11:27:00,16.3,16.4,16.25,16.3,2954250.0,0.0,2389.0,2389.0,2382.2,2382.2,888725.0,0.0
NIFTY,26-DEC-2024,26000.0,18-11-2024 11:28:00,16.3,16.35,16.3,16.35,2954250.0,11650.0,2382.2,2382.2,2340.0,2340.0,888700.0,25.0
NIFTY,26-DEC-2024,26000.0,18-11-2024 11:29:00,16.2,16.9,16.05,16.65,2954250.0,2875.0,2340.0,2340.0,2340.0,2340.0,888700.0,25.0
NIFTY,26-DEC-2024,26000.0,18-11-2024 11:30:00,16.7,17.0,16.65,17.0,2957375.0,36025.0,2340.0,2359.4,2340.0,2359.4,888700.0,0.0
NIFTY,26-DEC-2024,26000.0,18-11-2024 11:31:00,17.0,17.05,16.95,17.0,2957375.0,6575.0,2359.4,2359.4,2359.4,2359.4,888700.0,500.0
NIFTY,26-DEC-2024,26000.0,18-11-2024 11:32:00,16.95,16.95,16.9,16.9,2957375.0,725.0,2377.35,2379.6,2377.35,2379.6,889175.0,50.0
NIFTY,26-DEC-2024,26000.0,18-11-2024 11:33:00,16.85,16.85,16.65,16.7,2957375.0,275.0,2379.6,2379.6,2379.6,2379.6,889175.0,275.0
NIFTY,26-DEC-2024,26000.0,18-11-2024 11:34:00,16.7,16.7,16.4,16.45,2958650.0,25.0,2379.6,2379.6,2379.6,2379.6,889175.0,0.0
NIFTY,26-DEC-2024,26000.0,18-11-2024 11:35:00,16.45,16.45,16.45,16.45,2958650.0,550.0,2379.6,2379.6,2379.6,2379.6,889250.0,0.0
NIFTY,26-DEC-2024,26000.0,18-11-2024 11:36:00,16.5,16.55,16.5,16.55,2959125.0,875.0,2379.6,2379.6,2379.6,2379.6,889250.0,125.0
NIFTY,26-DEC-2024,26000.0,18-11-2024 11:37:00,16.55,16.7,16.55,16.7,2959125.0,425.0,2379.6,2379.6,2379.6,2379.6,889250.0,0.0
NIFTY,26-DEC-2024,26000.0,18-11-2024 11:38:00,16.7,16.7,16.5,16.7,2959125.0,375.0,2379.6,2381.75,2370.0,2381.75,889125.0,0.0
NIFTY,26-DEC-2024,26000.0,18-11-2024 11:39:00,16.55,16.6,16.55,16.6,2959125.0,2550.0,2381.75,2381.75,2381.75,2381.75,889125.0,450.0
NIFTY,26-DEC-2024,26000.0,18-11-2024 11:40:00,16.65,16.65,16.65,16.65,2959000.0,2150.0,2381.75,2381.75,2381.75,2381.75,889125.0,0.0
NIFTY,26-DEC-2024,26000.0,18-11-2024 11:41:00,16.65,16.75,16.55,16.75,2959000.0,0.0,2381.75,2381.75,2360.0,2360.0,889550.0,0.0
NIFTY,26-DEC-2024,26000.0,18-11-2024 11:42:00,16.55,16.55,16.45,16.5,2959000.0,4250.0,2370.0,2370.0,2370.0,2370.0,889550.0,75.0
NIFTY,26-DEC-2024,26000.0,18-11-2024 11:43:00,16.55,16.55,16.5,16.5,2959025.0,2675.0,2361.6,2362.0,2361.6,2362.0,889550.0,50.0
NIFTY,26-DEC-2024,26000.0,18-11-2024 11:44:00,16.55,16.55,16.5,16.55,2959025.0,1250.0,2362.0,2362.0,2362.0,2362.0,889550.0,0.0
NIFTY,26-DEC-2024,26000.0,18-11-2024 11:45:00,16.55,16.65,16.5,16.55,2959025.0,1025.0,2362.0,2362.0,2362.0,2362.0,889550.0,0.0
NIFTY,26-DEC-2024,26000.0,18-11-2024 11:46:00,16.6,16.6,16.5,16.6,2956200.0,0.0,,,,,,
NIFTY,26-DEC-2024,26000.0,18-11-2024 11:47:00,16.55,16.55,16.45,16.45,2956200.0,3175.0,2362.0,2362.0,2362.0,2362.0,889550.0,0.0
NIFTY,26-DEC-2024,26000.0,18-11-2024 11:48:00,16.55,16.55,16.45,16.45,2956825.0,425.0,2335.75,2335.75,2335.75,2335.75,889550.0,25.0
NIFTY,26-DEC-2024,26000.0,18-11-2024 11:49:00,16.45,16.5,16.35,16.4,2956825.0,1700.0,2356.85,2356.85,2352.0,2352.0,889500.0,125.0
NIFTY,26-DEC-2024,26000.0,18-11-2024 11:50:00,16.4,16.45,16.4,16.45,2956825.0,800.0,2350.3,2350.3,2350.3,2350.3,889500.0,25.0
NIFTY,26-DEC-2024,26000.0,18-11-2024 11:51:00,16.45,16.45,16.45,16.45,2956825.0,100.0,2355.0,2355.0,2355.0,2355.0,889500.0,150.0
NIFTY,26-DEC-2024,26000.0,18-11-2024 11:52:00,16.4,16.45,16.35,16.35,2956850.0,875.0,,,,,,
NIFTY,26-DEC-2024,26000.0,18-11-2024 11:53:00,16.45,16.45,16.35,16.35,2956850.0,2025.0,2355.0,2355.0,2355.0,2355.0,889500.0,0.0
NIFTY,26-DEC-2024,26000.0,18-11-2024 11:54:00,16.45,16.45,16.3,16.3,2957800.0,0.0,2355.0,2355.0,2355.0,2355.0,889500.0,0.0
NIFTY,26-DEC-2024,26000.0,18-11-2024 11:55:00,16.3,16.4,16.3,16.4,2957800.0,0.0,,,,,,
NIFTY,26-DEC-2024,26000.0,18-11-2024 11:56:00,16.35,16.35,16.3,16.35,2957800.0,0.0,,,,,,
NIFTY,26-DEC-2024,26000.0,18-11-2024 11:57:00,16.25,16.45,16.25,16.4,2958025.0,0.0,2349.0,2356.65,2349.0,2356.65,889400.0,0.0
NIFTY,26-DEC-2024,26000.0,18-11-2024 11:58:00,16.45,16.5,16.35,16.5,2958025.0,0.0,2323.55,2323.55,2323.55,2323.55,889525.0,0.0
NIFTY,26-DEC-2024,26000.0,18-11-2024 11:59:00,16.4,16.45,16.3,16.3,2958025.0,17975.0,2323.55,2326.6,2323.55,2326.6,889525.0,175.0
NIFTY,26-DEC-2024,26000.0,18-11-2024 12:00:00,16.3,16.5,16.3,16.4,2956900.0,0.0,2326.6,2326.6,2326.6,2326.6,889525.0,25.0
NIFTY,26-DEC-2024,26000.0,18-11-2024 12:01:00,16.35,16.4,16.35,16.4,2956900.0,12525.0,2326.6,2326.6,2326.6,2326.6,889525.0,0.0
NIFTY,26-DEC-2024,26000.0,18-11-2024 12:02:00,16.3,16.35,16.25,16.25,2956900.0,0.0,2336.3,2336.3,2336.3,2336.3,889550.0,0.0
NIFTY,26-DEC-2024,26000.0,18-11-2024 12:03:00,16.35,16.4,16.3,16.3,2956900.0,2525.0,2336.3,2336.3,2336.3,2336.3,889550.0,425.0
NIFTY,26-DEC-2024,26000.0,18-11-2024 12:04:00,16.3,16.3,16.3,16.3,2956900.0,2525.0,2336.3,2336.3,2336.3,2336.3,889550.0,0.0
NIFTY,26-DEC-2024,26000.0,18-11-2024 12:05:00,16.5,16.5,16.4,16.45,2957475.0,50.0,,,,,,
NIFTY,26-DEC-2024,26000.0,18-11-2024 12:06:00,16.5,16.5,16.5,16.5,2957475.0,775.0,2336.3,2336.3,2336.3,2336.3,889550.0,0.0
NIFTY,26-DEC-2024,26000.0,18-11-2024 12:07:00,16.3,16.5,16.3,16.45,2958000.0,75.0,2336.3,2336.3,2336.3,2336.3,889550.0,0.0
NIFTY,26-DEC-2024,26000.0,18-11-2024 12:08:00,16.4,16.5,16.4,16.5,2958000.0,1750.0,,,,,,
NIFTY,26-DEC-2024,26000.0,18-11-2024 12:09:00,16.4,16.5,16.35,16.5,2956175.0,675.0,2304.1,2304.6,2300.0,2304.6,889575.0,50.0
NIFTY,26-DEC-2024,26000.0,18-11-2024 12:10:00,16.35,16.35,16.3,16.3,2956175.0,0.0,2304.6,2304.6,2304.6,2304.6,889575.0,100.0
NIFTY,26-DEC-2024,26000.0,18-11-2024 12:11:00,16.6,16.75,16.6,16.75,2956175.0,0.0,2304.6,2304.6,2298.65,2298.9,889675.0,225.0
NIFTY,26-DEC-2024,26000.0,18-11-2024 12:12:00,16.55,16.55,16.5,16.5,2956175.0,0.0,2298.9,2302.0,2296.2,2302.0,889675.0,225.0
NIFTY,26-DEC-2024,26000.0,18-11-2024 12:13:00,16.5,16.5,16.5,16.5,2956125.0,1250.0,2302.0,2302.0,2302.0,2302.0,889675.0,0.0
NIFTY,26-DEC-2024,26000.0,18-11-2024 12:14:00,16.55,16.55,16.55,16.55,2956125.0,0.0,2302.0,2302.0,2302.0,2302.0,889675.0,0.0
NIFTY,26-DEC-2024,26000.0,18-11-2024 12:15:00,16.55,16.7,16.55,16.7,2956125.0,475.0,2302.0,2302.0,2295.0,2295.0,889675.0,25.0
NIFTY,26-DEC-2024,26000.0,18-11-2024 12:16:00,16.3,16.55,16.3,16.55,2954700.0,0.0,2295.0,2314.1,2295.0,2314.1,889625.0,600.0
NIFTY,26-DEC-2024,26000.0,18-11-2024 12:17:00,16.55,16.65,16.5,16.55,2954700.0,3975.0,2314.1,2314.1,2314.1,2314.1,889625.0,0.0
NIFTY,26-DEC-2024,26000.0,18-11-2024 12:18:00,16.6,16.6,16.35,16.55,2954700.0,1275.0,2314.1,2314.1,2294.6,2294.6,889625.0,0.0
NIFTY,26-DEC-2024,26000.0,18-11-2024 12:19:00,16.5,16.5,16.5,16.5,2954700.0,3225.0,2284.15,2292.65,2284.15,2292.65,890200.0,200.0
NIFTY,26-DEC-2024,26000.0,18-11-2024 12:20:00,16.45,16.45,16.3,16.35,2956500.0,575.0,2291.0,2300.0,2291.0,2300.0,890200.0,250.0
NIFTY,26-DEC-2024,26000.0,18-11-2024 12:21:00,16.35,16.35,16.35,16.35,2956500.0,0.0,2300.0,2305.0,2300.0,2305.0,890200.0,125.0
NIFTY,26-DEC-2024,26000.0,18-11-2024 12:22:00,16.35,16.35,16.35,16.35,2956350.0,2450.0,2305.0,2305.0,2305.0,2305.0,890200.0,0.0
NIFTY,26-DEC-2024,26000.0,18-11-2024 12:23:00,,,,,,,2305.0,2305.0,2305.0,2305.0,890200.0,0.0
NIFTY,26-DEC-2024,26000.0,18-11-2024 12:24:00,16.45,16.5,16.45,16.45,2956350.0,50.0,2305.0,2305.0,2291.4,2291.4,890275.0,50.0
NIFTY,26-DEC-2024,26000.0,18-11-2024 12:25:00,16.45,16.65,16.45,16.65,2956375.0,400.0,2291.4,2292.7,2291.4,2292.7,890300.0,25.0
NIFTY,26-DEC-2024,26000.0,18-11-2024 12:26:00,16.65,16.75,16.65,16.75,2956375.0,1100.0,2292.7,2292.7,2275.0,2275.0,890300.0,25.0
NIFTY,26-DEC-2024,26000.0,18-11-2024 12:27:00,16.9,16.9,16.75,16.75,2956375.0,0.0,2270.0,2270.0,2245.0,2250.0,890300.0,200.0
NIFTY,26-DEC-2024,26000.0,18-11-2024 12:28:00,16.85,17.15,16.85,17.1,2955325.0,2400.0,2250.0,2250.0,2250.0,2250.0,890300.0,0.0
NIFTY,26-DEC-2024,26000.0,18-11-2024 12:29:00,17.2,17.4,17.15,17.25,2955325.0,3325.0,2250.0,2250.0,2224.0,2224.0,890250.0,100.0
NIFTY,26-DEC-2024,26000.0,18-11-2024 12:30:00,17.4,17.85,17.25,17.85,2955325.0,0.0,2224.0,2224.0,2206.7,2206.7,890250.0,625.0
NIFTY,26-DEC-2024,26000.0,18-11-2024 12:31:00,17.95,18.2,17.85,18.2,2955300.0,0.0,2200.0,2200.0,2200.0,2200.0,890050.0,75.0
NIFTY,26-DEC-2024,26000.0,18-11-2024 12:32:00,18.05,18.05,17.8,17.95,2955300.0,18300.0,2200.0,2240.6,2200.0,2240.6,890050.0,0.0
NIFTY,26-DEC-2024,26000.0,18-11-2024 12:33:00,17.9,17.9,17.75,17.8,2955300.0,3725.0,2240.6,2240.6,2240.6,2240.6,890050.0,75.0
NIFTY,26-DEC-2024,26000.0,18-11-2024 12:34:00,17.7,17.85,17.7,17.7,2954600.0,2300.0,2240.6,2240.6,2240.6,2240.6,890050.0,0.0
NIFTY,26-DEC-2024,26000.0,18-11-2024 12:35:00,17.75,17.85,17.6,17.6,2954600.0,6550.0,2240.6,2240.6,2229.05,2229.05,889900.0,0.0
NIFTY,26-DEC-2024,26000.0,18-11-2024 12:36:00,17.6,17.8,17.5,17.5,2954600.0,4850.0,2229.05,2229.05,2229.05,2229.05,889900.0,75.0
NIFTY,26-DEC-2024,26000.0,18-11-2024 12:37:00,17.55,17.65,17.35,17.4,2956450.0,2850.0,2229.05,2229.05,2229.05,2229.05,889900.0,0.0
NIFTY,26-DEC-2024,26000.0,18-11-2024 12:38:00,17.4,17.4,17.4,17.4,2956450.0,0.0,2249.0,2249.0,2249.0,2249.0,889900.0,175.0
NIFTY,26-DEC-2024,26000.0,18-11-2024 12:39:00,17.35,17.35,17.3,17.3,2956450.0,3350.0,2249.0,2249.0,2249.0,2249.0,889900.0,0.0
NIFTY,26-DEC-2024,26000.0,18-11-2024 12:40:00,17.3,17.3,17.3,17.3,2955850.0,1650.0,2249.0,2249.0,2249.0,2249.0,889900.0,0.0
NIFTY,26-DEC-2024,26000.0,18-11-2024 12:41:00,17.3,17.35,17.2,17.35,2955850.0,450.0,2249.0,2249.0,2249.0,2249.0,889900.0,0.0
NIFTY,26-DEC-2024,26000.0,18-11-2024 12:42:00,17.4,17.4,17.3,17.3,2955850.0,1300.0,2249.0,2249.0,2249.0,2249.0,889925.0,25.0
NIFTY,26-DEC-2024,26000.0,18-11-2024 12:43:00,17.35,17.5,17.35,17.5,2954200.0,425.0,2249.0,2249.0,2249.0,2249.0,889925.0,100.0
NIFTY,26-DEC-2024,26000.0,18-11-2024 12:44:00,17.4,17.5,17.35,17.35,2954200.0,0.0,2249.0,2249.0,2249.0,2249.0,889925.0,0.0
NIFTY,26-DEC-2024,26000.0,18-11-2024 12:45:00,17.35,17.5,17.3,17.3,2954200.0,400.0,2243.0,2250.0,2243.0,2250.0,889925.0,325.0
NIFTY,26-DEC-2024,26000.0,18-11-2024 12:46:00,17.4,17.4,17.4,17.4,2954450.0,475.0,2250.0,2250.0,2240.05,2240.05,890125.0,50.0
NIFTY,26-DEC-2024,26000.0,18-11-2024 12:47:00,17.4,17.5,17.4,17.5,2954450.0,1250.0,2240.05,2240.05,2240.0,2240.0,890125.0,25.0
NIFTY,26-DEC-2024,26000.0,18-11-2024 12:48:00,17.55,17.55,17.35,17.35,2954450.0,1900.0,2240.0,2240.0,2230.0,2239.7,890125.0,225.0
NIFTY,26-DEC-2024,26000.0,18-11-2024 12:49:00,17.4,17.7,17.35,17.55,2954450.0,1400.0,2239.7,2239.7,2230.0,2230.0,890300.0,25.0
NIFTY,26-DEC-2024,26000.0,18-11-2024 12:50:00,17.55,17.55,17.55,17.55,2954450.0,400.0,2230.0,2230.0,2230.0,2230.0,890300.0,0.0
NIFTY,26-DEC-2024,26000.0,18-11-2024 12:51:00,17.55,17.55,17.2,17.3,2954450.0,0.0,2222.35,2222.35,2222.35,2222.35,890300.0,25.0
NIFTY,26-DEC-2024,26000.0,18-11-2024 12:52:00,17.1,17.25,16.95,17.05,2954375.0,1725.0,2255.1,2267.8,2249.7,2259.95,890575.0,2425.0
NIFTY,26-DEC-2024,26000.0,18-11-2024 12:53:00,17.05,17.05,17.0,17.05,2954375.0,0.0,2259.95,2267.8,2254.95,2260.0,890575.0,3825.0
NIFTY,26-DEC-2024,26000.0,18-11-2024 12:54:00,17.05,17.05,16.9,17.0,2954375.0,525.0,2260.0,2260.0,2255.0,2258.0,890575.0,1875.0
NIFTY,26-DEC-2024,26000.0,18-11-2024 12:55:00,17.0,17.0,16.85,16.9,2953300.0,2350.0,2258.0,2280.0,2258.0,2266.8,890475.0,2875.0
NIFTY,26-DEC-2024,26000.0,18-11-2024 12:56:00,16.9,16.9,16.9,16.9,2953300.0,775.0,2266.8,2270.0,2266.1,2266.1,890475.0,300.0
NIFTY,26-DEC-2024,26000.0,18-11-2024 12:57:00,16.9,16.9,16.9,16.9,2953300.0,25.0,2266.1,2270.0,2266.1,2270.0,890475.0,500.0
NIFTY,26-DEC-2024,26000.0,18-11-2024 12:58:00,16.9,16.95,16.7,16.7,2953200.0,325.0,2270.0,2270.0,2270.0,2270.0,890475.0,0.0
NIFTY,26-DEC-2024,26000.0,18-11-2024 12:59:00,16.9,16.9,16.65,16.65,2953200.0,825.0,2270.0,2293.65,2270.0,2293.65,889575.0,0.0
NIFTY,26-DEC-2024,26000.0,18-11-2024 13:00:00,16.65,16.75,16.6,16.75,2953200.0,225.0,2287.1,2287.1,2287.1,2287.1,889575.0,200.0
NIFTY,26-DEC-2024,26000.0,18-11-2024 13:01:00,16.65,16.75,16.65,16.75,2952900.0,175.0,2287.1,2287.1,2287.1,2287.1,889575.0,0.0
NIFTY,26-DEC-2024,26000.0,18-11-2024 13:02:00,16.7,16.75,16.7,16.75,2952900.0,100.0,2287.1,2287.1,2287.1,2287.1,889575.0,0.0
NIFTY,26-DEC-2024,26000.0,18-11-2024 13:03:00,16.75,16.75,16.75,16.75,2952900.0,900.0,2287.1,2287.1,2287.1,2287.1,889575.0,0.0
NIFTY,26-DEC-2024,26000.0,18-11-2024 13:04:00,16.75,16.75,16.6,16.7,2953050.0,2200.0,2270.0,2270.95,2270.0,2270.95,889750.0,100.0
NIFTY,26-DEC-2024,26000.0,18-11-2024 13:05:00,16.55,16.55,16.55,16.55,2953050.0,2500.0,2270.95,2270.95,2270.95,2270.95,889750.0,0.0
NIFTY,26-DEC-2024,26000.0,18-11-2024 13:06:00,16.55,16.65,16.5,16.65,2953050.0,425.0,2270.95,2273.05,2270.95,2273.05,889750.0,0.0
NIFTY,26-DEC-2024,26000.0,18-11-2024 13:07:00,16.6,16.6,16.6,16.6,2953150.0,0.0,2273.05,2273.05,2273.05,2273.05,889750.0,25.0
NIFTY,26-DEC-2024,26000.0,18-11-2024 13:08:00,16.6,16.75,16.6,16.65,2953150.0,475.0,2273.05,2273.05,2273.05,2273.05,889750.0,0.0
NIFTY,26-DEC-2024,26000.0,18-11-2024 13:09:00,16.55,16.75,16.55,16.75,2953150.0,1025.0,2257.25,2257.25,2257.25,2257.25,889750.0,25.0
NIFTY,26-DEC-2024,26000.0,18-11-2024 13:10:00,16.75,16.9,16.75,16.9,2952575.0,500.0,2257.25,2260.0,2257.25,2260.0,889825.0,25.0
NIFTY,26-DEC-2024,26000.0,18-11-2024 13:11:00,16.95,16.95,16.95,16.95,2952575.0,0.0,2260.0,2260.0,2260.0,2260.0,889825.0,0.0
NIFTY,26-DEC-2024,26000.0,18-11-2024 13:12:00,16.9,16.9,16.8,16.9,2952575.0,0.0,2277.0,2277.0,2274.8,2274.8,889825.0,175.0
NIFTY,26-DEC-2024,26000.0,18-11-2024 13:13:00,16.8,16.9,16.75,16.75,2952800.0,875.0,2274.8,2274.8,2274.8,2274.8,889825.0,0.0
NIFTY,26-DEC-2024,26000.0,18-11-2024 13:14:00,16.8,16.8,16.8,16.8,2952800.0,0.0,2274.8,2274.8,2274.8,2274.8,889825.0,0.0
NIFTY,26-DEC-2024,26000.0,18-11-2024 13:15:00,16.8,16.8,16.65,16.75,2952800.0,650.0,,,,,,
NIFTY,26-DEC-2024,26000.0,18-11-2024 13:16:00,16.7,16.7,16.7,16.7,2951425.0,2500.0,,,,,,
NIFTY,26-DEC-2024,26000.0,18-11-2024 13:17:00,16.7,16.7,16.5,16.5,2951425.0,2350.0,2274.8,2274.8,2274.8,2274.8,889825.0,0.0
NIFTY,26-DEC-2024,26000.0,18-11-2024 13:18:00,16.45,16.45,16.4,16.4,2951425.0,0.0,2300.0,2312.35,2300.0,2312.35,889925.0,0.0
NIFTY,26-DEC-2024,26000.0,18-11-2024 13:19:00,16.5,16.5,16.5,16.5,2951475.0,900.0,2312.35,2312.35,2312.35,2312.35,889100.0,1375.0
NIFTY,26-DEC-2024,26000.0,18-11-2024 13:20:00,16.8,16.8,16.8,16.8,2951475.0,0.0,2312.35,2312.35,2312.35,2312.35,889100.0,0.0
NIFTY,26-DEC-2024,26000.0,18-11-2024 13:21:00,16.75,16.75,16.55,16.55,2951475.0,1225.0,2312.35,2312.35,2312.35,2312.35,889100.0,0.0
NIFTY,26-DEC-2024,26000.0,18-11-2024 13:22:00,16.55,16.55,16.55,16.55,2951550.0,900.0,2312.35,2312.35,2312.35,2312.35,889100.0,0.0
NIFTY,26-DEC-2024,26000.0,18-11-2024 13:23:00,16.45,16.45,16.45,16.45,2951550.0,0.0,2312.35,2312.35,2312.35,2312.35,889100.0,0.0
NIFTY,26-DEC-2024,26000.0,18-11-2024 13:24:00,16.45,16.45,16.45,16.45,2951550.0,0.0,2312.35,2312.35,2312.35,2312.35,889100.0,0.0
NIFTY,26-DEC-2024,26000.0,18-11-2024 13:25:00,16.65,16.65,16.45,16.45,2951950.0,2350.0,,,,,,
NIFTY,26-DEC-2024,26000.0,18-11-2024 13:26:00,16.45,16.65,16.4,16.45,2951950.0,0.0,2318.65,2318.65,2318.65,2318.65,888750.0,25.0
NIFTY,26-DEC-2024,26000.0,18-11-2024 13:27:00,16.45,16.6,16.45,16.45,2951950.0,5000.0,2318.65,2318.65,2318.65,2318.65,888750.0,0.0
NIFTY,26-DEC-2024,26000.0,18-11-2024 13:28:00,16.45,16.45,16.4,16.4,2951925.0,1050.0,2318.65,2318.65,2318.65,2318.65,888750.0,0.0
NIFTY,26-DEC-2024,26000.0,18-11-2024 13:29:00,16.45,16.9,16.45,16.8,2951925.0,5400.0,2318.65,2318.65,2318.65,2318.65,888750.0,0.0
NIFTY,26-DEC-2024,26000.0,18-11-2024 13:30:00,16.8,16.9,16.75,16.9,2951925.0,7200.0,2318.65,2318.65,2318.65,2318.65,888750.0,0.0
NIFTY,26-DEC-2024,26000.0,18-11-2024 13:31:00,16.7,16.7,16.7,16.7,2951925.0,925.0,2318.65,2318.65,2318.65,2318.65,888750.0,0.0
NIFTY,26-DEC-2024,26000.0,18-11-2024 13:32:00,16.4,16.6,16.4,16.6,2951650.0,0.0,2326.45,2326.45,2311.1,2311.1,888750.0,175.0
NIFTY,26-DEC-2024,26000.0,18-11-2024 13:33:00,16.55,16.55,16.5,16.55,2951650.0,1225.0,,,,,,
NIFTY,26-DEC-2024,26000.0,18-11-2024 13:34:00,16.6,16.6,16.5,16.5,2951650.0,625.0,2311.1,2311.1,2311.1,2311.1,888750.0,0.0
NIFTY,26-DEC-2024,26000.0,18-11-2024 13:35:00,16.75,16.75,16.5,16.5,2951650.0,2775.0,,,,,,
NIFTY,26-DEC-2024,26000.0,18-11-2024 13:36:00,16.55,16.55,16.55,16.55,2951650.0,250.0,2311.1,2311.1,2311.1,2311.1,888750.0,0.0
NIFTY,26-DEC-2024,26000.0,18-11-2024 13:37:00,16.55,16.55,16.55,16.55,2951650.0,0.0,2311.1,2311.1,2311.1,2311.1,888750.0,0.0
NIFTY,26-DEC-2024,26000.0,18-11-2024 13:38:00,16.5,16.7,16.5,16.7,2951625.0,2800.0,2311.1,2311.1,2311.1,2311.1,888750.0,0.0
NIFTY,26-DEC-2024,26000.0,18-11-2024 13:39:00,16.9,16.95,16.9,16.95,2951625.0,0.0,2311.1,2311.1,2311.1,2311.1,888750.0,0.0
NIFTY,26-DEC-2024,26000.0,18-11-2024 13:40:00,16.6,16.65,16.5,16.5,2951525.0,0.0,,,,,,
NIFTY,26-DEC-2024,26000.0,18-11-2024 13:41:00,16.5,16.5,16.5,16.5,2951525.0,3800.0,2311.1,2311.1,2311.1,2311.1,888750.0,0.0
NIFTY,26-DEC-2024,26000.0,18-11-2024 13:42:00,16.5,16.7,16.5,16.7,2951525.0,1700.0,2311.1,2311.1,2311.1,2311.1,888750.0,0.0
NIFTY,26-DEC-2024,26000.0,18-11-2024 13:43:00,16.7,16.7,16.65,16.65,2951525.0,950.0,2311.1,2311.1,2311.1,2311.1,888750.0,0.0
NIFTY,26-DEC-2024,26000.0,18-11-2024 13:44:00,16.65,16.65,16.65,16.65,2951525.0,0.0,2311.1,2311.1,2311.1,2311.1,888775.0,75.0
NIFTY,26-DEC-2024,26000.0,18-11-2024 13:45:00,16.7,16.7,16.7,16.7,2951650.0,375.0,2320.0,2320.0,2320.0,2320.0,888775.0,425.0
NIFTY,26-DEC-2024,26000.0,18-11-2024 13:46:00,16.7,16.7,16.7,16.7,2951600.0,0.0,2320.0,2320.0,2320.0,2320.0,888775.0,0.0
NIFTY,26-DEC-2024,26000.0,18-11-2024 13:47:00,,,,,,,2320.0,2320.0,2320.0,2320.0,888775.0,0.0
NIFTY,26-DEC-2024,26000.0,18-11-2024 13:49:00,16.65,16.65,16.65,16.65,2951625.0,0.0,,,,,,
NIFTY,26-DEC-2024,26000.0,18-11-2024 13:50:00,16.7,16.7,16.5,16.5,2951625.0,0.0,,,,,,
NIFTY,26-DEC-2024,26000.0,18-11-2024 13:51:00,16.65,16.75,16.5,16.75,2951625.0,2875.0,2320.0,2320.0,2320.0,2320.0,888775.0,0.0
NIFTY,26-DEC-2024,26000.0,18-11-2024 13:52:00,16.85,16.85,16.65,16.75,2951725.0,0.0,,,,,,
NIFTY,26-DEC-2024,26000.0,18-11-2024 13:53:00,16.75,16.95,16.75,16.95,2951725.0,0.0,,,,,,
NIFTY,26-DEC-2024,26000.0,18-11-2024 13:54:00,16.8,16.85,16.8,16.85,2951725.0,0.0,,,,,,
NIFTY,26-DEC-2024,26000.0,18-11-2024 13:55:00,16.85,16.9,16.8,16.8,2951525.0,0.0,,,,,,
NIFTY,26-DEC-2024,26000.0,18-11-2024 13:56:00,16.65,16.8,16.55,16.8,2951525.0,0.0,2284.0,2284.0,2284.0,2284.0,888400.0,150.0
NIFTY,26-DEC-2024,26000.0,18-11-2024 13:57:00,16.55,16.55,16.55,16.55,2951525.0,0.0,2284.0,2284.0,2284.0,2284.0,888400.0,0.0
NIFTY,26-DEC-2024,26000.0,18-11-2024 13:58:00,,,,,,,2284.0,2284.0,2284.0,2284.0,888400.0,0.0
NIFTY,26-DEC-2024,26000.0,18-11-2024 13:59:00,16.65,16.65,16.65,16.65,2950350.0,0.0,,,,,,
NIFTY,26-DEC-2024,26000.0,18-11-2024 14:00:00,16.7,16.7,16.55,16.55,2950350.0,0.0,2284.0,2284.0,2284.0,2284.0,888400.0,0.0
NIFTY,26-DEC-2024,26000.0,18-11-2024 14:01:00,16.6,16.7,16.55,16.55,2950450.0,0.0,2284.0,2284.0,2284.0,2284.0,888400.0,0.0
NIFTY,26-DEC-2024,26000.0,18-11-2024 14:02:00,16.55,16.55,16.55,16.55,2950450.0,8575.0,,,,,,
NIFTY,26-DEC-2024,26000.0,18-11-2024 14:03:00,16.65,16.65,16.65,16.65,2950450.0,575.0,2290.0,2290.0,2290.0,2290.0,888425.0,0.0
NIFTY,26-DEC-2024,26000.0,18-11-2024 14:04:00,16.65,16.65,16.55,16.55,2951250.0,75.0,2290.0,2290.0,2290.0,2290.0,888300.0,175.0
NIFTY,26-DEC-2024,26000.0,18-11-2024 14:05:00,16.55,16.65,16.55,16.65,2951250.0,125.0,2290.0,2290.0,2290.0,2290.0,888300.0,0.0
NIFTY,26-DEC-2024,26000.0,18-11-2024 14:06:00,16.65,16.65,16.65,16.65,2951250.0,100.0,2290.0,2290.0,2290.0,2290.0,888300.0,0.0
NIFTY,26-DEC-2024,26000.0,18-11-2024 14:07:00,,,,,,,2298.35,2298.35,2298.35,2298.35,888300.0,50.0
NIFTY,26-DEC-2024,26000.0,18-11-2024 14:08:00,16.6,16.6,16.6,16.6,2951250.0,0.0,2298.35,2298.35,2298.35,2298.35,888300.0,0.0
NIFTY,26-DEC-2024,26000.0,18-11-2024 14:09:00,16.85,16.85,16.4,16.5,2951250.0,175.0,2298.35,2298.35,2298.35,2298.35,888300.0,0.0
NIFTY,26-DEC-2024,26000.0,18-11-2024 14:10:00,16.5,16.55,16.5,16.55,2951250.0,23225.0,2298.35,2298.35,2298.35,2298.35,888300.0,0.0
NIFTY,26-DEC-2024,26000.0,18-11-2024 14:11:00,16.5,16.65,16.05,16.65,2951000.0,24575.0,2298.35,2298.35,2298.35,2298.35,888300.0,0.0
NIFTY,26-DEC-2024,26000.0,18-11-2024 14:12:00,16.6,16.6,16.0,16.15,2951000.0,49325.0,2292.45,2292.45,2292.45,2292.45,888275.0,25.0
NIFTY,26-DEC-2024,26000.0,18-11-2024 14:13:00,16.15,16.2,16.15,16.2,2953575.0,18275.0,2292.45,2292.45,2292.45,2292.45,888275.0,0.0
NIFTY,26-DEC-2024,26000.0,18-11-2024 14:14:00,16.25,16.3,16.1,16.1,2953575.0,2600.0,2292.0,2292.0,2292.0,2292.0,888275.0,25.0
NIFTY,26-DEC-2024,26000.0,18-11-2024 14:15:00,16.15,16.15,15.9,15.95,2953575.0,1625.0,2292.0,2292.0,2292.0,2292.0,888275.0,0.0
NIFTY,26-DEC-2024,26000.0,18-11-2024 14:16:00,15.95,15.95,15.8,15.9,2953275.0,20325.0,2292.0,2303.05,2292.0,2303.05,888275.0,0.0
NIFTY,26-DEC-2024,26000.0,18-11-2024 14:17:00,15.9,15.9,15.8,15.85,2953275.0,0.0,2303.05,2303.05,2303.05,2303.05,888275.0,25.0
NIFTY,26-DEC-2024,26000.0,18-11-2024 14:18:00,15.85,15.85,15.85,15.85,2953275.0,0.0,2303.0,2303.0,2303.0,2303.0,888275.0,25.0
NIFTY,26-DEC-2024,26000.0,18-11-2024 14:19:00,15.85,15.85,15.8,15.85,2953825.0,9500.0,2300.0,2303.0,2300.0,2303.0,888325.0,50.0
NIFTY,26-DEC-2024,26000.0,18-11-2024 14:20:00,15.85,15.85,15.8,15.85,2953825.0,0.0,2303.0,2303.0,2303.0,2303.0,888325.0,0.0
NIFTY,26-DEC-2024,26000.0,18-11-2024 14:21:00,15.85,15.85,15.85,15.85,2953825.0,7750.0,2303.0,2303.0,2303.0,2303.0,888325.0,0.0
NIFTY,26-DEC-2024,26000.0,18-11-2024 14:22:00,15.8,15.8,15.75,15.75,2956550.0,475.0,2303.0,2303.0,2303.0,2303.0,888325.0,0.0
NIFTY,26-DEC-2024,26000.0,18-11-2024 14:23:00,15.85,15.85,15.85,15.85,2956550.0,0.0,,,,,,
NIFTY,26-DEC-2024,26000.0,18-11-2024 14:24:00,15.8,16.0,15.75,16.0,2956550.0,0.0,2310.0,2316.45,2310.0,2316.45,888325.0,50.0
NIFTY,26-DEC-2024,26000.0,18-11-2024 14:25:00,16.0,16.0,16.0,16.0,2960925.0,8025.0,2316.45,2316.45,2316.45,2316.45,888325.0,0.0
NIFTY,26-DEC-2024,26000.0,18-11-2024 14:26:00,15.95,15.95,15.55,15.55,2960925.0,0.0,,,,,,
NIFTY,26-DEC-2024,26000.0,18-11-2024 14:27:00,15.55,15.55,15.55,15.55,2960925.0,3900.0,,,,,,
NIFTY,26-DEC-2024,26000.0,18-11-2024 14:28:00,15.55,15.55,15.25,15.5,2960075.0,0.0,2339.95,2339.95,2339.95,2339.95,888350.0,0.0
NIFTY,26-DEC-2024,26000.0,18-11-2024 14:29:00,15.4,15.4,15.35,15.4,2960075.0,0.0,,,,,,
NIFTY,26-DEC-2024,26000.0,18-11-2024 14:30:00,15.35,15.5,15.35,15.5,2960075.0,7000.0,2334.0,2334.0,2334.0,2334.0,888350.0,400.0
NIFTY,26-DEC-2024,26000.0,18-11-2024 14:31:00,15.4,15.7,15.3,15.7,2963575.0,1400.0,2334.0,2350.0,2334.0,2350.0,888350.0,100.0
NIFTY,26-DEC-2024,26000.0,18-11-2024 14:32:00,15.7,15.7,15.5,15.55,2963575.0,0.0,2350.0,2350.0,2350.0,2350.0,888275.0,0.0
NIFTY,26-DEC-2024,26000.0,18-11-2024 14:33:00,15.55,15.55,15.35,15.45,2963575.0,6875.0,2360.0,2368.95,2353.4,2368.95,888275.0,275.0
NIFTY,26-DEC-2024,26000.0,18-11-2024 14:34:00,15.4,15.45,15.0,15.0,2963325.0,4250.0,2367.75,2367.75,2364.0,2366.85,888300.0,1250.0
NIFTY,26-DEC-2024,26000.0,18-11-2024 14:35:00,15.0,15.1,14.95,15.0,2963325.0,0.0,2366.85,2366.85,2356.0,2356.0,888300.0,0.0
NIFTY,26-DEC-2024,26000.0,18-11-2024 14:36:00,15.0,15.0,14.55,14.75,2963325.0,0.0,,,,,,
NIFTY,26-DEC-2024,26000.0,18-11-2024 14:37:00,14.8,14.85,14.8,14.8,2974000.0,0.0,,,,,,
NIFTY,26-DEC-2024,26000.0,18-11-2024 14:38:00,14.75,14.75,14.6,14.6,2974000.0,52450.0,2356.0,2361.25,2356.0,2361.25,888300.0,50.0
NIFTY,26-DEC-2024,26000.0,18-11-2024 14:39:00,14.65,14.7,14.65,14.7,2974000.0,0.0,,,,,,
NIFTY,26-DEC-2024,26000.0,18-11-2024 14:40:00,14.75,14.75,14.6,14.6,2970775.0,0.0,2354.75,2357.45,2354.75,2357.45,888125.0,325.0
NIFTY,26-DEC-2024,26000.0,18-11-2024 14:41:00,14.6,14.75,14.5,14.75,2970775.0,10325.0,2357.45,2357.45,2357.45,2357.45,888125.0,50.0
NIFTY,26-DEC-2024,26000.0,18-11-2024 14:42:00,14.65,14.75,14.5,14.7,2970775.0,20975.0,2357.45,2357.45,2357.45,2357.45,888125.0,0.0
NIFTY,26-DEC-2024,26000.0,18-11-2024 14:43:00,14.7,14.7,14.7,14.7,2971800.0,1075.0,2357.45,2357.45,2357.45,2357.45,888125.0,0.0
NIFTY,26-DEC-2024,26000.0,18-11-2024 14:44:00,14.7,14.75,14.7,14.75,2971800.0,0.0,,,,,,
NIFTY,26-DEC-2024,26000.0,18-11-2024 14:45:00,14.75,14.9,14.65,14.65,2971800.0,2450.0,2357.45,2357.45,2349.4,2349.4,888125.0,0.0
NIFTY,26-DEC-2024,26000.0,18-11-2024 14:46:00,14.65,14.8,14.65,14.8,2974300.0,6975.0,2349.4,2349.4,2349.4,2349.4,888125.0,50.0
NIFTY,26-DEC-2024,26000.0,18-11-2024 14:47:00,14.9,14.9,14.7,14.7,2974300.0,675.0,2349.4,2349.4,2349.4,2349.4,888125.0,0.0
NIFTY,26-DEC-2024,26000.0,18-11-2024 14:48:00,14.85,14.85,14.8,14.8,2974300.0,2600.0,2349.4,2349.4,2349.4,2349.4,888125.0,0.0
NIFTY,26-DEC-2024,26000.0,18-11-2024 14:49:00,14.8,14.8,14.7,14.7,2972875.0,1575.0,2349.4,2349.4,2349.4,2349.4,888125.0,0.0
NIFTY,26-DEC-2024,26000.0,18-11-2024 14:50:00,14.7,14.8,14.5,14.5,2972875.0,625.0,,,,,,
NIFTY,26-DEC-2024,26000.0,18-11-2024 14:52:00,14.6,14.6,14.6,14.6,2972875.0,1850.0,2349.4,2349.4,2349.4,2349.4,888125.0,0.0
NIFTY,26-DEC-2024,26000.0,18-11-2024 14:53:00,14.5,14.7,14.5,14.7,2973200.0,0.0,2349.4,2349.4,2349.4,2349.4,888125.0,0.0
NIFTY,26-DEC-2024,26000.0,18-11-2024 14:54:00,14.7,14.7,14.5,14.5,2973200.0,0.0,2300.0,2300.0,2300.0,2300.0,888150.0,0.0
NIFTY,26-DEC-2024,26000.0,18-11-2024 14:55:00,14.5,14.7,14.5,14.55,2971250.0,5050.0,2300.0,2304.7,2300.0,2304.7,888125.0,25.0
NIFTY,26-DEC-2024,26000.0,18-11-2024 14:56:00,14.65,14.7,14.5,14.7,2971250.0,0.0,2309.0,2309.0,2309.0,2309.0,888125.0,0.0
NIFTY,26-DEC-2024,26000.0,18-11-2024 14:57:00,14.65,14.7,14.6,14.6,2971250.0,1775.0,2316.85,2316.85,2309.1,2309.1,888125.0,0.0
NIFTY,26-DEC-2024,26000.0,18-11-2024 14:58:00,14.6,14.75,14.6,14.7,2971250.0,0.0,,,,,,
NIFTY,26-DEC-2024,26000.0,18-11-2024 14:59:00,14.7,14.7,14.55,14.65,2971575.0,2000.0,2309.1,2309.1,2309.1,2309.1,888125.0,150.0
NIFTY,26-DEC-2024,26000.0,18-11-2024 15:00:00,14.65,14.65,14.55,14.6,2971575.0,1425.0,2319.95,2319.95,2319.95,2319.95,888200.0,0.0
NIFTY,26-DEC-2024,26000.0,18-11-2024 15:01:00,14.6,14.75,14.55,14.75,2969300.0,0.0,,,,,,
NIFTY,26-DEC-2024,26000.0,18-11-2024 15:02:00,14.7,14.75,14.65,14.7,2969300.0,0.0,,,,,,
NIFTY,26-DEC-2024,26000.0,18-11-2024 15:03:00,14.75,14.75,14.65,14.65,2969300.0,0.0,2319.7,2319.7,2319.7,2319.7,888200.0,0.0
NIFTY,26-DEC-2024,26000.0,18-11-2024 15:04:00,14.65,14.65,14.65,14.65,2966075.0,6775.0,2319.7,2319.7,2319.7,2319.7,888200.0,0.0
NIFTY,26-DEC-2024,26000.0,18-11-2024 15:05:00,14.7,14.7,14.65,14.65,2966075.0,525.0,2319.7,2319.7,2319.7,2319.7,888200.0,175.0
NIFTY,26-DEC-2024,26000.0,18-11-2024 15:06:00,14.8,14.8,14.8,14.8,2966075.0,2400.0,2322.05,2322.05,2322.05,2322.05,888175.0,125.0
NIFTY,26-DEC-2024,26000.0,18-11-2024 15:07:00,14.65,14.65,14.6,14.6,2964825.0,0.0,2325.4,2325.4,2325.4,2325.4,888175.0,0.0
NIFTY,26-DEC-2024,26000.0,18-11-2024 15:08:00,14.55,14.6,14.55,14.6,2964825.0,0.0,,,,,,
NIFTY,26-DEC-2024,26000.0,18-11-2024 15:09:00,14.6,14.6,14.6,14.6,2964825.0,0.0,2333.2,2333.2,2333.2,2333.2,888175.0,0.0
NIFTY,26-DEC-2024,26000.0,18-11-2024 15:10:00,14.55,14.65,14.5,14.55,2964475.0,0.0,2333.2,2333.2,2328.0,2328.0,888125.0,175.0
NIFTY,26-DEC-2024,26000.0,18-11-2024 15:11:00,14.55,14.55,14.5,14.5,2964475.0,0.0,2328.0,2328.0,2328.0,2328.0,888125.0,125.0
NIFTY,26-DEC-2024,26000.0,18-11-2024 15:12:00,14.5,14.65,14.5,14.6,2964475.0,7750.0,2328.0,2328.0,2328.0,2328.0,888125.0,0.0
NIFTY,26-DEC-2024,26000.0,18-11-2024 15:13:00,14.6,14.65,14.5,14.6,2964350.0,0.0,2318.0,2318.0,2318.0,2318.0,888350.0,0.0
NIFTY,26-DEC-2024,26000.0,18-11-2024 15:14:00,14.55,14.7,14.5,14.5,2964350.0,7175.0,2312.0,2315.0,2312.0,2315.0,888350.0,575.0
NIFTY,26-DEC-2024,26000.0,18-11-2024 15:15:00,14.5,14.65,14.5,14.65,2964350.0,2175.0,2320.0,2320.0,2320.0,2320.0,888350.0,125.0
NIFTY,26-DEC-2024,26000.0,18-11-2024 15:16:00,14.5,14.5,14.4,14.45,2962625.0,4675.0,2309.95,2309.95,2300.95,2300.95,888900.0,25.0
NIFTY,26-DEC-2024,26000.0,18-11-2024 15:17:00,14.4,14.4,14.15,14.25,2962625.0,0.0,2300.9,2300.9,2290.0,2290.0,888900.0,0.0
NIFTY,26-DEC-2024,26000.0,18-11-2024 15:18:00,14.1,14.25,14.1,14.25,2962625.0,0.0,2290.0,2300.0,2290.0,2300.0,888900.0,775.0
NIFTY,26-DEC-2024,26000.0,18-11-2024 15:19:00,14.3,14.3,14.05,14.25,2962025.0,0.0,2300.0,2300.0,2300.0,2300.0,888900.0,0.0
NIFTY,26-DEC-2024,26000.0,18-11-2024 15:20:00,14.2,14.3,14.05,14.15,2962025.0,0.0,2304.0,2304.0,2304.0,2304.0,889125.0,0.0
NIFTY,26-DEC-2024,26000.0,18-11-2024 15:21:00,14.15,14.3,14.0,14.0,2962025.0,0.0,2301.7,2301.7,2301.7,2301.7,889125.0,200.0
NIFTY,26-DEC-2024,26000.0,18-11-2024 15:22:00,14.1,14.2,14.0,14.05,2959900.0,28075.0,2301.7,2305.0,2301.7,2305.0,889125.0,75.0
NIFTY,26-DEC-2024,26000.0,18-11-2024 15:23:00,14.05,14.25,14.0,14.0,2959900.0,11550.0,2305.0,2314.2,2303.65,2303.65,889200.0,850.0
NIFTY,26-DEC-2024,26000.0,18-11-2024 15:24:00,14.0,14.2,14.0,14.15,2959900.0,3625.0,2303.65,2317.55,2303.65,2308.8,889200.0,250.0
NIFTY,26-DEC-2024,26000.0,18-11-2024 15:25:00,14.15,14.15,13.6,13.75,2957550.0,3475.0,2317.85,2317.85,2317.65,2317.65,889200.0,475.0
NIFTY,26-DEC-2024,26000.0,18-11-2024 15:26:00,13.8,13.8,13.5,13.6,2957550.0,12775.0,2309.5,2309.5,2309.5,2309.5,889075.0,225.0
NIFTY,26-DEC-2024,26000.0,18-11-2024 15:27:00,13.5,13.65,13.4,13.5,2957550.0,7700.0,2314.0,2314.0,2314.0,2314.0,889075.0,25.0
NIFTY,26-DEC-2024,26000.0,18-11-2024 15:28:00,13.4,13.55,13.3,13.4,2956225.0,0.0,2312.0,2315.0,2312.0,2315.0,889075.0,125.0
NIFTY,26-DEC-2024,26000.0,18-11-2024 15:29:00,13.25,13.45,13.1,13.1,2956225.0,11625.0,2315.0,2316.0,2312.0,2312.0,889075.0,175.0
NIFTY,26-DEC-2024,26000.0,19-11-2024 09:15:00,13.95,14.95,13.95,14.05,2955350.0,0.0,2312.0,2312.0,2312.0,2312.0,0.0,0.0
NIFTY,26-DEC-2024,26000.0,19-11-2024 09:16:00,14.0,14.25,14.0,14.25,2955100.0,0.0,2312.0,2312.0,2220.0,2220.0,889250.0,100.0
NIFTY,26-DEC-2024,26000.0,19-11-2024 09:17:00,14.25,15.4,13.75,14.1,2955100.0,0.0,2220.0,2220.0,2200.0,2200.0,889250.0,50.0
NIFTY,26-DEC-2024,26000.0,19-11-2024 09:18:00,14.25,14.25,13.45,14.05,2959325.0,0.0,2200.0,2200.0,2200.0,2200.0,889250.0,0.0
NIFTY,26-DEC-2024,26000.0,19-11-2024 09:19:00,14.05,14.05,13.5,13.9,2959325.0,19825.0,2200.0,2200.0,2193.4,2193.4,889150.0,0.0
NIFTY,26-DEC-2024,26000.0,19-11-2024 09:20:00,13.9,14.0,13.75,13.9,2959325.0,775.0,2193.4,2195.0,2193.4,2195.0,889150.0,100.0
NIFTY,26-DEC-2024,26000.0,19-11-2024 09:21:00,14.0,14.1,13.8,13.8,2958525.0,3125.0,2185.0,2185.0,2180.0,2180.0,889150.0,0.0
NIFTY,26-DEC-2024,26000.0,19-11-2024 09:22:00,13.85,13.95,13.7,13.9,2958525.0,4950.0,2181.85,2186.0,2181.85,2186.0,888975.0,375.0
NIFTY,26-DEC-2024,26000.0,19-11-2024 09:23:00,13.75,14.0,13.7,13.95,2958525.0,1700.0,2185.0,2185.0,2162.0,2162.0,888975.0,75.0
NIFTY,26-DEC-2024,26000.0,19-11-2024 09:24:00,13.95,14.3,13.95,14.25,2958100.0,4650.0,2162.0,2162.0,2143.2,2143.2,888575.0,525.0
NIFTY,26-DEC-2024,26000.0,19-11-2024 09:25:00,14.35,14.5,14.2,14.5,2958100.0,5575.0,2149.65,2150.0,2149.65,2150.0,888575.0,700.0
NIFTY,26-DEC-2024,26000.0,19-11-2024 09:26:00,14.6,14.6,14.25,14.4,2958100.0,5175.0,2150.0,2150.0,2150.0,2150.0,888575.0,75.0
NIFTY,26-DEC-2024,26000.0,19-11-2024 09:27:00,14.4,14.65,14.25,14.65,2963750.0,4675.0,2150.0,2150.0,2142.0,2142.0,887825.0,525.0
NIFTY,26-DEC-2024,26000.0,19-11-2024 09:28:00,14.7,15.1,14.55,15.05,2963750.0,0.0,2136.5,2136.5,2121.0,2122.5,887825.0,0.0
NIFTY,26-DEC-2024,26000.0,19-11-2024 09:29:00,15.1,15.1,14.9,15.0,2963750.0,0.0,2118.0,2118.0,2118.0,2118.0,887825.0,0.0
NIFTY,26-DEC-2024,26000.0,19-11-2024 09:30:00,15.05,15.1,14.8,15.0,2964275.0,9075.0,2109.7,2120.0,2106.95,2120.0,887825.0,375.0
NIFTY,26-DEC-2024,26000.0,19-11-2024 09:31:00,14.95,14.95,13.85,13.9,2964275.0,29225.0,2126.9,2138.9,2126.9,2138.9,887750.0,350.0
NIFTY,26-DEC-2024,26000.0,19-11-2024 09:32:00,13.9,14.0,13.8,14.0,2964275.0,10675.0,2138.9,2138.9,2138.9,2138.9,887750.0,0.0
NIFTY,26-DEC-2024,26000.0,19-11-2024 09:33:00,13.95,14.35,13.75,14.35,2973400.0,4725.0,2138.9,2138.9,2100.0,2100.0,887675.0,0.0
NIFTY,26-DEC-2024,26000.0,19-11-2024 09:34:00,14.2,14.4,14.1,14.2,2973400.0,7675.0,2100.0,2109.9,2094.3,2106.0,887675.0,675.0
NIFTY,26-DEC-2024,26000.0,19-11-2024 09:35:00,14.25,14.3,14.15,14.2,2973400.0,0.0,2106.0,2106.0,2103.75,2103.75,887675.0,75.0
NIFTY,26-DEC-2024,26000.0,19-11-2024 09:36:00,14.05,14.15,13.9,14.0,2974000.0,8475.0,2103.75,2103.75,2103.75,2103.75,887675.0,0.0
NIFTY,26-DEC-2024,26000.0,19-11-2024 09:37:00,13.95,14.45,13.95,14.45,2974000.0,4325.0,2110.75,2110.75,2095.0,2095.0,887900.0,300.0
NIFTY,26-DEC-2024,26000.0,19-11-2024 09:38:00,14.3,14.4,14.25,14.3,2974000.0,0.0,2095.0,2098.2,2090.3,2090.3,887900.0,75.0
NIFTY,26-DEC-2024,26000.0,19-11-2024 09:39:00,14.3,14.4,14.15,14.25,2975875.0,10700.0,2090.3,2090.3,2090.3,2090.3,887900.0,0.0
NIFTY,26-DEC-2024,26000.0,19-11-2024 09:40:00,14.2,14.45,14.2,14.35,2975875.0,6425.0,2090.3,2090.3,2090.2,2090.2,887650.0,0.0
NIFTY,26-DEC-2024,26000.0,19-11-2024 09:41:00,14.3,14.5,14.2,14.35,2975875.0,9925.0,2090.3,2101.5,2090.3,2097.6,887650.0,225.0
NIFTY,26-DEC-2024,26000.0,19-11-2024 09:42:00,14.4,14.45,14.25,14.3,2988600.0,13150.0,2100.0,2110.0,2100.0,2105.7,887975.0,275.0
NIFTY,26-DEC-2024,26000.0,19-11-2024 09:43:00,14.25,14.45,14.25,14.4,2988600.0,3025.0,2105.25,2105.25,2104.6,2104.95,887975.0,425.0
NIFTY,26-DEC-2024,26000.0,19-11-2024 09:44:00,14.4,15.0,14.4,15.0,2988600.0,0.0,,,,,,
NIFTY,26-DEC-2024,26000.0,19-11-2024 09:45:00,14.95,15.15,14.95,15.1,2992075.0,0.0,2069.0,2074.45,2067.05,2067.05,887575.0,0.0
NIFTY,26-DEC-2024,26000.0,19-11-2024 09:46:00,15.05,15.1,14.95,15.0,2992075.0,0.0,2067.05,2070.0,2067.0,2070.0,887575.0,850.0
NIFTY,26-DEC-2024,26000.0,19-11-2024 09:47:00,14.9,14.9,14.65,14.7,2992075.0,0.0,2075.0,2075.0,2075.0,2075.0,887575.0,25.0
NIFTY,26-DEC-2024,26000.0,19-11-2024 09:48:00,14.65,14.85,14.55,14.6,2995700.0,0.0,2075.0,2085.0,2075.0,2085.0,887775.0,0.0
NIFTY,26-DEC-2024,26000.0,19-11-2024 09:49:00,14.65,14.85,14.6,14.65,2995700.0,43600.0,2099.0,2099.0,2096.1,2098.65,887775.0,600.0
NIFTY,26-DEC-2024,26000.0,19-11-2024 09:50:00,14.7,14.75,14.45,14.65,2995700.0,16075.0,2098.65,2098.65,2098.65,2098.65,887775.0,125.0
NIFTY,26-DEC-2024,26000.0,19-11-2024 09:51:00,14.65,14.65,14.4,14.4,2998350.0,0.0,2112.9,2112.9,2112.9,2112.9,887775.0,0.0
NIFTY,26-DEC-2024,26000.0,19-11-2024 09:52:00,14.45,14.5,14.3,14.4,2998350.0,0.0,2123.0,2123.0,2123.0,2123.0,888000.0,0.0
NIFTY,26-DEC-2024,26000.0,19-11-2024 09:53:00,14.4,14.4,14.0,14.15,2998350.0,10850.0,,,,,,
NIFTY,26-DEC-2024,26000.0,19-11-2024 09:54:00,14.05,14.5,14.05,14.3,2986150.0,12900.0,2096.65,2096.65,2089.0,2089.0,887950.0,100.0
NIFTY,26-DEC-2024,26000.0,19-11-2024 09:55:00,14.15,14.45,14.15,14.15,2986150.0,8150.0,2089.0,2089.0,2072.45,2072.45,887950.0,225.0
NIFTY,26-DEC-2024,26000.0,19-11-2024 09:56:00,14.2,14.35,14.2,14.2,2986150.0,2100.0,2072.45,2105.0,2072.45,2105.0,887950.0,0.0
NIFTY,26-DEC-2024,26000.0,19-11-2024 09:57:00,14.2,14.35,14.1,14.25,2987600.0,1400.0,2105.0,2105.0,2104.0,2104.0,887950.0,50.0
NIFTY,26-DEC-2024,26000.0,19-11-2024 09:58:00,14.3,14.35,14.2,14.3,2987600.0,7250.0,2104.0,2104.0,2104.0,2104.0,887950.0,0.0
NIFTY,26-DEC-2024,26000.0,19-11-2024 09:59:00,14.3,14.45,14.2,14.2,2987600.0,5975.0,2104.0,2104.0,2099.9,2099.9,887875.0,0.0
NIFTY,26-DEC-2024,26000.0,19-11-2024 10:00:00,14.25,14.35,14.15,14.15,2987600.0,6750.0,2095.4,2095.4,2088.25,2088.25,887875.0,1850.0
NIFTY,26-DEC-2024,26000.0,19-11-2024 10:01:00,14.1,14.15,14.0,14.05,2988675.0,4550.0,2088.25,2088.25,2077.8,2077.8,887875.0,50.0
NIFTY,26-DEC-2024,26000.0,19-11-2024 10:02:00,14.1,14.3,13.95,14.3,2988675.0,8975.0,2077.8,2085.0,2077.8,2085.0,887825.0,25.0
NIFTY,26-DEC-2024,26000.0,19-11-2024 10:03:00,14.25,14.3,14.15,14.3,2987300.0,5400.0,2085.0,2085.0,2085.0,2085.0,887825.0,0.0
NIFTY,26-DEC-2024,26000.0,19-11-2024 10:04:00,14.25,14.5,14.25,14.4,2987300.0,12175.0,2085.0,2085.0,2085.0,2085.0,887825.0,0.0
NIFTY,26-DEC-2024,26000.0,19-11-2024 10:05:00,14.45,14.55,14.35,14.4,2987300.0,0.0,2085.0,2085.0,2085.0,2085.0,887825.0,0.0
NIFTY,26-DEC-2024,26000.0,19-11-2024 10:06:00,14.4,14.45,14.35,14.45,2990400.0,8900.0,2085.0,2085.0,2080.65,2080.65,887900.0,100.0
NIFTY,26-DEC-2024,26000.0,19-11-2024 10:07:00,14.4,14.5,14.4,14.5,2990400.0,225.0,2080.65,2080.65,2080.65,2080.65,887900.0,0.0
NIFTY,26-DEC-2024,26000.0,19-11-2024 10:08:00,14.5,14.5,14.4,14.4,2990400.0,500.0,2080.65,2080.65,2075.0,2075.0,888000.0,0.0
NIFTY,26-DEC-2024,26000.0,19-11-2024 10:09:00,14.4,14.5,14.3,14.4,2990600.0,2700.0,2080.0,2080.0,2080.0,2080.0,888000.0,125.0
NIFTY,26-DEC-2024,26000.0,19-11-2024 10:10:00,14.4,14.45,14.4,14.45,2990600.0,1500.0,2080.0,2080.0,2072.0,2072.0,888125.0,0.0
NIFTY,26-DEC-2024,26000.0,19-11-2024 10:11:00,14.5,14.6,13.5,13.55,2990600.0,5875.0,2065.0,2070.0,2065.0,2070.0,888125.0,450.0
NIFTY,26-DEC-2024,26000.0,19-11-2024 10:12:00,13.5,13.65,13.25,13.45,2915800.0,68900.0,2070.0,2070.0,2070.0,2070.0,888125.0,100.0
NIFTY,26-DEC-2024,26000.0,19-11-2024 10:13:00,13.45,13.45,13.3,13.3,2915800.0,0.0,2082.75,2082.75,2082.75,2082.75,887775.0,0.0
NIFTY,26-DEC-2024,26000.0,19-11-2024 10:14:00,13.3,13.35,13.1,13.15,2915800.0,30175.0,2081.65,2085.0,2081.65,2085.0,887775.0,50.0
NIFTY,26-DEC-2024,26000.0,19-11-2024 10:15:00,13.15,13.3,13.15,13.2,2903650.0,15825.0,2085.0,2088.95,2085.0,2088.95,887775.0,50.0
NIFTY,26-DEC-2024,26000.0,19-11-2024 10:16:00,13.2,13.5,13.2,13.5,2903650.0,3200.0,2088.95,2088.95,2088.95,2088.95,887775.0,0.0
NIFTY,26-DEC-2024,26000.0,19-11-2024 10:17:00,13.4,13.55,13.4,13.45,2903650.0,0.0,2083.0,2083.0,2083.0,2083.0,887750.0,75.0
NIFTY,26-DEC-2024,26000.0,19-11-2024 10:18:00,13.4,13.45,13.35,13.35,2903150.0,0.0,2083.0,2083.0,2080.0,2080.0,887650.0,125.0
NIFTY,26-DEC-2024,26000.0,19-11-2024 10:19:00,13.35,13.45,13.3,13.45,2903150.0,2600.0,2080.0,2080.0,2080.0,2080.0,887650.0,25.0
NIFTY,26-DEC-2024,26000.0,19-11-2024 10:20:00,13.45,13.45,13.45,13.45,2903150.0,0.0,2080.0,2080.0,2080.0,2080.0,887650.0,0.0
NIFTY,26-DEC-2024,26000.0,19-11-2024 10:21:00,13.45,13.45,13.45,13.45,2903550.0,2050.0,2080.0,2080.0,2080.0,2080.0,887725.0,0.0
NIFTY,26-DEC-2024,26000.0,19-11-2024 10:22:00,13.45,13.65,13.45,13.65,2903550.0,12750.0,2085.05,2085.05,2080.0,2080.0,887725.0,100.0
NIFTY,26-DEC-2024,26000.0,19-11-2024 10:23:00,13.7,13.75,13.55,13.75,2903550.0,0.0,2075.0,2075.0,2075.0,2075.0,887725.0,0.0
NIFTY,26-DEC-2024,26000.0,19-11-2024 10:24:00,13.7,13.75,13.7,13.75,2903275.0,0.0,2073.95,2073.95,2073.95,2073.95,887725.0,0.0
NIFTY,26-DEC-2024,26000.0,19-11-2024 10:25:00,13.9,14.2,13.9,14.2,2903275.0,0.0,2050.0,2050.0,2040.5,2040.5,887050.0,800.0
NIFTY,26-DEC-2024,26000.0,19-11-2024 10:26:00,14.2,14.2,14.1,14.15,2903275.0,14300.0,2030.95,2030.95,2030.95,2030.95,887050.0,300.0
NIFTY,26-DEC-2024,26000.0,19-11-2024 10:27:00,14.15,14.25,14.05,14.15,2903275.0,0.0,2027.1,2027.1,2027.1,2027.1,887050.0,0.0
NIFTY,26-DEC-2024,26000.0,19-11-2024 10:28:00,14.4,14.4,14.2,14.25,2903750.0,7500.0,2029.0,2030.95,2028.0,2028.0,887275.0,0.0
NIFTY,26-DEC-2024,26000.0,19-11-2024 10:29:00,14.4,14.4,14.35,14.35,2903750.0,675.0,2027.95,2027.95,2027.95,2027.95,887275.0,200.0
NIFTY,26-DEC-2024,26000.0,19-11-2024 10:30:00,14.4,14.5,14.35,14.5,2903750.0,0.0,2021.05,2021.05,2020.0,2020.0,887275.0,0.0
NIFTY,26-DEC-2024,26000.0,19-11-2024 10:31:00,14.4,14.4,14.3,14.3,2903075.0,0.0,2020.0,2040.0,2020.0,2040.0,887275.0,225.0
NIFTY,26-DEC-2024,26000.0,19-11-2024 10:32:00,14.3,14.3,14.1,14.25,2903075.0,0.0,2040.0,2040.0,2035.45,2035.45,887275.0,25.0
NIFTY,26-DEC-2024,26000.0,19-11-2024 10:33:00,14.2,14.2,14.0,14.0,2903075.0,0.0,2035.0,2042.0,2035.0,2040.0,887275.0,50.0
NIFTY,26-DEC-2024,26000.0,19-11-2024 10:34:00,14.0,14.0,13.8,14.0,2901825.0,0.0,2045.0,2045.0,2044.1,2044.1,887350.0,0.0
NIFTY,26-DEC-2024,26000.0,19-11-2024 10:35:00,14.0,14.1,14.0,14.1,2901825.0,0.0,,,,,,
NIFTY,26-DEC-2024,26000.0,19-11-2024 10:36:00,14.05,14.1,14.05,14.1,2901825.0,0.0,2035.95,2035.95,2035.95,2035.95,887350.0,0.0
NIFTY,26-DEC-2024,26000.0,19-11-2024 10:37:00,14.1,14.1,13.8,13.85,2899575.0,0.0,2040.0,2051.4,2040.0,2051.4,886975.0,0.0
NIFTY,26-DEC-2024,26000.0,19-11-2024 10:38:00,13.9,13.9,13.8,13.9,2899575.0,34900.0,2048.0,2048.0,2046.0,2046.0,886975.0,0.0
NIFTY,26-DEC-2024,26000.0,19-11-2024 10:39:00,14.0,14.0,13.9,13.9,2899575.0,1825.0,2046.0,2046.0,2046.0,2046.0,886975.0,4125.0
NIFTY,26-DEC-2024,26000.0,19-11-2024 10:40:00,13.95,14.05,13.95,14.0,2888425.0,0.0,2042.0,2042.0,2035.0,2035.0,887125.0,0.0
NIFTY,26-DEC-2024,26000.0,19-11-2024 10:41:00,14.0,14.0,13.85,13.9,2888425.0,0.0,2030.0,2030.0,2030.0,2030.0,887125.0,0.0
NIFTY,26-DEC-2024,26000.0,19-11-2024 10:42:00,14.0,14.0,13.9,13.9,2884925.0,4375.0,2030.0,2038.4,2030.0,2038.4,887125.0,1100.0
NIFTY,26-DEC-2024,26000.0,19-11-2024 10:43:00,14.0,14.0,13.85,13.85,2884925.0,800.0,2038.4,2052.45,2038.4,2052.45,887025.0,25.0
NIFTY,26-DEC-2024,26000.0,19-11-2024 10:44:00,13.85,13.85,13.65,13.75,2884925.0,1625.0,2060.0,2060.0,2060.0,2060.0,887025.0,0.0
NIFTY,26-DEC-2024,26000.0,19-11-2024 10:45:00,13.75,13.9,13.65,13.7,2884575.0,2025.0,2060.0,2060.0,2058.0,2058.0,887025.0,375.0
NIFTY,26-DEC-2024,26000.0,19-11-2024 10:46:00,13.7,13.75,13.55,13.6,2884575.0,9000.0,2058.0,2058.0,2058.0,2058.0,887025.0,0.0
NIFTY,26-DEC-2024,26000.0,19-11-2024 10:47:00,13.55,13.6,13.55,13.6,2884575.0,5625.0,2060.0,2060.0,2058.0,2060.0,886825.0,200.0
NIFTY,26-DEC-2024,26000.0,19-11-2024 10:48:00,13.5,13.65,13.5,13.55,2884575.0,1525.0,2065.0,2065.0,2065.0,2065.0,886825.0,300.0
NIFTY,26-DEC-2024,26000.0,19-11-2024 10:49:00,13.55,13.75,13.5,13.5,2883700.0,4775.0,2065.0,2083.45,2065.0,2075.9,886875.0,525.0
NIFTY,26-DEC-2024,26000.0,19-11-2024 10:50:00,13.65,13.65,13.65,13.65,2883700.0,1025.0,2075.9,2075.9,2075.9,2075.9,886875.0,275.0
NIFTY,26-DEC-2024,26000.0,19-11-2024 10:51:00,13.55,13.75,13.5,13.75,2883700.0,2225.0,2075.9,2075.9,2075.0,2075.0,886875.0,0.0
NIFTY,26-DEC-2024,26000.0,19-11-2024 10:52:00,13.75,13.75,13.6,13.6,2882050.0,875.0,2075.0,2075.0,2075.0,2075.0,886875.0,25.0
NIFTY,26-DEC-2024,26000.0,19-11-2024 10:53:00,13.6,13.6,13.5,13.5,2882050.0,625.0,2075.0,2075.75,2075.0,2075.75,887050.0,0.0
NIFTY,26-DEC-2024,26000.0,19-11-2024 10:54:00,13.6,13.75,13.6,13.75,2882050.0,425.0,2075.75,2075.75,2075.75,2075.75,887050.0,25.0
NIFTY,26-DEC-2024,26000.0,19-11-2024 10:55:00,13.75,13.85,13.7,13.85,2882250.0,4425.0,2067.7,2067.7,2060.0,2060.0,887075.0,50.0
NIFTY,26-DEC-2024,26000.0,19-11-2024 10:56:00,13.8,13.8,13.7,13.7,2882250.0,2400.0,2060.0,2060.0,2060.0,2060.0,887075.0,0.0
NIFTY,26-DEC-2024,26000.0,19-11-2024 10:57:00,13.8,13.8,13.7,13.7,2882250.0,1625.0,2060.0,2060.0,2060.0,2060.0,887075.0,0.0
NIFTY,26-DEC-2024,26000.0,19-11-2024 10:58:00,13.75,13.75,13.7,13.7,2881275.0,6200.0,2060.0,2060.0,2060.0,2060.0,887075.0,0.0
NIFTY,26-DEC-2024,26000.0,19-11-2024 10:59:00,13.7,13.75,13.65,13.7,2881275.0,1075.0,2060.0,2060.0,2060.0,2060.0,887025.0,0.0
NIFTY,26-DEC-2024,26000.0,19-11-2024 11:00:00,13.75,13.9,13.75,13.75,2878350.0,5175.0,2055.0,2055.0,2041.5,2041.5,887025.0,50.0
NIFTY,26-DEC-2024,26000.0,19-11-2024 11:01:00,13.8,13.8,13.7,13.7,2878350.0,775.0,2047.1,2047.1,2047.1,2047.1,887075.0,50.0
NIFTY,26-DEC-2024,26000.0,19-11-2024 11:02:00,13.65,13.7,13.65,13.65,2878350.0,1550.0,2047.1,2047.1,2047.0,2047.0,887075.0,100.0
NIFTY,26-DEC-2024,26000.0,19-11-2024 11:03:00,13.7,13.7,13.6,13.6,2878350.0,625.0,2047.0,2047.0,2047.0,2047.0,887075.0,0.0
NIFTY,26-DEC-2024,26000.0,19-11-2024 11:04:00,13.8,13.95,13.8,13.95,2877000.0,2300.0,2047.0,2047.0,2047.0,2047.0,887075.0,0.0
NIFTY,26-DEC-2024,26000.0,19-11-2024 11:05:00,13.95,13.95,13.7,13.75,2877000.0,2575.0,2047.0,2047.0,2047.0,2047.0,887075.0,0.0
NIFTY,26-DEC-2024,26000.0,19-11-2024 11:06:00,13.65,13.75,13.65,13.75,2877000.0,1500.0,2047.0,2047.0,2047.0,2047.0,887075.0,0.0
NIFTY,26-DEC-2024,26000.0,19-11-2024 11:07:00,13.7,13.9,13.55,13.9,2875375.0,0.0,2047.0,2047.0,2047.0,2047.0,887075.0,0.0
NIFTY,26-DEC-2024,26000.0,19-11-2024 11:08:00,13.85,14.0,13.85,14.0,2875375.0,21875.0,2044.0,2044.0,2044.0,2044.0,887075.0,25.0
NIFTY,26-DEC-2024,26000.0,19-11-2024 11:09:00,14.0,14.05,14.0,14.0,2875375.0,0.0,,,,,,
NIFTY,26-DEC-2024,26000.0,19-11-2024 11:10:00,14.0,14.1,14.0,14.05,2873600.0,9325.0,2032.9,2032.9,2032.9,2032.9,887075.0,25.0
NIFTY,26-DEC-2024,26000.0,19-11-2024 11:11:00,14.1,14.15,14.05,14.05,2873600.0,13425.0,2032.9,2032.9,2032.9,2032.9,887075.0,0.0
NIFTY,26-DEC-2024,26000.0,19-11-2024 11:12:00,14.05,14.1,14.0,14.0,2873600.0,4350.0,2032.9,2032.9,2032.9,2032.9,887075.0,0.0
NIFTY,26-DEC-2024,26000.0,19-11-2024 11:13:00,14.0,14.05,13.85,14.05,2868400.0,3650.0,2032.9,2032.9,2032.9,2032.9,887075.0,0.0
NIFTY,26-DEC-2024,26000.0,19-11-2024 11:14:00,13.85,13.95,13.85,13.9,2868400.0,3350.0,2032.9,2032.9,2032.9,2032.9,887075.0,0.0
NIFTY,26-DEC-2024,26000.0,19-11-2024 11:15:00,13.95,14.0,13.95,14.0,2868400.0,6375.0,2032.9,2032.9,2032.9,2032.9,887075.0,0.0
NIFTY,26-DEC-2024,26000.0,19-11-2024 11:16:00,14.05,14.1,13.85,13.9,2867750.0,0.0,,,,,,
NIFTY,26-DEC-2024,26000.0,19-11-2024 11:17:00,13.85,13.9,13.8,13.9,2867750.0,2425.0,2032.9,2032.9,2032.9,2032.9,887075.0,0.0
NIFTY,26-DEC-2024,26000.0,19-11-2024 11:18:00,13.9,14.0,13.9,14.0,2867750.0,1875.0,2032.9,2032.9,2032.9,2032.9,887200.0,0.0
NIFTY,26-DEC-2024,26000.0,19-11-2024 11:19:00,13.85,13.95,13.8,13.85,2866475.0,1900.0,2033.0,2040.35,2033.0,2040.35,887200.0,300.0
NIFTY,26-DEC-2024,26000.0,19-11-2024 11:20:00,13.85,13.85,13.7,13.85,2866475.0,925.0,2040.35,2040.35,2040.35,2040.35,887200.0,0.0
NIFTY,26-DEC-2024,26000.0,19-11-2024 11:21:00,13.85,14.25,13.75,14.25,2866475.0,2875.0,2040.35,2040.35,2040.35,2040.35,887200.0,0.0
NIFTY,26-DEC-2024,26000.0,19-11-2024 11:22:00,14.1,14.3,14.1,14.2,2864725.0,8925.0,2040.35,2042.0,2032.8,2032.8,887175.0,75.0
NIFTY,26-DEC-2024,26000.0,19-11-2024 11:23:00,14.1,14.2,14.1,14.2,2864725.0,1300.0,2032.8,2032.8,2032.8,2032.8,887175.0,0.0
NIFTY,26-DEC-2024,26000.0,19-11-2024 11:24:00,14.2,14.35,14.2,14.3,2864725.0,500.0,2032.8,2032.8,2023.35,2023.35,887175.0,75.0
NIFTY,26-DEC-2024,26000.0,19-11-2024 11:25:00,14.3,14.45,14.3,14.4,2864375.0,1125.0,2023.35,2023.35,2019.0,2019.0,887175.0,75.0
NIFTY,26-DEC-2024,26000.0,19-11-2024 11:26:00,14.55,14.6,14.45,14.5,2864375.0,2225.0,2013.6,2013.6,2003.4,2003.4,887175.0,250.0
NIFTY,26-DEC-2024,26000.0,19-11-2024 11:27:00,14.5,14.65,14.5,14.6,2864375.0,575.0,2003.4,2007.05,2003.4,2007.05,887175.0,75.0
NIFTY,26-DEC-2024,26000.0,19-11-2024 11:28:00,14.55,14.65,14.55,14.6,2864175.0,975.0,2007.05,2009.35,2007.05,2009.35,887275.0,25.0
NIFTY,26-DEC-2024,26000.0,19-11-2024 11:29:00,14.65,14.65,14.65,14.65,2864175.0,0.0,2009.35,2009.35,2009.35,2009.35,887275.0,0.0
NIFTY,26-DEC-2024,26000.0,19-11-2024 11:30:00,14.55,14.55,14.5,14.5,2864175.0,0.0,2009.35,2013.95,2009.35,2013.95,887275.0,50.0
NIFTY,26-DEC-2024,26000.0,19-11-2024 11:31:00,14.55,14.55,14.3,14.3,2865000.0,0.0,2003.25,2007.05,2003.25,2007.05,887300.0,25.0
NIFTY,26-DEC-2024,26000.0,19-11-2024 11:32:00,14.3,14.45,14.3,14.35,2865000.0,3950.0,2007.05,2007.05,2007.05,2007.05,887300.0,25.0
NIFTY,26-DEC-2024,26000.0,19-11-2024 11:33:00,14.2,14.2,14.2,14.2,2865000.0,1850.0,2007.05,2007.05,2005.0,2005.0,887300.0,25.0
NIFTY,26-DEC-2024,26000.0,19-11-2024 11:34:00,14.3,14.5,14.15,14.35,2863725.0,3450.0,2008.4,2008.4,2001.0,2004.85,887375.0,400.0
NIFTY,26-DEC-2024,26000.0,19-11-2024 11:35:00,14.3,14.4,14.3,14.4,2863725.0,0.0,2007.0,2016.55,2007.0,2016.55,887375.0,300.0
NIFTY,26-DEC-2024,26000.0,19-11-2024 11:36:00,14.4,14.4,14.3,14.35,2863725.0,1475.0,2015.05,2015.05,2010.35,2010.35,887375.0,75.0
NIFTY,26-DEC-2024,26000.0,19-11-2024 11:37:00,14.35,14.5,14.35,14.5,2863125.0,1825.0,2010.35,2010.35,1999.85,1999.85,887300.0,125.0
NIFTY,26-DEC-2024,26000.0,19-11-2024 11:38:00,14.4,14.45,14.4,14.45,2863125.0,800.0,1999.85,2000.4,1999.85,2000.4,887300.0,25.0
NIFTY,26-DEC-2024,26000.0,19-11-2024 11:39:00,14.5,14.55,14.3,14.35,2863125.0,2625.0,2000.4,2000.4,1998.0,1998.0,887300.0,100.0
NIFTY,26-DEC-2024,26000.0,19-11-2024 11:40:00,14.35,14.35,14.2,14.2,2850925.0,13800.0,1997.5,1998.5,1997.5,1997.5,887150.0,150.0
NIFTY,26-DEC-2024,26000.0,19-11-2024 11:41:00,14.2,14.2,14.05,14.2,2850925.0,2125.0,1997.5,2003.7,1997.5,2003.7,887150.0,800.0
NIFTY,26-DEC-2024,26000.0,19-11-2024 11:42:00,14.2,14.5,14.2,14.5,2850925.0,6100.0,2003.7,2003.85,2000.95,2000.95,887150.0,50.0
NIFTY,26-DEC-2024,26000.0,19-11-2024 11:43:00,14.5,14.55,14.5,14.55,2851900.0,150.0,2000.95,2000.95,2000.95,2000.95,887150.0,0.0
NIFTY,26-DEC-2024,26000.0,19-11-2024 11:44:00,14.5,14.55,13.8,13.85,2851900.0,35100.0,2000.95,2000.95,2000.95,2000.95,887150.0,0.0
NIFTY,26-DEC-2024,26000.0,19-11-2024 11:45:00,13.8,13.95,13.55,13.7,2851900.0,0.0,,,,,,
NIFTY,26-DEC-2024,26000.0,19-11-2024 11:46:00,13.75,13.8,13.65,13.75,2806100.0,25050.0,2000.95,2000.95,2000.95,2000.95,887150.0,0.0
NIFTY,26-DEC-2024,26000.0,19-11-2024 11:47:00,13.8,13.8,13.75,13.75,2806100.0,3300.0,2007.0,2007.0,2007.0,2007.0,887150.0,25.0
NIFTY,26-DEC-2024,26000.0,19-11-2024 11:48:00,13.75,13.95,13.75,13.9,2806100.0,0.0,1998.65,1998.65,1998.65,1998.65,887300.0,25.0
NIFTY,26-DEC-2024,26000.0,19-11-2024 11:49:00,13.9,13.95,13.9,13.95,2803400.0,6275.0,1998.65,1998.65,1998.65,1998.65,887300.0,0.0
NIFTY,26-DEC-2024,26000.0,19-11-2024 11:50:00,14.0,14.0,13.7,13.7,2803400.0,1425.0,1998.65,1998.65,1998.65,1998.65,887300.0,0.0
NIFTY,26-DEC-2024,26000.0,19-11-2024 11:51:00,13.7,13.8,13.65,13.8,2803400.0,4625.0,2005.65,2005.65,1999.65,1999.65,887325.0,125.0
NIFTY,26-DEC-2024,26000.0,19-11-2024 11:52:00,13.85,13.85,13.8,13.8,2803850.0,850.0,1999.5,2003.55,1999.5,2003.55,887275.0,175.0
NIFTY,26-DEC-2024,26000.0,19-11-2024 11:53:00,13.8,13.85,13.75,13.85,2803850.0,1250.0,2003.55,2005.05,2003.0,2003.65,887275.0,125.0
NIFTY,26-DEC-2024,26000.0,19-11-2024 11:54:00,13.85,13.85,13.7,13.7,2803850.0,475.0,2003.65,2005.0,2003.65,2005.0,887275.0,200.0
NIFTY,26-DEC-2024,26000.0,19-11-2024 11:55:00,13.75,13.75,13.65,13.65,2802475.0,675.0,2005.0,2011.3,2005.0,2011.3,887275.0,175.0
NIFTY,26-DEC-2024,26000.0,19-11-2024 11:56:00,13.65,13.7,13.65,13.65,2802475.0,0.0,2011.3,2011.3,2011.3,2011.3,887275.0,0.0
NIFTY,26-DEC-2024,26000.0,19-11-2024 11:57:00,13.65,13.7,13.6,13.65,2802475.0,1075.0,2011.3,2013.0,2011.3,2013.0,887275.0,25.0
NIFTY,26-DEC-2024,26000.0,19-11-2024 11:58:00,13.6,13.65,13.6,13.6,2802350.0,1850.0,2013.0,2015.0,2010.4,2010.4,887325.0,150.0
NIFTY,26-DEC-2024,26000.0,19-11-2024 11:59:00,13.65,13.65,13.5,13.65,2802350.0,600.0,2010.4,2010.4,2010.4,2010.4,887325.0,0.0
NIFTY,26-DEC-2024,26000.0,19-11-2024 12:00:00,13.65,13.65,13.55,13.55,2802350.0,2600.0,2010.4,2010.4,2010.4,2010.4,887325.0,0.0
NIFTY,26-DEC-2024,26000.0,19-11-2024 12:01:00,13.55,13.65,13.55,13.65,2802850.0,225.0,2010.4,2010.4,2010.4,2010.4,887325.0,0.0
NIFTY,26-DEC-2024,26000.0,19-11-2024 12:02:00,13.65,13.7,13.6,13.7,2802850.0,2850.0,2010.4,2015.1,2010.4,2015.1,887275.0,300.0
NIFTY,26-DEC-2024,26000.0,19-11-2024 12:03:00,13.7,13.7,13.7,13.7,2802850.0,75.0,2015.1,2018.65,2015.1,2018.65,887275.0,50.0
NIFTY,26-DEC-2024,26000.0,19-11-2024 12:04:00,13.75,13.85,13.75,13.8,2801925.0,325.0,2018.65,2018.65,2011.75,2011.75,887250.0,150.0
NIFTY,26-DEC-2024,26000.0,19-11-2024 12:05:00,13.9,13.95,13.8,13.85,2801925.0,650.0,2011.75,2011.75,2007.3,2007.8,887250.0,250.0
NIFTY,26-DEC-2024,26000.0,19-11-2024 12:06:00,13.85,13.85,13.75,13.75,2801925.0,0.0,2007.8,2015.35,2007.8,2015.35,887250.0,50.0
NIFTY,26-DEC-2024,26000.0,19-11-2024 12:07:00,13.7,13.8,13.65,13.7,2802650.0,2350.0,2015.35,2025.0,2015.35,2025.0,887250.0,25.0
NIFTY,26-DEC-2024,26000.0,19-11-2024 12:08:00,13.6,13.6,13.55,13.55,2802650.0,0.0,2025.0,2025.0,2025.0,2025.0,887250.0,0.0
NIFTY,26-DEC-2024,26000.0,19-11-2024 12:09:00,13.6,13.6,13.5,13.5,2802650.0,1575.0,2025.0,2025.0,2025.0,2025.0,887250.0,0.0
NIFTY,26-DEC-2024,26000.0,19-11-2024 12:10:00,13.5,13.5,13.5,13.5,2803000.0,1750.0,2025.0,2025.0,2025.0,2025.0,887250.0,0.0
NIFTY,26-DEC-2024,26000.0,19-11-2024 12:11:00,13.55,13.6,13.55,13.6,2803000.0,0.0,2025.0,2025.0,2025.0,2025.0,887250.0,0.0
NIFTY,26-DEC-2024,26000.0,19-11-2024 12:12:00,,,,,,,2025.0,2025.0,2025.0,2025.0,887250.0,0.0
NIFTY,26-DEC-2024,26000.0,19-11-2024 12:13:00,13.5,13.5,13.5,13.5,2803750.0,275.0,2029.0,2029.0,2029.0,2029.0,887275.0,0.0
NIFTY,26-DEC-2024,26000.0,19-11-2024 12:14:00,13.5,13.6,13.5,13.6,2803750.0,0.0,2029.0,2029.0,2029.0,2029.0,887275.0,25.0
NIFTY,26-DEC-2024,26000.0,19-11-2024 12:15:00,13.3,13.3,13.2,13.25,2803750.0,26875.0,2029.0,2029.0,2029.0,2029.0,887275.0,0.0
NIFTY,26-DEC-2024,26000.0,19-11-2024 12:16:00,13.4,13.4,13.3,13.3,2787050.0,300.0,2029.0,2029.0,2012.2,2012.2,887300.0,25.0
NIFTY,26-DEC-2024,26000.0,19-11-2024 12:17:00,13.4,13.4,13.4,13.4,2787050.0,800.0,2012.2,2012.2,2012.2,2012.2,887300.0,0.0
NIFTY,26-DEC-2024,26000.0,19-11-2024 12:18:00,13.4,13.4,13.4,13.4,2787050.0,0.0,2012.2,2012.2,2012.2,2012.2,887300.0,0.0
NIFTY,26-DEC-2024,26000.0,19-11-2024 12:19:00,13.55,13.55,13.4,13.4,2786500.0,0.0,2012.2,2012.2,2005.4,2005.4,887300.0,25.0
NIFTY,26-DEC-2024,26000.0,19-11-2024 12:20:00,13.4,13.5,13.4,13.45,2786500.0,0.0,2005.4,2011.9,2005.4,2011.9,887300.0,25.0
NIFTY,26-DEC-2024,26000.0,19-11-2024 12:21:00,13.45,13.45,13.4,13.4,2786500.0,2975.0,2011.9,2015.1,2011.9,2015.1,887300.0,50.0
NIFTY,26-DEC-2024,26000.0,19-11-2024 12:22:00,13.45,13.45,13.4,13.45,2784750.0,725.0,2015.1,2015.1,2015.1,2015.1,887300.0,0.0
NIFTY,26-DEC-2024,26000.0,19-11-2024 12:23:00,13.45,13.45,13.35,13.4,2784750.0,0.0,2015.1,2017.45,2015.1,2017.45,887300.0,50.0
NIFTY,26-DEC-2024,26000.0,19-11-2024 12:24:00,13.4,13.4,13.25,13.25,2784750.0,3850.0,2017.45,2017.45,2017.45,2017.45,887300.0,25.0
NIFTY,26-DEC-2024,26000.0,19-11-2024 12:25:00,13.25,13.4,13.25,13.4,2783825.0,975.0,2017.45,2026.0,2017.45,2025.6,887225.0,100.0
NIFTY,26-DEC-2024,26000.0,19-11-2024 12:26:00,13.4,13.4,13.2,13.2,2783825.0,100.0,2021.6,2030.1,2021.6,2030.1,887225.0,275.0
NIFTY,26-DEC-2024,26000.0,19-11-2024 12:27:00,13.15,13.15,13.1,13.1,2783825.0,2775.0,2030.1,2030.1,2030.1,2030.1,887225.0,0.0
NIFTY,26-DEC-2024,26000.0,19-11-2024 12:28:00,13.05,13.05,12.75,12.8,2787750.0,5775.0,2030.1,2030.1,2030.1,2030.1,887225.0,0.0
NIFTY,26-DEC-2024,26000.0,19-11-2024 12:29:00,12.75,12.8,12.75,12.75,2787750.0,1150.0,2030.1,2030.1,2030.1,2030.1,887225.0,0.0
NIFTY,26-DEC-2024,26000.0,19-11-2024 12:30:00,12.7,12.85,12.7,12.8,2787750.0,725.0,2030.1,2030.1,2028.0,2028.0,887250.0,0.0
NIFTY,26-DEC-2024,26000.0,19-11-2024 12:31:00,12.7,12.8,12.7,12.75,2786425.0,1500.0,2028.0,2028.0,2028.0,2028.0,887250.0,25.0
NIFTY,26-DEC-2024,26000.0,19-11-2024 12:32:00,12.75,12.8,12.75,12.8,2786425.0,1125.0,2028.0,2028.0,2021.0,2021.0,887275.0,25.0
NIFTY,26-DEC-2024,26000.0,19-11-2024 12:33:00,12.75,12.8,12.75,12.75,2786425.0,925.0,2021.0,2022.0,2021.0,2022.0,887275.0,25.0
NIFTY,26-DEC-2024,26000.0,19-11-2024 12:34:00,12.7,12.7,12.55,12.65,2788000.0,2275.0,2022.0,2022.0,2022.0,2022.0,887275.0,0.0
NIFTY,26-DEC-2024,26000.0,19-11-2024 12:35:00,12.7,12.7,12.6,12.6,2788000.0,250.0,2022.0,2022.0,2021.6,2022.0,887325.0,75.0
NIFTY,26-DEC-2024,26000.0,19-11-2024 12:36:00,12.6,12.75,12.6,12.65,2788000.0,2625.0,2022.0,2022.0,2019.95,2020.0,887325.0,1075.0
NIFTY,26-DEC-2024,26000.0,19-11-2024 12:37:00,12.55,12.8,12.55,12.8,2785950.0,3475.0,2019.95,2027.8,2019.95,2027.8,887500.0,125.0
NIFTY,26-DEC-2024,26000.0,19-11-2024 12:38:00,12.8,12.85,12.75,12.85,2785950.0,0.0,2027.8,2029.1,2027.4,2027.4,887500.0,250.0
NIFTY,26-DEC-2024,26000.0,19-11-2024 12:39:00,12.9,13.0,12.85,13.0,2785950.0,3600.0,2027.4,2028.1,2018.9,2024.4,887500.0,100.0
NIFTY,26-DEC-2024,26000.0,19-11-2024 12:40:00,12.8,12.85,12.8,12.85,2784225.0,0.0,2024.4,2029.9,2022.1,2029.9,887550.0,100.0
NIFTY,26-DEC-2024,26000.0,19-11-2024 12:41:00,12.85,12.9,12.8,12.8,2784225.0,1725.0,2029.9,2029.9,2029.9,2029.9,887550.0,0.0
NIFTY,26-DEC-2024,26000.0,19-11-2024 12:42:00,12.9,12.9,12.9,12.9,2784225.0,275.0,2029.9,2029.9,2026.9,2026.9,887550.0,50.0
NIFTY,26-DEC-2024,26000.0,19-11-2024 12:43:00,12.7,12.8,12.7,12.8,2784650.0,650.0,2026.9,2038.7,2026.9,2038.7,887575.0,100.0
NIFTY,26-DEC-2024,26000.0,19-11-2024 12:44:00,12.65,12.75,12.55,12.55,2784650.0,725.0,2038.7,2045.0,2038.7,2045.0,887575.0,25.0
NIFTY,26-DEC-2024,26000.0,19-11-2024 12:45:00,12.6,12.7,12.55,12.55,2784650.0,975.0,2045.0,2050.0,2045.0,2050.0,887575.0,25.0
NIFTY,26-DEC-2024,26000.0,19-11-2024 12:46:00,12.65,12.65,12.55,12.65,2785000.0,1275.0,2050.45,2054.4,2046.35,2046.35,887575.0,425.0
NIFTY,26-DEC-2024,26000.0,19-11-2024 12:47:00,12.65,12.75,12.65,12.65,2785000.0,0.0,2046.35,2052.55,2045.15,2045.15,887575.0,125.0
NIFTY,26-DEC-2024,26000.0,19-11-2024 12:48:00,12.75,12.85,12.7,12.8,2785000.0,0.0,2045.15,2045.15,2043.65,2043.65,887575.0,25.0
NIFTY,26-DEC-2024,26000.0,19-11-2024 12:49:00,12.8,12.9,12.8,12.9,2782700.0,4700.0,2043.65,2043.65,2043.65,2043.65,887575.0,0.0
NIFTY,26-DEC-2024,26000.0,19-11-2024 12:50:00,,,,,,,2043.65,2043.65,2043.65,2043.65,887575.0,0.0
NIFTY,26-DEC-2024,26000.0,19-11-2024 12:51:00,12.9,12.9,12.9,12.9,2782700.0,1450.0,2043.65,2043.65,2033.3,2033.3,887575.0,0.0
NIFTY,26-DEC-2024,26000.0,19-11-2024 12:52:00,12.9,13.05,12.9,12.95,2782625.0,1350.0,2027.55,2027.55,2027.55,2027.55,887575.0,75.0
NIFTY,26-DEC-2024,26000.0,19-11-2024 12:53:00,13.0,13.0,13.0,13.0,2782625.0,0.0,2027.55,2028.85,2027.55,2028.85,887575.0,25.0
NIFTY,26-DEC-2024,26000.0,19-11-2024 12:54:00,13.0,13.1,13.0,13.0,2782625.0,0.0,2028.85,2030.25,2028.0,2030.25,887550.0,50.0
NIFTY,26-DEC-2024,26000.0,19-11-2024 12:55:00,13.05,13.05,12.9,13.0,2784400.0,0.0,2030.25,2034.15,2030.25,2034.15,887550.0,0.0
NIFTY,26-DEC-2024,26000.0,19-11-2024 12:56:00,13.0,13.1,12.95,13.1,2784400.0,3300.0,2034.15,2034.15,2034.15,2034.15,887550.0,75.0
NIFTY,26-DEC-2024,26000.0,19-11-2024 12:57:00,13.0,13.0,13.0,13.0,2784400.0,2000.0,2034.15,2034.15,2034.15,2034.15,887550.0,0.0
NIFTY,26-DEC-2024,26000.0,19-11-2024 12:58:00,13.1,13.1,13.1,13.1,2784400.0,150.0,2034.15,2034.15,2034.15,2034.15,887550.0,0.0
NIFTY,26-DEC-2024,26000.0,19-11-2024 13:00:00,13.1,13.1,13.1,13.1,2784400.0,0.0,,,,,,
NIFTY,26-DEC-2024,26000.0,19-11-2024 13:01:00,13.0,13.0,13.0,13.0,2786050.0,225.0,2034.15,2034.15,2034.15,2034.15,887550.0,0.0
NIFTY,26-DEC-2024,26000.0,19-11-2024 13:02:00,12.9,13.0,12.9,12.9,2785850.0,675.0,2034.15,2034.15,2034.15,2034.15,887550.0,0.0
NIFTY,26-DEC-2024,26000.0,19-11-2024 13:03:00,12.9,12.9,12.85,12.85,2785850.0,925.0,2034.15,2034.15,2034.15,2034.15,887550.0,0.0
NIFTY,26-DEC-2024,26000.0,19-11-2024 13:04:00,12.85,12.9,12.85,12.9,2785450.0,975.0,2034.15,2034.15,2027.55,2027.55,887550.0,0.0
NIFTY,26-DEC-2024,26000.0,19-11-2024 13:05:00,12.9,12.95,12.9,12.95,2785450.0,250.0,2027.55,2027.55,2020.8,2020.8,887550.0,150.0
NIFTY,26-DEC-2024,26000.0,19-11-2024 13:06:00,13.0,13.0,13.0,13.0,2785450.0,225.0,2020.8,2020.8,2020.8,2020.8,887550.0,0.0
NIFTY,26-DEC-2024,26000.0,19-11-2024 13:07:00,13.0,13.0,12.9,13.0,2785400.0,200.0,2020.8,2021.0,2020.35,2020.65,887525.0,175.0
NIFTY,26-DEC-2024,26000.0,19-11-2024 13:08:00,13.0,13.05,12.9,13.0,2785400.0,850.0,2020.65,2020.65,2015.8,2015.85,887525.0,550.0
NIFTY,26-DEC-2024,26000.0,19-11-2024 13:09:00,12.95,13.0,12.95,13.0,2785400.0,125.0,2015.85,2015.85,2015.85,2015.85,887525.0,0.0
NIFTY,26-DEC-2024,26000.0,19-11-2024 13:10:00,13.0,13.1,13.0,13.05,2785525.0,0.0,2015.85,2019.6,2012.2,2015.95,887575.0,475.0
NIFTY,26-DEC-2024,26000.0,19-11-2024 13:11:00,13.05,13.15,12.95,13.05,2785525.0,2475.0,2011.15,2020.0,2010.95,2020.0,887575.0,725.0
NIFTY,26-DEC-2024,26000.0,19-11-2024 13:12:00,12.95,13.05,12.9,12.95,2785525.0,1500.0,2020.0,2020.0,2012.45,2013.8,887575.0,475.0
NIFTY,26-DEC-2024,26000.0,19-11-2024 13:13:00,13.0,13.05,13.0,13.05,2785750.0,475.0,2013.8,2020.0,2013.8,2020.0,887600.0,50.0
NIFTY,26-DEC-2024,26000.0,19-11-2024 13:14:00,13.0,13.05,13.0,13.05,2785750.0,125.0,2020.0,2020.0,2019.7,2019.7,887600.0,25.0
NIFTY,26-DEC-2024,26000.0,19-11-2024 13:15:00,13.1,13.1,13.0,13.0,2785750.0,0.0,2019.7,2019.7,2009.4,2009.4,887600.0,200.0
NIFTY,26-DEC-2024,26000.0,19-11-2024 13:16:00,13.0,13.1,12.95,12.95,2787400.0,4300.0,2009.4,2017.2,2009.2,2010.0,887625.0,925.0
NIFTY,26-DEC-2024,26000.0,19-11-2024 13:17:00,13.0,13.1,12.95,12.95,2787400.0,750.0,2011.9,2020.05,2009.75,2019.75,887625.0,525.0
NIFTY,26-DEC-2024,26000.0,19-11-2024 13:18:00,13.05,13.05,13.05,13.05,2787400.0,650.0,2019.75,2020.7,2018.95,2020.7,887625.0,200.0
NIFTY,26-DEC-2024,26000.0,19-11-2024 13:19:00,13.05,13.05,12.95,12.95,2787250.0,0.0,2020.7,2020.7,2014.1,2014.1,887700.0,75.0
NIFTY,26-DEC-2024,26000.0,19-11-2024 13:20:00,13.05,13.05,13.0,13.0,2787250.0,750.0,2014.1,2014.1,2014.1,2014.1,887700.0,0.0
NIFTY,26-DEC-2024,26000.0,19-11-2024 13:21:00,13.0,13.0,13.0,13.0,2787250.0,50.0,2014.1,2014.1,2014.1,2014.1,887700.0,0.0
NIFTY,26-DEC-2024,26000.0,19-11-2024 13:22:00,13.0,13.0,12.85,12.9,2788250.0,1050.0,2014.1,2014.1,2014.1,2014.1,887700.0,0.0
NIFTY,26-DEC-2024,26000.0,19-11-2024 13:23:00,12.9,12.9,12.9,12.9,2788250.0,525.0,2014.1,2014.1,2014.1,2014.1,887700.0,0.0
NIFTY,26-DEC-2024,26000.0,19-11-2024 13:24:00,12.9,12.9,12.75,12.75,2788250.0,3225.0,2014.1,2036.05,2014.1,2036.05,887725.0,250.0
NIFTY,26-DEC-2024,26000.0,19-11-2024 13:25:00,12.8,12.85,12.7,12.85,2788250.0,625.0,2036.05,2042.2,2035.9,2038.95,887675.0,275.0
NIFTY,26-DEC-2024,26000.0,19-11-2024 13:26:00,12.8,12.85,12.75,12.85,2788250.0,575.0,2038.95,2039.0,2033.7,2039.0,887675.0,125.0
NIFTY,26-DEC-2024,26000.0,19-11-2024 13:27:00,12.8,12.8,12.65,12.75,2788250.0,1550.0,2039.0,2039.0,2033.55,2035.55,887675.0,175.0
NIFTY,26-DEC-2024,26000.0,19-11-2024 13:28:00,12.65,12.65,12.65,12.65,2788450.0,1850.0,2035.55,2035.55,2035.55,2035.55,887675.0,0.0
NIFTY,26-DEC-2024,26000.0,19-11-2024 13:29:00,12.6,12.65,12.6,12.65,2788450.0,1700.0,2035.55,2035.55,2035.55,2035.55,887675.0,0.0
NIFTY,26-DEC-2024,26000.0,19-11-2024 13:30:00,12.65,12.75,12.6,12.75,2788450.0,0.0,2028.55,2030.0,2025.7,2025.7,887675.0,125.0
NIFTY,26-DEC-2024,26000.0,19-11-2024 13:31:00,12.75,12.8,12.7,12.8,2789425.0,1675.0,2026.2,2026.65,2021.65,2022.8,887825.0,500.0
NIFTY,26-DEC-2024,26000.0,19-11-2024 13:32:00,,,,,,,2022.8,2022.8,2013.3,2013.3,887825.0,75.0
NIFTY,26-DEC-2024,26000.0,19-11-2024 13:33:00,12.75,12.85,12.75,12.85,2789425.0,175.0,2013.3,2013.3,2012.4,2012.4,887825.0,25.0
NIFTY,26-DEC-2024,26000.0,19-11-2024 13:34:00,12.85,12.85,12.8,12.8,2790250.0,325.0,,,,,,
NIFTY,26-DEC-2024,26000.0,19-11-2024 13:35:00,12.8,12.8,12.8,12.8,2790250.0,650.0,2012.4,2012.4,2012.4,2012.4,887825.0,0.0
NIFTY,26-DEC-2024,26000.0,19-11-2024 13:36:00,12.8,12.9,12.8,12.9,2790250.0,0.0,2012.4,2012.65,2012.4,2012.65,887825.0,100.0
NIFTY,26-DEC-2024,26000.0,19-11-2024 13:37:00,12.9,12.9,12.9,12.9,2790250.0,625.0,2012.65,2012.65,2012.65,2012.65,887825.0,0.0
NIFTY,26-DEC-2024,26000.0,19-11-2024 13:38:00,12.85,12.9,12.85,12.9,2789825.0,25.0,2012.65,2012.65,2012.65,2012.65,887825.0,0.0
NIFTY,26-DEC-2024,26000.0,19-11-2024 13:39:00,12.9,12.9,12.85,12.85,2789825.0,150.0,2012.65,2012.85,2012.65,2012.85,887825.0,25.0
NIFTY,26-DEC-2024,26000.0,19-11-2024 13:40:00,12.85,13.0,12.85,12.9,2789675.0,50.0,2012.85,2014.05,2010.1,2010.1,887825.0,50.0
NIFTY,26-DEC-2024,26000.0,19-11-2024 13:41:00,12.9,13.05,12.9,13.05,2789675.0,350.0,2010.1,2024.55,2010.1,2024.55,887850.0,150.0
NIFTY,26-DEC-2024,26000.0,19-11-2024 13:42:00,13.05,13.1,13.05,13.1,2789675.0,375.0,2024.55,2024.55,2024.55,2024.55,887850.0,0.0
NIFTY,26-DEC-2024,26000.0,19-11-2024 13:43:00,13.1,13.1,13.1,13.1,2789675.0,675.0,2024.55,2024.55,2024.55,2024.55,887850.0,0.0
NIFTY,26-DEC-2024,26000.0,19-11-2024 13:44:00,13.1,13.1,13.05,13.05,2789675.0,0.0,2024.55,2024.55,2020.65,2020.65,887850.0,25.0
NIFTY,26-DEC-2024,26000.0,19-11-2024 13:45:00,12.95,13.0,12.9,12.95,2789675.0,2350.0,2020.65,2020.65,2020.0,2020.0,887850.0,25.0
NIFTY,26-DEC-2024,26000.0,19-11-2024 13:46:00,13.05,13.1,12.95,13.05,2791525.0,2650.0,2020.0,2020.0,2018.0,2018.45,887750.0,50.0
NIFTY,26-DEC-2024,26000.0,19-11-2024 13:47:00,13.05,13.1,13.0,13.1,2791525.0,375.0,2018.45,2018.45,2016.2,2018.0,887750.0,50.0
NIFTY,26-DEC-2024,26000.0,19-11-2024 13:48:00,13.0,13.1,13.0,13.1,2791525.0,800.0,2018.0,2018.0,2015.05,2015.05,887750.0,50.0
NIFTY,26-DEC-2024,26000.0,19-11-2024 13:49:00,13.05,13.05,13.05,13.05,2791450.0,700.0,2015.05,2023.5,2015.05,2020.15,887875.0,325.0
NIFTY,26-DEC-2024,26000.0,19-11-2024 13:50:00,13.05,13.05,12.9,12.9,2791450.0,0.0,2020.15,2021.2,2019.6,2021.2,887875.0,275.0
NIFTY,26-DEC-2024,26000.0,19-11-2024 13:51:00,12.9,12.9,12.9,12.9,2791450.0,1000.0,2021.2,2021.2,2018.45,2018.45,887875.0,25.0
NIFTY,26-DEC-2024,26000.0,19-11-2024 13:52:00,13.0,13.0,13.0,13.0,2791450.0,50.0,2018.45,2019.1,2018.45,2019.1,887875.0,25.0
NIFTY,26-DEC-2024,26000.0,19-11-2024 13:53:00,13.05,13.05,13.0,13.05,2791250.0,0.0,2019.1,2019.1,2018.1,2018.1,887950.0,50.0
NIFTY,26-DEC-2024,26000.0,19-11-2024 13:54:00,12.9,13.1,12.9,13.0,2791250.0,2350.0,2018.1,2018.1,2018.1,2018.1,887950.0,0.0
NIFTY,26-DEC-2024,26000.0,19-11-2024 13:55:00,13.1,13.15,13.0,13.15,2793400.0,2075.0,2018.1,2018.1,2018.1,2018.1,887950.0,0.0
NIFTY,26-DEC-2024,26000.0,19-11-2024 13:56:00,13.0,13.1,13.0,13.1,2793400.0,50.0,2018.1,2018.1,2018.1,2018.1,887950.0,0.0
NIFTY,26-DEC-2024,26000.0,19-11-2024 13:57:00,13.1,13.1,12.95,12.95,2793400.0,325.0,2018.1,2018.1,2014.7,2015.3,887900.0,50.0
NIFTY,26-DEC-2024,26000.0,19-11-2024 13:58:00,12.95,13.1,12.95,13.1,2793550.0,1525.0,2015.3,2015.3,2011.0,2011.0,887900.0,25.0
NIFTY,26-DEC-2024,26000.0,19-11-2024 13:59:00,13.1,13.1,13.0,13.1,2793550.0,175.0,2011.0,2015.3,2011.0,2015.3,887900.0,75.0
NIFTY,26-DEC-2024,26000.0,19-11-2024 14:00:00,13.0,13.0,12.9,13.0,2793550.0,3200.0,2015.3,2015.3,2015.3,2015.3,887900.0,0.0
NIFTY,26-DEC-2024,26000.0,19-11-2024 14:01:00,13.0,13.05,13.0,13.05,2792375.0,775.0,2015.3,2024.0,2015.3,2024.0,887975.0,50.0
NIFTY,26-DEC-2024,26000.0,19-11-2024 14:02:00,13.0,13.0,12.95,12.95,2792375.0,650.0,2024.0,2024.0,2024.0,2024.0,887975.0,0.0
NIFTY,26-DEC-2024,26000.0,19-11-2024 14:03:00,12.85,12.85,12.85,12.85,2792375.0,475.0,2024.0,2024.0,2024.0,2024.0,887975.0,0.0
NIFTY,26-DEC-2024,26000.0,19-11-2024 14:04:00,12.9,12.9,12.8,12.8,2791700.0,725.0,2024.0,2024.0,2024.0,2024.0,887975.0,0.0
NIFTY,26-DEC-2024,26000.0,19-11-2024 14:05:00,12.75,12.85,12.7,12.85,2791700.0,975.0,2024.0,2049.85,2024.0,2045.65,887975.0,50.0
NIFTY,26-DEC-2024,26000.0,19-11-2024 14:06:00,12.7,12.7,12.7,12.7,2791700.0,625.0,2043.5,2043.5,2043.5,2043.5,887975.0,100.0
NIFTY,26-DEC-2024,26000.0,19-11-2024 14:07:00,12.7,12.7,12.7,12.7,2791350.0,600.0,2055.0,2055.0,2055.0,2055.0,887975.0,25.0
NIFTY,26-DEC-2024,26000.0,19-11-2024 14:08:00,12.6,13.5,12.6,13.4,2791350.0,0.0,2050.95,2050.95,2050.95,2050.95,887975.0,0.0
NIFTY,26-DEC-2024,26000.0,19-11-2024 14:09:00,13.4,13.4,13.2,13.2,2791350.0,12225.0,,,,,,
NIFTY,26-DEC-2024,26000.0,19-11-2024 14:10:00,13.2,13.2,12.85,12.85,2792375.0,250.0,2050.95,2050.95,2050.95,2050.95,887975.0,50.0
NIFTY,26-DEC-2024,26000.0,19-11-2024 14:11:00,12.8,12.8,12.6,12.6,2792375.0,0.0,2068.8,2080.05,2068.4,2080.05,887925.0,300.0
NIFTY,26-DEC-2024,26000.0,19-11-2024 14:12:00,12.5,12.8,12.5,12.7,2792375.0,6400.0,2082.35,2087.55,2072.95,2072.95,887925.0,325.0
NIFTY,26-DEC-2024,26000.0,19-11-2024 14:13:00,12.7,12.75,12.7,12.75,2789775.0,0.0,2072.95,2078.85,2072.95,2078.85,887925.0,25.0
NIFTY,26-DEC-2024,26000.0,19-11-2024 14:14:00,12.85,12.85,12.85,12.85,2789775.0,0.0,2078.85,2078.85,2078.85,2078.85,887925.0,0.0
NIFTY,26-DEC-2024,26000.0,19-11-2024 14:15:00,12.8,12.8,12.7,12.8,2789775.0,3800.0,2078.7,2078.7,2072.0,2072.0,887925.0,100.0
NIFTY,26-DEC-2024,26000.0,19-11-2024 14:16:00,12.75,12.75,12.5,12.6,2790250.0,0.0,2072.0,2075.3,2070.1,2075.3,887900.0,100.0
NIFTY,26-DEC-2024,26000.0,19-11-2024 14:17:00,12.6,12.7,12.5,12.5,2790250.0,3650.0,2075.3,2081.15,2075.3,2076.4,887900.0,75.0
NIFTY,26-DEC-2024,26000.0,19-11-2024 14:18:00,12.45,12.7,12.45,12.6,2790250.0,13075.0,2076.4,2076.4,2058.0,2058.0,887900.0,150.0
NIFTY,26-DEC-2024,26000.0,19-11-2024 14:19:00,12.7,12.7,12.65,12.65,2791950.0,4975.0,2058.0,2058.0,2058.0,2058.0,887900.0,0.0
NIFTY,26-DEC-2024,26000.0,19-11-2024 14:20:00,12.65,12.7,12.55,12.7,2791950.0,0.0,2058.0,2068.2,2055.0,2068.2,887950.0,50.0
NIFTY,26-DEC-2024,26000.0,19-11-2024 14:21:00,12.65,12.65,12.65,12.65,2791950.0,4375.0,2068.2,2076.0,2068.2,2076.0,887950.0,100.0
NIFTY,26-DEC-2024,26000.0,19-11-2024 14:22:00,12.6,12.6,12.6,12.6,2791950.0,0.0,2076.0,2076.0,2076.0,2076.0,887950.0,0.0
NIFTY,26-DEC-2024,26000.0,19-11-2024 14:23:00,12.5,12.5,12.45,12.5,2792100.0,0.0,2076.0,2079.95,2075.0,2075.0,887900.0,100.0
NIFTY,26-DEC-2024,26000.0,19-11-2024 14:24:00,12.5,12.6,12.5,12.5,2792100.0,3525.0,2075.0,2075.0,2075.0,2075.0,887900.0,150.0
NIFTY,26-DEC-2024,26000.0,19-11-2024 14:25:00,12.5,12.65,12.5,12.65,2791025.0,0.0,2075.0,2079.8,2075.0,2079.8,887875.0,175.0
NIFTY,26-DEC-2024,26000.0,19-11-2024 14:26:00,12.55,12.65,12.5,12.65,2791025.0,0.0,2079.8,2087.55,2079.8,2087.55,887875.0,75.0
NIFTY,26-DEC-2024,26000.0,19-11-2024 14:27:00,12.7,12.7,12.6,12.6,2791025.0,0.0,2087.55,2089.0,2084.65,2089.0,887875.0,150.0
NIFTY,26-DEC-2024,26000.0,19-11-2024 14:28:00,12.6,12.75,12.6,12.75,2791375.0,0.0,2095.15,2103.55,2095.15,2103.55,887875.0,100.0
NIFTY,26-DEC-2024,26000.0,19-11-2024 14:29:00,12.75,12.85,12.7,12.85,2791375.0,0.0,2103.55,2103.55,2102.1,2102.1,887975.0,25.0
NIFTY,26-DEC-2024,26000.0,19-11-2024 14:30:00,12.9,13.0,12.75,13.0,2791375.0,0.0,2102.1,2102.1,2102.1,2102.1,887975.0,0.0
NIFTY,26-DEC-2024,26000.0,19-11-2024 14:31:00,13.0,13.05,13.0,13.05,2790025.0,0.0,2102.1,2102.1,2102.1,2102.1,887975.0,0.0
NIFTY,26-DEC-2024,26000.0,19-11-2024 14:32:00,13.0,13.1,13.0,13.1,2790025.0,0.0,2102.1,2102.1,2085.85,2085.85,887975.0,0.0
NIFTY,26-DEC-2024,26000.0,19-11-2024 14:33:00,13.0,13.2,12.9,13.1,2790025.0,0.0,2090.2,2108.8,2090.2,2094.6,887975.0,1775.0
NIFTY,26-DEC-2024,26000.0,19-11-2024 14:34:00,13.1,13.35,13.1,13.2,2788700.0,22925.0,2094.6,2104.35,2094.6,2103.5,888500.0,1000.0
NIFTY,26-DEC-2024,26000.0,19-11-2024 14:35:00,13.2,13.3,13.1,13.3,2788700.0,0.0,2102.25,2103.6,2098.7,2100.3,888500.0,2025.0
NIFTY,26-DEC-2024,26000.0,19-11-2024 14:36:00,13.1,13.3,13.1,13.15,2788700.0,8475.0,2102.85,2103.75,2100.15,2100.15,888500.0,350.0
NIFTY,26-DEC-2024,26000.0,19-11-2024 14:37:00,13.3,13.3,13.05,13.1,2789050.0,500.0,2100.15,2104.8,2099.0,2104.8,888500.0,125.0
NIFTY,26-DEC-2024,26000.0,19-11-2024 14:38:00,13.2,13.2,13.0,13.0,2789050.0,1050.0,2104.8,2104.8,2095.0,2095.0,890700.0,150.0
NIFTY,26-DEC-2024,26000.0,19-11-2024 14:39:00,13.1,13.1,13.1,13.1,2789050.0,0.0,2095.0,2095.0,2095.0,2095.0,890700.0,75.0
NIFTY,26-DEC-2024,26000.0,19-11-2024 14:40:00,13.05,13.05,12.85,12.85,2789050.0,775.0,2095.0,2095.0,2090.6,2092.6,890600.0,125.0
NIFTY,26-DEC-2024,26000.0,19-11-2024 14:41:00,12.85,12.95,12.85,12.95,2789050.0,0.0,2092.6,2092.6,2092.1,2092.1,890600.0,50.0
NIFTY,26-DEC-2024,26000.0,19-11-2024 14:42:00,12.9,12.9,12.85,12.85,2789050.0,2000.0,2092.1,2106.0,2092.1,2106.0,890600.0,25.0
NIFTY,26-DEC-2024,26000.0,19-11-2024 14:43:00,13.05,13.05,13.05,13.05,2789050.0,775.0,2106.0,2106.45,2106.0,2106.0,890700.0,50.0
NIFTY,26-DEC-2024,26000.0,19-11-2024 14:44:00,12.95,13.05,12.95,13.05,2787875.0,800.0,2106.0,2106.0,2100.0,2100.05,890700.0,700.0
NIFTY,26-DEC-2024,26000.0,19-11-2024 14:45:00,13.05,13.1,12.95,13.05,2787875.0,875.0,2100.05,2104.3,2084.75,2084.75,890700.0,275.0
NIFTY,26-DEC-2024,26000.0,19-11-2024 14:46:00,12.95,12.95,12.8,12.85,2786925.0,1700.0,2084.75,2089.15,2084.7,2089.15,890700.0,150.0
NIFTY,26-DEC-2024,26000.0,19-11-2024 14:47:00,12.85,12.9,12.75,12.75,2786925.0,525.0,2093.15,2093.15,2093.0,2093.0,890375.0,100.0
NIFTY,26-DEC-2024,26000.0,19-11-2024 14:48:00,12.85,12.85,12.7,12.8,2786925.0,1375.0,2102.9,2106.0,2102.9,2106.0,890375.0,125.0
NIFTY,26-DEC-2024,26000.0,19-11-2024 14:49:00,12.8,12.8,12.5,12.6,2787575.0,4525.0,2106.0,2106.0,2104.9,2104.9,890350.0,300.0
NIFTY,26-DEC-2024,26000.0,19-11-2024 14:50:00,12.5,12.5,12.2,12.2,2787575.0,1400.0,2104.2,2113.7,2104.2,2113.7,890350.0,100.0
NIFTY,26-DEC-2024,26000.0,19-11-2024 14:51:00,12.2,12.2,12.05,12.05,2787575.0,0.0,2122.85,2143.1,2122.85,2143.1,890350.0,0.0
NIFTY,26-DEC-2024,26000.0,19-11-2024 14:52:00,12.05,12.2,12.0,12.15,2788275.0,3650.0,2150.0,2151.0,2150.0,2150.0,890250.0,225.0
NIFTY,26-DEC-2024,26000.0,19-11-2024 14:53:00,12.05,12.1,12.0,12.0,2788275.0,2025.0,2150.0,2150.0,2150.0,2150.0,890250.0,0.0
NIFTY,26-DEC-2024,26000.0,19-11-2024 14:54:00,12.0,12.05,12.0,12.0,2788275.0,3150.0,2150.0,2150.0,2150.0,2150.0,890250.0,0.0
NIFTY,26-DEC-2024,26000.0,19-11-2024 14:55:00,12.0,12.1,11.85,12.1,2789275.0,0.0,,,,,,
NIFTY,26-DEC-2024,26000.0,19-11-2024 14:56:00,12.0,12.15,11.95,11.95,2789275.0,4575.0,2179.9,2187.9,2179.9,2187.9,890225.0,25.0
NIFTY,26-DEC-2024,26000.0,19-11-2024 14:57:00,12.0,12.2,11.9,12.1,2789275.0,0.0,2181.85,2200.0,2177.7,2200.0,890225.0,525.0
NIFTY,26-DEC-2024,26000.0,19-11-2024 14:58:00,12.25,12.35,12.2,12.35,2789275.0,17000.0,2200.0,2212.2,2200.0,2207.05,890225.0,75.0
NIFTY,26-DEC-2024,26000.0,19-11-2024 14:59:00,12.35,12.45,12.1,12.45,2788800.0,0.0,2207.05,2225.8,2207.05,2225.8,890000.0,0.0
NIFTY,26-DEC-2024,26000.0,19-11-2024 15:00:00,12.2,12.4,12.1,12.3,2788800.0,10425.0,2246.85,2257.4,2246.5,2246.5,890000.0,475.0
NIFTY,26-DEC-2024,26000.0,19-11-2024 15:01:00,12.35,12.35,12.1,12.1,2786125.0,2725.0,2244.9,2250.8,2244.9,2250.8,889550.0,625.0
NIFTY,26-DEC-2024,26000.0,19-11-2024 15:02:00,12.1,12.2,11.75,11.75,2786125.0,2150.0,2250.8,2270.0,2250.8,2270.0,889550.0,50.0
NIFTY,26-DEC-2024,26000.0,19-11-2024 15:03:00,11.9,12.15,11.6,11.7,2786125.0,0.0,2300.0,2300.0,2299.15,2299.15,889550.0,0.0
NIFTY,26-DEC-2024,26000.0,19-11-2024 15:04:00,11.7,11.7,11.25,11.5,2784175.0,10775.0,2299.15,2299.15,2261.05,2263.0,889425.0,475.0
NIFTY,26-DEC-2024,26000.0,19-11-2024 15:05:00,11.35,11.7,11.3,11.7,2784175.0,7200.0,2270.0,2282.3,2270.0,2282.3,889425.0,175.0
NIFTY,26-DEC-2024,26000.0,19-11-2024 15:06:00,11.75,11.75,11.6,11.75,2784175.0,1250.0,2282.3,2282.3,2282.3,2282.3,889425.0,0.0
NIFTY,26-DEC-2024,26000.0,19-11-2024 15:07:00,11.75,11.75,11.35,11.5,2783675.0,2700.0,2282.3,2282.3,2282.3,2282.3,889425.0,0.0
NIFTY,26-DEC-2024,26000.0,19-11-2024 15:08:00,11.35,11.5,11.35,11.5,2783675.0,0.0,2271.25,2271.25,2263.15,2263.15,889450.0,0.0
NIFTY,26-DEC-2024,26000.0,19-11-2024 15:09:00,11.65,11.95,11.65,11.95,2783675.0,0.0,,,,,,
NIFTY,26-DEC-2024,26000.0,19-11-2024 15:10:00,11.9,12.0,11.8,11.8,2783700.0,44525.0,2287.1,2299.15,2287.1,2299.15,889300.0,450.0
NIFTY,26-DEC-2024,26000.0,19-11-2024 15:11:00,11.85,11.85,11.6,11.6,2783700.0,11675.0,2299.15,2306.0,2299.15,2306.0,889300.0,0.0
NIFTY,26-DEC-2024,26000.0,19-11-2024 15:12:00,11.6,11.6,11.5,11.5,2783700.0,3750.0,2308.65,2308.65,2305.95,2305.95,889300.0,575.0
NIFTY,26-DEC-2024,26000.0,19-11-2024 15:13:00,11.5,11.7,11.45,11.45,2783400.0,23000.0,2327.15,2333.0,2327.15,2329.5,889550.0,350.0
NIFTY,26-DEC-2024,26000.0,19-11-2024 15:14:00,11.4,11.7,11.3,11.55,2783400.0,0.0,2331.55,2333.2,2329.0,2329.0,889550.0,0.0
NIFTY,26-DEC-2024,26000.0,19-11-2024 15:15:00,11.7,11.7,11.5,11.6,2783400.0,31875.0,2329.0,2342.85,2329.0,2342.85,889550.0,425.0
NIFTY,26-DEC-2024,26000.0,19-11-2024 15:16:00,11.65,11.75,11.6,11.75,2779150.0,12750.0,2342.85,2342.85,2327.4,2327.4,889550.0,200.0
NIFTY,26-DEC-2024,26000.0,19-11-2024 15:17:00,11.85,11.85,11.35,11.4,2779150.0,52425.0,2313.8,2313.8,2313.8,2313.8,889550.0,50.0
NIFTY,26-DEC-2024,26000.0,19-11-2024 15:18:00,11.45,12.25,11.45,12.25,2779150.0,58200.0,2317.4,2327.1,2317.4,2327.1,889600.0,50.0
NIFTY,26-DEC-2024,26000.0,19-11-2024 15:19:00,12.25,13.15,12.25,13.1,2776650.0,32000.0,2322.75,2322.75,2312.25,2315.8,889600.0,325.0
NIFTY,26-DEC-2024,26000.0,19-11-2024 15:20:00,13.1,13.5,13.1,13.4,2776650.0,0.0,2315.8,2318.05,2315.8,2317.25,889600.0,175.0
NIFTY,26-DEC-2024,26000.0,19-11-2024 15:21:00,13.45,13.55,13.35,13.4,2776650.0,0.0,2317.25,2317.4,2310.0,2310.0,889600.0,0.0
NIFTY,26-DEC-2024,26000.0,19-11-2024 15:22:00,13.4,13.9,13.3,13.8,2773700.0,0.0,2310.0,2315.0,2310.0,2315.0,889925.0,500.0
NIFTY,26-DEC-2024,26000.0,19-11-2024 15:23:00,13.85,14.35,13.7,14.25,2773700.0,123225.0,2315.0,2315.15,2310.0,2315.15,889925.0,450.0
NIFTY,26-DEC-2024,26000.0,19-11-2024 15:24:00,14.3,14.3,13.8,13.85,2773700.0,25575.0,2315.15,2324.25,2315.0,2322.35,889925.0,225.0
NIFTY,26-DEC-2024,26000.0,19-11-2024 15:25:00,13.75,13.9,13.65,13.7,2773050.0,14025.0,2322.35,2322.35,2317.05,2322.0,889925.0,275.0
NIFTY,26-DEC-2024,26000.0,19-11-2024 15:26:00,13.7,13.8,13.65,13.8,2773050.0,16675.0,2321.4,2328.0,2321.4,2328.0,890550.0,275.0
NIFTY,26-DEC-2024,26000.0,19-11-2024 15:27:00,13.8,14.1,13.8,14.1,2773050.0,25700.0,2328.0,2328.0,2323.75,2323.75,890550.0,175.0
NIFTY,26-DEC-2024,26000.0,19-11-2024 15:28:00,14.25,14.25,14.2,14.2,2772025.0,0.0,2325.0,2331.95,2325.0,2331.95,890550.0,375.0
NIFTY,26-DEC-2024,26000.0,19-11-2024 15:29:00,14.25,14.65,14.1,14.2,2772025.0,49575.0,2331.95,2341.75,2331.95,2341.1,890725.0,225.0
NIFTY,26-DEC-2024,26000.0,21-11-2024 09:15:00,14.0,14.65,13.0,13.45,2771325.0,9350.0,2341.1,2462.7,2341.1,2462.7,890650.0,100.0
NIFTY,26-DEC-2024,26000.0,21-11-2024 09:16:00,13.45,14.55,13.45,13.65,2769625.0,5150.0,2462.7,2462.7,2437.95,2437.95,890725.0,350.0
NIFTY,26-DEC-2024,26000.0,21-11-2024 09:17:00,13.5,14.3,13.25,13.75,2769625.0,16750.0,2437.95,2460.0,2437.95,2460.0,890725.0,50.0
NIFTY,26-DEC-2024,26000.0,21-11-2024 09:18:00,13.85,13.85,13.3,13.3,2764025.0,9850.0,2460.0,2460.0,2455.0,2457.8,890725.0,225.0
NIFTY,26-DEC-2024,26000.0,21-11-2024 09:19:00,13.3,13.45,13.25,13.3,2764025.0,3400.0,2457.8,2457.8,2425.0,2449.8,891275.0,325.0
NIFTY,26-DEC-2024,26000.0,21-11-2024 09:20:00,13.25,13.5,13.0,13.0,2764025.0,0.0,2446.7,2460.0,2446.7,2450.0,891275.0,300.0
NIFTY,26-DEC-2024,26000.0,21-11-2024 09:21:00,13.0,13.2,12.7,12.7,2766200.0,26100.0,,,,,,
NIFTY,26-DEC-2024,26000.0,21-11-2024 09:22:00,12.75,12.8,12.5,12.65,2766200.0,25900.0,2450.0,2450.0,2450.0,2450.0,891275.0,100.0
NIFTY,26-DEC-2024,26000.0,21-11-2024 09:23:00,12.55,12.95,12.2,12.2,2766200.0,0.0,,,,,,
NIFTY,26-DEC-2024,26000.0,21-11-2024 09:24:00,12.25,12.25,11.65,11.75,2766650.0,17250.0,2450.0,2450.0,2450.0,2450.0,891500.0,0.0
NIFTY,26-DEC-2024,26000.0,21-11-2024 09:25:00,11.75,11.8,11.65,11.7,2766650.0,18950.0,2450.0,2450.0,2450.0,2450.0,891500.0,75.0
NIFTY,26-DEC-2024,26000.0,21-11-2024 09:26:00,11.6,11.7,11.5,11.55,2766650.0,0.0,2455.0,2455.0,2445.6,2445.6,891500.0,0.0
NIFTY,26-DEC-2024,26000.0,21-11-2024 09:27:00,11.5,11.6,11.45,11.5,2774125.0,29600.0,2445.6,2445.6,2440.3,2440.3,891525.0,100.0
NIFTY,26-DEC-2024,26000.0,21-11-2024 09:28:00,11.55,11.65,11.4,11.55,2774125.0,5900.0,2440.3,2440.3,2440.3,2440.3,891525.0,100.0
NIFTY,26-DEC-2024,26000.0,21-11-2024 09:29:00,11.55,11.55,11.45,11.45,2774125.0,0.0,2440.3,2440.3,2440.3,2440.3,891525.0,0.0
NIFTY,26-DEC-2024,26000.0,21-11-2024 09:30:00,11.5,11.5,11.0,11.0,2776575.0,0.0,2432.75,2432.75,2432.75,2432.75,891525.0,0.0
NIFTY,26-DEC-2024,26000.0,21-11-2024 09:31:00,11.05,11.05,10.7,10.7,2776575.0,0.0,2428.75,2440.0,2428.75,2440.0,893400.0,4375.0
NIFTY,26-DEC-2024,26000.0,21-11-2024 09:32:00,10.65,10.65,10.4,10.4,2776575.0,0.0,,,,,,
NIFTY,26-DEC-2024,26000.0,21-11-2024 09:33:00,10.5,10.6,10.15,10.4,2779700.0,0.0,,,,,,
NIFTY,26-DEC-2024,26000.0,21-11-2024 09:34:00,10.25,10.4,9.9,10.0,2779700.0,118075.0,2500.0,2500.0,2500.0,2500.0,894950.0,550.0
NIFTY,26-DEC-2024,26000.0,21-11-2024 09:35:00,10.0,10.2,9.5,9.5,2779700.0,0.0,2502.25,2502.25,2502.25,2502.25,894950.0,0.0
NIFTY,26-DEC-2024,26000.0,21-11-2024 09:36:00,9.5,9.5,9.2,9.5,2777800.0,0.0,2494.0,2494.0,2494.0,2494.0,894950.0,0.0
NIFTY,26-DEC-2024,26000.0,21-11-2024 09:37:00,9.45,9.5,9.3,9.5,2777800.0,0.0,2498.75,2505.55,2498.75,2505.55,889000.0,0.0
NIFTY,26-DEC-2024,26000.0,21-11-2024 09:38:00,9.5,9.9,9.5,9.8,2777800.0,0.0,2505.55,2505.55,2505.55,2505.55,889000.0,6875.0
NIFTY,26-DEC-2024,26000.0,21-11-2024 09:39:00,9.65,10.05,9.65,10.0,2786350.0,0.0,,,,,,
NIFTY,26-DEC-2024,26000.0,21-11-2024 09:40:00,10.0,10.15,10.0,10.0,2786350.0,0.0,2525.0,2525.0,2525.0,2525.0,889775.0,0.0
NIFTY,26-DEC-2024,26000.0,21-11-2024 09:41:00,10.1,10.15,10.0,10.05,2786350.0,0.0,2535.0,2535.0,2526.25,2526.25,889775.0,0.0
NIFTY,26-DEC-2024,26000.0,21-11-2024 09:42:00,10.1,10.25,10.05,10.1,2777125.0,147300.0,2500.0,2508.9,2500.0,2508.0,889775.0,3425.0
NIFTY,26-DEC-2024,26000.0,21-11-2024 09:43:00,10.2,10.25,10.1,10.25,2777125.0,0.0,2508.0,2508.0,2500.0,2500.0,889925.0,0.0
NIFTY,26-DEC-2024,26000.0,21-11-2024 09:44:00,10.2,10.4,10.15,10.3,2777125.0,0.0,,,,,,
NIFTY,26-DEC-2024,26000.0,21-11-2024 09:45:00,10.3,10.55,10.3,10.4,2777125.0,9025.0,2500.0,2500.0,2500.0,2500.0,889925.0,75.0
NIFTY,26-DEC-2024,26000.0,21-11-2024 09:46:00,10.5,10.5,10.4,10.5,2778300.0,5100.0,2480.0,2480.0,2480.0,2480.0,889925.0,775.0
NIFTY,26-DEC-2024,26000.0,21-11-2024 09:47:00,10.55,10.55,10.4,10.45,2778300.0,0.0,,,,,,
NIFTY,26-DEC-2024,26000.0,21-11-2024 09:48:00,10.55,10.55,10.4,10.55,2778300.0,2050.0,,,,,,
NIFTY,26-DEC-2024,26000.0,21-11-2024 09:49:00,10.5,10.55,10.5,10.5,2778675.0,0.0,2482.85,2482.85,2482.85,2482.85,889925.0,25.0
NIFTY,26-DEC-2024,26000.0,21-11-2024 09:50:00,10.55,10.55,10.25,10.25,2778675.0,0.0,2510.0,2510.0,2510.0,2510.0,890700.0,0.0
NIFTY,26-DEC-2024,26000.0,21-11-2024 09:51:00,10.4,10.55,10.35,10.55,2776675.0,15300.0,,,,,,
NIFTY,26-DEC-2024,26000.0,21-11-2024 09:52:00,10.55,10.55,10.4,10.4,2776675.0,0.0,,,,,,
NIFTY,26-DEC-2024,26000.0,21-11-2024 09:53:00,10.55,10.6,10.5,10.5,2776675.0,5000.0,2510.0,2510.0,2510.0,2510.0,890700.0,50.0
NIFTY,26-DEC-2024,26000.0,21-11-2024 09:54:00,10.5,10.6,10.5,10.6,2776675.0,1450.0,2496.55,2496.55,2496.55,2496.55,890700.0,50.0
NIFTY,26-DEC-2024,26000.0,21-11-2024 09:55:00,10.45,10.8,10.45,10.8,2776625.0,0.0,,,,,,
NIFTY,26-DEC-2024,26000.0,21-11-2024 09:56:00,11.05,11.05,10.9,10.95,2776625.0,0.0,2496.55,2496.55,2482.2,2482.2,890800.0,0.0
NIFTY,26-DEC-2024,26000.0,21-11-2024 09:57:00,10.85,10.9,10.8,10.8,2775425.0,0.0,2489.8,2489.8,2489.8,2489.8,890800.0,0.0
NIFTY,26-DEC-2024,26000.0,21-11-2024 09:58:00,10.85,11.0,10.8,10.95,2775425.0,33675.0,2489.8,2489.8,2489.8,2489.8,890800.0,250.0
NIFTY,26-DEC-2024,26000.0,21-11-2024 09:59:00,11.0,11.1,10.9,11.05,2775425.0,0.0,2489.8,2489.8,2489.8,2489.8,890800.0,0.0
NIFTY,26-DEC-2024,26000.0,21-11-2024 10:00:00,11.1,11.1,11.0,11.0,2770275.0,17700.0,2489.8,2510.0,2489.8,2510.0,890600.0,0.0
NIFTY,26-DEC-2024,26000.0,21-11-2024 10:01:00,11.0,11.4,11.0,11.35,2770275.0,0.0,2523.0,2530.0,2523.0,2523.0,892500.0,3550.0
NIFTY,26-DEC-2024,26000.0,21-11-2024 10:02:00,11.3,11.45,11.3,11.3,2770275.0,0.0,2510.0,2510.0,2510.0,2510.0,892500.0,0.0
NIFTY,26-DEC-2024,26000.0,21-11-2024 10:03:00,11.4,11.4,11.25,11.25,2770275.0,0.0,2475.05,2475.05,2475.05,2475.05,892500.0,0.0
NIFTY,26-DEC-2024,26000.0,21-11-2024 10:04:00,11.3,11.4,11.15,11.4,2769975.0,22400.0,2475.05,2485.0,2475.05,2485.0,888425.0,3175.0
NIFTY,26-DEC-2024,26000.0,21-11-2024 10:05:00,11.35,11.5,11.25,11.4,2769975.0,0.0,2485.0,2485.0,2467.65,2467.65,888425.0,800.0
NIFTY,26-DEC-2024,26000.0,21-11-2024 10:06:00,11.35,11.45,11.25,11.25,2769975.0,0.0,2467.65,2467.65,2449.85,2449.85,888425.0,2250.0
NIFTY,26-DEC-2024,26000.0,21-11-2024 10:07:00,11.3,11.5,11.3,11.4,2762950.0,0.0,2467.8,2467.8,2467.75,2467.75,885825.0,0.0
NIFTY,26-DEC-2024,26000.0,21-11-2024 10:08:00,11.4,11.55,11.35,11.4,2762950.0,0.0,2468.9,2468.9,2468.6,2468.6,885825.0,0.0
NIFTY,26-DEC-2024,26000.0,21-11-2024 10:09:00,11.4,11.45,11.0,11.1,2762950.0,25900.0,2468.6,2495.0,2468.6,2495.0,885950.0,375.0
NIFTY,26-DEC-2024,26000.0,21-11-2024 10:10:00,11.0,11.3,11.0,11.25,2763500.0,14775.0,2495.0,2495.0,2495.0,2495.0,885950.0,150.0
NIFTY,26-DEC-2024,26000.0,21-11-2024 10:11:00,11.15,11.15,10.95,10.95,2763500.0,0.0,,,,,,
NIFTY,26-DEC-2024,26000.0,21-11-2024 10:12:00,11.25,11.4,11.05,11.4,2761625.0,6675.0,2495.0,2495.0,2469.0,2469.0,885975.0,0.0
NIFTY,26-DEC-2024,26000.0,21-11-2024 10:13:00,11.4,11.5,11.3,11.3,2761625.0,0.0,,,,,,
NIFTY,26-DEC-2024,26000.0,21-11-2024 10:14:00,11.25,11.25,11.25,11.25,2761625.0,8600.0,2469.0,2480.0,2469.0,2480.0,885975.0,75.0
NIFTY,26-DEC-2024,26000.0,21-11-2024 10:15:00,11.25,11.3,11.2,11.2,2761625.0,0.0,2481.6,2495.45,2481.6,2495.45,885975.0,275.0
NIFTY,26-DEC-2024,26000.0,21-11-2024 10:16:00,11.15,11.15,10.95,11.1,2760500.0,0.0,2480.0,2488.7,2480.0,2488.7,885775.0,0.0
NIFTY,26-DEC-2024,26000.0,21-11-2024 10:17:00,11.1,11.1,11.05,11.1,2760500.0,19750.0,2488.7,2489.0,2488.7,2489.0,885775.0,625.0
NIFTY,26-DEC-2024,26000.0,21-11-2024 10:18:00,11.2,11.25,11.2,11.2,2760500.0,0.0,2487.0,2487.0,2487.0,2487.0,885775.0,0.0
NIFTY,26-DEC-2024,26000.0,21-11-2024 10:19:00,11.25,11.35,11.2,11.3,2760775.0,0.0,,,,,,
NIFTY,26-DEC-2024,26000.0,21-11-2024 10:20:00,11.3,11.3,11.15,11.2,2760775.0,0.0,2485.0,2485.35,2485.0,2485.35,885375.0,0.0
NIFTY,26-DEC-2024,26000.0,21-11-2024 10:21:00,11.2,11.2,11.2,11.2,2760775.0,3750.0,,,,,,
NIFTY,26-DEC-2024,26000.0,21-11-2024 10:22:00,11.15,11.25,11.15,11.25,2760300.0,0.0,2483.4,2485.0,2483.4,2485.0,885425.0,0.0
NIFTY,26-DEC-2024,26000.0,21-11-2024 10:23:00,11.2,11.2,11.05,11.15,2760300.0,0.0,2478.0,2478.0,2475.0,2475.0,885425.0,0.0
NIFTY,26-DEC-2024,26000.0,21-11-2024 10:24:00,11.1,11.2,10.95,10.95,2760300.0,0.0,2475.0,2475.0,2465.0,2465.0,885425.0,1250.0
NIFTY,26-DEC-2024,26000.0,21-11-2024 10:25:00,10.9,11.0,10.8,10.85,2759350.0,27100.0,2465.0,2465.0,2465.0,2465.0,885475.0,25.0
NIFTY,26-DEC-2024,26000.0,21-11-2024 10:26:00,10.9,11.0,10.9,11.0,2759350.0,2800.0,2465.0,2471.5,2465.0,2471.5,885475.0,25.0
NIFTY,26-DEC-2024,26000.0,21-11-2024 10:27:00,10.9,11.1,10.9,11.1,2759350.0,625.0,2471.5,2480.6,2465.85,2480.6,885475.0,150.0
NIFTY,26-DEC-2024,26000.0,21-11-2024 10:28:00,11.0,11.05,10.8,10.9,2760150.0,6375.0,2480.6,2480.6,2480.6,2480.6,885475.0,1200.0
NIFTY,26-DEC-2024,26000.0,21-11-2024 10:29:00,11.1,11.1,10.9,10.9,2760150.0,9800.0,2480.8,2480.8,2480.8,2480.8,885475.0,1000.0
NIFTY,26-DEC-2024,26000.0,21-11-2024 10:30:00,10.85,10.9,10.85,10.9,2760150.0,1200.0,,,,,,
NIFTY,26-DEC-2024,26000.0,21-11-2024 10:31:00,10.85,10.95,10.85,10.95,2760925.0,2525.0,2480.8,2480.8,2480.8,2480.8,885475.0,0.0
NIFTY,26-DEC-2024,26000.0,21-11-2024 10:32:00,10.95,10.95,10.95,10.95,2760925.0,775.0,2475.8,2475.8,2475.8,2475.8,885475.0,100.0
NIFTY,26-DEC-2024,26000.0,21-11-2024 10:33:00,10.95,10.95,10.95,10.95,2760925.0,0.0,2475.8,2475.8,2475.8,2475.8,885475.0,0.0
NIFTY,26-DEC-2024,26000.0,21-11-2024 10:34:00,10.95,10.95,10.85,10.95,2760200.0,350.0,2475.8,2475.8,2470.0,2472.8,884725.0,0.0
NIFTY,26-DEC-2024,26000.0,21-11-2024 10:35:00,10.95,10.95,10.85,10.85,2760200.0,0.0,2482.45,2482.5,2477.0,2477.0,884725.0,625.0
NIFTY,26-DEC-2024,26000.0,21-11-2024 10:36:00,10.9,10.9,10.85,10.85,2760200.0,0.0,2477.0,2485.05,2477.0,2485.05,884725.0,50.0
NIFTY,26-DEC-2024,26000.0,21-11-2024 10:37:00,10.9,10.9,10.85,10.85,2759375.0,0.0,2485.05,2485.05,2484.75,2485.0,884925.0,150.0
NIFTY,26-DEC-2024,26000.0,21-11-2024 10:38:00,10.85,10.85,10.85,10.85,2759375.0,4375.0,2485.0,2485.0,2484.0,2485.0,884925.0,300.0
NIFTY,26-DEC-2024,26000.0,21-11-2024 10:39:00,10.85,10.85,10.85,10.85,2759375.0,175.0,2485.0,2485.0,2485.0,2485.0,884925.0,25.0
NIFTY,26-DEC-2024,26000.0,21-11-2024 10:40:00,10.95,10.95,10.95,10.95,2759150.0,75.0,2485.0,2488.15,2485.0,2486.75,884850.0,3600.0
NIFTY,26-DEC-2024,26000.0,21-11-2024 10:41:00,10.85,10.95,10.85,10.95,2759150.0,25.0,2486.75,2486.75,2486.75,2486.75,884850.0,500.0
NIFTY,26-DEC-2024,26000.0,21-11-2024 10:42:00,10.95,10.95,10.85,10.95,2759150.0,50.0,2490.15,2491.0,2487.0,2490.0,884850.0,1050.0
NIFTY,26-DEC-2024,26000.0,21-11-2024 10:43:00,,,,,,,2490.0,2490.0,2490.0,2490.0,879850.0,100.0
NIFTY,26-DEC-2024,26000.0,21-11-2024 10:44:00,10.95,11.0,10.95,11.0,2759600.0,0.0,2490.0,2490.0,2490.0,2490.0,879850.0,0.0
NIFTY,26-DEC-2024,26000.0,21-11-2024 10:45:00,10.95,10.95,10.9,10.9,2759600.0,13950.0,2490.0,2490.0,2489.85,2489.85,879850.0,425.0
NIFTY,26-DEC-2024,26000.0,21-11-2024 10:46:00,10.95,11.0,10.9,11.0,2757700.0,1625.0,2489.85,2489.85,2489.85,2489.85,879850.0,0.0
NIFTY,26-DEC-2024,26000.0,21-11-2024 10:47:00,10.9,11.05,10.9,11.0,2757700.0,1250.0,2478.0,2489.7,2478.0,2489.7,879450.0,1350.0
NIFTY,26-DEC-2024,26000.0,21-11-2024 10:48:00,11.05,11.05,11.05,11.05,2757700.0,750.0,2489.7,2489.7,2489.7,2489.7,879450.0,0.0
NIFTY,26-DEC-2024,26000.0,21-11-2024 10:49:00,11.05,11.15,11.0,11.1,2757700.0,650.0,2489.7,2489.7,2489.7,2489.7,879450.0,0.0
NIFTY,26-DEC-2024,26000.0,21-11-2024 10:50:00,11.0,11.0,11.0,11.0,2757700.0,3900.0,,,,,,
NIFTY,26-DEC-2024,26000.0,21-11-2024 10:51:00,11.05,11.1,11.0,11.0,2757700.0,2025.0,2489.7,2489.7,2489.7,2489.7,879450.0,0.0
NIFTY,26-DEC-2024,26000.0,21-11-2024 10:52:00,,,,,,,2489.7,2489.7,2489.7,2489.7,879450.0,0.0
NIFTY,26-DEC-2024,26000.0,21-11-2024 10:53:00,11.0,11.0,11.0,11.0,2757700.0,975.0,2489.7,2489.7,2489.7,2489.7,879450.0,0.0
NIFTY,26-DEC-2024,26000.0,21-11-2024 10:54:00,11.05,11.1,11.05,11.05,2756725.0,25.0,2489.7,2489.7,2462.0,2462.0,878300.0,25.0
NIFTY,26-DEC-2024,26000.0,21-11-2024 10:55:00,11.05,11.05,11.05,11.05,2755925.0,650.0,2462.0,2462.0,2462.0,2462.0,878300.0,50.0
NIFTY,26-DEC-2024,26000.0,21-11-2024 10:56:00,11.05,11.05,11.05,11.05,2755925.0,0.0,2462.0,2462.0,2460.0,2460.0,878300.0,150.0
NIFTY,26-DEC-2024,26000.0,21-11-2024 10:57:00,11.05,11.1,11.05,11.05,2755925.0,625.0,2459.5,2466.0,2459.5,2462.85,878300.0,725.0
NIFTY,26-DEC-2024,26000.0,21-11-2024 10:58:00,11.0,11.1,11.0,11.1,2755800.0,525.0,2462.85,2464.05,2462.85,2463.0,878700.0,450.0
NIFTY,26-DEC-2024,26000.0,21-11-2024 10:59:00,11.1,11.1,11.0,11.0,2755800.0,575.0,2463.0,2466.55,2463.0,2465.0,878700.0,550.0
NIFTY,26-DEC-2024,26000.0,21-11-2024 11:00:00,11.0,11.05,10.9,10.9,2755800.0,3325.0,2465.0,2465.0,2465.0,2465.0,878700.0,475.0
NIFTY,26-DEC-2024,26000.0,21-11-2024 11:01:00,10.9,10.95,10.9,10.9,2755925.0,8650.0,2464.25,2464.25,2464.25,2464.25,878550.0,25.0
NIFTY,26-DEC-2024,26000.0,21-11-2024 11:02:00,10.9,10.95,10.9,10.95,2755925.0,1125.0,2464.25,2464.25,2464.25,2464.25,878550.0,75.0
NIFTY,26-DEC-2024,26000.0,21-11-2024 11:03:00,10.95,10.95,10.9,10.95,2755925.0,1875.0,2456.45,2456.45,2455.6,2455.6,878550.0,75.0
NIFTY,26-DEC-2024,26000.0,21-11-2024 11:04:00,10.95,10.95,10.9,10.9,2755225.0,1700.0,2455.6,2455.6,2455.6,2455.6,878550.0,50.0
NIFTY,26-DEC-2024,26000.0,21-11-2024 11:05:00,10.9,11.0,10.9,10.95,2755225.0,500.0,2455.6,2465.95,2455.6,2465.95,878550.0,0.0
NIFTY,26-DEC-2024,26000.0,21-11-2024 11:06:00,10.95,11.0,10.95,11.0,2755225.0,175.0,2465.95,2465.95,2465.95,2465.95,878550.0,300.0
NIFTY,26-DEC-2024,26000.0,21-11-2024 11:07:00,10.9,10.9,10.9,10.9,2755675.0,0.0,2454.0,2454.0,2454.0,2454.0,878275.0,0.0
NIFTY,26-DEC-2024,26000.0,21-11-2024 11:08:00,11.0,11.0,11.0,11.0,2755675.0,0.0,2454.0,2454.0,2454.0,2454.0,878275.0,25.0
NIFTY,26-DEC-2024,26000.0,21-11-2024 11:09:00,10.95,11.0,10.95,11.0,2755675.0,1825.0,2456.4,2456.4,2456.4,2456.4,878275.0,200.0
NIFTY,26-DEC-2024,26000.0,21-11-2024 11:10:00,11.0,11.0,10.95,10.95,2754475.0,1575.0,2456.4,2456.4,2456.4,2456.4,878125.0,25.0
NIFTY,26-DEC-2024,26000.0,21-11-2024 11:11:00,10.95,10.95,10.95,10.95,2754475.0,1000.0,2456.4,2460.6,2456.4,2460.6,878125.0,0.0
NIFTY,26-DEC-2024,26000.0,21-11-2024 11:12:00,10.95,10.95,10.9,10.9,2754475.0,25.0,2460.6,2460.6,2460.6,2460.6,878125.0,25.0
NIFTY,26-DEC-2024,26000.0,21-11-2024 11:13:00,10.95,11.0,10.95,11.0,2753475.0,0.0,2458.6,2458.6,2458.6,2458.6,878175.0,25.0
NIFTY,26-DEC-2024,26000.0,21-11-2024 11:14:00,10.95,10.95,10.9,10.9,2753475.0,2725.0,2449.9,2450.6,2449.9,2450.6,878175.0,250.0
NIFTY,26-DEC-2024,26000.0,21-11-2024 11:15:00,10.85,10.85,10.85,10.85,2753475.0,25.0,2454.65,2454.65,2451.55,2451.55,878175.0,125.0
NIFTY,26-DEC-2024,26000.0,21-11-2024 11:16:00,10.9,10.9,10.8,10.8,2752975.0,9575.0,2451.55,2452.9,2449.95,2449.95,878350.0,125.0
NIFTY,26-DEC-2024,26000.0,21-11-2024 11:17:00,10.8,10.9,10.8,10.85,2752975.0,3250.0,2449.95,2452.25,2448.7,2448.7,878350.0,300.0
NIFTY,26-DEC-2024,26000.0,21-11-2024 11:18:00,10.85,11.05,10.85,11.0,2752975.0,4500.0,2448.7,2456.6,2448.7,2453.0,878350.0,100.0
NIFTY,26-DEC-2024,26000.0,21-11-2024 11:19:00,11.0,11.05,10.9,11.0,2752750.0,0.0,2453.0,2453.0,2453.0,2453.0,878350.0,0.0
NIFTY,26-DEC-2024,26000.0,21-11-2024 11:20:00,11.0,11.15,11.0,11.15,2752750.0,9600.0,2453.0,2453.0,2446.85,2446.85,878525.0,25.0
NIFTY,26-DEC-2024,26000.0,21-11-2024 11:21:00,11.1,11.1,11.05,11.05,2752750.0,1175.0,2446.85,2447.0,2446.5,2447.0,878525.0,25.0
NIFTY,26-DEC-2024,26000.0,21-11-2024 11:22:00,11.05,11.1,10.95,11.1,2751900.0,0.0,2447.0,2449.6,2444.85,2444.85,878600.0,300.0
NIFTY,26-DEC-2024,26000.0,21-11-2024 11:23:00,10.95,11.05,10.95,11.05,2751900.0,2500.0,2447.35,2447.35,2447.35,2447.35,878600.0,50.0
NIFTY,26-DEC-2024,26000.0,21-11-2024 11:24:00,11.0,11.0,11.0,11.0,2751900.0,0.0,2447.35,2455.0,2447.35,2454.45,878600.0,1850.0
NIFTY,26-DEC-2024,26000.0,21-11-2024 11:25:00,10.9,10.95,10.9,10.95,2751200.0,6400.0,2454.45,2454.45,2454.45,2454.45,878600.0,0.0
NIFTY,26-DEC-2024,26000.0,21-11-2024 11:26:00,11.05,11.05,10.95,10.95,2751200.0,300.0,2454.45,2454.45,2454.45,2454.45,878750.0,50.0
NIFTY,26-DEC-2024,26000.0,21-11-2024 11:27:00,10.95,10.95,10.9,10.95,2751200.0,175.0,2450.0,2450.0,2450.0,2450.0,878750.0,0.0
NIFTY,26-DEC-2024,26000.0,21-11-2024 11:28:00,10.9,10.9,10.9,10.9,2751025.0,1350.0,2451.75,2451.75,2451.75,2451.75,878725.0,250.0
NIFTY,26-DEC-2024,26000.0,21-11-2024 11:29:00,10.9,11.0,10.9,10.9,2751025.0,0.0,2446.85,2448.15,2446.55,2447.65,878725.0,450.0
NIFTY,26-DEC-2024,26000.0,21-11-2024 11:30:00,10.9,10.9,10.9,10.9,2751025.0,0.0,2447.65,2447.65,2442.0,2442.0,878725.0,350.0
NIFTY,26-DEC-2024,26000.0,21-11-2024 11:31:00,10.9,10.9,10.9,10.9,2751025.0,0.0,2442.0,2442.0,2441.0,2441.0,878725.0,225.0
NIFTY,26-DEC-2024,26000.0,21-11-2024 11:32:00,10.9,11.0,10.9,11.0,2751250.0,2600.0,2442.75,2442.75,2442.75,2442.75,878725.0,50.0
NIFTY,26-DEC-2024,26000.0,21-11-2024 11:33:00,11.0,11.05,10.9,11.0,2751250.0,450.0,2442.75,2442.75,2439.35,2441.05,878450.0,75.0
NIFTY,26-DEC-2024,26000.0,21-11-2024 11:34:00,11.0,11.1,10.9,10.95,2750900.0,0.0,2441.05,2441.05,2441.0,2441.0,878550.0,500.0
NIFTY,26-DEC-2024,26000.0,21-11-2024 11:35:00,10.95,10.95,10.9,10.9,2750900.0,6250.0,2441.0,2444.0,2441.0,2443.8,878550.0,500.0
NIFTY,26-DEC-2024,26000.0,21-11-2024 11:36:00,10.9,11.0,10.9,11.0,2750900.0,2725.0,2443.8,2443.8,2440.15,2440.15,878550.0,375.0
NIFTY,26-DEC-2024,26000.0,21-11-2024 11:37:00,11.0,11.1,10.9,11.1,2751150.0,2750.0,2440.15,2440.15,2440.15,2440.15,878550.0,0.0
NIFTY,26-DEC-2024,26000.0,21-11-2024 11:38:00,10.95,11.05,10.95,11.05,2751150.0,1775.0,2440.15,2440.15,2440.15,2440.15,878550.0,0.0
NIFTY,26-DEC-2024,26000.0,21-11-2024 11:39:00,10.9,11.0,10.9,11.0,2751150.0,0.0,2440.15,2440.15,2440.15,2440.15,878550.0,0.0
NIFTY,26-DEC-2024,26000.0,21-11-2024 11:40:00,11.05,11.05,10.95,10.95,2751275.0,0.0,,,,,,
NIFTY,26-DEC-2024,26000.0,21-11-2024 11:41:00,10.95,10.95,10.9,10.9,2751275.0,0.0,,,,,,
NIFTY,26-DEC-2024,26000.0,21-11-2024 11:42:00,10.85,10.85,10.85,10.85,2751275.0,6350.0,2449.45,2449.45,2449.45,2449.45,878550.0,250.0
NIFTY,26-DEC-2024,26000.0,21-11-2024 11:43:00,10.85,10.9,10.85,10.85,2751175.0,0.0,2449.45,2456.0,2449.45,2456.0,878850.0,0.0
NIFTY,26-DEC-2024,26000.0,21-11-2024 11:44:00,10.85,10.85,10.85,10.85,2751175.0,8475.0,2456.0,2456.0,2450.0,2450.0,878850.0,175.0
NIFTY,26-DEC-2024,26000.0,21-11-2024 11:45:00,10.85,10.9,10.85,10.9,2751175.0,75.0,2450.0,2450.0,2450.0,2450.0,878850.0,200.0
NIFTY,26-DEC-2024,26000.0,21-11-2024 11:46:00,10.8,10.85,10.8,10.85,2759350.0,1125.0,2449.45,2456.0,2449.45,2456.0,878775.0,50.0
NIFTY,26-DEC-2024,26000.0,21-11-2024 11:47:00,10.9,10.95,10.85,10.95,2759350.0,775.0,2456.0,2456.0,2456.0,2456.0,878775.0,25.0
NIFTY,26-DEC-2024,26000.0,21-11-2024 11:48:00,10.95,10.95,10.85,10.85,2759350.0,1125.0,2456.0,2456.0,2448.8,2451.55,878775.0,0.0
NIFTY,26-DEC-2024,26000.0,21-11-2024 11:49:00,10.85,10.95,10.85,10.9,2758800.0,0.0,2450.9,2451.65,2450.0,2450.0,878950.0,525.0
NIFTY,26-DEC-2024,26000.0,21-11-2024 11:50:00,10.95,10.95,10.95,10.95,2758800.0,1825.0,2450.0,2457.9,2450.0,2457.9,878950.0,0.0
NIFTY,26-DEC-2024,26000.0,21-11-2024 11:51:00,10.95,10.95,10.95,10.95,2758800.0,125.0,2457.9,2457.9,2457.9,2457.9,878950.0,25.0
NIFTY,26-DEC-2024,26000.0,21-11-2024 11:52:00,10.95,11.0,10.95,10.95,2758975.0,325.0,2451.6,2451.6,2451.6,2451.6,878950.0,25.0
NIFTY,26-DEC-2024,26000.0,21-11-2024 11:53:00,10.95,10.95,10.95,10.95,2758975.0,1800.0,2451.6,2451.6,2451.6,2451.6,878925.0,75.0
NIFTY,26-DEC-2024,26000.0,21-11-2024 11:54:00,10.95,11.0,10.95,11.0,2758975.0,0.0,2458.05,2458.05,2458.05,2458.05,878925.0,150.0
NIFTY,26-DEC-2024,26000.0,21-11-2024 11:55:00,11.0,11.0,10.95,10.95,2760325.0,0.0,2458.05,2458.05,2448.2,2448.2,878850.0,25.0
NIFTY,26-DEC-2024,26000.0,21-11-2024 11:56:00,10.9,10.9,10.9,10.9,2760325.0,2500.0,2448.2,2448.2,2448.2,2448.2,878850.0,0.0
NIFTY,26-DEC-2024,26000.0,21-11-2024 11:57:00,10.9,10.9,10.9,10.9,2760325.0,0.0,,,,,,
NIFTY,26-DEC-2024,26000.0,21-11-2024 11:58:00,10.8,10.9,10.8,10.9,2760550.0,1375.0,,,,,,
NIFTY,26-DEC-2024,26000.0,21-11-2024 11:59:00,10.9,10.9,10.9,10.9,2760550.0,1625.0,2448.2,2448.2,2448.2,2448.2,878850.0,0.0
NIFTY,26-DEC-2024,26000.0,21-11-2024 12:00:00,10.95,11.35,10.85,11.2,2760550.0,19300.0,2448.2,2448.2,2430.0,2430.0,878850.0,400.0
NIFTY,26-DEC-2024,26000.0,21-11-2024 12:01:00,11.35,11.35,11.3,11.3,2759850.0,0.0,2430.0,2430.0,2430.0,2430.0,878850.0,100.0
NIFTY,26-DEC-2024,26000.0,21-11-2024 12:02:00,11.3,11.3,11.2,11.2,2759850.0,2100.0,2430.0,2430.0,2430.0,2430.0,878850.0,0.0
NIFTY,26-DEC-2024,26000.0,21-11-2024 12:03:00,11.25,11.25,11.25,11.25,2759850.0,0.0,2430.0,2430.0,2430.0,2430.0,878850.0,0.0
NIFTY,26-DEC-2024,26000.0,21-11-2024 12:04:00,11.1,11.1,11.05,11.05,2760000.0,0.0,,,,,,
NIFTY,26-DEC-2024,26000.0,21-11-2024 12:05:00,11.1,11.1,11.1,11.1,2760000.0,1000.0,2430.0,2430.0,2430.0,2430.0,878850.0,0.0
NIFTY,26-DEC-2024,26000.0,21-11-2024 12:06:00,11.1,11.1,11.0,11.0,2760000.0,0.0,2430.0,2430.0,2428.0,2428.0,878350.0,0.0
NIFTY,26-DEC-2024,26000.0,21-11-2024 12:07:00,11.0,11.05,11.0,11.0,2760075.0,675.0,2428.0,2428.0,2428.0,2428.0,878350.0,25.0
NIFTY,26-DEC-2024,26000.0,21-11-2024 12:08:00,11.0,11.0,10.9,10.9,2760075.0,275.0,2428.0,2428.0,2428.0,2428.0,878350.0,0.0
NIFTY,26-DEC-2024,26000.0,21-11-2024 12:09:00,10.95,10.95,10.95,10.95,2760075.0,400.0,2428.0,2428.0,2428.0,2428.0,878350.0,0.0
NIFTY,26-DEC-2024,26000.0,21-11-2024 12:10:00,10.95,11.0,10.9,10.95,2760225.0,650.0,2451.0,2451.0,2442.8,2442.8,878275.0,350.0
NIFTY,26-DEC-2024,26000.0,21-11-2024 12:11:00,10.9,10.9,10.8,10.8,2760225.0,1000.0,2443.0,2443.0,2443.0,2443.0,878275.0,650.0
NIFTY,26-DEC-2024,26000.0,21-11-2024 12:12:00,10.8,10.9,10.8,10.9,2760225.0,0.0,2443.0,2450.1,2443.0,2450.1,878275.0,225.0
NIFTY,26-DEC-2024,26000.0,21-11-2024 12:13:00,10.95,11.0,10.95,10.95,2760700.0,1200.0,2450.1,2450.1,2439.7,2442.0,878725.0,150.0
NIFTY,26-DEC-2024,26000.0,21-11-2024 12:14:00,10.9,11.0,10.9,11.0,2760700.0,575.0,2442.0,2451.85,2441.8,2441.8,878725.0,300.0
NIFTY,26-DEC-2024,26000.0,21-11-2024 12:15:00,11.0,11.15,11.0,11.15,2760700.0,0.0,2441.8,2441.8,2440.85,2440.85,878725.0,100.0
NIFTY,26-DEC-2024,26000.0,21-11-2024 12:16:00,11.2,11.25,11.15,11.25,2761075.0,0.0,2440.85,2440.85,2437.05,2439.55,878750.0,125.0
NIFTY,26-DEC-2024,26000.0,21-11-2024 12:17:00,11.25,11.3,11.15,11.2,2761075.0,5700.0,2440.25,2441.3,2439.3,2441.3,878750.0,425.0
NIFTY,26-DEC-2024,26000.0,21-11-2024 12:18:00,11.2,11.25,11.15,11.15,2761075.0,875.0,2441.3,2441.6,2441.3,2441.55,878750.0,50.0
NIFTY,26-DEC-2024,26000.0,21-11-2024 12:19:00,11.15,11.25,11.15,11.15,2761600.0,1975.0,2441.55,2441.55,2433.95,2433.95,878750.0,875.0
NIFTY,26-DEC-2024,26000.0,21-11-2024 12:20:00,11.15,11.25,11.15,11.25,2761600.0,4600.0,2434.2,2434.55,2434.2,2434.55,878750.0,150.0
NIFTY,26-DEC-2024,26000.0,21-11-2024 12:21:00,11.2,11.2,11.2,11.2,2761600.0,0.0,2434.55,2439.95,2433.5,2439.95,878750.0,25.0
NIFTY,26-DEC-2024,26000.0,21-11-2024 12:22:00,11.15,11.3,11.15,11.3,2762500.0,0.0,2439.95,2439.95,2432.15,2435.0,878775.0,300.0
NIFTY,26-DEC-2024,26000.0,21-11-2024 12:23:00,11.15,11.2,11.15,11.2,2762500.0,2675.0,2438.0,2438.0,2435.25,2436.2,878775.0,225.0
NIFTY,26-DEC-2024,26000.0,21-11-2024 12:24:00,11.3,11.3,11.2,11.3,2762500.0,3825.0,2445.95,2445.95,2445.95,2445.95,878775.0,450.0
NIFTY,26-DEC-2024,26000.0,21-11-2024 12:25:00,11.3,11.3,11.2,11.25,2762275.0,225.0,2445.95,2445.95,2442.65,2442.75,878725.0,0.0
NIFTY,26-DEC-2024,26000.0,21-11-2024 12:26:00,11.25,11.25,11.2,11.2,2762275.0,350.0,2442.75,2442.75,2442.75,2442.75,878725.0,50.0
NIFTY,26-DEC-2024,26000.0,21-11-2024 12:27:00,11.2,11.2,11.2,11.2,2762275.0,975.0,2442.75,2442.75,2435.25,2435.6,878725.0,75.0
NIFTY,26-DEC-2024,26000.0,21-11-2024 12:28:00,11.15,11.15,11.15,11.15,2762275.0,375.0,2435.6,2435.6,2435.6,2435.6,878725.0,0.0
NIFTY,26-DEC-2024,26000.0,21-11-2024 12:29:00,11.15,11.2,11.05,11.05,2762575.0,125.0,2435.6,2435.6,2434.6,2434.6,878775.0,0.0
NIFTY,26-DEC-2024,26000.0,21-11-2024 12:30:00,11.15,11.2,11.15,11.15,2762575.0,0.0,,,,,,
NIFTY,26-DEC-2024,26000.0,21-11-2024 12:31:00,11.15,11.15,11.15,11.15,2758700.0,0.0,2434.6,2434.6,2434.6,2434.6,878775.0,100.0
NIFTY,26-DEC-2024,26000.0,21-11-2024 12:32:00,11.25,11.35,11.25,11.35,2758700.0,0.0,2434.6,2434.6,2434.6,2434.6,878775.0,0.0
NIFTY,26-DEC-2024,26000.0,21-11-2024 12:33:00,11.25,11.25,11.25,11.25,2758700.0,0.0,,,,,,
NIFTY,26-DEC-2024,26000.0,21-11-2024 12:34:00,11.25,11.25,11.2,11.25,2758875.0,19350.0,2445.7,2445.7,2445.7,2445.7,878775.0,25.0
NIFTY,26-DEC-2024,26000.0,21-11-2024 12:35:00,11.25,11.25,11.2,11.2,2758875.0,975.0,2445.7,2445.7,2445.7,2445.7,878775.0,0.0
NIFTY,26-DEC-2024,26000.0,21-11-2024 12:36:00,11.2,11.3,11.2,11.25,2758875.0,2950.0,2445.7,2445.7,2445.0,2445.0,878775.0,50.0
NIFTY,26-DEC-2024,26000.0,21-11-2024 12:37:00,11.2,11.3,11.2,11.25,2759600.0,3100.0,2445.0,2445.0,2439.4,2439.4,878800.0,25.0
NIFTY,26-DEC-2024,26000.0,21-11-2024 12:38:00,11.25,11.25,11.25,11.25,2759600.0,25.0,2439.4,2439.4,2439.4,2439.4,878800.0,0.0
NIFTY,26-DEC-2024,26000.0,21-11-2024 12:39:00,11.2,11.3,11.2,11.3,2759600.0,0.0,2439.4,2439.4,2439.4,2439.4,878800.0,0.0
NIFTY,26-DEC-2024,26000.0,21-11-2024 12:40:00,11.2,11.3,11.2,11.3,2759575.0,1050.0,2448.1,2448.1,2442.6,2442.6,878675.0,175.0
NIFTY,26-DEC-2024,26000.0,21-11-2024 12:41:00,11.15,11.3,11.15,11.2,2759575.0,0.0,2442.6,2442.6,2442.6,2442.6,878675.0,0.0
NIFTY,26-DEC-2024,26000.0,21-11-2024 12:42:00,11.3,11.3,11.2,11.2,2759575.0,625.0,2442.6,2442.6,2442.6,2442.6,878675.0,0.0
NIFTY,26-DEC-2024,26000.0,21-11-2024 12:43:00,11.25,11.5,11.25,11.45,2759650.0,6950.0,2442.6,2442.6,2442.6,2442.6,878675.0,0.0
NIFTY,26-DEC-2024,26000.0,21-11-2024 12:44:00,,,,,,,2442.6,2442.6,2442.6,2442.6,878675.0,0.0
NIFTY,26-DEC-2024,26000.0,21-11-2024 12:45:00,11.4,11.45,11.3,11.3,2759650.0,0.0,2442.6,2442.6,2442.6,2442.6,878675.0,0.0
NIFTY,26-DEC-2024,26000.0,21-11-2024 12:46:00,11.35,11.35,11.25,11.25,2759750.0,2725.0,2442.6,2442.6,2442.6,2442.6,878675.0,0.0
NIFTY,26-DEC-2024,26000.0,21-11-2024 12:47:00,11.3,11.35,11.25,11.35,2759750.0,0.0,2450.0,2450.0,2448.6,2448.6,878650.0,75.0
NIFTY,26-DEC-2024,26000.0,21-11-2024 12:48:00,11.35,11.4,11.2,11.2,2759750.0,9050.0,2448.6,2448.6,2448.6,2448.6,878650.0,0.0
NIFTY,26-DEC-2024,26000.0,21-11-2024 12:49:00,11.2,11.5,11.2,11.35,2765125.0,0.0,2448.6,2448.6,2448.6,2448.6,878650.0,0.0
NIFTY,26-DEC-2024,26000.0,21-11-2024 12:50:00,11.45,11.45,11.35,11.35,2765125.0,0.0,2448.6,2448.6,2448.6,2448.6,878650.0,0.0
NIFTY,26-DEC-2024,26000.0,21-11-2024 12:51:00,11.35,11.45,11.3,11.3,2765125.0,16275.0,2448.6,2448.6,2448.6,2448.6,878650.0,0.0
NIFTY,26-DEC-2024,26000.0,21-11-2024 12:52:00,11.3,11.35,11.2,11.2,2771175.0,3600.0,2448.6,2457.05,2448.6,2456.6,878600.0,200.0
NIFTY,26-DEC-2024,26000.0,21-11-2024 12:53:00,11.2,11.3,11.2,11.3,2771175.0,2625.0,2456.6,2458.3,2456.6,2458.3,878600.0,225.0
NIFTY,26-DEC-2024,26000.0,21-11-2024 12:54:00,11.3,11.3,11.1,11.15,2771175.0,0.0,2458.3,2458.35,2457.6,2458.35,878600.0,50.0
NIFTY,26-DEC-2024,26000.0,21-11-2024 12:55:00,11.2,11.2,11.15,11.2,2771175.0,7025.0,2458.35,2458.35,2458.35,2458.35,878600.0,0.0
NIFTY,26-DEC-2024,26000.0,21-11-2024 12:56:00,11.1,11.15,11.0,11.15,2770200.0,1375.0,2458.35,2463.0,2458.35,2463.0,878600.0,50.0
NIFTY,26-DEC-2024,26000.0,21-11-2024 12:57:00,11.15,11.15,11.05,11.1,2770200.0,0.0,2463.0,2463.0,2463.0,2463.0,878600.0,0.0
NIFTY,26-DEC-2024,26000.0,21-11-2024 12:58:00,11.2,11.2,11.0,11.15,2766850.0,9200.0,2463.0,2480.0,2463.0,2479.0,878800.0,50.0
NIFTY,26-DEC-2024,26000.0,21-11-2024 12:59:00,11.1,11.1,11.0,11.1,2766850.0,5000.0,2479.0,2487.15,2479.0,2487.15,878800.0,75.0
NIFTY,26-DEC-2024,26000.0,21-11-2024 13:00:00,10.95,11.1,10.5,10.5,2766850.0,4550.0,2487.15,2487.15,2477.0,2477.0,878800.0,225.0
NIFTY,26-DEC-2024,26000.0,21-11-2024 13:01:00,10.5,10.55,10.5,10.55,2761000.0,15875.0,2477.0,2481.85,2477.0,2481.85,878800.0,25.0
NIFTY,26-DEC-2024,26000.0,21-11-2024 13:02:00,10.55,10.65,10.55,10.55,2761000.0,1975.0,2481.85,2481.85,2472.2,2472.2,878900.0,50.0
NIFTY,26-DEC-2024,26000.0,21-11-2024 13:03:00,10.55,10.65,10.55,10.55,2761000.0,0.0,2472.2,2472.2,2472.2,2472.2,878900.0,0.0
NIFTY,26-DEC-2024,26000.0,21-11-2024 13:04:00,10.65,10.65,10.5,10.5,2760825.0,0.0,2472.2,2472.2,2460.0,2460.0,878900.0,1000.0
NIFTY,26-DEC-2024,26000.0,21-11-2024 13:05:00,10.5,11.05,10.5,11.0,2760825.0,0.0,2460.0,2460.0,2460.0,2460.0,878900.0,0.0
NIFTY,26-DEC-2024,26000.0,21-11-2024 13:06:00,11.0,11.75,11.0,11.45,2760825.0,15775.0,2459.35,2459.55,2459.35,2459.55,878850.0,100.0
NIFTY,26-DEC-2024,26000.0,21-11-2024 13:07:00,11.4,11.5,11.35,11.35,2763175.0,18000.0,2457.15,2457.15,2454.6,2454.6,879725.0,0.0
NIFTY,26-DEC-2024,26000.0,21-11-2024 13:08:00,11.45,11.45,10.75,11.05,2763175.0,6800.0,2452.65,2454.65,2452.65,2454.5,879725.0,375.0
NIFTY,26-DEC-2024,26000.0,21-11-2024 13:09:00,11.05,11.5,11.05,11.5,2763175.0,0.0,2455.75,2455.75,2455.75,2455.75,879725.0,0.0
NIFTY,26-DEC-2024,26000.0,21-11-2024 13:10:00,11.35,11.35,11.3,11.3,2763175.0,0.0,2469.3,2469.3,2467.25,2467.25,879725.0,0.0
NIFTY,26-DEC-2024,26000.0,21-11-2024 13:11:00,11.25,11.25,11.15,11.15,2759200.0,0.0,2466.0,2466.0,2466.0,2466.0,879950.0,0.0
NIFTY,26-DEC-2024,26000.0,21-11-2024 13:13:00,10.75,10.75,10.7,10.7,2758050.0,0.0,2460.15,2460.15,2460.15,2460.15,879950.0,3600.0
NIFTY,26-DEC-2024,26000.0,21-11-2024 13:14:00,10.85,10.85,10.85,10.85,2758050.0,19150.0,,,,,,
NIFTY,26-DEC-2024,26000.0,21-11-2024 13:15:00,10.7,10.9,10.7,10.9,2758050.0,1350.0,2460.0,2460.0,2460.0,2460.0,879950.0,125.0
NIFTY,26-DEC-2024,26000.0,21-11-2024 13:16:00,10.8,10.95,10.8,10.95,2757950.0,1900.0,2455.45,2455.45,2455.45,2455.45,879625.0,0.0
NIFTY,26-DEC-2024,26000.0,21-11-2024 13:17:00,10.95,11.0,10.95,11.0,2757950.0,3625.0,2457.95,2457.95,2457.95,2457.95,879625.0,75.0
NIFTY,26-DEC-2024,26000.0,21-11-2024 13:18:00,10.95,10.95,10.95,10.95,2757950.0,0.0,2449.5,2449.5,2449.5,2449.5,879625.0,0.0
NIFTY,26-DEC-2024,26000.0,21-11-2024 13:19:00,10.9,11.05,10.9,11.05,2757650.0,550.0,2449.5,2453.65,2449.5,2453.65,879675.0,250.0
NIFTY,26-DEC-2024,26000.0,21-11-2024 13:20:00,11.0,11.05,10.9,11.0,2757650.0,1200.0,2454.0,2454.2,2453.1,2453.1,879675.0,175.0
NIFTY,26-DEC-2024,26000.0,21-11-2024 13:21:00,11.15,11.2,11.05,11.2,2757650.0,625.0,2453.1,2453.1,2453.1,2453.1,879675.0,0.0
NIFTY,26-DEC-2024,26000.0,21-11-2024 13:22:00,11.2,11.2,11.1,11.1,2757500.0,900.0,2438.15,2438.15,2438.15,2438.15,879675.0,25.0
NIFTY,26-DEC-2024,26000.0,21-11-2024 13:23:00,11.1,11.25,11.1,11.15,2757500.0,0.0,2437.35,2440.3,2437.35,2440.3,879675.0,0.0
NIFTY,26-DEC-2024,26000.0,21-11-2024 13:24:00,11.25,11.35,11.2,11.2,2757500.0,0.0,2440.55,2442.45,2440.55,2442.45,879675.0,150.0
NIFTY,26-DEC-2024,26000.0,21-11-2024 13:25:00,11.2,11.35,11.2,11.3,2757825.0,0.0,2441.35,2444.45,2441.35,2443.15,879725.0,0.0
NIFTY,26-DEC-2024,26000.0,21-11-2024 13:26:00,11.25,11.25,11.25,11.25,2757825.0,0.0,2445.3,2445.3,2445.3,2445.3,879725.0,0.0
NIFTY,26-DEC-2024,26000.0,21-11-2024 13:27:00,11.2,11.2,11.15,11.2,2757825.0,2625.0,2445.85,2445.85,2445.85,2445.85,879725.0,900.0
NIFTY,26-DEC-2024,26000.0,21-11-2024 13:28:00,11.15,11.2,11.1,11.15,2758350.0,0.0,2443.1,2443.5,2437.0,2437.0,879725.0,175.0
NIFTY,26-DEC-2024,26000.0,21-11-2024 13:29:00,11.1,11.2,11.1,11.2,2758350.0,0.0,2437.0,2442.65,2437.0,2442.65,879675.0,100.0
NIFTY,26-DEC-2024,26000.0,21-11-2024 13:30:00,11.1,11.1,11.1,11.1,2758350.0,4550.0,2438.0,2438.0,2438.0,2438.0,879675.0,200.0
NIFTY,26-DEC-2024,26000.0,21-11-2024 13:31:00,11.2,11.3,11.1,11.3,2759675.0,0.0,2444.35,2444.35,2440.9,2440.9,879750.0,175.0
NIFTY,26-DEC-2024,26000.0,21-11-2024 13:32:00,11.3,11.3,11.1,11.2,2759675.0,825.0,2440.9,2440.9,2440.9,2440.9,879750.0,0.0
NIFTY,26-DEC-2024,26000.0,21-11-2024 13:33:00,11.2,11.2,11.2,11.2,2759675.0,375.0,2440.9,2440.9,2440.9,2440.9,879750.0,0.0
NIFTY,26-DEC-2024,26000.0,21-11-2024 13:34:00,11.2,11.2,11.2,11.2,2759675.0,0.0,2440.9,2440.9,2440.9,2440.9,879750.0,0.0
NIFTY,26-DEC-2024,26000.0,21-11-2024 13:35:00,11.2,11.2,11.2,11.2,2759675.0,0.0,2440.9,2440.9,2440.9,2440.9,879750.0,0.0
NIFTY,26-DEC-2024,26000.0,21-11-2024 13:36:00,11.1,11.15,11.1,11.1,2759575.0,1100.0,2440.9,2440.9,2440.0,2440.0,879750.0,0.0
NIFTY,26-DEC-2024,26000.0,21-11-2024 13:37:00,11.15,11.2,11.15,11.15,2760675.0,1200.0,2440.0,2440.0,2440.0,2440.0,879750.0,75.0
NIFTY,26-DEC-2024,26000.0,21-11-2024 13:38:00,11.2,11.2,11.1,11.15,2760675.0,1925.0,2440.0,2451.0,2440.0,2451.0,879750.0,25.0
NIFTY,26-DEC-2024,26000.0,21-11-2024 13:39:00,11.2,11.2,11.15,11.2,2760675.0,375.0,2450.1,2450.1,2450.1,2450.1,879825.0,25.0
NIFTY,26-DEC-2024,26000.0,21-11-2024 13:40:00,11.1,11.2,10.95,10.95,2761600.0,10725.0,2450.1,2450.1,2450.1,2450.1,879825.0,0.0
NIFTY,26-DEC-2024,26000.0,21-11-2024 13:41:00,11.0,11.1,10.95,11.1,2761600.0,3225.0,2449.9,2450.05,2445.3,2445.3,879800.0,1525.0
NIFTY,26-DEC-2024,26000.0,21-11-2024 13:42:00,10.95,10.95,10.9,10.9,2761600.0,175.0,2445.3,2445.3,2445.3,2445.3,879800.0,0.0
NIFTY,26-DEC-2024,26000.0,21-11-2024 13:43:00,10.95,11.0,10.95,11.0,2755475.0,150.0,2451.35,2451.35,2451.35,2451.35,879800.0,25.0
NIFTY,26-DEC-2024,26000.0,21-11-2024 13:44:00,11.0,11.0,10.9,10.9,2755475.0,975.0,2447.9,2447.9,2447.9,2447.9,879825.0,25.0
NIFTY,26-DEC-2024,26000.0,21-11-2024 13:45:00,10.9,11.0,10.9,11.0,2755475.0,300.0,2447.65,2447.65,2447.65,2447.65,879825.0,0.0
NIFTY,26-DEC-2024,26000.0,21-11-2024 13:46:00,10.85,10.85,10.85,10.85,2755475.0,0.0,2447.65,2447.65,2447.65,2447.65,879825.0,50.0
NIFTY,26-DEC-2024,26000.0,21-11-2024 13:47:00,10.85,11.0,10.85,10.9,2753950.0,1725.0,2447.65,2453.0,2447.65,2453.0,879900.0,0.0
NIFTY,26-DEC-2024,26000.0,21-11-2024 13:48:00,10.9,11.05,10.9,11.05,2753950.0,1275.0,2453.0,2453.0,2451.15,2451.15,879900.0,225.0
NIFTY,26-DEC-2024,26000.0,21-11-2024 13:49:00,11.05,11.1,10.95,11.1,2751625.0,1350.0,2451.15,2457.3,2451.15,2452.5,879875.0,1225.0
NIFTY,26-DEC-2024,26000.0,21-11-2024 13:50:00,11.1,11.15,11.0,11.15,2751625.0,2825.0,2452.0,2452.25,2447.65,2447.65,879875.0,250.0
NIFTY,26-DEC-2024,26000.0,21-11-2024 13:51:00,11.05,11.15,11.05,11.1,2751625.0,0.0,2447.65,2447.65,2443.25,2443.75,879875.0,300.0
NIFTY,26-DEC-2024,26000.0,21-11-2024 13:52:00,11.05,11.15,11.0,11.0,2753125.0,1025.0,2443.75,2447.0,2442.75,2444.8,879775.0,750.0
NIFTY,26-DEC-2024,26000.0,21-11-2024 13:53:00,11.0,11.1,11.0,11.1,2753125.0,2100.0,2444.8,2448.85,2444.25,2448.85,879775.0,500.0
NIFTY,26-DEC-2024,26000.0,21-11-2024 13:54:00,11.15,11.15,11.1,11.15,2753125.0,0.0,2448.85,2448.85,2442.6,2443.35,879775.0,600.0
NIFTY,26-DEC-2024,26000.0,21-11-2024 13:55:00,11.1,11.15,11.1,11.1,2755100.0,0.0,2444.45,2450.4,2444.45,2450.4,879625.0,800.0
NIFTY,26-DEC-2024,26000.0,21-11-2024 13:56:00,11.1,11.1,11.1,11.1,2755100.0,4225.0,2450.4,2450.4,2447.2,2447.2,879625.0,25.0
NIFTY,26-DEC-2024,26000.0,21-11-2024 13:57:00,11.1,11.1,10.9,11.1,2755100.0,0.0,2447.2,2452.75,2447.2,2452.75,879625.0,1500.0
NIFTY,26-DEC-2024,26000.0,21-11-2024 13:58:00,10.95,10.95,10.95,10.95,2756350.0,0.0,2452.75,2452.75,2447.0,2447.0,879475.0,50.0
NIFTY,26-DEC-2024,26000.0,21-11-2024 13:59:00,10.95,11.1,10.95,11.05,2756350.0,6125.0,2447.0,2447.0,2447.0,2447.0,879475.0,225.0
NIFTY,26-DEC-2024,26000.0,21-11-2024 14:00:00,10.95,11.15,10.95,11.15,2756350.0,0.0,2447.0,2451.35,2445.0,2447.15,879475.0,1325.0
NIFTY,26-DEC-2024,26000.0,21-11-2024 14:01:00,11.05,11.2,11.0,11.2,2756375.0,0.0,2447.15,2449.7,2446.4,2448.7,880450.0,1175.0
NIFTY,26-DEC-2024,26000.0,21-11-2024 14:02:00,11.0,11.2,11.0,11.05,2756375.0,0.0,2448.7,2451.6,2448.7,2451.6,880450.0,50.0
NIFTY,26-DEC-2024,26000.0,21-11-2024 14:03:00,11.05,11.05,11.05,11.05,2756375.0,7025.0,2451.6,2451.6,2451.6,2451.6,880450.0,0.0
NIFTY,26-DEC-2024,26000.0,21-11-2024 14:04:00,,,,,,,2451.6,2451.6,2451.6,2451.6,880450.0,0.0
NIFTY,26-DEC-2024,26000.0,21-11-2024 14:05:00,11.05,11.1,11.05,11.1,2756975.0,900.0,2451.6,2452.0,2451.6,2452.0,880150.0,25.0
NIFTY,26-DEC-2024,26000.0,21-11-2024 14:06:00,11.1,11.1,10.9,10.9,2756975.0,200.0,2452.0,2457.1,2452.0,2457.1,880150.0,50.0
NIFTY,26-DEC-2024,26000.0,21-11-2024 14:07:00,10.9,11.05,10.9,11.05,2757300.0,0.0,2459.75,2459.9,2455.0,2455.0,880150.0,225.0
NIFTY,26-DEC-2024,26000.0,21-11-2024 14:08:00,10.9,11.0,10.9,11.0,2757300.0,0.0,2455.0,2455.0,2453.85,2453.85,880150.0,50.0
NIFTY,26-DEC-2024,26000.0,21-11-2024 14:09:00,11.0,11.0,10.8,10.8,2757300.0,3150.0,2453.85,2453.85,2452.8,2452.8,880150.0,225.0
NIFTY,26-DEC-2024,26000.0,21-11-2024 14:10:00,11.0,11.0,11.0,11.0,2757300.0,0.0,2452.8,2454.4,2452.8,2454.4,880150.0,25.0
NIFTY,26-DEC-2024,26000.0,21-11-2024 14:11:00,10.9,10.9,10.9,10.9,2749350.0,950.0,2454.4,2454.4,2450.55,2450.8,880100.0,100.0
NIFTY,26-DEC-2024,26000.0,21-11-2024 14:12:00,10.8,10.9,10.75,10.75,2749350.0,925.0,2451.25,2451.4,2448.0,2449.9,880100.0,500.0
NIFTY,26-DEC-2024,26000.0,21-11-2024 14:13:00,10.9,10.9,10.75,10.75,2749900.0,0.0,2450.05,2450.05,2449.9,2449.9,880100.0,150.0
NIFTY,26-DEC-2024,26000.0,21-11-2024 14:14:00,10.8,10.9,10.8,10.9,2749900.0,0.0,2449.9,2456.05,2449.9,2455.2,880100.0,150.0
NIFTY,26-DEC-2024,26000.0,21-11-2024 14:15:00,10.9,10.95,10.9,10.95,2749900.0,0.0,2455.9,2457.0,2455.9,2456.75,880100.0,325.0
NIFTY,26-DEC-2024,26000.0,21-11-2024 14:16:00,11.0,11.0,11.0,11.0,2749775.0,0.0,2456.75,2456.75,2452.95,2452.95,880200.0,25.0
NIFTY,26-DEC-2024,26000.0,21-11-2024 14:17:00,10.9,11.0,10.9,10.9,2749775.0,0.0,2452.95,2452.95,2452.45,2452.45,880200.0,50.0
NIFTY,26-DEC-2024,26000.0,21-11-2024 14:18:00,10.9,11.0,10.9,10.9,2749775.0,0.0,2453.3,2453.55,2453.3,2453.55,880200.0,175.0
NIFTY,26-DEC-2024,26000.0,21-11-2024 14:19:00,11.0,11.0,10.9,10.9,2748050.0,12250.0,2458.55,2459.25,2458.55,2459.25,880200.0,250.0
NIFTY,26-DEC-2024,26000.0,21-11-2024 14:20:00,10.95,10.95,10.85,10.85,2748050.0,2050.0,2459.25,2459.25,2453.0,2453.0,880175.0,1050.0
NIFTY,26-DEC-2024,26000.0,21-11-2024 14:21:00,10.8,10.9,10.8,10.9,2748050.0,0.0,2453.0,2453.0,2453.0,2453.0,880175.0,0.0
NIFTY,26-DEC-2024,26000.0,21-11-2024 14:22:00,10.85,10.95,10.85,10.9,2746750.0,1425.0,2448.4,2452.05,2448.4,2451.1,881175.0,250.0
NIFTY,26-DEC-2024,26000.0,21-11-2024 14:23:00,10.9,10.9,10.85,10.9,2746750.0,1475.0,2451.1,2453.2,2451.0,2452.8,881175.0,225.0
NIFTY,26-DEC-2024,26000.0,21-11-2024 14:24:00,10.9,10.95,10.8,10.95,2746750.0,2375.0,2452.9,2453.7,2452.75,2452.75,881175.0,400.0
NIFTY,26-DEC-2024,26000.0,21-11-2024 14:25:00,10.95,10.95,10.8,10.8,2745925.0,1925.0,2452.75,2453.0,2452.0,2452.0,881200.0,2050.0
NIFTY,26-DEC-2024,26000.0,21-11-2024 14:26:00,10.75,10.8,10.7,10.8,2745925.0,0.0,2452.0,2452.1,2450.0,2451.8,881200.0,3875.0
NIFTY,26-DEC-2024,26000.0,21-11-2024 14:27:00,10.75,10.9,10.75,10.9,2745925.0,0.0,2450.0,2460.5,2450.0,2455.1,881200.0,1300.0
NIFTY,26-DEC-2024,26000.0,21-11-2024 14:28:00,10.9,10.9,10.7,10.9,2747550.0,11375.0,2455.15,2458.35,2453.45,2456.25,888500.0,2200.0
NIFTY,26-DEC-2024,26000.0,21-11-2024 14:29:00,10.9,10.9,10.8,10.9,2747550.0,0.0,2456.25,2459.4,2453.3,2454.3,888500.0,325.0
NIFTY,26-DEC-2024,26000.0,21-11-2024 14:30:00,10.8,10.95,10.8,10.8,2747550.0,0.0,2454.3,2461.4,2454.3,2461.4,888500.0,0.0
NIFTY,26-DEC-2024,26000.0,21-11-2024 14:31:00,10.8,10.85,10.75,10.75,2747550.0,7200.0,2456.15,2466.0,2456.15,2459.1,888500.0,2400.0
NIFTY,26-DEC-2024,26000.0,21-11-2024 14:32:00,10.75,10.8,10.7,10.7,2745925.0,2275.0,2459.1,2472.5,2459.1,2472.5,890700.0,50.0
NIFTY,26-DEC-2024,26000.0,21-11-2024 14:33:00,10.75,10.9,10.75,10.9,2745925.0,0.0,2472.5,2472.5,2468.4,2468.6,890700.0,575.0
NIFTY,26-DEC-2024,26000.0,21-11-2024 14:34:00,10.7,10.9,10.7,10.9,2744650.0,0.0,2468.3,2468.35,2467.5,2468.05,890700.0,200.0
NIFTY,26-DEC-2024,26000.0,21-11-2024 14:35:00,10.95,10.95,10.75,10.75,2744650.0,4450.0,2468.05,2468.05,2465.0,2465.0,891375.0,25.0
NIFTY,26-DEC-2024,26000.0,21-11-2024 14:36:00,10.8,11.2,10.8,10.95,2744650.0,3225.0,2471.0,2471.4,2470.7,2471.4,891375.0,1300.0
NIFTY,26-DEC-2024,26000.0,21-11-2024 14:37:00,11.05,11.15,11.0,11.0,2758925.0,18425.0,2471.4,2471.4,2466.15,2466.15,893175.0,875.0
NIFTY,26-DEC-2024,26000.0,21-11-2024 14:38:00,11.0,11.05,10.9,11.0,2758925.0,2275.0,2466.15,2471.2,2466.15,2471.2,893175.0,1675.0
NIFTY,26-DEC-2024,26000.0,21-11-2024 14:39:00,11.05,11.1,11.05,11.1,2758925.0,1925.0,2471.2,2471.2,2471.2,2471.2,893175.0,0.0
NIFTY,26-DEC-2024,26000.0,21-11-2024 14:40:00,11.1,11.1,10.9,11.0,2759050.0,1100.0,2471.2,2471.2,2468.75,2468.75,895075.0,1450.0
NIFTY,26-DEC-2024,26000.0,21-11-2024 14:41:00,10.9,11.0,10.8,11.0,2759050.0,1750.0,2469.75,2473.2,2469.75,2473.2,895075.0,1100.0
NIFTY,26-DEC-2024,26000.0,21-11-2024 14:42:00,10.85,11.0,10.75,10.9,2759050.0,1750.0,2473.2,2473.2,2465.9,2465.9,895075.0,350.0
NIFTY,26-DEC-2024,26000.0,21-11-2024 14:43:00,10.9,10.9,10.7,10.9,2759650.0,5400.0,2465.2,2465.2,2461.15,2461.45,898925.0,2650.0
NIFTY,26-DEC-2024,26000.0,21-11-2024 14:44:00,10.9,10.9,10.9,10.9,2759650.0,0.0,2461.45,2461.45,2454.5,2455.55,898925.0,200.0
NIFTY,26-DEC-2024,26000.0,21-11-2024 14:45:00,10.75,10.95,10.7,10.85,2759650.0,0.0,2455.25,2455.4,2451.3,2455.4,898925.0,1225.0
NIFTY,26-DEC-2024,26000.0,21-11-2024 14:46:00,10.85,11.0,10.75,11.0,2762525.0,13250.0,2455.4,2468.0,2455.0,2465.9,898925.0,2400.0
NIFTY,26-DEC-2024,26000.0,21-11-2024 14:47:00,10.85,11.0,10.85,10.85,2762525.0,2325.0,2468.0,2477.45,2468.0,2477.45,900375.0,1375.0
NIFTY,26-DEC-2024,26000.0,21-11-2024 14:48:00,10.95,11.05,10.85,11.0,2762525.0,0.0,2477.45,2485.0,2475.0,2475.0,900375.0,1575.0
NIFTY,26-DEC-2024,26000.0,21-11-2024 14:49:00,11.0,11.0,10.95,10.95,2762650.0,1925.0,2478.6,2478.6,2478.1,2478.1,900375.0,300.0
NIFTY,26-DEC-2024,26000.0,21-11-2024 14:50:00,10.95,10.95,10.95,10.95,2762650.0,2375.0,2478.1,2478.1,2478.1,2478.1,900375.0,0.0
NIFTY,26-DEC-2024,26000.0,21-11-2024 14:51:00,11.15,11.15,11.0,11.1,2762650.0,725.0,2480.1,2480.1,2480.1,2480.1,900375.0,50.0
NIFTY,26-DEC-2024,26000.0,21-11-2024 14:52:00,10.9,10.95,10.8,10.95,2763275.0,675.0,2474.0,2480.0,2474.0,2480.0,898375.0,75.0
NIFTY,26-DEC-2024,26000.0,21-11-2024 14:53:00,10.95,10.95,10.7,10.7,2763275.0,2825.0,2480.0,2482.0,2473.0,2482.0,898375.0,5600.0
NIFTY,26-DEC-2024,26000.0,21-11-2024 14:54:00,10.7,10.85,10.65,10.8,2763275.0,8150.0,2482.0,2482.0,2475.65,2476.2,898375.0,1925.0
NIFTY,26-DEC-2024,26000.0,21-11-2024 14:55:00,10.8,10.8,10.7,10.7,2760850.0,1350.0,2476.2,2485.0,2476.2,2479.35,905100.0,1575.0
NIFTY,26-DEC-2024,26000.0,21-11-2024 14:56:00,10.75,11.0,10.7,11.0,2760850.0,7500.0,2479.35,2479.35,2476.65,2478.85,905100.0,1200.0
NIFTY,26-DEC-2024,26000.0,21-11-2024 14:57:00,10.9,10.95,10.85,10.95,2760850.0,8750.0,2478.85,2490.55,2478.85,2490.0,905100.0,25.0
NIFTY,26-DEC-2024,26000.0,21-11-2024 14:58:00,10.85,11.0,10.85,11.0,2760850.0,5075.0,2490.0,2493.2,2483.75,2488.1,905100.0,1950.0
NIFTY,26-DEC-2024,26000.0,21-11-2024 14:59:00,10.9,11.0,10.8,10.9,2758650.0,1300.0,2488.1,2488.1,2482.6,2482.6,908750.0,50.0
NIFTY,26-DEC-2024,26000.0,21-11-2024 15:00:00,10.8,10.8,10.75,10.8,2758650.0,3800.0,2482.6,2485.0,2469.8,2479.95,908750.0,2050.0
NIFTY,26-DEC-2024,26000.0,21-11-2024 15:01:00,10.85,10.85,10.75,10.8,2757275.0,0.0,2479.95,2479.95,2465.0,2465.0,910775.0,75.0
NIFTY,26-DEC-2024,26000.0,21-11-2024 15:02:00,10.8,10.95,10.8,10.95,2757275.0,1325.0,2465.0,2472.9,2462.85,2472.9,910775.0,125.0
NIFTY,26-DEC-2024,26000.0,21-11-2024 15:03:00,10.85,11.05,10.7,10.7,2757275.0,0.0,2480.0,2487.95,2475.6,2487.95,910775.0,2475.0
NIFTY,26-DEC-2024,26000.0,21-11-2024 15:04:00,10.7,10.9,10.7,10.7,2758825.0,8250.0,2489.65,2495.0,2486.0,2486.0,913750.0,950.0
NIFTY,26-DEC-2024,26000.0,21-11-2024 15:05:00,10.65,10.8,10.65,10.8,2758825.0,1725.0,2490.0,2496.8,2490.0,2496.8,913750.0,0.0
NIFTY,26-DEC-2024,26000.0,21-11-2024 15:06:00,10.7,10.7,10.6,10.6,2758825.0,1500.0,2497.45,2497.45,2485.0,2485.0,913750.0,1325.0
NIFTY,26-DEC-2024,26000.0,21-11-2024 15:07:00,10.7,10.75,10.65,10.75,2758825.0,4325.0,2490.75,2490.75,2483.0,2483.0,913750.0,1175.0
NIFTY,26-DEC-2024,26000.0,21-11-2024 15:08:00,10.75,10.75,10.65,10.65,2759025.0,3675.0,2480.0,2484.65,2480.0,2484.65,914375.0,1100.0
NIFTY,26-DEC-2024,26000.0,21-11-2024 15:09:00,10.6,10.8,10.6,10.6,2759025.0,3025.0,2463.75,2475.0,2463.75,2472.35,914375.0,725.0
NIFTY,26-DEC-2024,26000.0,21-11-2024 15:10:00,10.6,10.65,10.5,10.65,2760150.0,13025.0,2472.35,2481.8,2472.35,2481.8,914375.0,625.0
NIFTY,26-DEC-2024,26000.0,21-11-2024 15:11:00,10.55,10.6,10.5,10.6,2760150.0,0.0,2481.8,2481.8,2468.0,2472.2,916675.0,100.0
NIFTY,26-DEC-2024,26000.0,21-11-2024 15:12:00,10.6,10.6,10.55,10.6,2760150.0,6275.0,2472.2,2475.15,2469.0,2475.15,916675.0,150.0
NIFTY,26-DEC-2024,26000.0,21-11-2024 15:13:00,10.6,10.6,10.6,10.6,2760150.0,875.0,2469.5,2469.5,2469.5,2469.5,916675.0,25.0
NIFTY,26-DEC-2024,26000.0,21-11-2024 15:14:00,10.55,10.7,10.55,10.55,2757375.0,2050.0,2462.85,2473.65,2462.85,2471.6,916875.0,2475.0
NIFTY,26-DEC-2024,26000.0,21-11-2024 15:15:00,10.7,10.7,10.55,10.65,2757375.0,1525.0,2470.95,2471.85,2465.95,2471.05,916875.0,575.0
NIFTY,26-DEC-2024,26000.0,21-11-2024 15:16:00,10.65,10.7,10.65,10.7,2757375.0,2525.0,2471.05,2471.05,2465.0,2465.0,916875.0,675.0
NIFTY,26-DEC-2024,26000.0,21-11-2024 15:17:00,10.65,10.7,10.65,10.65,2761050.0,0.0,2465.0,2465.0,2454.0,2454.7,918325.0,175.0
NIFTY,26-DEC-2024,26000.0,21-11-2024 15:18:00,10.7,10.75,10.7,10.7,2761050.0,0.0,2458.55,2458.55,2454.3,2454.3,918325.0,1750.0
NIFTY,26-DEC-2024,26000.0,21-11-2024 15:19:00,10.7,10.85,10.65,10.7,2760300.0,5125.0,2454.3,2465.75,2454.3,2461.0,918325.0,325.0
NIFTY,26-DEC-2024,26000.0,21-11-2024 15:20:00,10.7,10.8,10.65,10.8,2760300.0,6325.0,2462.0,2465.95,2462.0,2465.95,920700.0,800.0
NIFTY,26-DEC-2024,26000.0,21-11-2024 15:21:00,10.65,10.75,10.65,10.65,2760300.0,2350.0,2457.9,2457.9,2457.9,2457.9,920700.0,375.0
NIFTY,26-DEC-2024,26000.0,21-11-2024 15:22:00,10.65,10.8,10.3,10.3,2761450.0,450.0,2463.2,2464.0,2462.65,2462.65,921525.0,300.0
NIFTY,26-DEC-2024,26000.0,21-11-2024 15:23:00,10.55,10.65,10.45,10.65,2761450.0,9300.0,2467.05,2467.05,2467.05,2467.05,921525.0,700.0
NIFTY,26-DEC-2024,26000.0,21-11-2024 15:24:00,10.6,10.6,10.6,10.6,2761450.0,1275.0,2467.05,2467.05,2467.05,2467.05,921525.0,0.0
NIFTY,26-DEC-2024,26000.0,21-11-2024 15:25:00,10.75,10.8,10.75,10.8,2761600.0,1825.0,2467.05,2467.05,2467.05,2467.05,921525.0,0.0
NIFTY,26-DEC-2024,26000.0,21-11-2024 15:26:00,10.7,10.85,10.7,10.75,2761600.0,0.0,,,,,,
NIFTY,26-DEC-2024,26000.0,21-11-2024 15:27:00,10.75,10.8,10.55,10.6,2761600.0,19400.0,2470.7,2470.7,2460.0,2460.0,921550.0,25.0
NIFTY,26-DEC-2024,26000.0,21-11-2024 15:28:00,10.6,10.7,10.6,10.6,2761600.0,4150.0,2466.2,2466.2,2465.15,2465.15,921550.0,1575.0
NIFTY,26-DEC-2024,26000.0,21-11-2024 15:29:00,10.6,10.6,10.5,10.5,2762875.0,0.0,2465.15,2473.2,2465.15,2473.2,923100.0,100.0
NIFTY,26-DEC-2024,26000.0,22-11-2024 09:15:00,9.2,10.2,9.2,10.2,2746925.0,0.0,2473.2,2473.2,2473.2,2473.2,0.0,0.0
NIFTY,26-DEC-2024,26000.0,22-11-2024 09:16:00,10.7,10.7,10.5,10.5,2746925.0,2700.0,2473.2,2473.2,2473.2,2473.2,0.0,0.0
NIFTY,26-DEC-2024,26000.0,22-11-2024 09:17:00,10.4,10.7,10.4,10.7,2746925.0,3175.0,2473.2,2473.2,2473.2,2473.2,0.0,0.0
NIFTY,26-DEC-2024,26000.0,22-11-2024 09:18:00,10.7,10.7,10.7,10.7,2747375.0,825.0,2473.2,2473.2,2473.2,2473.2,0.0,0.0
NIFTY,26-DEC-2024,26000.0,22-11-2024 09:19:00,10.45,10.7,10.45,10.7,2747375.0,25.0,2473.2,2473.2,2385.0,2385.0,923025.0,0.0
NIFTY,26-DEC-2024,26000.0,22-11-2024 09:20:00,10.5,10.75,10.45,10.5,2747375.0,3125.0,2386.55,2386.55,2386.55,2386.55,923025.0,75.0
NIFTY,26-DEC-2024,26000.0,22-11-2024 09:21:00,10.4,10.9,10.35,10.4,2748650.0,10025.0,2382.95,2382.95,2373.45,2373.45,923025.0,50.0
NIFTY,26-DEC-2024,26000.0,22-11-2024 09:22:00,10.85,10.85,10.65,10.85,2748650.0,0.0,2373.45,2373.45,2317.35,2317.35,922975.0,675.0
NIFTY,26-DEC-2024,26000.0,22-11-2024 09:23:00,10.9,11.1,10.85,11.1,2748650.0,0.0,2317.35,2317.35,2300.0,2300.0,922975.0,400.0
NIFTY,26-DEC-2024,26000.0,22-11-2024 09:24:00,11.05,11.1,10.95,11.1,2748650.0,10575.0,2300.0,2300.0,2288.3,2300.0,922975.0,50.0
NIFTY,26-DEC-2024,26000.0,22-11-2024 09:25:00,11.0,11.0,10.85,11.0,2750375.0,5600.0,2300.0,2300.0,2294.2,2296.6,922175.0,250.0
NIFTY,26-DEC-2024,26000.0,22-11-2024 09:26:00,11.1,11.25,11.1,11.15,2750375.0,6750.0,2296.6,2307.3,2290.0,2302.5,922175.0,1175.0
NIFTY,26-DEC-2024,26000.0,22-11-2024 09:27:00,11.15,11.25,11.15,11.15,2768000.0,0.0,2302.5,2311.25,2300.0,2310.65,922175.0,350.0
NIFTY,26-DEC-2024,26000.0,22-11-2024 09:28:00,11.15,11.3,11.1,11.25,2768000.0,18525.0,2310.65,2310.65,2270.0,2277.15,923525.0,3700.0
NIFTY,26-DEC-2024,26000.0,22-11-2024 09:29:00,11.25,11.3,11.15,11.2,2768000.0,5700.0,2277.15,2291.55,2270.0,2291.55,923525.0,3575.0
NIFTY,26-DEC-2024,26000.0,22-11-2024 09:30:00,11.2,11.4,11.2,11.35,2772425.0,0.0,2291.55,2291.55,2270.0,2270.0,923525.0,1850.0
NIFTY,26-DEC-2024,26000.0,22-11-2024 09:31:00,11.1,11.25,11.1,11.2,2772425.0,0.0,2270.0,2270.0,2258.6,2267.6,928175.0,1175.0
NIFTY,26-DEC-2024,26000.0,22-11-2024 09:32:00,11.2,11.75,11.2,11.75,2772425.0,15600.0,2267.6,2274.35,2267.6,2270.75,928175.0,75.0
NIFTY,26-DEC-2024,26000.0,22-11-2024 09:33:00,11.8,11.8,11.45,11.45,2799325.0,29775.0,2270.75,2276.15,2270.75,2276.15,928175.0,50.0
NIFTY,26-DEC-2024,26000.0,22-11-2024 09:34:00,11.45,11.5,11.35,11.45,2799325.0,1425.0,2276.15,2276.15,2270.0,2270.0,928175.0,1800.0
NIFTY,26-DEC-2024,26000.0,22-11-2024 09:35:00,11.4,11.45,11.3,11.35,2799325.0,3050.0,2270.0,2280.0,2270.0,2280.0,929200.0,525.0
NIFTY,26-DEC-2024,26000.0,22-11-2024 09:36:00,11.35,11.35,11.2,11.3,2796475.0,0.0,2280.0,2280.0,2271.65,2271.65,932975.0,3250.0
NIFTY,26-DEC-2024,26000.0,22-11-2024 09:37:00,11.2,11.4,11.2,11.3,2796475.0,10250.0,2271.65,2285.0,2271.65,2285.0,932975.0,25.0
NIFTY,26-DEC-2024,26000.0,22-11-2024 09:38:00,11.35,11.35,11.25,11.3,2796475.0,1800.0,2285.0,2289.65,2285.0,2289.65,932975.0,25.0
NIFTY,26-DEC-2024,26000.0,22-11-2024 09:39:00,11.2,11.25,11.1,11.15,2796100.0,0.0,2289.65,2360.3,2289.65,2360.3,933075.0,200.0
NIFTY,26-DEC-2024,26000.0,22-11-2024 09:40:00,11.0,11.25,10.85,11.15,2796100.0,11675.0,2360.3,2371.4,2313.25,2313.25,933075.0,1975.0
NIFTY,26-DEC-2024,26000.0,22-11-2024 09:41:00,11.15,11.15,11.05,11.1,2796100.0,0.0,2317.85,2317.85,2300.0,2300.65,933075.0,1575.0
NIFTY,26-DEC-2024,26000.0,22-11-2024 09:42:00,11.1,11.15,11.05,11.15,2796100.0,6575.0,2300.65,2324.0,2300.65,2318.7,933075.0,200.0
NIFTY,26-DEC-2024,26000.0,22-11-2024 09:43:00,11.15,11.2,10.9,11.05,2794875.0,0.0,2318.7,2324.65,2317.7,2323.1,936550.0,1075.0
NIFTY,26-DEC-2024,26000.0,22-11-2024 09:44:00,11.05,11.05,10.8,10.95,2794875.0,3400.0,2330.0,2330.0,2330.0,2330.0,936550.0,100.0
NIFTY,26-DEC-2024,26000.0,22-11-2024 09:45:00,10.85,10.9,10.8,10.9,2791300.0,0.0,2330.0,2330.0,2323.05,2323.1,938675.0,1050.0
NIFTY,26-DEC-2024,26000.0,22-11-2024 09:46:00,10.9,11.05,10.85,10.9,2791300.0,10075.0,2323.1,2323.1,2308.45,2316.3,938675.0,2200.0
NIFTY,26-DEC-2024,26000.0,22-11-2024 09:47:00,10.85,10.85,10.65,10.65,2791300.0,0.0,2316.3,2350.0,2316.3,2350.0,938675.0,3625.0
NIFTY,26-DEC-2024,26000.0,22-11-2024 09:48:00,10.7,10.7,10.6,10.6,2791375.0,2725.0,2350.0,2350.0,2340.0,2340.0,945925.0,2850.0
NIFTY,26-DEC-2024,26000.0,22-11-2024 09:49:00,10.55,10.7,10.5,10.5,2791375.0,1875.0,2340.0,2360.0,2340.0,2360.0,945925.0,475.0
NIFTY,26-DEC-2024,26000.0,22-11-2024 09:50:00,10.6,10.65,10.55,10.55,2791375.0,0.0,2360.0,2364.5,2355.0,2361.8,945925.0,775.0
NIFTY,26-DEC-2024,26000.0,22-11-2024 09:51:00,10.5,10.75,10.5,10.65,2792650.0,0.0,2361.8,2391.55,2360.05,2391.55,948875.0,1175.0
NIFTY,26-DEC-2024,26000.0,22-11-2024 09:52:00,10.55,10.75,10.5,10.55,2792650.0,0.0,2391.55,2401.1,2389.1,2401.1,948875.0,200.0
NIFTY,26-DEC-2024,26000.0,22-11-2024 09:53:00,10.6,10.6,10.4,10.4,2792650.0,0.0,2401.1,2401.1,2389.2,2389.2,948875.0,50.0
NIFTY,26-DEC-2024,26000.0,22-11-2024 09:54:00,10.4,10.55,10.4,10.55,2792650.0,13950.0,2377.0,2377.0,2354.7,2354.7,948875.0,125.0
NIFTY,26-DEC-2024,26000.0,22-11-2024 09:55:00,10.6,10.75,10.6,10.7,2792375.0,350.0,2354.7,2354.7,2343.15,2343.15,948900.0,100.0
NIFTY,26-DEC-2024,26000.0,22-11-2024 09:56:00,10.65,10.65,10.3,10.5,2792375.0,0.0,2343.15,2343.15,2343.15,2343.15,948900.0,0.0
NIFTY,26-DEC-2024,26000.0,22-11-2024 09:57:00,10.35,10.5,10.1,10.15,2754300.0,0.0,2343.15,2350.0,2343.15,2344.4,948900.0,75.0
NIFTY,26-DEC-2024,26000.0,22-11-2024 09:58:00,10.3,10.3,10.2,10.3,2754300.0,54300.0,2349.9,2349.9,2328.6,2328.65,948975.0,275.0
NIFTY,26-DEC-2024,26000.0,22-11-2024 09:59:00,10.45,10.45,10.2,10.35,2754300.0,0.0,2328.65,2334.0,2326.3,2326.3,948975.0,225.0
NIFTY,26-DEC-2024,26000.0,22-11-2024 10:00:00,10.45,10.5,10.15,10.25,2745975.0,0.0,2326.3,2326.3,2304.0,2313.55,948975.0,225.0
NIFTY,26-DEC-2024,26000.0,22-11-2024 10:01:00,10.35,10.5,10.2,10.2,2745975.0,0.0,2313.55,2315.0,2310.0,2315.0,949000.0,75.0
NIFTY,26-DEC-2024,26000.0,22-11-2024 10:02:00,10.25,10.5,10.25,10.4,2745975.0,19925.0,2315.0,2315.0,2273.95,2273.95,949000.0,50.0
NIFTY,26-DEC-2024,26000.0,22-11-2024 10:03:00,10.4,10.65,10.3,10.3,2745050.0,2275.0,2272.2,2272.2,2248.85,2253.55,948900.0,450.0
NIFTY,26-DEC-2024,26000.0,22-11-2024 10:04:00,10.55,10.65,10.4,10.6,2745050.0,6150.0,2253.55,2253.55,2234.65,2243.1,948900.0,375.0
NIFTY,26-DEC-2024,26000.0,22-11-2024 10:05:00,10.55,10.75,10.5,10.5,2745050.0,7575.0,2243.1,2243.1,2210.0,2223.3,948900.0,550.0
NIFTY,26-DEC-2024,26000.0,22-11-2024 10:06:00,10.75,10.75,10.55,10.6,2746825.0,0.0,2213.0,2222.85,2208.2,2222.85,949075.0,425.0
NIFTY,26-DEC-2024,26000.0,22-11-2024 10:07:00,10.55,10.85,10.55,10.85,2746825.0,10550.0,2222.85,2224.8,2210.0,2210.0,949075.0,75.0
NIFTY,26-DEC-2024,26000.0,22-11-2024 10:08:00,10.8,10.85,10.7,10.7,2746825.0,0.0,2210.0,2212.4,2206.95,2206.95,949075.0,150.0
NIFTY,26-DEC-2024,26000.0,22-11-2024 10:09:00,10.85,10.95,10.8,10.85,2747775.0,2600.0,2206.95,2216.1,2181.35,2216.1,949250.0,350.0
NIFTY,26-DEC-2024,26000.0,22-11-2024 10:10:00,10.9,10.9,10.75,10.75,2747775.0,0.0,2216.1,2224.85,2212.7,2224.85,949250.0,275.0
NIFTY,26-DEC-2024,26000.0,22-11-2024 10:11:00,10.8,10.85,10.7,10.7,2747775.0,0.0,2224.85,2224.85,2222.55,2224.85,949250.0,525.0
NIFTY,26-DEC-2024,26000.0,22-11-2024 10:12:00,10.65,10.75,10.55,10.65,2750050.0,8100.0,2224.85,2225.15,2219.8,2219.8,949875.0,2450.0
NIFTY,26-DEC-2024,26000.0,22-11-2024 10:13:00,10.8,10.8,10.6,10.8,2750050.0,5925.0,2218.7,2228.15,2208.2,2223.85,949875.0,675.0
NIFTY,26-DEC-2024,26000.0,22-11-2024 10:14:00,10.65,10.8,10.65,10.7,2750050.0,1025.0,2223.85,2231.25,2218.4,2231.25,949875.0,25.0
NIFTY,26-DEC-2024,26000.0,22-11-2024 10:15:00,10.6,10.7,10.45,10.55,2748200.0,2800.0,2231.25,2236.4,2213.85,2236.4,954325.0,3625.0
NIFTY,26-DEC-2024,26000.0,22-11-2024 10:16:00,10.65,10.7,10.6,10.7,2748200.0,0.0,2236.4,2236.4,2210.0,2218.3,954325.0,1300.0
NIFTY,26-DEC-2024,26000.0,22-11-2024 10:17:00,10.7,10.85,10.7,10.75,2748200.0,5050.0,2211.8,2219.05,2211.8,2219.05,954325.0,425.0
NIFTY,26-DEC-2024,26000.0,22-11-2024 10:18:00,10.75,10.8,10.65,10.7,2750350.0,5200.0,2219.05,2219.05,2216.0,2216.0,954325.0,50.0
NIFTY,26-DEC-2024,26000.0,22-11-2024 10:19:00,10.7,10.75,10.65,10.7,2750350.0,1000.0,2216.0,2225.0,2216.0,2225.0,955750.0,150.0
NIFTY,26-DEC-2024,26000.0,22-11-2024 10:20:00,10.7,10.8,10.7,10.8,2750350.0,1875.0,2225.0,2225.0,2215.0,2215.0,955750.0,1825.0
NIFTY,26-DEC-2024,26000.0,22-11-2024 10:21:00,10.8,10.9,10.65,10.65,2751450.0,0.0,2215.0,2216.15,2210.0,2210.0,955625.0,2625.0
NIFTY,26-DEC-2024,26000.0,22-11-2024 10:22:00,10.55,10.95,10.5,10.8,2751450.0,8675.0,2210.0,2253.4,2210.0,2251.2,955625.0,725.0
NIFTY,26-DEC-2024,26000.0,22-11-2024 10:23:00,10.85,10.9,10.6,10.7,2751450.0,2375.0,2251.2,2259.0,2247.0,2258.65,955625.0,325.0
NIFTY,26-DEC-2024,26000.0,22-11-2024 10:24:00,10.6,10.75,10.6,10.6,2751450.0,1550.0,2258.65,2269.0,2258.65,2269.0,955625.0,150.0
NIFTY,26-DEC-2024,26000.0,22-11-2024 10:25:00,10.75,10.75,10.65,10.75,2752050.0,575.0,2269.0,2270.0,2259.75,2259.75,958100.0,150.0
NIFTY,26-DEC-2024,26000.0,22-11-2024 10:26:00,10.7,10.75,10.65,10.65,2752050.0,450.0,2259.75,2278.85,2258.0,2278.85,958100.0,275.0
NIFTY,26-DEC-2024,26000.0,22-11-2024 10:27:00,10.65,11.0,10.6,10.95,2750675.0,0.0,2278.85,2282.0,2278.35,2279.3,958500.0,175.0
NIFTY,26-DEC-2024,26000.0,22-11-2024 10:28:00,10.85,10.95,10.85,10.95,2750675.0,16650.0,2280.0,2284.0,2261.4,2261.4,958500.0,275.0
NIFTY,26-DEC-2024,26000.0,22-11-2024 10:29:00,10.95,11.05,10.95,10.95,2750675.0,1325.0,2261.4,2261.4,2250.0,2254.25,958500.0,325.0
NIFTY,26-DEC-2024,26000.0,22-11-2024 10:30:00,11.0,11.1,11.0,11.0,2752200.0,2125.0,2254.25,2254.25,2242.6,2243.45,958650.0,400.0
NIFTY,26-DEC-2024,26000.0,22-11-2024 10:31:00,11.1,11.1,10.9,10.9,2752200.0,3050.0,2243.45,2261.85,2236.75,2261.85,958650.0,250.0
NIFTY,26-DEC-2024,26000.0,22-11-2024 10:32:00,11.0,11.1,10.95,11.1,2752200.0,1200.0,2261.85,2272.5,2261.85,2272.5,958650.0,175.0
NIFTY,26-DEC-2024,26000.0,22-11-2024 10:33:00,11.1,11.1,10.95,10.95,2751675.0,0.0,2272.5,2272.5,2249.7,2254.2,958825.0,125.0
NIFTY,26-DEC-2024,26000.0,22-11-2024 10:34:00,11.05,11.15,11.0,11.15,2751675.0,3375.0,2254.2,2267.5,2254.2,2267.5,958825.0,175.0
NIFTY,26-DEC-2024,26000.0,22-11-2024 10:35:00,11.15,11.2,11.05,11.05,2751675.0,875.0,2267.5,2271.9,2263.0,2271.9,958825.0,250.0
NIFTY,26-DEC-2024,26000.0,22-11-2024 10:36:00,11.15,11.15,11.05,11.15,2751375.0,1500.0,2271.9,2271.9,2253.75,2260.0,958975.0,200.0
NIFTY,26-DEC-2024,26000.0,22-11-2024 10:37:00,11.2,11.2,11.05,11.05,2751375.0,0.0,2260.0,2265.2,2254.6,2260.0,958975.0,275.0
NIFTY,26-DEC-2024,26000.0,22-11-2024 10:38:00,11.1,11.15,11.0,11.05,2751375.0,1650.0,2260.0,2263.35,2255.55,2257.8,958975.0,175.0
NIFTY,26-DEC-2024,26000.0,22-11-2024 10:39:00,11.05,11.05,11.05,11.05,2751225.0,725.0,2257.8,2257.8,2248.0,2248.0,959150.0,150.0
NIFTY,26-DEC-2024,26000.0,22-11-2024 10:40:00,11.05,11.05,11.0,11.0,2751225.0,1925.0,2248.0,2248.0,2243.85,2243.85,959150.0,50.0
NIFTY,26-DEC-2024,26000.0,22-11-2024 10:41:00,11.0,11.05,10.9,11.0,2751225.0,1100.0,2263.35,2263.35,2255.7,2261.05,959150.0,525.0
NIFTY,26-DEC-2024,26000.0,22-11-2024 10:42:00,11.0,11.15,10.95,11.1,2751925.0,1425.0,2261.05,2270.0,2261.05,2267.15,959875.0,325.0
NIFTY,26-DEC-2024,26000.0,22-11-2024 10:43:00,10.9,10.95,10.85,10.85,2751925.0,875.0,2267.15,2295.0,2267.15,2295.0,959875.0,50.0
NIFTY,26-DEC-2024,26000.0,22-11-2024 10:44:00,10.85,10.85,10.85,10.85,2751925.0,150.0,2295.0,2295.0,2295.0,2295.0,959875.0,0.0
NIFTY,26-DEC-2024,26000.0,22-11-2024 10:45:00,10.85,10.85,10.8,10.8,2751625.0,0.0,2295.0,2295.0,2295.0,2295.0,959875.0,0.0
NIFTY,26-DEC-2024,26000.0,22-11-2024 10:46:00,10.75,10.8,10.75,10.8,2751625.0,500.0,2295.0,2299.5,2280.85,2299.45,959900.0,350.0
NIFTY,26-DEC-2024,26000.0,22-11-2024 10:47:00,10.8,10.8,10.55,10.6,2751625.0,0.0,2299.45,2339.0,2299.45,2339.0,959900.0,100.0
NIFTY,26-DEC-2024,26000.0,22-11-2024 10:48:00,10.55,10.65,10.45,10.6,2751225.0,4125.0,2339.0,2354.15,2335.9,2335.9,959900.0,200.0
NIFTY,26-DEC-2024,26000.0,22-11-2024 10:49:00,10.65,10.65,10.55,10.55,2751225.0,1875.0,2335.9,2335.9,2321.05,2321.05,960275.0,50.0
NIFTY,26-DEC-2024,26000.0,22-11-2024 10:50:00,10.65,10.7,10.65,10.7,2751225.0,175.0,2321.05,2335.8,2321.05,2335.8,960275.0,50.0
NIFTY,26-DEC-2024,26000.0,22-11-2024 10:51:00,10.75,10.9,10.7,10.85,2751525.0,1500.0,2335.8,2335.8,2321.75,2321.75,960325.0,50.0
NIFTY,26-DEC-2024,26000.0,22-11-2024 10:52:00,10.8,10.9,10.7,10.8,2751525.0,2525.0,2321.75,2321.75,2312.15,2312.15,960325.0,50.0
NIFTY,26-DEC-2024,26000.0,22-11-2024 10:53:00,10.65,10.7,10.55,10.55,2751525.0,300.0,2312.15,2321.15,2312.15,2321.15,960325.0,50.0
NIFTY,26-DEC-2024,26000.0,22-11-2024 10:54:00,10.6,10.7,10.6,10.6,2751850.0,0.0,2321.15,2321.15,2294.8,2294.8,960375.0,125.0
NIFTY,26-DEC-2024,26000.0,22-11-2024 10:55:00,10.6,10.65,10.5,10.55,2751850.0,600.0,2294.8,2294.8,2282.65,2292.5,960375.0,150.0
NIFTY,26-DEC-2024,26000.0,22-11-2024 10:56:00,10.45,10.65,10.45,10.45,2751850.0,800.0,2292.5,2304.1,2292.5,2299.1,960375.0,150.0
NIFTY,26-DEC-2024,26000.0,22-11-2024 10:57:00,10.45,10.7,10.45,10.7,2751850.0,700.0,2299.1,2305.1,2298.65,2305.1,960375.0,175.0
NIFTY,26-DEC-2024,26000.0,22-11-2024 10:58:00,10.6,10.65,10.5,10.6,2752450.0,1325.0,2305.1,2305.8,2300.5,2300.5,960500.0,150.0
NIFTY,26-DEC-2024,26000.0,22-11-2024 10:59:00,10.5,10.7,10.45,10.55,2752450.0,825.0,2300.5,2300.5,2284.15,2286.85,960500.0,150.0
NIFTY,26-DEC-2024,26000.0,22-11-2024 11:00:00,10.6,10.6,10.45,10.5,2751875.0,0.0,2286.85,2286.85,2275.3,2282.05,960500.0,175.0
NIFTY,26-DEC-2024,26000.0,22-11-2024 11:01:00,10.45,10.6,10.45,10.6,2751875.0,2975.0,2275.0,2292.65,2275.0,2291.4,960500.0,225.0
NIFTY,26-DEC-2024,26000.0,22-11-2024 11:02:00,10.5,10.6,10.5,10.5,2751875.0,1450.0,2291.4,2292.8,2280.15,2292.8,960500.0,200.0
NIFTY,26-DEC-2024,26000.0,22-11-2024 11:03:00,10.5,10.65,10.45,10.6,2751550.0,475.0,2292.8,2298.25,2280.55,2281.25,960625.0,150.0
NIFTY,26-DEC-2024,26000.0,22-11-2024 11:04:00,10.45,10.6,10.45,10.5,2751550.0,1875.0,2281.25,2292.7,2281.25,2285.2,960625.0,150.0
NIFTY,26-DEC-2024,26000.0,22-11-2024 11:05:00,10.5,10.65,10.5,10.5,2751550.0,0.0,2285.2,2285.2,2271.9,2276.9,960625.0,225.0
NIFTY,26-DEC-2024,26000.0,22-11-2024 11:06:00,10.5,10.65,10.45,10.45,2752300.0,750.0,2273.45,2279.5,2264.65,2278.3,960750.0,300.0
NIFTY,26-DEC-2024,26000.0,22-11-2024 11:07:00,10.45,10.6,10.45,10.45,2752300.0,800.0,2278.3,2288.2,2277.4,2283.55,960750.0,200.0
NIFTY,26-DEC-2024,26000.0,22-11-2024 11:08:00,10.5,10.55,10.4,10.5,2752300.0,375.0,2283.55,2290.4,2280.0,2284.0,960750.0,275.0
NIFTY,26-DEC-2024,26000.0,22-11-2024 11:09:00,10.45,10.6,10.45,10.45,2752500.0,0.0,2284.0,2293.3,2284.0,2292.4,961025.0,225.0
NIFTY,26-DEC-2024,26000.0,22-11-2024 11:10:00,10.45,10.7,10.45,10.55,2752500.0,825.0,2292.4,2298.3,2290.6,2290.6,961025.0,175.0
NIFTY,26-DEC-2024,26000.0,22-11-2024 11:11:00,10.45,10.5,10.35,10.4,2752500.0,0.0,2290.6,2300.35,2290.6,2297.1,961025.0,225.0
NIFTY,26-DEC-2024,26000.0,22-11-2024 11:12:00,10.5,10.6,10.4,10.45,2752200.0,1125.0,2297.1,2307.15,2295.8,2297.9,961250.0,275.0
NIFTY,26-DEC-2024,26000.0,22-11-2024 11:13:00,10.45,10.55,10.45,10.45,2752200.0,875.0,2297.9,2297.9,2289.0,2290.85,961250.0,225.0
NIFTY,26-DEC-2024,26000.0,22-11-2024 11:14:00,10.55,10.55,10.45,10.45,2752200.0,525.0,2290.85,2296.2,2284.95,2284.95,961250.0,175.0
NIFTY,26-DEC-2024,26000.0,22-11-2024 11:15:00,10.5,10.6,10.5,10.6,2752325.0,1200.0,2284.95,2288.0,2274.35,2284.35,961550.0,275.0
NIFTY,26-DEC-2024,26000.0,22-11-2024 11:16:00,10.55,10.6,10.5,10.6,2752325.0,250.0,2284.35,2301.55,2283.0,2301.55,961550.0,200.0
NIFTY,26-DEC-2024,26000.0,22-11-2024 11:17:00,10.65,10.65,10.5,10.55,2752325.0,1100.0,2301.55,2302.75,2288.5,2298.0,961550.0,175.0
NIFTY,26-DEC-2024,26000.0,22-11-2024 11:18:00,10.55,10.7,10.5,10.55,2752275.0,100.0,2298.0,2302.4,2298.0,2300.0,960650.0,1150.0
NIFTY,26-DEC-2024,26000.0,22-11-2024 11:19:00,10.55,10.65,10.4,10.45,2752275.0,575.0,2300.0,2305.8,2295.75,2299.95,960650.0,250.0
NIFTY,26-DEC-2024,26000.0,22-11-2024 11:20:00,10.55,10.65,10.45,10.45,2752275.0,700.0,2299.95,2311.85,2298.7,2301.55,960650.0,275.0
NIFTY,26-DEC-2024,26000.0,22-11-2024 11:21:00,10.65,10.65,10.5,10.5,2751500.0,875.0,2301.55,2301.55,2287.15,2287.15,960925.0,150.0
NIFTY,26-DEC-2024,26000.0,22-11-2024 11:22:00,10.5,10.5,10.4,10.4,2751500.0,350.0,2285.0,2305.55,2285.0,2305.55,960925.0,475.0
NIFTY,26-DEC-2024,26000.0,22-11-2024 11:23:00,10.4,10.5,10.4,10.45,2751500.0,1075.0,2305.55,2315.15,2305.05,2305.05,960925.0,575.0
NIFTY,26-DEC-2024,26000.0,22-11-2024 11:24:00,10.45,10.6,10.45,10.5,2751500.0,225.0,2305.05,2311.75,2305.05,2311.75,961175.0,200.0
NIFTY,26-DEC-2024,26000.0,22-11-2024 11:25:00,10.5,10.6,10.45,10.5,2751500.0,425.0,2311.75,2311.75,2293.65,2303.65,961175.0,250.0
NIFTY,26-DEC-2024,26000.0,22-11-2024 11:26:00,10.5,10.65,10.5,10.55,2751500.0,250.0,2303.65,2311.7,2303.65,2304.55,961175.0,150.0
NIFTY,26-DEC-2024,26000.0,22-11-2024 11:27:00,10.65,10.65,10.5,10.55,2751200.0,925.0,2304.55,2304.55,2290.05,2297.85,961175.0,150.0
NIFTY,26-DEC-2024,26000.0,22-11-2024 11:28:00,10.7,10.7,10.55,10.55,2751200.0,275.0,2295.6,2298.35,2291.4,2292.55,961300.0,150.0
NIFTY,26-DEC-2024,26000.0,22-11-2024 11:29:00,10.65,10.65,10.45,10.45,2751200.0,4375.0,2292.55,2296.55,2292.05,2296.55,961300.0,150.0
NIFTY,26-DEC-2024,26000.0,22-11-2024 11:30:00,10.6,10.7,10.45,10.45,2751200.0,250.0,2296.55,2296.55,2287.6,2287.6,961300.0,200.0
NIFTY,26-DEC-2024,26000.0,22-11-2024 11:31:00,10.65,10.65,10.5,10.6,2747600.0,0.0,2287.6,2293.3,2281.4,2292.15,961300.0,175.0
NIFTY,26-DEC-2024,26000.0,22-11-2024 11:32:00,10.5,10.6,10.5,10.5,2747600.0,1875.0,2292.15,2292.15,2280.05,2280.05,961300.0,125.0
NIFTY,26-DEC-2024,26000.0,22-11-2024 11:33:00,10.45,10.7,10.45,10.5,2747600.0,475.0,2280.05,2282.1,2279.6,2279.6,961325.0,200.0
NIFTY,26-DEC-2024,26000.0,22-11-2024 11:34:00,10.45,10.55,10.45,10.55,2747050.0,825.0,2279.6,2286.55,2279.6,2286.55,961325.0,150.0
NIFTY,26-DEC-2024,26000.0,22-11-2024 11:35:00,10.5,10.6,10.45,10.45,2747050.0,950.0,2286.55,2289.75,2284.85,2288.35,961325.0,175.0
NIFTY,26-DEC-2024,26000.0,22-11-2024 11:36:00,10.6,10.6,10.3,10.4,2747100.0,0.0,2288.35,2293.1,2273.95,2287.55,962675.0,1950.0
NIFTY,26-DEC-2024,26000.0,22-11-2024 11:37:00,10.4,10.65,10.3,10.4,2747100.0,2725.0,2287.55,2287.9,2285.25,2287.9,962675.0,150.0
NIFTY,26-DEC-2024,26000.0,22-11-2024 11:38:00,10.4,10.65,10.4,10.65,2747100.0,2325.0,2287.9,2287.9,2251.6,2251.7,962675.0,800.0
NIFTY,26-DEC-2024,26000.0,22-11-2024 11:39:00,10.55,10.7,10.5,10.5,2746925.0,775.0,2251.7,2251.7,2227.9,2238.95,962675.0,150.0
NIFTY,26-DEC-2024,26000.0,22-11-2024 11:40:00,10.5,10.5,10.2,10.45,2746925.0,3950.0,2238.95,2240.0,2235.55,2238.85,963200.0,150.0
NIFTY,26-DEC-2024,26000.0,22-11-2024 11:41:00,10.4,10.5,10.35,10.35,2746925.0,1650.0,2238.85,2249.1,2238.85,2249.1,963200.0,375.0
NIFTY,26-DEC-2024,26000.0,22-11-2024 11:42:00,10.5,10.5,10.35,10.35,2746925.0,500.0,2249.1,2258.85,2249.1,2258.5,963200.0,125.0
NIFTY,26-DEC-2024,26000.0,22-11-2024 11:43:00,10.45,10.5,10.3,10.35,2747475.0,450.0,2262.0,2264.55,2251.7,2251.7,963500.0,350.0
NIFTY,26-DEC-2024,26000.0,22-11-2024 11:44:00,10.35,10.35,10.35,10.35,2747475.0,175.0,2251.7,2253.5,2250.6,2253.5,963500.0,175.0
NIFTY,26-DEC-2024,26000.0,22-11-2024 11:45:00,10.35,10.5,10.35,10.4,2747450.0,550.0,2253.5,2253.5,2242.9,2242.9,963500.0,175.0
NIFTY,26-DEC-2024,26000.0,22-11-2024 11:46:00,10.4,10.45,10.4,10.45,2747450.0,475.0,2242.9,2242.9,2238.95,2241.35,963500.0,175.0
NIFTY,26-DEC-2024,26000.0,22-11-2024 11:47:00,10.35,10.55,10.35,10.45,2747450.0,750.0,2241.35,2254.65,2236.8,2252.7,963500.0,250.0
NIFTY,26-DEC-2024,26000.0,22-11-2024 11:48:00,10.45,10.55,10.45,10.45,2748550.0,300.0,2252.7,2252.7,2234.85,2241.4,963500.0,350.0
NIFTY,26-DEC-2024,26000.0,22-11-2024 11:49:00,10.45,10.5,10.45,10.5,2748550.0,1000.0,2241.4,2248.7,2241.4,2246.4,963650.0,600.0
NIFTY,26-DEC-2024,26000.0,22-11-2024 11:50:00,10.45,10.5,10.45,10.45,2748550.0,975.0,2246.4,2246.8,2236.4,2240.6,963650.0,275.0
NIFTY,26-DEC-2024,26000.0,22-11-2024 11:51:00,10.55,10.55,10.45,10.45,2748550.0,450.0,2240.6,2248.45,2237.25,2239.35,963650.0,225.0
NIFTY,26-DEC-2024,26000.0,22-11-2024 11:52:00,10.45,10.5,10.45,10.45,2749650.0,1025.0,2239.35,2250.0,2239.35,2247.2,963725.0,300.0
NIFTY,26-DEC-2024,26000.0,22-11-2024 11:53:00,10.4,10.6,10.4,10.45,2749650.0,8075.0,2247.2,2247.95,2218.65,2224.1,963725.0,475.0
NIFTY,26-DEC-2024,26000.0,22-11-2024 11:54:00,10.55,10.7,10.55,10.55,2749650.0,3875.0,2224.1,2225.1,2209.45,2216.25,963725.0,325.0
NIFTY,26-DEC-2024,26000.0,22-11-2024 11:55:00,10.7,10.7,10.45,10.5,2750350.0,975.0,2216.25,2223.25,2215.4,2218.75,963825.0,225.0
NIFTY,26-DEC-2024,26000.0,22-11-2024 11:56:00,10.6,10.75,10.55,10.6,2750350.0,1525.0,2218.75,2220.65,2208.2,2212.65,963825.0,275.0
NIFTY,26-DEC-2024,26000.0,22-11-2024 11:57:00,10.6,10.65,10.5,10.5,2750350.0,375.0,2213.45,2230.65,2210.8,2228.15,963825.0,300.0
NIFTY,26-DEC-2024,26000.0,22-11-2024 11:58:00,10.5,10.55,10.45,10.45,2750175.0,350.0,2228.15,2232.95,2221.9,2230.2,963850.0,325.0
NIFTY,26-DEC-2024,26000.0,22-11-2024 11:59:00,10.55,10.9,10.55,10.9,2750175.0,675.0,2230.2,2230.2,2215.0,2221.85,963850.0,300.0
NIFTY,26-DEC-2024,26000.0,22-11-2024 12:00:00,10.95,11.0,10.85,11.0,2750175.0,1150.0,2221.85,2221.85,2214.8,2219.65,963850.0,250.0
NIFTY,26-DEC-2024,26000.0,22-11-2024 12:01:00,10.9,11.0,10.8,10.8,2750425.0,675.0,2218.4,2228.3,2213.25,2228.3,964050.0,325.0
NIFTY,26-DEC-2024,26000.0,22-11-2024 12:02:00,11.0,11.15,10.95,10.95,2750425.0,1250.0,2228.3,2228.3,2215.45,2215.45,964050.0,300.0
NIFTY,26-DEC-2024,26000.0,22-11-2024 12:03:00,11.1,11.1,10.95,10.95,2750425.0,775.0,2215.45,2228.85,2215.45,2228.35,964050.0,300.0
NIFTY,26-DEC-2024,26000.0,22-11-2024 12:04:00,11.15,11.25,11.05,11.25,2750425.0,625.0,2228.35,2228.35,2209.9,2209.9,964225.0,300.0
NIFTY,26-DEC-2024,26000.0,22-11-2024 12:05:00,11.25,11.45,11.2,11.35,2750425.0,0.0,2211.05,2216.7,2179.85,2183.15,964225.0,400.0
NIFTY,26-DEC-2024,26000.0,22-11-2024 12:06:00,11.45,11.75,11.45,11.7,2750425.0,0.0,2183.15,2183.15,2157.4,2159.3,964225.0,275.0
NIFTY,26-DEC-2024,26000.0,22-11-2024 12:07:00,11.75,11.9,11.7,11.75,2754425.0,0.0,2159.3,2159.3,2142.1,2151.25,964175.0,325.0
NIFTY,26-DEC-2024,26000.0,22-11-2024 12:08:00,11.8,11.9,11.35,11.4,2754425.0,0.0,2151.25,2170.1,2142.8,2170.1,964175.0,250.0
NIFTY,26-DEC-2024,26000.0,22-11-2024 12:09:00,11.45,11.5,11.35,11.45,2754425.0,43400.0,2170.1,2170.1,2151.6,2160.85,964175.0,350.0
NIFTY,26-DEC-2024,26000.0,22-11-2024 12:10:00,11.5,11.5,11.35,11.4,2751125.0,6650.0,2160.85,2174.0,2157.8,2174.0,964275.0,275.0
NIFTY,26-DEC-2024,26000.0,22-11-2024 12:11:00,11.35,11.35,11.15,11.2,2751125.0,1250.0,2174.0,2179.85,2168.2,2174.3,964275.0,350.0
NIFTY,26-DEC-2024,26000.0,22-11-2024 12:12:00,11.2,11.35,11.2,11.2,2751125.0,0.0,2174.3,2186.95,2174.3,2183.0,964275.0,400.0
NIFTY,26-DEC-2024,26000.0,22-11-2024 12:13:00,11.2,11.4,11.2,11.25,2750025.0,6475.0,2183.0,2188.75,2180.0,2183.25,964375.0,275.0
NIFTY,26-DEC-2024,26000.0,22-11-2024 12:14:00,11.25,11.55,11.25,11.45,2750025.0,1850.0,2183.25,2183.65,2175.55,2175.55,964375.0,275.0
NIFTY,26-DEC-2024,26000.0,22-11-2024 12:15:00,11.55,11.6,11.4,11.6,2750025.0,2750.0,2175.55,2175.55,2164.2,2164.2,964375.0,225.0
NIFTY,26-DEC-2024,26000.0,22-11-2024 12:16:00,11.5,11.6,11.45,11.55,2751775.0,4050.0,2164.25,2182.0,2164.25,2180.0,964475.0,400.0
NIFTY,26-DEC-2024,26000.0,22-11-2024 12:17:00,11.65,11.7,11.5,11.7,2751775.0,0.0,2180.2,2189.45,2171.25,2182.05,964475.0,425.0
NIFTY,26-DEC-2024,26000.0,22-11-2024 12:18:00,11.6,11.7,11.5,11.65,2751775.0,8925.0,2182.05,2189.9,2182.05,2189.9,964475.0,250.0
NIFTY,26-DEC-2024,26000.0,22-11-2024 12:19:00,11.55,11.75,11.5,11.65,2757025.0,0.0,2189.9,2203.0,2185.25,2198.55,964775.0,450.0
NIFTY,26-DEC-2024,26000.0,22-11-2024 12:20:00,11.7,11.8,11.6,11.65,2757025.0,0.0,2198.55,2198.55,2177.6,2184.05,964775.0,450.0
NIFTY,26-DEC-2024,26000.0,22-11-2024 12:21:00,11.65,11.8,11.5,11.7,2757025.0,0.0,2184.05,2186.05,2171.05,2174.65,964775.0,800.0
NIFTY,26-DEC-2024,26000.0,22-11-2024 12:22:00,11.7,11.9,11.7,11.9,2769150.0,24400.0,2174.35,2184.35,2165.45,2177.15,964875.0,575.0
NIFTY,26-DEC-2024,26000.0,22-11-2024 12:23:00,11.9,12.05,11.8,12.05,2769150.0,9400.0,2177.15,2179.2,2163.85,2163.9,964875.0,500.0
NIFTY,26-DEC-2024,26000.0,22-11-2024 12:24:00,12.05,12.1,11.9,11.95,2769150.0,5850.0,2163.25,2174.35,2163.25,2174.35,964875.0,750.0
NIFTY,26-DEC-2024,26000.0,22-11-2024 12:25:00,11.95,12.15,11.85,12.15,2781950.0,8550.0,2175.45,2175.45,2157.2,2160.4,964975.0,2650.0
NIFTY,26-DEC-2024,26000.0,22-11-2024 12:26:00,12.0,12.25,12.0,12.2,2781950.0,10225.0,2160.8,2170.0,2156.7,2169.95,964975.0,1100.0
NIFTY,26-DEC-2024,26000.0,22-11-2024 12:27:00,12.1,12.2,12.1,12.15,2781950.0,4000.0,2173.0,2179.95,2171.65,2177.55,964975.0,500.0
NIFTY,26-DEC-2024,26000.0,22-11-2024 12:28:00,12.2,12.2,12.0,12.2,2784550.0,1350.0,2177.55,2177.55,2169.4,2175.95,965150.0,675.0
NIFTY,26-DEC-2024,26000.0,22-11-2024 12:29:00,12.2,12.3,12.1,12.2,2784550.0,5950.0,2175.95,2179.85,2166.6,2173.5,965150.0,350.0
NIFTY,26-DEC-2024,26000.0,22-11-2024 12:30:00,12.15,12.2,12.05,12.1,2784550.0,5400.0,2173.5,2179.95,2164.9,2164.9,965150.0,325.0
NIFTY,26-DEC-2024,26000.0,22-11-2024 12:31:00,12.2,12.35,12.1,12.25,2775475.0,10175.0,2164.9,2164.9,2150.0,2159.1,965250.0,325.0
NIFTY,26-DEC-2024,26000.0,22-11-2024 12:32:00,12.3,12.45,12.2,12.25,2775475.0,10775.0,2159.1,2159.1,2138.0,2145.1,965250.0,925.0
NIFTY,26-DEC-2024,26000.0,22-11-2024 12:33:00,12.2,12.2,12.0,12.05,2775475.0,0.0,2145.4,2159.95,2143.4,2159.05,965250.0,1500.0
NIFTY,26-DEC-2024,26000.0,22-11-2024 12:34:00,12.05,12.2,12.0,12.05,2773025.0,16325.0,2151.1,2167.55,2150.05,2159.65,965175.0,1050.0
NIFTY,26-DEC-2024,26000.0,22-11-2024 12:35:00,12.0,12.2,12.0,12.1,2773025.0,0.0,2164.1,2164.1,2145.9,2154.1,965175.0,300.0
NIFTY,26-DEC-2024,26000.0,22-11-2024 12:36:00,12.1,12.1,12.0,12.05,2773025.0,1575.0,2154.1,2164.5,2154.1,2163.05,965175.0,275.0
NIFTY,26-DEC-2024,26000.0,22-11-2024 12:37:00,12.0,12.05,11.8,11.8,2781725.0,6700.0,2163.05,2170.5,2159.75,2168.9,965450.0,275.0
NIFTY,26-DEC-2024,26000.0,22-11-2024 12:38:00,11.8,11.8,11.6,11.7,2781725.0,10425.0,2168.9,2173.4,2164.0,2166.45,965450.0,375.0
NIFTY,26-DEC-2024,26000.0,22-11-2024 12:39:00,11.6,11.85,11.6,11.75,2781725.0,9950.0,2166.45,2167.1,2158.6,2165.85,965450.0,450.0
NIFTY,26-DEC-2024,26000.0,22-11-2024 12:40:00,11.75,12.15,11.75,12.1,2782175.0,2875.0,2165.85,2166.2,2146.15,2150.95,965325.0,1100.0
NIFTY,26-DEC-2024,26000.0,22-11-2024 12:41:00,12.2,12.4,12.15,12.4,2782175.0,10400.0,2149.85,2149.85,2120.1,2128.9,965325.0,1100.0
NIFTY,26-DEC-2024,26000.0,22-11-2024 12:42:00,12.45,12.45,12.25,12.3,2782175.0,7700.0,2128.9,2136.05,2120.3,2132.4,965325.0,800.0
NIFTY,26-DEC-2024,26000.0,22-11-2024 12:43:00,12.25,12.45,12.2,12.35,2782550.0,925.0,2132.4,2139.1,2119.65,2128.8,965775.0,925.0
NIFTY,26-DEC-2024,26000.0,22-11-2024 12:44:00,12.45,12.5,12.3,12.4,2782550.0,5600.0,2128.8,2139.65,2115.55,2135.05,965775.0,1925.0
NIFTY,26-DEC-2024,26000.0,22-11-2024 12:45:00,12.4,12.55,12.35,12.45,2782550.0,4575.0,2135.85,2135.9,2118.6,2135.35,965775.0,1275.0
NIFTY,26-DEC-2024,26000.0,22-11-2024 12:46:00,12.45,12.5,12.3,12.5,2778725.0,7925.0,2135.35,2139.05,2127.65,2135.95,965575.0,900.0
NIFTY,26-DEC-2024,26000.0,22-11-2024 12:47:00,12.55,12.55,12.25,12.25,2778725.0,7775.0,2135.95,2138.6,2120.0,2138.4,965575.0,800.0
NIFTY,26-DEC-2024,26000.0,22-11-2024 12:48:00,12.3,12.3,12.2,12.3,2778725.0,4475.0,2138.4,2140.0,2125.0,2139.85,965575.0,575.0
NIFTY,26-DEC-2024,26000.0,22-11-2024 12:49:00,12.15,12.3,12.0,12.2,2768825.0,8275.0,2139.85,2144.8,2118.55,2123.25,965900.0,1050.0
NIFTY,26-DEC-2024,26000.0,22-11-2024 12:50:00,12.3,12.35,12.15,12.15,2768825.0,16925.0,2123.25,2128.7,2120.0,2128.7,965900.0,475.0
NIFTY,26-DEC-2024,26000.0,22-11-2024 12:51:00,12.15,12.15,11.95,12.0,2768825.0,5325.0,2128.7,2150.1,2128.7,2148.4,965900.0,350.0
NIFTY,26-DEC-2024,26000.0,22-11-2024 12:52:00,11.95,12.05,11.95,12.05,2766175.0,3125.0,2148.4,2150.2,2139.0,2150.2,965700.0,375.0
NIFTY,26-DEC-2024,26000.0,22-11-2024 12:53:00,12.0,12.1,12.0,12.05,2766175.0,0.0,2149.6,2150.35,2137.1,2142.15,965700.0,250.0
NIFTY,26-DEC-2024,26000.0,22-11-2024 12:54:00,12.05,12.2,12.05,12.1,2766175.0,4425.0,2138.75,2145.55,2138.75,2139.25,965700.0,350.0
NIFTY,26-DEC-2024,26000.0,22-11-2024 12:55:00,12.1,12.15,11.95,12.0,2767200.0,0.0,2139.25,2145.15,2139.25,2140.8,965700.0,225.0
NIFTY,26-DEC-2024,26000.0,22-11-2024 12:56:00,12.1,12.1,12.0,12.05,2767200.0,0.0,2140.75,2150.0,2140.25,2150.0,965700.0,400.0
NIFTY,26-DEC-2024,26000.0,22-11-2024 12:57:00,12.0,12.1,11.95,11.95,2767200.0,10675.0,2149.95,2158.2,2141.1,2157.95,965700.0,400.0
NIFTY,26-DEC-2024,26000.0,22-11-2024 12:58:00,11.85,11.95,11.85,11.85,2760525.0,1075.0,2157.95,2158.5,2148.85,2148.85,965650.0,350.0
NIFTY,26-DEC-2024,26000.0,22-11-2024 12:59:00,11.85,12.4,11.85,12.4,2760525.0,725.0,2148.85,2148.85,2135.1,2135.1,965650.0,250.0
NIFTY,26-DEC-2024,26000.0,22-11-2024 13:00:00,12.35,12.8,12.35,12.75,2760525.0,0.0,2135.1,2135.1,2122.25,2123.8,965650.0,200.0
NIFTY,26-DEC-2024,26000.0,22-11-2024 13:01:00,12.75,12.95,12.75,12.9,2758525.0,12275.0,2110.9,2118.8,2099.85,2099.85,965675.0,450.0
NIFTY,26-DEC-2024,26000.0,22-11-2024 13:02:00,12.85,12.85,12.7,12.7,2758525.0,0.0,2099.85,2108.9,2093.0,2108.9,965675.0,775.0
NIFTY,26-DEC-2024,26000.0,22-11-2024 13:03:00,12.75,12.85,12.7,12.8,2758525.0,19875.0,2108.9,2109.3,2095.2,2109.3,965675.0,300.0
NIFTY,26-DEC-2024,26000.0,22-11-2024 13:04:00,12.65,12.65,12.4,12.4,2749450.0,2350.0,2109.3,2117.25,2108.45,2109.9,965425.0,275.0
NIFTY,26-DEC-2024,26000.0,22-11-2024 13:05:00,12.35,12.35,12.15,12.2,2749450.0,0.0,2109.9,2117.9,2109.9,2112.4,965425.0,375.0
NIFTY,26-DEC-2024,26000.0,22-11-2024 13:06:00,12.2,12.3,12.15,12.25,2749450.0,5025.0,2112.4,2115.5,2107.85,2114.4,965425.0,400.0
NIFTY,26-DEC-2024,26000.0,22-11-2024 13:07:00,12.4,12.55,12.25,12.5,2752350.0,8325.0,2114.4,2120.0,2110.65,2120.0,965550.0,350.0
NIFTY,26-DEC-2024,26000.0,22-11-2024 13:08:00,12.5,12.5,12.3,12.35,2752350.0,0.0,2120.0,2120.25,2117.95,2120.25,965550.0,275.0
NIFTY,26-DEC-2024,26000.0,22-11-2024 13:09:00,12.35,12.35,12.15,12.2,2752350.0,8725.0,2120.25,2130.85,2120.25,2122.95,965550.0,375.0
NIFTY,26-DEC-2024,26000.0,22-11-2024 13:10:00,12.2,12.3,12.1,12.2,2753950.0,0.0,2122.65,2125.6,2122.65,2125.25,965625.0,250.0
NIFTY,26-DEC-2024,26000.0,22-11-2024 13:11:00,12.35,12.35,12.2,12.2,2753950.0,5150.0,2120.25,2130.3,2120.25,2130.3,965625.0,300.0
NIFTY,26-DEC-2024,26000.0,22-11-2024 13:12:00,12.15,12.6,12.1,12.55,2753950.0,3850.0,2130.3,2133.55,2098.75,2098.75,965625.0,600.0
NIFTY,26-DEC-2024,26000.0,22-11-2024 13:13:00,12.5,12.6,12.5,12.5,2756500.0,0.0,2100.1,2100.1,2090.0,2098.15,965450.0,325.0
NIFTY,26-DEC-2024,26000.0,22-11-2024 13:14:00,12.55,12.55,12.4,12.4,2756500.0,0.0,2100.0,2118.15,2100.0,2116.3,965450.0,275.0
NIFTY,26-DEC-2024,26000.0,22-11-2024 13:15:00,12.45,12.5,12.4,12.4,2756500.0,0.0,2116.3,2116.3,2105.5,2114.7,965450.0,200.0
NIFTY,26-DEC-2024,26000.0,22-11-2024 13:16:00,12.35,12.45,12.35,12.4,2756600.0,8050.0,2114.7,2114.95,2102.05,2103.2,965450.0,650.0
NIFTY,26-DEC-2024,26000.0,22-11-2024 13:17:00,12.5,12.85,12.45,12.85,2756600.0,0.0,2097.5,2098.8,2092.45,2098.8,965450.0,250.0
NIFTY,26-DEC-2024,26000.0,22-11-2024 13:18:00,12.85,12.95,12.75,12.8,2756600.0,0.0,2094.6,2101.15,2090.35,2099.55,965450.0,375.0
NIFTY,26-DEC-2024,26000.0,22-11-2024 13:19:00,12.8,12.95,12.8,12.85,2755450.0,0.0,2099.55,2099.55,2090.0,2095.45,965450.0,800.0
NIFTY,26-DEC-2024,26000.0,22-11-2024 13:20:00,12.85,12.9,12.5,12.65,2755450.0,9275.0,2095.45,2113.65,2093.35,2101.65,965450.0,675.0
NIFTY,26-DEC-2024,26000.0,22-11-2024 13:21:00,12.5,12.6,12.5,12.6,2755450.0,3775.0,2101.85,2101.85,2094.9,2094.9,965450.0,525.0
NIFTY,26-DEC-2024,26000.0,22-11-2024 13:22:00,12.7,12.75,12.5,12.6,2756750.0,0.0,2095.7,2105.4,2095.7,2105.4,965350.0,725.0
NIFTY,26-DEC-2024,26000.0,22-11-2024 13:23:00,12.65,12.75,12.6,12.65,2756750.0,29525.0,2106.35,2109.9,2094.0,2095.0,965350.0,375.0
NIFTY,26-DEC-2024,26000.0,22-11-2024 13:24:00,12.75,12.8,12.6,12.65,2756750.0,0.0,2095.0,2103.35,2090.8,2103.35,965350.0,375.0
NIFTY,26-DEC-2024,26000.0,22-11-2024 13:25:00,12.6,12.7,12.55,12.6,2761850.0,11525.0,2104.0,2109.45,2100.0,2107.85,965300.0,350.0
NIFTY,26-DEC-2024,26000.0,22-11-2024 13:26:00,12.6,12.7,12.55,12.6,2761850.0,3625.0,2107.85,2108.25,2094.35,2101.15,965300.0,525.0
NIFTY,26-DEC-2024,26000.0,22-11-2024 13:27:00,12.6,12.6,12.5,12.55,2761850.0,0.0,2101.85,2116.7,2101.85,2112.95,965300.0,300.0
NIFTY,26-DEC-2024,26000.0,22-11-2024 13:28:00,12.5,12.55,12.4,12.5,2761150.0,0.0,2112.95,2115.5,2108.9,2108.9,965200.0,400.0
NIFTY,26-DEC-2024,26000.0,22-11-2024 13:29:00,12.4,12.55,12.3,12.5,2761150.0,0.0,2109.15,2127.4,2105.15,2119.55,965200.0,1150.0
NIFTY,26-DEC-2024,26000.0,22-11-2024 13:30:00,12.5,12.5,12.3,12.35,2761150.0,16300.0,2119.55,2120.65,2105.5,2116.2,965200.0,250.0
NIFTY,26-DEC-2024,26000.0,22-11-2024 13:31:00,12.4,12.4,12.2,12.25,2754400.0,0.0,2116.2,2125.55,2115.55,2119.15,965400.0,425.0
NIFTY,26-DEC-2024,26000.0,22-11-2024 13:32:00,12.2,12.2,11.9,11.9,2754400.0,12425.0,2119.15,2141.0,2119.15,2141.0,965400.0,500.0
NIFTY,26-DEC-2024,26000.0,22-11-2024 13:33:00,11.8,12.0,11.7,11.95,2754400.0,0.0,2141.0,2151.9,2133.2,2133.2,965400.0,350.0
NIFTY,26-DEC-2024,26000.0,22-11-2024 13:34:00,12.05,12.35,12.05,12.2,2753225.0,16475.0,2137.4,2137.4,2123.5,2124.15,965800.0,325.0
NIFTY,26-DEC-2024,26000.0,22-11-2024 13:35:00,12.35,12.65,12.3,12.45,2753225.0,1550.0,2124.15,2124.55,2105.95,2112.75,965800.0,550.0
NIFTY,26-DEC-2024,26000.0,22-11-2024 13:36:00,12.6,12.65,12.4,12.5,2753225.0,1800.0,2112.75,2112.75,2103.25,2111.05,965800.0,425.0
NIFTY,26-DEC-2024,26000.0,22-11-2024 13:37:00,12.5,12.6,12.25,12.25,2753275.0,3250.0,2111.05,2111.05,2099.25,2104.6,965850.0,1100.0
NIFTY,26-DEC-2024,26000.0,22-11-2024 13:38:00,12.2,12.2,11.85,11.95,2753275.0,28800.0,2104.6,2119.25,2104.6,2115.15,965850.0,400.0
NIFTY,26-DEC-2024,26000.0,22-11-2024 13:39:00,12.05,12.1,11.9,12.0,2753275.0,5675.0,2115.15,2115.15,2094.7,2094.7,965850.0,325.0
NIFTY,26-DEC-2024,26000.0,22-11-2024 13:40:00,12.0,12.1,11.95,12.0,2754375.0,1375.0,2094.7,2113.6,2094.7,2103.6,965625.0,525.0
NIFTY,26-DEC-2024,26000.0,22-11-2024 13:41:00,12.0,12.1,12.0,12.0,2754375.0,0.0,2113.65,2113.65,2100.4,2105.1,965625.0,450.0
NIFTY,26-DEC-2024,26000.0,22-11-2024 13:42:00,12.1,12.1,11.95,12.0,2754375.0,2125.0,2099.6,2115.45,2099.6,2102.05,965625.0,575.0
NIFTY,26-DEC-2024,26000.0,22-11-2024 13:43:00,12.0,12.05,11.95,11.95,2755400.0,1200.0,2102.05,2114.45,2102.05,2107.7,965825.0,275.0
NIFTY,26-DEC-2024,26000.0,22-11-2024 13:44:00,11.95,12.05,11.9,12.05,2755400.0,1775.0,2107.7,2107.7,2098.65,2098.65,965825.0,250.0
NIFTY,26-DEC-2024,26000.0,22-11-2024 13:45:00,12.0,12.25,11.95,12.2,2755400.0,5575.0,2099.35,2100.05,2082.8,2083.7,965825.0,475.0
NIFTY,26-DEC-2024,26000.0,22-11-2024 13:46:00,12.15,12.4,12.15,12.25,2757575.0,3925.0,2083.7,2089.1,2079.0,2088.45,965900.0,800.0
NIFTY,26-DEC-2024,26000.0,22-11-2024 13:47:00,12.25,12.4,12.25,12.3,2757575.0,1425.0,2088.45,2093.15,2088.45,2091.7,965900.0,450.0
NIFTY,26-DEC-2024,26000.0,22-11-2024 13:48:00,12.3,12.4,12.25,12.4,2757575.0,1175.0,2091.7,2091.9,2082.55,2082.55,965900.0,300.0
NIFTY,26-DEC-2024,26000.0,22-11-2024 13:49:00,12.45,12.45,12.25,12.4,2756925.0,0.0,2085.85,2091.3,2082.7,2083.0,966025.0,275.0
NIFTY,26-DEC-2024,26000.0,22-11-2024 13:50:00,12.45,12.6,12.4,12.55,2756925.0,3475.0,2083.0,2089.2,2074.0,2076.6,966025.0,525.0
NIFTY,26-DEC-2024,26000.0,22-11-2024 13:51:00,12.7,12.7,12.55,12.6,2756925.0,0.0,2075.4,2077.45,2070.1,2071.7,966025.0,250.0
NIFTY,26-DEC-2024,26000.0,22-11-2024 13:52:00,12.7,12.7,12.55,12.55,2758925.0,0.0,2071.65,2075.55,2069.25,2072.9,966025.0,500.0
NIFTY,26-DEC-2024,26000.0,22-11-2024 13:52:00,12.7,12.7,12.55,12.55,2758925.0,0.0,2075.55,2075.55,2072.9,2072.9,972175.0,-68800.0
NIFTY,26-DEC-2024,26000.0,22-11-2024 13:53:00,12.55,12.55,12.35,12.35,2758925.0,8225.0,2072.9,2083.7,2072.9,2077.8,966075.0,275.0
NIFTY,26-DEC-2024,26000.0,22-11-2024 13:53:00,12.55,12.55,12.35,12.35,2758925.0,-784725.0,2072.9,2083.7,2072.9,2077.8,966075.0,275.0
NIFTY,26-DEC-2024,26000.0,22-11-2024 13:54:00,12.45,12.6,12.4,12.5,2758925.0,0.0,2073.35,2073.45,2067.25,2067.95,966075.0,225.0
NIFTY,26-DEC-2024,26000.0,22-11-2024 13:55:00,12.4,12.6,12.4,12.45,2759750.0,3925.0,2067.95,2073.65,2066.7,2073.25,966100.0,225.0
NIFTY,26-DEC-2024,26000.0,22-11-2024 13:56:00,12.5,12.5,12.5,12.5,2759750.0,0.0,2073.25,2074.1,2068.05,2073.5,966100.0,325.0
NIFTY,26-DEC-2024,26000.0,22-11-2024 13:57:00,12.6,12.7,12.5,12.7,2759750.0,7575.0,2074.0,2077.05,2065.95,2066.15,966100.0,325.0
NIFTY,26-DEC-2024,26000.0,22-11-2024 13:58:00,12.7,13.1,12.65,13.0,2762025.0,27775.0,2066.15,2066.55,2057.6,2057.6,966100.0,300.0
NIFTY,26-DEC-2024,26000.0,22-11-2024 13:59:00,13.1,13.8,13.0,13.6,2762025.0,0.0,2057.6,2057.6,2025.0,2026.95,966100.0,600.0
NIFTY,26-DEC-2024,26000.0,22-11-2024 14:00:00,13.6,13.9,13.55,13.9,2762025.0,24925.0,2026.95,2026.95,2000.0,2005.25,966100.0,675.0
NIFTY,26-DEC-2024,26000.0,22-11-2024 14:01:00,13.9,14.75,13.9,14.65,2753800.0,0.0,2003.8,2003.8,1988.45,1997.55,965575.0,325.0
NIFTY,26-DEC-2024,26000.0,22-11-2024 14:02:00,14.65,14.65,14.25,14.4,2753800.0,34775.0,1995.3,2012.45,1995.3,2004.35,965575.0,675.0
NIFTY,26-DEC-2024,26000.0,22-11-2024 14:03:00,14.45,14.45,14.25,14.35,2753800.0,11350.0,2004.35,2005.4,2000.0,2000.0,965575.0,325.0
NIFTY,26-DEC-2024,26000.0,22-11-2024 14:04:00,14.45,14.8,14.4,14.7,2753900.0,4675.0,2000.0,2004.15,1995.0,1995.0,965600.0,1000.0
NIFTY,26-DEC-2024,26000.0,22-11-2024 14:05:00,14.75,14.9,14.7,14.75,2753900.0,13800.0,1995.0,2002.2,1993.85,2000.1,965600.0,600.0
NIFTY,26-DEC-2024,26000.0,22-11-2024 14:06:00,15.0,15.25,14.8,15.25,2753900.0,9100.0,2000.1,2000.1,1998.0,1998.35,965600.0,300.0
NIFTY,26-DEC-2024,26000.0,22-11-2024 14:07:00,15.2,15.65,15.2,15.55,2748900.0,14950.0,1998.35,1998.35,1980.0,1992.9,965900.0,1325.0
NIFTY,26-DEC-2024,26000.0,22-11-2024 14:08:00,15.7,15.9,15.6,15.9,2748900.0,0.0,1992.9,1992.9,1976.75,1978.85,965900.0,725.0
NIFTY,26-DEC-2024,26000.0,22-11-2024 14:09:00,15.9,16.25,15.9,16.05,2748900.0,39525.0,1976.8,1976.8,1954.7,1965.65,965900.0,800.0
NIFTY,26-DEC-2024,26000.0,22-11-2024 14:10:00,16.05,16.05,15.75,15.95,2752475.0,14500.0,1965.65,1984.7,1965.65,1980.2,965400.0,250.0
NIFTY,26-DEC-2024,26000.0,22-11-2024 14:11:00,16.1,16.45,16.0,16.4,2752475.0,14375.0,1975.55,1980.15,1971.75,1977.9,965400.0,250.0
NIFTY,26-DEC-2024,26000.0,22-11-2024 14:12:00,16.45,16.5,16.25,16.45,2752475.0,11375.0,1977.9,1987.95,1975.0,1986.1,965400.0,500.0
NIFTY,26-DEC-2024,26000.0,22-11-2024 14:13:00,16.55,16.7,16.5,16.55,2752450.0,7700.0,1987.0,1988.6,1970.1,1977.9,965625.0,775.0
NIFTY,26-DEC-2024,26000.0,22-11-2024 14:14:00,16.55,17.0,16.55,16.7,2752450.0,13225.0,1986.45,1989.65,1975.3,1989.65,965625.0,1050.0
NIFTY,26-DEC-2024,26000.0,22-11-2024 14:15:00,16.65,17.05,16.5,17.05,2752450.0,14625.0,2000.0,2020.85,1991.0,1996.1,965625.0,1850.0
NIFTY,26-DEC-2024,26000.0,22-11-2024 14:16:00,17.1,17.6,17.1,17.6,2752000.0,0.0,1986.1,1986.1,1960.7,1972.05,965625.0,4400.0
NIFTY,26-DEC-2024,26000.0,22-11-2024 14:17:00,17.55,17.8,17.5,17.55,2752000.0,29700.0,1961.7,1969.45,1955.4,1961.65,965625.0,2325.0
NIFTY,26-DEC-2024,26000.0,22-11-2024 14:18:00,17.55,17.6,17.25,17.35,2752000.0,6525.0,1961.65,1970.0,1950.9,1954.25,965625.0,850.0
NIFTY,26-DEC-2024,26000.0,22-11-2024 14:19:00,17.4,17.5,17.1,17.3,2752925.0,0.0,1953.75,1961.85,1945.5,1956.6,967000.0,1700.0
NIFTY,26-DEC-2024,26000.0,22-11-2024 14:20:00,17.3,17.4,17.2,17.25,2752925.0,0.0,1951.9,1961.95,1940.0,1961.95,967000.0,550.0
NIFTY,26-DEC-2024,26000.0,22-11-2024 14:21:00,17.2,17.2,17.0,17.0,2752925.0,25050.0,1961.95,1965.0,1954.25,1965.0,967000.0,375.0
NIFTY,26-DEC-2024,26000.0,22-11-2024 14:22:00,17.0,17.1,16.65,16.9,2744050.0,3925.0,1965.0,1987.0,1965.0,1971.4,967725.0,325.0
NIFTY,26-DEC-2024,26000.0,22-11-2024 14:23:00,16.9,17.25,16.85,17.15,2744050.0,16125.0,1971.4,1974.5,1958.3,1971.95,967725.0,450.0
NIFTY,26-DEC-2024,26000.0,22-11-2024 14:24:00,17.2,17.35,17.15,17.25,2744050.0,6750.0,1971.95,1976.0,1969.0,1970.75,967725.0,225.0
NIFTY,26-DEC-2024,26000.0,22-11-2024 14:25:00,17.05,17.15,16.85,16.85,2743375.0,2200.0,1975.6,1975.6,1965.0,1975.2,967725.0,325.0
NIFTY,26-DEC-2024,26000.0,22-11-2024 14:26:00,16.6,16.9,16.45,16.65,2743375.0,3950.0,1988.3,1998.05,1969.65,1978.3,967725.0,550.0
NIFTY,26-DEC-2024,26000.0,22-11-2024 14:27:00,16.65,16.75,16.5,16.5,2743375.0,3475.0,1978.3,1985.7,1974.85,1979.75,967725.0,650.0
NIFTY,26-DEC-2024,26000.0,22-11-2024 14:28:00,16.5,16.65,16.45,16.6,2742600.0,3375.0,1979.75,1984.4,1969.75,1984.4,968325.0,325.0
NIFTY,26-DEC-2024,26000.0,22-11-2024 14:29:00,16.55,16.6,16.25,16.25,2742600.0,1300.0,1983.8,1994.15,1979.25,1993.65,968325.0,1275.0
NIFTY,26-DEC-2024,26000.0,22-11-2024 14:30:00,16.1,16.1,15.5,15.75,2742600.0,22950.0,1993.65,2017.8,1993.65,2002.85,968325.0,475.0
NIFTY,26-DEC-2024,26000.0,22-11-2024 14:31:00,15.8,15.8,15.0,15.05,2742750.0,11175.0,2002.85,2041.05,2002.85,2041.05,968725.0,325.0
NIFTY,26-DEC-2024,26000.0,22-11-2024 14:32:00,15.05,15.7,15.05,15.7,2742750.0,0.0,2041.05,2041.05,2004.45,2016.5,968725.0,3650.0
NIFTY,26-DEC-2024,26000.0,22-11-2024 14:33:00,15.45,15.95,15.4,15.7,2742750.0,7175.0,2016.5,2025.05,1985.45,2003.85,968725.0,1025.0
NIFTY,26-DEC-2024,26000.0,22-11-2024 14:34:00,15.65,16.4,15.65,16.4,2747525.0,3450.0,2003.85,2003.85,1974.7,1977.95,966800.0,675.0
NIFTY,26-DEC-2024,26000.0,22-11-2024 14:35:00,16.4,16.5,16.1,16.35,2747525.0,6100.0,1977.95,1983.0,1962.75,1974.2,966800.0,500.0
NIFTY,26-DEC-2024,26000.0,22-11-2024 14:36:00,16.35,16.45,16.0,16.25,2747525.0,27600.0,1974.2,1994.55,1968.0,1991.6,966800.0,575.0
NIFTY,26-DEC-2024,26000.0,22-11-2024 14:37:00,16.4,16.5,16.35,16.4,2761400.0,3725.0,1985.1,1993.5,1973.1,1980.0,967500.0,725.0
NIFTY,26-DEC-2024,26000.0,22-11-2024 14:38:00,16.45,16.5,16.4,16.4,2761400.0,1750.0,1980.0,1989.7,1972.9,1989.7,967500.0,450.0
NIFTY,26-DEC-2024,26000.0,22-11-2024 14:39:00,16.4,16.5,16.4,16.4,2761400.0,2300.0,1989.7,1996.9,1989.7,1996.75,967500.0,300.0
NIFTY,26-DEC-2024,26000.0,22-11-2024 14:40:00,16.4,16.45,16.1,16.15,2767575.0,0.0,1996.75,2012.55,1996.75,2008.8,968075.0,250.0
NIFTY,26-DEC-2024,26000.0,22-11-2024 14:41:00,16.15,16.4,16.15,16.3,2767575.0,8275.0,2007.55,2007.55,1981.95,1989.95,968075.0,875.0
NIFTY,26-DEC-2024,26000.0,22-11-2024 14:42:00,16.25,16.3,16.1,16.1,2767575.0,1025.0,1989.95,1998.25,1988.55,1992.4,968075.0,625.0
NIFTY,26-DEC-2024,26000.0,22-11-2024 14:43:00,16.1,16.25,16.1,16.2,2767825.0,1450.0,1992.4,1992.4,1978.1,1992.3,968150.0,800.0
NIFTY,26-DEC-2024,26000.0,22-11-2024 14:44:00,16.15,16.2,16.05,16.2,2767825.0,525.0,1992.3,1998.55,1988.8,1990.8,968150.0,250.0
NIFTY,26-DEC-2024,26000.0,22-11-2024 14:45:00,16.15,16.15,16.0,16.0,2767825.0,1025.0,1991.85,1998.95,1991.85,1997.6,968150.0,275.0
NIFTY,26-DEC-2024,26000.0,22-11-2024 14:46:00,16.05,16.45,16.0,16.3,2769400.0,2700.0,1997.6,2008.35,1972.6,1979.0,968750.0,600.0
NIFTY,26-DEC-2024,26000.0,22-11-2024 14:47:00,16.35,16.7,16.35,16.35,2769400.0,11225.0,1979.0,1979.0,1969.75,1970.1,968750.0,250.0
NIFTY,26-DEC-2024,26000.0,22-11-2024 14:48:00,16.4,16.45,16.35,16.35,2769400.0,1500.0,1970.1,1972.6,1962.15,1965.0,968750.0,575.0
NIFTY,26-DEC-2024,26000.0,22-11-2024 14:49:00,16.35,17.2,16.3,17.05,2774975.0,23875.0,1965.0,1968.25,1932.55,1942.65,969025.0,1950.0
NIFTY,26-DEC-2024,26000.0,22-11-2024 14:50:00,17.05,17.05,16.75,16.9,2774975.0,0.0,1942.65,1954.9,1932.9,1946.15,969025.0,875.0
NIFTY,26-DEC-2024,26000.0,22-11-2024 14:51:00,16.9,17.2,16.9,17.15,2774975.0,2250.0,1946.15,1946.15,1920.2,1930.0,969025.0,775.0
NIFTY,26-DEC-2024,26000.0,22-11-2024 14:52:00,17.2,17.35,17.05,17.35,2776750.0,0.0,1930.0,1930.15,1908.25,1908.85,969725.0,1075.0
NIFTY,26-DEC-2024,26000.0,22-11-2024 14:53:00,17.4,17.45,16.8,16.8,2776750.0,25850.0,1908.85,1917.65,1891.95,1917.65,969725.0,975.0
NIFTY,26-DEC-2024,26000.0,22-11-2024 14:54:00,17.1,17.2,16.8,17.1,2776750.0,11275.0,1917.65,1918.4,1910.0,1917.25,969725.0,300.0
NIFTY,26-DEC-2024,26000.0,22-11-2024 14:55:00,16.9,17.2,16.9,17.1,2777250.0,20600.0,1907.85,1919.95,1906.25,1917.15,970325.0,450.0
NIFTY,26-DEC-2024,26000.0,22-11-2024 14:56:00,17.1,17.15,16.8,17.0,2777250.0,2525.0,1917.15,1917.55,1901.05,1917.55,970325.0,550.0
NIFTY,26-DEC-2024,26000.0,22-11-2024 14:57:00,16.95,17.2,16.95,17.1,2777250.0,7925.0,1916.65,1919.95,1914.35,1914.35,970325.0,325.0
NIFTY,26-DEC-2024,26000.0,22-11-2024 14:58:00,17.05,17.3,16.95,17.25,2776650.0,2375.0,1914.35,1914.35,1902.35,1913.55,970400.0,625.0
NIFTY,26-DEC-2024,26000.0,22-11-2024 14:59:00,17.2,17.3,16.85,17.0,2776650.0,3975.0,1913.55,1934.05,1905.25,1934.05,970400.0,300.0
NIFTY,26-DEC-2024,26000.0,22-11-2024 15:00:00,17.05,17.05,16.85,16.9,2776650.0,3675.0,1934.05,1944.95,1928.85,1928.85,970400.0,800.0
NIFTY,26-DEC-2024,26000.0,22-11-2024 15:01:00,16.8,16.85,16.35,16.55,2778975.0,0.0,1928.85,1946.85,1928.85,1946.85,970550.0,125.0
NIFTY,26-DEC-2024,26000.0,22-11-2024 15:02:00,16.55,16.75,16.25,16.65,2778975.0,0.0,1946.85,1964.85,1933.2,1943.45,970550.0,625.0
NIFTY,26-DEC-2024,26000.0,22-11-2024 15:03:00,16.65,16.8,16.55,16.6,2778975.0,12975.0,1943.45,1954.2,1940.0,1950.95,970550.0,875.0
NIFTY,26-DEC-2024,26000.0,22-11-2024 15:04:00,16.6,16.65,16.25,16.25,2779250.0,0.0,1952.85,1961.35,1942.45,1956.5,970850.0,2650.0
NIFTY,26-DEC-2024,26000.0,22-11-2024 15:05:00,16.4,16.7,16.4,16.6,2779250.0,0.0,1956.5,1958.55,1934.9,1939.2,970850.0,650.0
NIFTY,26-DEC-2024,26000.0,22-11-2024 15:06:00,16.7,17.0,16.7,17.0,2779250.0,12450.0,1932.8,1941.55,1921.5,1921.5,970850.0,800.0
NIFTY,26-DEC-2024,26000.0,22-11-2024 15:07:00,17.0,17.15,16.8,17.05,2775325.0,0.0,1921.5,1935.0,1913.95,1919.6,971700.0,800.0
NIFTY,26-DEC-2024,26000.0,22-11-2024 15:08:00,17.0,17.1,16.9,16.9,2775325.0,0.0,1919.6,1923.0,1917.2,1923.0,971700.0,300.0
NIFTY,26-DEC-2024,26000.0,22-11-2024 15:09:00,16.9,16.9,16.55,16.65,2775325.0,11950.0,1923.0,1935.1,1923.0,1935.1,971700.0,225.0
NIFTY,26-DEC-2024,26000.0,22-11-2024 15:10:00,16.6,16.8,16.55,16.8,2773425.0,10700.0,1927.15,1933.0,1925.1,1925.1,971775.0,750.0
NIFTY,26-DEC-2024,26000.0,22-11-2024 15:11:00,16.8,16.8,16.55,16.8,2773425.0,5450.0,1925.1,1941.0,1925.1,1928.95,971775.0,225.0
NIFTY,26-DEC-2024,26000.0,22-11-2024 15:12:00,16.75,16.75,16.65,16.75,2773425.0,8875.0,1928.95,1936.15,1927.9,1936.15,971775.0,300.0
NIFTY,26-DEC-2024,26000.0,22-11-2024 15:13:00,16.8,16.9,16.7,16.85,2775275.0,0.0,1936.15,1942.4,1933.5,1940.0,972000.0,775.0
NIFTY,26-DEC-2024,26000.0,22-11-2024 15:14:00,16.9,16.95,16.8,16.8,2775275.0,8500.0,1940.0,1952.8,1937.85,1951.3,972000.0,1550.0
NIFTY,26-DEC-2024,26000.0,22-11-2024 15:15:00,16.8,16.85,16.2,16.4,2775275.0,8775.0,1950.0,1994.1,1950.0,1994.1,972000.0,1275.0
NIFTY,26-DEC-2024,26000.0,22-11-2024 15:16:00,16.4,16.5,16.0,16.15,2777075.0,7475.0,1994.1,2003.45,1980.0,1999.25,972000.0,725.0
NIFTY,26-DEC-2024,26000.0,22-11-2024 15:17:00,16.0,16.1,15.85,15.85,2777075.0,29725.0,1999.25,1999.25,1983.65,1990.0,972050.0,400.0
NIFTY,26-DEC-2024,26000.0,22-11-2024 15:18:00,15.9,16.05,15.85,15.9,2777075.0,6125.0,1990.0,1990.35,1981.55,1981.55,972050.0,425.0
NIFTY,26-DEC-2024,26000.0,22-11-2024 15:19:00,15.95,16.1,15.95,16.05,2778975.0,6075.0,1981.55,1984.0,1979.55,1979.55,972050.0,75.0
NIFTY,26-DEC-2024,26000.0,22-11-2024 15:20:00,16.1,16.15,15.75,15.8,2778975.0,0.0,1979.55,1992.0,1979.55,1992.0,971525.0,300.0
NIFTY,26-DEC-2024,26000.0,22-11-2024 15:21:00,15.8,15.85,15.1,15.1,2778975.0,0.0,1992.0,1999.95,1992.0,1993.1,971525.0,950.0
NIFTY,26-DEC-2024,26000.0,22-11-2024 15:22:00,15.1,15.3,15.05,15.25,2784075.0,0.0,1992.0,1992.0,1986.85,1986.85,971525.0,325.0
NIFTY,26-DEC-2024,26000.0,22-11-2024 15:23:00,15.3,15.65,15.3,15.4,2784075.0,38400.0,1986.85,1986.85,1953.75,1955.95,972100.0,275.0
NIFTY,26-DEC-2024,26000.0,22-11-2024 15:24:00,15.55,15.8,15.55,15.65,2784075.0,3350.0,1955.95,1961.75,1955.95,1961.75,972100.0,125.0
NIFTY,26-DEC-2024,26000.0,22-11-2024 15:25:00,15.7,15.85,15.6,15.75,2781800.0,0.0,1961.75,1961.75,1961.75,1961.75,972150.0,100.0
NIFTY,26-DEC-2024,26000.0,22-11-2024 15:26:00,15.9,15.95,15.65,15.9,2781800.0,0.0,1961.75,1966.35,1961.75,1966.35,972150.0,225.0
NIFTY,26-DEC-2024,26000.0,22-11-2024 15:27:00,15.75,15.75,15.55,15.6,2781800.0,0.0,1966.35,1966.35,1962.35,1965.35,972150.0,225.0
NIFTY,26-DEC-2024,26000.0,22-11-2024 15:28:00,15.6,15.7,15.5,15.5,2785700.0,0.0,1965.35,1966.1,1961.1,1961.1,972150.0,150.0
NIFTY,26-DEC-2024,26000.0,22-11-2024 15:29:00,15.5,16.3,15.35,15.4,2785700.0,25075.0,1961.1,1969.7,1938.15,1938.15,972175.0,2350.0
NIFTY,26-DEC-2024,26000.0,25-11-2024 09:15:00,18.85,29.4,18.85,28.55,2760500.0,0.0,1938.15,1938.15,1552.35,1573.55,974025.0,3125.0
NIFTY,26-DEC-2024,26000.0,25-11-2024 09:16:00,30.0,30.0,28.1,28.3,2760500.0,0.0,1578.0,1593.45,1563.35,1593.45,974025.0,1975.0
NIFTY,26-DEC-2024,26000.0,25-11-2024 09:17:00,28.4,28.7,27.85,27.85,2797550.0,107425.0,1593.45,1597.3,1583.55,1597.3,973700.0,1175.0
NIFTY,26-DEC-2024,26000.0,25-11-2024 09:18:00,27.7,28.25,27.15,27.2,2797550.0,0.0,1597.3,1597.3,1589.2,1593.5,973700.0,1450.0
NIFTY,26-DEC-2024,26000.0,25-11-2024 09:19:00,27.35,28.05,27.05,28.05,2797550.0,0.0,1580.0,1585.9,1574.95,1575.0,973700.0,1100.0
NIFTY,26-DEC-2024,26000.0,25-11-2024 09:20:00,28.0,28.75,28.0,28.05,2812625.0,0.0,1576.0,1586.95,1575.05,1583.6,973750.0,0.0
NIFTY,26-DEC-2024,26000.0,25-11-2024 09:21:00,28.05,28.25,27.85,28.0,2812625.0,0.0,1583.6,1600.0,1583.6,1594.0,973750.0,1175.0
NIFTY,26-DEC-2024,26000.0,25-11-2024 09:22:00,28.05,28.05,27.5,27.7,2812625.0,0.0,1613.45,1626.0,1600.55,1607.05,973750.0,0.0
NIFTY,26-DEC-2024,26000.0,25-11-2024 09:23:00,27.7,28.0,27.55,27.9,2859775.0,0.0,1603.35,1605.25,1590.7,1597.8,974925.0,3425.0
NIFTY,26-DEC-2024,26000.0,25-11-2024 09:24:00,28.0,29.15,27.55,29.05,2859775.0,0.0,1600.05,1600.05,1563.45,1570.0,974925.0,1775.0
NIFTY,26-DEC-2024,26000.0,25-11-2024 09:25:00,29.0,29.6,28.3,28.75,2859775.0,278800.0,1570.0,1585.9,1558.0,1585.05,974925.0,1025.0
NIFTY,26-DEC-2024,26000.0,25-11-2024 09:26:00,29.1,29.9,28.55,29.9,2853750.0,0.0,1582.7,1587.8,1577.55,1583.55,974725.0,3125.0
NIFTY,26-DEC-2024,26000.0,25-11-2024 09:27:00,29.55,31.5,29.0,31.5,2853750.0,20275.0,1583.35,1586.05,1547.95,1547.95,974725.0,2025.0
NIFTY,26-DEC-2024,26000.0,25-11-2024 09:28:00,31.45,32.25,30.6,31.35,2853750.0,37150.0,1547.85,1555.95,1543.15,1555.95,974725.0,1200.0
NIFTY,26-DEC-2024,26000.0,25-11-2024 09:29:00,31.95,32.0,30.45,30.6,2878575.0,41525.0,1555.95,1555.95,1541.45,1541.45,978450.0,1200.0
NIFTY,26-DEC-2024,26000.0,25-11-2024 09:30:00,30.45,31.15,30.35,30.55,2878575.0,38850.0,1543.75,1543.75,1537.75,1542.25,978450.0,1300.0
NIFTY,26-DEC-2024,26000.0,25-11-2024 09:31:00,30.6,30.9,29.55,29.75,2878575.0,0.0,1539.5,1559.95,1539.5,1550.35,978450.0,1875.0
NIFTY,26-DEC-2024,26000.0,25-11-2024 09:32:00,29.7,30.0,28.5,28.9,2893750.0,0.0,1552.75,1567.15,1552.75,1562.1,980050.0,1425.0
NIFTY,26-DEC-2024,26000.0,25-11-2024 09:33:00,28.8,29.0,28.6,28.8,2893750.0,142725.0,1563.8,1564.95,1554.45,1556.55,980050.0,3400.0
NIFTY,26-DEC-2024,26000.0,25-11-2024 09:34:00,28.85,28.95,27.5,27.5,2893750.0,0.0,1556.55,1579.05,1556.55,1579.05,980050.0,3025.0
NIFTY,26-DEC-2024,26000.0,25-11-2024 09:35:00,27.45,27.6,26.3,26.8,2890650.0,21625.0,1574.6,1578.0,1572.1,1572.1,986550.0,2100.0
NIFTY,26-DEC-2024,26000.0,25-11-2024 09:36:00,26.75,26.75,25.8,26.1,2890650.0,29300.0,1572.15,1580.35,1567.1,1578.15,986550.0,4275.0
NIFTY,26-DEC-2024,26000.0,25-11-2024 09:37:00,26.0,26.4,25.65,26.1,2890650.0,21725.0,1576.95,1579.95,1567.35,1568.85,986550.0,50.0
NIFTY,26-DEC-2024,26000.0,25-11-2024 09:38:00,26.1,27.1,26.1,26.75,2889875.0,60975.0,1579.25,1579.25,1560.75,1560.75,990725.0,3500.0
NIFTY,26-DEC-2024,26000.0,25-11-2024 09:39:00,26.6,26.75,26.2,26.3,2889875.0,18250.0,1554.9,1565.0,1540.4,1565.0,990725.0,2025.0
NIFTY,26-DEC-2024,26000.0,25-11-2024 09:40:00,26.3,26.55,25.75,25.9,2889875.0,0.0,1565.0,1573.85,1565.0,1573.85,990725.0,425.0
NIFTY,26-DEC-2024,26000.0,25-11-2024 09:41:00,25.95,26.4,25.6,26.25,2891300.0,41875.0,1573.85,1574.0,1554.6,1554.6,993275.0,175.0
NIFTY,26-DEC-2024,26000.0,25-11-2024 09:42:00,26.25,26.35,25.5,25.65,2891300.0,0.0,1554.6,1554.6,1551.0,1551.0,993275.0,225.0
NIFTY,26-DEC-2024,26000.0,25-11-2024 09:43:00,25.45,25.45,24.8,24.9,2891300.0,0.0,1555.0,1566.15,1555.0,1562.0,993275.0,400.0
NIFTY,26-DEC-2024,26000.0,25-11-2024 09:44:00,24.85,26.0,24.2,24.6,2891375.0,52950.0,1562.0,1568.0,1562.0,1564.05,994000.0,175.0
NIFTY,26-DEC-2024,26000.0,25-11-2024 09:45:00,24.65,24.85,24.2,24.35,2891375.0,12800.0,1564.05,1575.0,1557.3,1575.0,994000.0,800.0
NIFTY,26-DEC-2024,26000.0,25-11-2024 09:46:00,24.4,24.8,24.2,24.5,2891375.0,9925.0,1574.25,1580.25,1574.25,1580.25,994000.0,775.0
NIFTY,26-DEC-2024,26000.0,25-11-2024 09:47:00,24.4,24.8,24.05,24.5,2893725.0,8975.0,1562.6,1562.6,1562.6,1562.6,994000.0,25.0
NIFTY,26-DEC-2024,26000.0,25-11-2024 09:48:00,24.5,24.5,24.0,24.15,2893725.0,5475.0,1556.0,1562.0,1556.0,1562.0,994650.0,100.0
NIFTY,26-DEC-2024,26000.0,25-11-2024 09:49:00,23.8,24.35,23.8,24.25,2893725.0,0.0,1564.0,1566.3,1562.95,1562.95,994650.0,750.0
NIFTY,26-DEC-2024,26000.0,25-11-2024 09:50:00,24.2,24.6,24.0,24.55,2891775.0,32125.0,1562.95,1575.1,1562.95,1569.95,995350.0,300.0
NIFTY,26-DEC-2024,26000.0,25-11-2024 09:51:00,24.55,24.55,23.75,24.1,2891775.0,0.0,1571.0,1580.0,1571.0,1580.0,995350.0,550.0
NIFTY,26-DEC-2024,26000.0,25-11-2024 09:52:00,24.1,24.1,23.75,23.95,2891775.0,36975.0,1580.0,1587.8,1575.0,1587.8,995350.0,475.0
NIFTY,26-DEC-2024,26000.0,25-11-2024 09:53:00,23.95,24.55,23.9,24.55,2904300.0,18425.0,1587.8,1587.8,1571.8,1571.8,996150.0,775.0
NIFTY,26-DEC-2024,26000.0,25-11-2024 09:54:00,24.65,24.9,24.5,24.8,2904300.0,29675.0,1566.7,1590.0,1566.7,1582.65,996150.0,425.0
NIFTY,26-DEC-2024,26000.0,25-11-2024 09:55:00,24.8,25.0,24.7,24.8,2904300.0,0.0,1582.65,1607.45,1582.65,1592.6,996150.0,1850.0
NIFTY,26-DEC-2024,26000.0,25-11-2024 09:56:00,24.8,25.1,24.75,25.0,2962325.0,0.0,1592.6,1603.65,1592.6,1599.25,996150.0,100.0
NIFTY,26-DEC-2024,26000.0,25-11-2024 09:57:00,25.05,25.05,24.7,25.0,2962325.0,52325.0,1599.25,1610.2,1593.05,1593.05,996800.0,0.0
NIFTY,26-DEC-2024,26000.0,25-11-2024 09:58:00,24.9,25.2,24.3,24.45,2962325.0,0.0,1600.0,1600.0,1590.7,1590.7,996800.0,0.0
NIFTY,26-DEC-2024,26000.0,25-11-2024 09:59:00,24.3,24.5,24.1,24.45,2972275.0,0.0,1598.0,1598.0,1597.05,1597.15,998450.0,2150.0
NIFTY,26-DEC-2024,26000.0,25-11-2024 10:00:00,24.4,25.8,24.4,25.8,2972275.0,35775.0,1597.05,1597.05,1553.95,1553.95,998450.0,5725.0
NIFTY,26-DEC-2024,26000.0,25-11-2024 10:01:00,25.8,25.9,24.75,24.95,2972275.0,0.0,1553.95,1575.0,1553.95,1575.0,998450.0,475.0
NIFTY,26-DEC-2024,26000.0,25-11-2024 10:02:00,24.95,25.3,24.6,24.6,2970125.0,37425.0,1575.0,1579.3,1567.75,1579.3,998450.0,650.0
NIFTY,26-DEC-2024,26000.0,25-11-2024 10:03:00,24.7,24.9,24.5,24.75,2970125.0,0.0,1584.25,1588.75,1584.25,1588.75,998450.0,750.0
NIFTY,26-DEC-2024,26000.0,25-11-2024 10:04:00,24.75,25.1,24.6,24.75,2970125.0,0.0,1588.75,1588.75,1584.0,1584.0,1003100.0,75.0
NIFTY,26-DEC-2024,26000.0,25-11-2024 10:05:00,24.65,24.9,24.6,24.8,2970900.0,0.0,1584.0,1584.0,1582.0,1582.0,1003025.0,300.0
NIFTY,26-DEC-2024,26000.0,25-11-2024 10:06:00,24.7,25.05,24.7,24.85,2970900.0,36550.0,1582.0,1582.0,1575.0,1577.0,1003025.0,175.0
NIFTY,26-DEC-2024,26000.0,25-11-2024 10:07:00,24.75,24.9,24.6,24.7,2970900.0,14875.0,1577.0,1577.9,1577.0,1577.3,1003025.0,175.0
NIFTY,26-DEC-2024,26000.0,25-11-2024 10:08:00,24.75,24.75,24.4,24.6,2975000.0,2800.0,1580.0,1590.0,1580.0,1587.0,1003025.0,175.0
NIFTY,26-DEC-2024,26000.0,25-11-2024 10:09:00,24.55,24.55,24.35,24.35,2975000.0,7100.0,1584.3,1590.0,1584.3,1590.0,1003300.0,200.0
NIFTY,26-DEC-2024,26000.0,25-11-2024 10:10:00,24.3,24.75,24.3,24.7,2975000.0,2000.0,1590.0,1590.0,1588.15,1588.55,1003300.0,150.0
NIFTY,26-DEC-2024,26000.0,25-11-2024 10:11:00,24.65,24.7,24.45,24.45,2973700.0,0.0,1588.55,1588.55,1580.0,1580.0,1003675.0,275.0
NIFTY,26-DEC-2024,26000.0,25-11-2024 10:12:00,24.6,24.6,23.85,23.85,2973700.0,7650.0,1582.0,1589.55,1580.0,1589.55,1003675.0,2225.0
NIFTY,26-DEC-2024,26000.0,25-11-2024 10:13:00,24.0,24.25,23.85,23.85,2973700.0,0.0,1598.0,1598.0,1588.45,1591.9,1003675.0,400.0
NIFTY,26-DEC-2024,26000.0,25-11-2024 10:14:00,24.2,24.3,23.5,23.6,2978500.0,16650.0,1591.9,1591.9,1584.1,1586.65,1004825.0,625.0
NIFTY,26-DEC-2024,26000.0,25-11-2024 10:15:00,23.6,24.15,23.5,24.05,2978500.0,0.0,1586.65,1592.0,1586.65,1592.0,1004825.0,225.0
NIFTY,26-DEC-2024,26000.0,25-11-2024 10:16:00,24.1,24.9,24.1,24.55,2978500.0,0.0,1586.35,1586.35,1570.05,1570.05,1004825.0,275.0
NIFTY,26-DEC-2024,26000.0,25-11-2024 10:17:00,24.65,25.0,24.55,24.65,3030975.0,0.0,1576.75,1576.75,1554.1,1561.5,1006050.0,725.0
NIFTY,26-DEC-2024,26000.0,25-11-2024 10:18:00,24.6,24.95,24.45,24.5,3030975.0,0.0,1561.5,1565.6,1553.3,1565.6,1006050.0,475.0
NIFTY,26-DEC-2024,26000.0,25-11-2024 10:19:00,24.45,24.55,24.35,24.55,3030975.0,136275.0,1565.6,1568.75,1564.2,1568.0,1006050.0,575.0
NIFTY,26-DEC-2024,26000.0,25-11-2024 10:20:00,24.5,24.7,24.5,24.6,3039125.0,0.0,1568.0,1568.0,1557.05,1559.8,1006700.0,650.0
NIFTY,26-DEC-2024,26000.0,25-11-2024 10:21:00,24.65,25.05,24.65,24.65,3039125.0,0.0,1559.8,1560.15,1558.1,1560.15,1006700.0,350.0
NIFTY,26-DEC-2024,26000.0,25-11-2024 10:22:00,24.65,25.05,24.5,24.75,3039125.0,24900.0,1565.0,1565.0,1540.45,1558.15,1006700.0,1775.0
NIFTY,26-DEC-2024,26000.0,25-11-2024 10:23:00,24.45,24.85,24.45,24.8,3038275.0,0.0,1554.5,1560.0,1549.7,1551.75,1008875.0,925.0
NIFTY,26-DEC-2024,26000.0,25-11-2024 10:24:00,24.8,25.85,24.8,25.7,3038275.0,0.0,1551.75,1554.95,1540.5,1545.0,1008875.0,775.0
NIFTY,26-DEC-2024,26000.0,25-11-2024 10:25:00,25.65,25.7,25.35,25.5,3038275.0,0.0,1545.0,1552.65,1543.5,1548.0,1008875.0,1125.0
NIFTY,26-DEC-2024,26000.0,25-11-2024 10:26:00,25.4,25.7,25.4,25.6,3044725.0,0.0,1548.0,1548.0,1541.05,1543.0,1009975.0,725.0
NIFTY,26-DEC-2024,26000.0,25-11-2024 10:27:00,25.55,25.75,25.4,25.6,3044725.0,0.0,1550.0,1550.0,1550.0,1550.0,1009975.0,50.0
NIFTY,26-DEC-2024,26000.0,25-11-2024 10:28:00,25.6,26.15,25.55,26.0,3044725.0,0.0,1550.0,1550.0,1543.05,1550.0,1009975.0,0.0
NIFTY,26-DEC-2024,26000.0,25-11-2024 10:29:00,26.1,26.45,26.0,26.45,3048150.0,0.0,1540.0,1547.1,1540.0,1547.1,1009975.0,225.0
NIFTY,26-DEC-2024,26000.0,25-11-2024 10:30:00,26.25,26.7,26.25,26.5,3048150.0,91225.0,1547.1,1547.1,1530.45,1535.0,1010475.0,600.0
NIFTY,26-DEC-2024,26000.0,25-11-2024 10:31:00,26.4,26.6,26.25,26.6,3048150.0,13850.0,1535.0,1540.8,1535.0,1537.75,1010475.0,1325.0
NIFTY,26-DEC-2024,26000.0,25-11-2024 10:32:00,26.6,26.6,26.25,26.3,3048675.0,0.0,1537.8,1538.55,1535.85,1538.55,1010475.0,0.0
NIFTY,26-DEC-2024,26000.0,25-11-2024 10:33:00,26.2,26.25,26.1,26.25,3048675.0,0.0,1535.0,1538.0,1532.4,1532.4,1011550.0,800.0
NIFTY,26-DEC-2024,26000.0,25-11-2024 10:34:00,26.1,26.25,25.65,25.75,3048675.0,10075.0,1532.4,1540.0,1531.4,1538.9,1011550.0,925.0
NIFTY,26-DEC-2024,26000.0,25-11-2024 10:35:00,25.8,26.15,25.8,26.15,3046375.0,9950.0,1535.0,1544.2,1527.45,1535.35,1011750.0,1225.0
NIFTY,26-DEC-2024,26000.0,25-11-2024 10:36:00,26.15,26.3,25.9,25.9,3046375.0,8850.0,1535.35,1535.4,1532.8,1535.4,1011750.0,150.0
NIFTY,26-DEC-2024,26000.0,25-11-2024 10:37:00,26.0,26.2,25.45,25.45,3046375.0,0.0,1535.4,1544.5,1535.4,1544.5,1011750.0,950.0
NIFTY,26-DEC-2024,26000.0,25-11-2024 10:38:00,25.5,25.5,24.95,25.15,3047625.0,0.0,1544.5,1544.5,1543.4,1543.4,1011750.0,25.0
NIFTY,26-DEC-2024,26000.0,25-11-2024 10:39:00,25.05,25.1,24.95,24.95,3047625.0,19650.0,1543.4,1546.2,1543.4,1544.55,1011675.0,75.0
NIFTY,26-DEC-2024,26000.0,25-11-2024 10:40:00,25.2,25.25,25.05,25.2,3047625.0,0.0,1544.55,1545.65,1537.45,1537.45,1011675.0,775.0
NIFTY,26-DEC-2024,26000.0,25-11-2024 10:41:00,25.2,25.65,25.1,25.6,3044400.0,5925.0,1537.45,1544.35,1535.25,1537.0,1011625.0,1075.0
NIFTY,26-DEC-2024,26000.0,25-11-2024 10:42:00,25.5,25.9,25.5,25.6,3044400.0,0.0,1537.0,1538.0,1531.25,1533.5,1011625.0,1300.0
NIFTY,26-DEC-2024,26000.0,25-11-2024 10:43:00,25.7,25.95,25.4,25.5,3044400.0,0.0,1533.5,1546.55,1533.5,1546.55,1011625.0,1100.0
NIFTY,26-DEC-2024,26000.0,25-11-2024 10:44:00,25.45,25.6,25.45,25.6,3044425.0,0.0,1545.25,1545.3,1538.35,1538.35,1012625.0,200.0
NIFTY,26-DEC-2024,26000.0,25-11-2024 10:45:00,25.65,25.7,25.3,25.4,3044425.0,19475.0,1538.35,1544.95,1538.35,1544.95,1012625.0,125.0
NIFTY,26-DEC-2024,26000.0,25-11-2024 10:46:00,25.4,26.0,25.25,25.75,3044425.0,26900.0,1544.95,1545.0,1544.0,1545.0,1012625.0,675.0
NIFTY,26-DEC-2024,26000.0,25-11-2024 10:47:00,25.75,25.9,25.5,25.5,3066800.0,0.0,1545.0,1545.0,1535.4,1535.6,1013350.0,475.0
NIFTY,26-DEC-2024,26000.0,25-11-2024 10:48:00,25.6,25.8,25.6,25.7,3066800.0,2725.0,1535.9,1545.0,1535.9,1539.95,1013350.0,175.0
NIFTY,26-DEC-2024,26000.0,25-11-2024 10:49:00,25.8,25.95,25.5,25.65,3066800.0,0.0,1540.25,1542.5,1539.35,1542.3,1013350.0,900.0
NIFTY,26-DEC-2024,26000.0,25-11-2024 10:50:00,25.7,25.7,25.5,25.5,3072750.0,10475.0,1542.3,1548.65,1539.0,1548.65,1014650.0,850.0
NIFTY,26-DEC-2024,26000.0,25-11-2024 10:51:00,25.5,25.75,25.4,25.4,3072750.0,0.0,1548.65,1552.4,1538.1,1538.1,1014650.0,325.0
NIFTY,26-DEC-2024,26000.0,25-11-2024 10:52:00,25.5,25.5,25.3,25.3,3072750.0,13550.0,1538.1,1546.05,1538.1,1538.55,1014650.0,1050.0
NIFTY,26-DEC-2024,26000.0,25-11-2024 10:53:00,25.25,25.3,25.2,25.25,3078000.0,0.0,1538.55,1549.75,1538.55,1549.75,1015050.0,300.0
NIFTY,26-DEC-2024,26000.0,25-11-2024 10:54:00,25.45,25.45,25.2,25.3,3078000.0,2850.0,1549.75,1549.75,1548.55,1548.65,1015050.0,300.0
NIFTY,26-DEC-2024,26000.0,25-11-2024 10:55:00,25.45,25.45,25.35,25.35,3078000.0,3500.0,1548.65,1551.75,1545.0,1551.75,1015050.0,325.0
NIFTY,26-DEC-2024,26000.0,25-11-2024 10:56:00,25.25,25.45,25.05,25.45,3084300.0,5600.0,1551.75,1555.5,1548.0,1552.0,1015500.0,1000.0
NIFTY,26-DEC-2024,26000.0,25-11-2024 10:57:00,25.2,25.25,25.05,25.2,3084300.0,2500.0,1552.0,1554.65,1552.0,1552.0,1015500.0,225.0
NIFTY,26-DEC-2024,26000.0,25-11-2024 10:58:00,25.05,25.35,25.05,25.1,3084300.0,0.0,1552.0,1552.0,1545.0,1545.0,1015500.0,50.0
NIFTY,26-DEC-2024,26000.0,25-11-2024 10:59:00,25.1,25.25,25.0,25.25,3087300.0,7250.0,1545.0,1552.0,1542.45,1552.0,1015500.0,700.0
NIFTY,26-DEC-2024,26000.0,25-11-2024 11:00:00,25.3,25.35,25.0,25.0,3087300.0,450.0,1552.0,1552.0,1539.0,1539.0,1016375.0,100.0
NIFTY,26-DEC-2024,26000.0,25-11-2024 11:01:00,25.55,26.0,25.55,26.0,3087300.0,2825.0,1539.0,1539.0,1525.45,1525.45,1016375.0,1000.0
NIFTY,26-DEC-2024,26000.0,25-11-2024 11:02:00,25.9,26.25,25.85,26.25,3087150.0,9750.0,1520.0,1520.25,1510.0,1518.75,1016500.0,1550.0
NIFTY,26-DEC-2024,26000.0,25-11-2024 11:03:00,26.2,26.5,26.05,26.05,3087150.0,0.0,1518.75,1519.95,1512.0,1519.95,1016500.0,850.0
NIFTY,26-DEC-2024,26000.0,25-11-2024 11:04:00,25.95,26.1,25.95,26.1,3087150.0,7125.0,1519.95,1519.95,1516.15,1516.15,1016500.0,225.0
NIFTY,26-DEC-2024,26000.0,25-11-2024 11:05:00,26.1,26.15,25.95,26.0,3093750.0,4975.0,1516.15,1516.15,1508.0,1510.3,1017575.0,1125.0
NIFTY,26-DEC-2024,26000.0,25-11-2024 11:06:00,26.15,26.15,25.8,26.0,3093750.0,11550.0,1510.0,1510.0,1506.05,1510.0,1017575.0,750.0
NIFTY,26-DEC-2024,26000.0,25-11-2024 11:07:00,26.05,27.35,25.9,26.85,3093750.0,25300.0,1510.05,1515.0,1510.0,1510.0,1017575.0,1725.0
NIFTY,26-DEC-2024,26000.0,25-11-2024 11:08:00,26.85,26.85,26.25,26.25,3091500.0,6750.0,1510.35,1517.0,1507.0,1517.0,1020800.0,1500.0
NIFTY,26-DEC-2024,26000.0,25-11-2024 11:09:00,26.4,26.4,25.75,25.75,3091500.0,4375.0,1515.0,1520.95,1511.65,1517.15,1020800.0,1200.0
NIFTY,26-DEC-2024,26000.0,25-11-2024 11:10:00,25.7,25.7,25.45,25.5,3091500.0,0.0,1517.15,1522.8,1517.15,1521.0,1020800.0,325.0
NIFTY,26-DEC-2024,26000.0,25-11-2024 11:11:00,25.55,25.6,25.1,25.15,3101625.0,15775.0,1521.0,1525.5,1514.6,1525.5,1021825.0,800.0
NIFTY,26-DEC-2024,26000.0,25-11-2024 11:12:00,25.2,25.3,25.05,25.1,3101625.0,6125.0,1525.5,1527.0,1522.95,1527.0,1021825.0,150.0
NIFTY,26-DEC-2024,26000.0,25-11-2024 11:13:00,25.1,25.35,25.1,25.25,3101625.0,5200.0,1527.0,1530.2,1520.9,1530.2,1021825.0,200.0
NIFTY,26-DEC-2024,26000.0,25-11-2024 11:14:00,25.05,25.25,25.05,25.2,3102475.0,3150.0,1530.2,1530.2,1523.55,1527.0,1022400.0,150.0
NIFTY,26-DEC-2024,26000.0,25-11-2024 11:15:00,25.25,25.35,25.2,25.35,3102475.0,0.0,1527.0,1527.0,1518.0,1523.05,1022400.0,250.0
NIFTY,26-DEC-2024,26000.0,25-11-2024 11:16:00,25.35,25.4,25.2,25.2,3102475.0,3225.0,1523.05,1523.05,1510.15,1510.15,1022400.0,75.0
NIFTY,26-DEC-2024,26000.0,25-11-2024 11:17:00,25.3,25.4,25.15,25.15,3100575.0,0.0,1510.15,1513.45,1510.15,1513.45,1022650.0,0.0
NIFTY,26-DEC-2024,26000.0,25-11-2024 11:18:00,25.2,25.2,25.1,25.15,3100575.0,7625.0,1513.45,1513.45,1510.15,1510.15,1022650.0,400.0
NIFTY,26-DEC-2024,26000.0,25-11-2024 11:19:00,25.15,25.2,25.05,25.1,3100575.0,2575.0,1512.55,1512.55,1512.55,1512.55,1022650.0,25.0
NIFTY,26-DEC-2024,26000.0,25-11-2024 11:20:00,25.1,25.35,25.1,25.35,3100500.0,1650.0,1512.55,1512.55,1512.55,1512.55,1022650.0,0.0
NIFTY,26-DEC-2024,26000.0,25-11-2024 11:21:00,25.25,25.3,25.05,25.25,3100500.0,1900.0,1510.15,1518.4,1509.0,1509.0,1022875.0,50.0
NIFTY,26-DEC-2024,26000.0,25-11-2024 11:22:00,25.3,25.3,25.0,25.05,3100500.0,8325.0,1506.0,1506.0,1506.0,1506.0,1022875.0,1800.0
NIFTY,26-DEC-2024,26000.0,25-11-2024 11:23:00,25.0,25.0,24.5,24.55,3111425.0,10600.0,1506.0,1513.25,1506.0,1512.5,1023825.0,925.0
NIFTY,26-DEC-2024,26000.0,25-11-2024 11:24:00,24.5,24.5,23.85,23.95,3111425.0,0.0,1525.0,1530.5,1525.0,1530.5,1023825.0,0.0
NIFTY,26-DEC-2024,26000.0,25-11-2024 11:25:00,24.05,24.1,23.25,23.35,3111425.0,0.0,1526.0,1532.6,1526.0,1532.6,1023825.0,1550.0
NIFTY,26-DEC-2024,26000.0,25-11-2024 11:26:00,23.2,23.35,22.75,22.85,3098300.0,77425.0,1533.25,1542.9,1533.25,1542.9,1025125.0,4100.0
NIFTY,26-DEC-2024,26000.0,25-11-2024 11:27:00,23.0,23.0,22.5,22.55,3098300.0,0.0,1542.9,1542.9,1540.75,1540.75,1025125.0,250.0
NIFTY,26-DEC-2024,26000.0,25-11-2024 11:28:00,22.7,22.75,22.45,22.7,3098300.0,24150.0,1540.75,1544.5,1540.75,1542.35,1025125.0,875.0
NIFTY,26-DEC-2024,26000.0,25-11-2024 11:29:00,22.85,23.1,22.75,22.85,3089550.0,0.0,1542.35,1542.35,1534.45,1534.45,1025125.0,50.0
NIFTY,26-DEC-2024,26000.0,25-11-2024 11:30:00,22.75,22.9,22.45,22.55,3089550.0,8025.0,1534.45,1534.45,1530.4,1530.4,1025925.0,25.0
NIFTY,26-DEC-2024,26000.0,25-11-2024 11:31:00,22.45,22.85,22.45,22.75,3089550.0,7450.0,1530.4,1530.4,1525.45,1530.0,1025925.0,100.0
NIFTY,26-DEC-2024,26000.0,25-11-2024 11:32:00,22.7,22.95,22.5,22.5,3090625.0,0.0,1529.0,1529.0,1529.0,1529.0,1025925.0,200.0
NIFTY,26-DEC-2024,26000.0,25-11-2024 11:33:00,22.7,22.75,22.7,22.7,3090625.0,0.0,1529.0,1535.75,1529.0,1534.85,1025925.0,75.0
NIFTY,26-DEC-2024,26000.0,25-11-2024 11:34:00,22.8,22.8,22.6,22.6,3090625.0,0.0,1534.85,1540.0,1534.85,1535.2,1026200.0,950.0
NIFTY,26-DEC-2024,26000.0,25-11-2024 11:35:00,22.65,22.8,22.4,22.4,3091150.0,14150.0,1535.2,1535.2,1535.2,1535.2,1026200.0,0.0
NIFTY,26-DEC-2024,26000.0,25-11-2024 11:36:00,22.4,22.5,21.6,21.6,3091150.0,8175.0,1549.95,1561.85,1549.95,1561.85,1026225.0,300.0
NIFTY,26-DEC-2024,26000.0,25-11-2024 11:37:00,21.75,21.95,21.75,21.9,3091150.0,0.0,1561.85,1561.85,1561.85,1561.85,1026225.0,50.0
NIFTY,26-DEC-2024,26000.0,25-11-2024 11:38:00,21.85,22.05,21.7,21.7,3084925.0,18025.0,1561.85,1561.85,1548.0,1548.0,1026250.0,0.0
NIFTY,26-DEC-2024,26000.0,25-11-2024 11:39:00,21.75,21.95,21.55,21.65,3084925.0,3800.0,1549.55,1558.0,1549.55,1557.35,1026250.0,525.0
NIFTY,26-DEC-2024,26000.0,25-11-2024 11:40:00,21.55,21.95,21.55,21.85,3084925.0,0.0,1557.35,1557.35,1552.4,1552.4,1026250.0,25.0
NIFTY,26-DEC-2024,26000.0,25-11-2024 11:41:00,21.8,21.9,21.6,21.8,3084850.0,3475.0,1552.4,1552.4,1550.0,1550.0,1026250.0,0.0
NIFTY,26-DEC-2024,26000.0,25-11-2024 11:42:00,21.6,21.75,21.55,21.65,3084850.0,8800.0,1544.15,1544.15,1544.15,1544.15,1027950.0,2500.0
NIFTY,26-DEC-2024,26000.0,25-11-2024 11:43:00,21.85,21.85,21.6,21.75,3084850.0,6500.0,1544.15,1553.4,1544.15,1553.4,1027950.0,0.0
NIFTY,26-DEC-2024,26000.0,25-11-2024 11:44:00,21.7,21.9,21.6,21.85,3083225.0,7250.0,1553.4,1553.4,1553.4,1553.4,1027950.0,600.0
NIFTY,26-DEC-2024,26000.0,25-11-2024 11:45:00,21.9,22.2,21.65,21.95,3083225.0,0.0,1553.4,1568.35,1553.4,1568.35,1028650.0,175.0
NIFTY,26-DEC-2024,26000.0,25-11-2024 11:46:00,21.85,22.05,21.75,22.0,3083225.0,17725.0,1568.35,1568.35,1567.75,1568.35,1028650.0,225.0
NIFTY,26-DEC-2024,26000.0,25-11-2024 11:47:00,21.95,22.1,21.55,21.9,3079975.0,5750.0,1568.35,1577.3,1565.0,1577.3,1028650.0,200.0
NIFTY,26-DEC-2024,26000.0,25-11-2024 11:48:00,21.85,21.85,21.6,21.6,3079975.0,550.0,1577.3,1577.3,1577.3,1577.3,1028650.0,0.0
NIFTY,26-DEC-2024,26000.0,25-11-2024 11:49:00,21.65,21.7,21.5,21.5,3079975.0,0.0,1577.3,1577.3,1565.0,1565.0,1028525.0,25.0
NIFTY,26-DEC-2024,26000.0,25-11-2024 11:50:00,21.6,21.6,21.2,21.4,3079975.0,3800.0,1565.0,1568.65,1565.0,1566.45,1028525.0,400.0
NIFTY,26-DEC-2024,26000.0,25-11-2024 11:51:00,21.45,21.6,21.1,21.15,3080975.0,0.0,1566.45,1583.25,1566.45,1580.0,1028850.0,425.0
NIFTY,26-DEC-2024,26000.0,25-11-2024 11:52:00,21.2,21.3,21.1,21.1,3080975.0,9400.0,1580.0,1580.0,1575.15,1575.15,1028850.0,25.0
NIFTY,26-DEC-2024,26000.0,25-11-2024 11:53:00,21.2,21.3,21.2,21.3,3081350.0,4600.0,1575.15,1575.15,1570.0,1570.0,1029075.0,150.0
NIFTY,26-DEC-2024,26000.0,25-11-2024 11:54:00,21.25,21.7,21.25,21.35,3081350.0,1225.0,1570.0,1570.0,1564.2,1564.2,1029075.0,100.0
NIFTY,26-DEC-2024,26000.0,25-11-2024 11:55:00,21.35,21.7,21.35,21.7,3081350.0,1575.0,1564.2,1574.25,1562.1,1562.1,1029075.0,275.0
NIFTY,26-DEC-2024,26000.0,25-11-2024 11:56:00,21.6,21.85,21.5,21.65,3083475.0,3325.0,1562.1,1562.3,1560.0,1562.3,1029075.0,250.0
NIFTY,26-DEC-2024,26000.0,25-11-2024 11:57:00,21.65,21.7,21.2,21.3,3083475.0,0.0,1562.3,1562.3,1562.3,1562.3,1029075.0,0.0
NIFTY,26-DEC-2024,26000.0,25-11-2024 11:58:00,21.3,21.35,21.0,21.0,3083475.0,16650.0,1562.3,1574.55,1562.3,1569.35,1029200.0,175.0
NIFTY,26-DEC-2024,26000.0,25-11-2024 11:59:00,21.25,21.4,21.05,21.35,3070150.0,0.0,1569.35,1572.8,1569.35,1572.8,1029200.0,25.0
NIFTY,26-DEC-2024,26000.0,25-11-2024 12:00:00,21.35,21.45,20.95,21.1,3070150.0,0.0,1577.75,1577.75,1570.0,1573.9,1029275.0,125.0
NIFTY,26-DEC-2024,26000.0,25-11-2024 12:01:00,21.0,21.0,20.5,20.85,3070150.0,40050.0,1573.9,1581.1,1566.25,1578.25,1029275.0,1025.0
NIFTY,26-DEC-2024,26000.0,25-11-2024 12:02:00,20.75,20.75,20.35,20.6,3059275.0,24075.0,1578.25,1581.5,1578.25,1579.15,1029275.0,600.0
NIFTY,26-DEC-2024,26000.0,25-11-2024 12:03:00,20.4,20.75,20.05,20.75,3059275.0,27650.0,1595.55,1597.7,1580.0,1580.0,1030025.0,550.0
NIFTY,26-DEC-2024,26000.0,25-11-2024 12:04:00,20.75,20.8,20.5,20.75,3059275.0,12850.0,1574.9,1574.95,1574.9,1574.95,1030025.0,50.0
NIFTY,26-DEC-2024,26000.0,25-11-2024 12:05:00,20.8,21.25,20.75,21.25,3056275.0,10025.0,1574.95,1574.95,1574.95,1574.95,1030025.0,0.0
NIFTY,26-DEC-2024,26000.0,25-11-2024 12:06:00,21.3,21.8,21.25,21.8,3056275.0,5025.0,1574.95,1574.95,1555.2,1555.25,1030375.0,0.0
NIFTY,26-DEC-2024,26000.0,25-11-2024 12:07:00,21.8,21.9,21.65,21.75,3056275.0,2775.0,1555.2,1559.5,1552.65,1556.95,1030375.0,1250.0
NIFTY,26-DEC-2024,26000.0,25-11-2024 12:08:00,21.95,22.15,21.85,22.1,3057600.0,4100.0,1556.95,1556.95,1543.95,1545.3,1032125.0,1550.0
NIFTY,26-DEC-2024,26000.0,25-11-2024 12:09:00,22.05,22.15,21.85,21.85,3057600.0,11250.0,1545.3,1556.65,1545.3,1556.65,1032125.0,1725.0
NIFTY,26-DEC-2024,26000.0,25-11-2024 12:10:00,21.85,22.0,21.7,21.7,3057600.0,13850.0,1556.65,1557.6,1548.05,1555.3,1032125.0,3650.0
NIFTY,26-DEC-2024,26000.0,25-11-2024 12:11:00,21.85,22.3,21.8,22.3,3063400.0,11975.0,1555.3,1555.9,1542.2,1546.45,1032125.0,1000.0
NIFTY,26-DEC-2024,26000.0,25-11-2024 12:12:00,22.15,22.15,22.05,22.1,3063400.0,0.0,1546.45,1547.65,1540.0,1540.0,1032125.0,400.0
NIFTY,26-DEC-2024,26000.0,25-11-2024 12:13:00,22.1,22.25,22.0,22.2,3063400.0,10150.0,1540.0,1546.0,1540.0,1546.0,1038175.0,250.0
NIFTY,26-DEC-2024,26000.0,25-11-2024 12:14:00,22.25,22.25,22.1,22.15,3063400.0,9025.0,1546.0,1549.0,1546.0,1549.0,1038175.0,25.0
NIFTY,26-DEC-2024,26000.0,25-11-2024 12:15:00,22.1,22.45,22.1,22.45,3065150.0,7275.0,1549.0,1549.0,1549.0,1549.0,1038175.0,0.0
NIFTY,26-DEC-2024,26000.0,25-11-2024 12:16:00,22.4,22.4,22.05,22.15,3065150.0,7525.0,1549.0,1550.9,1548.95,1550.9,1038550.0,25.0
NIFTY,26-DEC-2024,26000.0,25-11-2024 12:17:00,22.0,22.15,21.65,21.85,3076175.0,3550.0,1558.95,1560.0,1558.95,1560.0,1038550.0,450.0
NIFTY,26-DEC-2024,26000.0,25-11-2024 12:18:00,21.8,21.85,21.65,21.7,3076175.0,17250.0,1560.0,1560.0,1560.0,1560.0,1038800.0,100.0
NIFTY,26-DEC-2024,26000.0,25-11-2024 12:19:00,21.65,21.65,21.4,21.4,3076175.0,8225.0,1567.2,1570.0,1567.2,1570.0,1038800.0,100.0
NIFTY,26-DEC-2024,26000.0,25-11-2024 12:20:00,21.35,21.5,21.3,21.5,3073800.0,5500.0,1570.0,1571.95,1570.0,1571.95,1038800.0,50.0
NIFTY,26-DEC-2024,26000.0,25-11-2024 12:21:00,21.7,21.7,21.2,21.2,3073800.0,5225.0,1571.95,1571.95,1560.0,1560.0,1038875.0,0.0
NIFTY,26-DEC-2024,26000.0,25-11-2024 12:22:00,21.1,21.25,21.1,21.25,3073800.0,2600.0,1564.7,1564.7,1562.05,1562.05,1038875.0,200.0
NIFTY,26-DEC-2024,26000.0,25-11-2024 12:23:00,21.15,21.15,21.05,21.15,3072425.0,700.0,1562.05,1565.0,1562.05,1565.0,1038875.0,25.0
NIFTY,26-DEC-2024,26000.0,25-11-2024 12:24:00,21.0,21.15,21.0,21.05,3072425.0,800.0,1565.0,1565.0,1565.0,1565.0,1038875.0,0.0
NIFTY,26-DEC-2024,26000.0,25-11-2024 12:25:00,21.1,21.2,21.1,21.2,3072425.0,0.0,1565.0,1565.1,1565.0,1565.1,1038900.0,25.0
NIFTY,26-DEC-2024,26000.0,25-11-2024 12:26:00,21.1,21.2,21.0,21.2,3072450.0,2650.0,1565.1,1568.0,1560.0,1566.75,1038900.0,250.0
NIFTY,26-DEC-2024,26000.0,25-11-2024 12:27:00,21.35,21.35,21.15,21.2,3072450.0,11175.0,1566.75,1566.75,1559.75,1559.75,1038900.0,75.0
NIFTY,26-DEC-2024,26000.0,25-11-2024 12:28:00,21.3,21.4,21.2,21.3,3072450.0,500.0,1559.75,1560.5,1558.9,1560.0,1038950.0,425.0
NIFTY,26-DEC-2024,26000.0,25-11-2024 12:29:00,21.3,21.3,21.0,21.25,3078350.0,1675.0,1560.0,1560.0,1555.0,1560.0,1038950.0,725.0
NIFTY,26-DEC-2024,26000.0,25-11-2024 12:30:00,20.9,21.05,20.85,21.0,3078350.0,33450.0,1560.0,1569.85,1560.0,1569.85,1039800.0,475.0
NIFTY,26-DEC-2024,26000.0,25-11-2024 12:31:00,20.75,20.75,20.65,20.65,3078350.0,0.0,1569.85,1569.85,1569.85,1569.85,1039800.0,0.0
NIFTY,26-DEC-2024,26000.0,25-11-2024 12:32:00,21.1,21.1,20.8,20.8,3078350.0,0.0,1569.85,1569.85,1562.75,1562.75,1039800.0,500.0
NIFTY,26-DEC-2024,26000.0,25-11-2024 12:33:00,21.05,21.05,20.85,20.85,3079050.0,6775.0,,,,,,
NIFTY,26-DEC-2024,26000.0,25-11-2024 12:34:00,20.75,21.0,20.7,20.85,3079050.0,1775.0,1566.5,1566.5,1566.5,1566.5,1039800.0,75.0
NIFTY,26-DEC-2024,26000.0,25-11-2024 12:35:00,20.95,21.0,20.7,20.9,3082125.0,5350.0,1566.5,1577.65,1566.5,1577.65,1040175.0,2825.0
NIFTY,26-DEC-2024,26000.0,25-11-2024 12:36:00,20.9,20.9,20.75,20.8,3082125.0,3750.0,1577.65,1577.65,1572.05,1572.05,1042150.0,925.0
NIFTY,26-DEC-2024,26000.0,25-11-2024 12:37:00,20.9,21.3,20.9,21.1,3082125.0,0.0,1572.05,1572.05,1564.9,1565.55,1042150.0,300.0
NIFTY,26-DEC-2024,26000.0,25-11-2024 12:38:00,21.2,21.25,21.1,21.25,3082200.0,9600.0,1565.55,1565.55,1560.0,1561.45,1042150.0,1200.0
NIFTY,26-DEC-2024,26000.0,25-11-2024 12:39:00,21.2,21.4,21.2,21.35,3082200.0,3700.0,1561.45,1561.45,1558.1,1558.1,1042750.0,525.0
NIFTY,26-DEC-2024,26000.0,25-11-2024 12:40:00,21.4,21.45,21.35,21.45,3082200.0,2950.0,1558.1,1558.1,1547.5,1547.55,1042750.0,250.0
NIFTY,26-DEC-2024,26000.0,25-11-2024 12:41:00,21.45,21.45,21.1,21.2,3083825.0,6150.0,1547.55,1554.55,1547.55,1554.0,1042750.0,350.0
NIFTY,26-DEC-2024,26000.0,25-11-2024 12:42:00,21.1,21.15,20.95,21.1,3083825.0,7150.0,1554.0,1558.0,1554.0,1558.0,1042750.0,50.0
NIFTY,26-DEC-2024,26000.0,25-11-2024 12:43:00,21.0,21.45,21.0,21.1,3083825.0,5500.0,1558.0,1558.0,1558.0,1558.0,1042750.0,0.0
NIFTY,26-DEC-2024,26000.0,25-11-2024 12:44:00,21.05,21.2,21.0,21.2,3085425.0,0.0,,,,,,
NIFTY,26-DEC-2024,26000.0,25-11-2024 12:45:00,21.0,21.2,20.95,21.0,3085425.0,3175.0,1556.75,1556.75,1556.75,1556.75,1042750.0,150.0
NIFTY,26-DEC-2024,26000.0,25-11-2024 12:46:00,20.95,21.15,20.85,21.15,3085425.0,0.0,1556.75,1562.05,1556.75,1562.05,1042750.0,75.0
NIFTY,26-DEC-2024,26000.0,25-11-2024 12:47:00,21.0,21.1,20.7,20.7,3083925.0,3725.0,1564.0,1565.0,1564.0,1565.0,1042750.0,75.0
NIFTY,26-DEC-2024,26000.0,25-11-2024 12:48:00,20.8,20.8,20.45,20.5,3083925.0,11075.0,1565.0,1570.0,1565.0,1570.0,1042800.0,75.0
NIFTY,26-DEC-2024,26000.0,25-11-2024 12:49:00,20.5,20.5,20.15,20.15,3083925.0,0.0,1570.0,1571.75,1570.0,1570.0,1042800.0,0.0
NIFTY,26-DEC-2024,26000.0,25-11-2024 12:50:00,20.3,20.3,20.0,20.0,3086425.0,0.0,1574.35,1580.0,1574.35,1580.0,1042825.0,0.0
NIFTY,26-DEC-2024,26000.0,25-11-2024 12:51:00,20.0,20.0,19.5,19.75,3086425.0,0.0,1589.0,1589.0,1589.0,1589.0,1042825.0,275.0
NIFTY,26-DEC-2024,26000.0,25-11-2024 12:52:00,19.75,19.85,19.45,19.6,3086425.0,0.0,1591.0,1603.9,1591.0,1603.9,1042825.0,425.0
NIFTY,26-DEC-2024,26000.0,25-11-2024 12:53:00,19.65,19.65,18.75,19.05,3053850.0,0.0,1603.9,1646.95,1603.9,1646.95,1044125.0,1425.0
NIFTY,26-DEC-2024,26000.0,25-11-2024 12:54:00,18.9,19.05,18.6,18.8,3053850.0,0.0,1638.8,1649.4,1629.6,1649.0,1044125.0,625.0
NIFTY,26-DEC-2024,26000.0,25-11-2024 12:55:00,18.75,18.8,18.15,18.7,3053850.0,0.0,1655.25,1682.05,1650.0,1650.0,1044125.0,2550.0
NIFTY,26-DEC-2024,26000.0,25-11-2024 12:56:00,18.55,18.75,18.25,18.6,3042025.0,181450.0,1650.0,1690.3,1650.0,1684.15,1044125.0,2125.0
NIFTY,26-DEC-2024,26000.0,25-11-2024 12:57:00,18.65,18.65,17.75,17.75,3042025.0,0.0,1681.3,1708.75,1677.05,1708.75,1046750.0,7475.0
NIFTY,26-DEC-2024,26000.0,25-11-2024 12:58:00,17.55,17.55,16.9,17.15,3042025.0,0.0,1707.15,1725.3,1707.15,1708.0,1046750.0,2525.0
NIFTY,26-DEC-2024,26000.0,25-11-2024 12:59:00,17.1,17.8,17.1,17.6,3070000.0,0.0,1691.45,1700.0,1680.65,1700.0,1052100.0,50.0
NIFTY,26-DEC-2024,26000.0,25-11-2024 13:00:00,17.55,18.35,17.5,17.95,3070000.0,142925.0,1700.0,1726.8,1700.0,1706.9,1052100.0,475.0
NIFTY,26-DEC-2024,26000.0,25-11-2024 13:01:00,18.1,18.4,18.1,18.4,3070000.0,8175.0,1706.9,1706.9,1706.9,1706.9,1052100.0,0.0
NIFTY,26-DEC-2024,26000.0,25-11-2024 13:02:00,18.4,18.6,17.8,17.95,3082250.0,18300.0,1691.9,1730.0,1690.0,1727.05,1052100.0,3950.0
NIFTY,26-DEC-2024,26000.0,25-11-2024 13:03:00,18.2,18.2,17.8,18.0,3082250.0,0.0,1704.25,1705.55,1704.25,1705.55,1049900.0,200.0
NIFTY,26-DEC-2024,26000.0,25-11-2024 13:04:00,17.9,17.95,17.7,17.7,3082250.0,0.0,1705.55,1715.0,1704.25,1713.05,1049900.0,550.0
NIFTY,26-DEC-2024,26000.0,25-11-2024 13:05:00,17.8,18.0,17.65,17.75,3086475.0,21050.0,1713.05,1721.7,1713.05,1715.0,1049900.0,500.0
NIFTY,26-DEC-2024,26000.0,25-11-2024 13:06:00,17.85,17.85,17.7,17.75,3086475.0,21950.0,1715.0,1715.0,1700.85,1700.85,1050050.0,100.0
NIFTY,26-DEC-2024,26000.0,25-11-2024 13:07:00,17.85,18.0,17.8,18.0,3086475.0,0.0,1700.85,1712.4,1698.65,1701.3,1050050.0,1275.0
NIFTY,26-DEC-2024,26000.0,25-11-2024 13:08:00,17.85,18.0,17.65,17.8,3087150.0,4650.0,1701.3,1733.25,1701.3,1733.25,1050050.0,750.0
NIFTY,26-DEC-2024,26000.0,25-11-2024 13:09:00,18.0,18.0,17.75,17.9,3087150.0,0.0,1733.25,1733.25,1709.3,1709.3,1050800.0,75.0
NIFTY,26-DEC-2024,26000.0,25-11-2024 13:10:00,17.9,18.0,17.8,17.85,3087150.0,7850.0,1709.3,1709.3,1697.05,1700.0,1050800.0,325.0
NIFTY,26-DEC-2024,26000.0,25-11-2024 13:11:00,17.75,18.2,17.7,18.15,3087625.0,7100.0,1700.0,1700.0,1665.7,1665.7,1050800.0,1100.0
NIFTY,26-DEC-2024,26000.0,25-11-2024 13:12:00,18.1,18.5,18.0,18.2,3087625.0,0.0,1665.7,1668.0,1650.0,1655.7,1051125.0,1275.0
NIFTY,26-DEC-2024,26000.0,25-11-2024 13:13:00,18.15,18.35,17.85,18.3,3087625.0,0.0,1655.7,1655.7,1655.7,1655.7,1051125.0,0.0
NIFTY,26-DEC-2024,26000.0,25-11-2024 13:14:00,18.35,18.35,18.25,18.25,3092700.0,32525.0,1655.7,1671.1,1655.7,1671.1,1051125.0,0.0
NIFTY,26-DEC-2024,26000.0,25-11-2024 13:15:00,18.2,18.7,18.2,18.5,3092700.0,7925.0,1671.1,1671.1,1671.1,1671.1,1051125.0,25.0
NIFTY,26-DEC-2024,26000.0,25-11-2024 13:16:00,18.6,18.65,18.25,18.65,3092700.0,10575.0,1671.1,1683.85,1671.1,1683.85,1051125.0,100.0
NIFTY,26-DEC-2024,26000.0,25-11-2024 13:17:00,18.6,18.65,18.4,18.45,3092700.0,13225.0,1683.85,1683.85,1669.0,1669.0,1051300.0,525.0
NIFTY,26-DEC-2024,26000.0,25-11-2024 13:18:00,18.4,18.4,18.0,18.3,3090275.0,16525.0,1669.0,1672.25,1669.0,1672.25,1051300.0,50.0
NIFTY,26-DEC-2024,26000.0,25-11-2024 13:19:00,18.15,18.4,18.15,18.35,3090275.0,925.0,1672.25,1680.3,1672.25,1680.3,1051625.0,125.0
NIFTY,26-DEC-2024,26000.0,25-11-2024 13:20:00,18.3,18.5,18.15,18.4,3081500.0,0.0,1680.3,1684.2,1680.3,1683.2,1051625.0,450.0
NIFTY,26-DEC-2024,26000.0,25-11-2024 13:21:00,18.55,18.7,18.45,18.55,3081500.0,13575.0,1683.2,1683.2,1659.0,1664.0,1051625.0,725.0
NIFTY,26-DEC-2024,26000.0,25-11-2024 13:22:00,18.5,18.7,18.5,18.6,3081500.0,1650.0,1664.0,1664.0,1653.45,1657.6,1052125.0,450.0
NIFTY,26-DEC-2024,26000.0,25-11-2024 13:23:00,18.35,18.55,18.35,18.35,3079975.0,0.0,1657.6,1671.9,1657.6,1671.9,1052125.0,300.0
NIFTY,26-DEC-2024,26000.0,25-11-2024 13:24:00,18.3,18.35,17.9,18.25,3079975.0,0.0,1671.9,1680.0,1667.5,1669.0,1052775.0,200.0
NIFTY,26-DEC-2024,26000.0,25-11-2024 13:25:00,18.3,18.35,18.2,18.3,3079975.0,20625.0,1669.0,1669.0,1669.0,1669.0,1052775.0,0.0
NIFTY,26-DEC-2024,26000.0,25-11-2024 13:26:00,18.6,19.0,18.6,19.0,3079975.0,3750.0,1669.0,1669.0,1624.5,1627.0,1052775.0,200.0
NIFTY,26-DEC-2024,26000.0,25-11-2024 13:27:00,19.0,19.05,18.75,18.75,3068975.0,1825.0,1627.0,1639.0,1624.9,1639.0,1052975.0,1175.0
NIFTY,26-DEC-2024,26000.0,25-11-2024 13:28:00,18.75,19.15,18.75,19.15,3068975.0,2025.0,1639.0,1639.0,1623.85,1624.75,1052975.0,650.0
NIFTY,26-DEC-2024,26000.0,25-11-2024 13:29:00,19.2,19.2,19.1,19.2,3068975.0,2675.0,1624.75,1624.75,1624.75,1624.75,1052975.0,0.0
NIFTY,26-DEC-2024,26000.0,25-11-2024 13:30:00,19.1,19.1,18.7,18.75,3070375.0,375.0,1624.75,1640.0,1624.75,1640.0,1053700.0,475.0
NIFTY,26-DEC-2024,26000.0,25-11-2024 13:31:00,18.65,18.75,18.5,18.5,3070375.0,0.0,1640.0,1640.0,1640.0,1640.0,1053700.0,0.0
NIFTY,26-DEC-2024,26000.0,25-11-2024 13:32:00,18.5,18.5,18.05,18.15,3070375.0,6850.0,1640.0,1651.95,1640.0,1651.95,1053700.0,50.0
NIFTY,26-DEC-2024,26000.0,25-11-2024 13:33:00,18.3,18.7,18.3,18.7,3066350.0,2250.0,1651.95,1651.95,1640.0,1640.0,1053575.0,25.0
NIFTY,26-DEC-2024,26000.0,25-11-2024 13:34:00,18.65,18.85,18.6,18.85,3066350.0,0.0,1640.0,1640.0,1640.0,1640.0,1053575.0,0.0
NIFTY,26-DEC-2024,26000.0,25-11-2024 13:35:00,18.7,18.8,18.6,18.7,3066350.0,3425.0,1640.0,1640.0,1640.0,1640.0,1053575.0,0.0
NIFTY,26-DEC-2024,26000.0,25-11-2024 13:36:00,18.45,18.6,18.45,18.6,3067700.0,1450.0,1640.0,1646.95,1640.0,1646.95,1053575.0,0.0
NIFTY,26-DEC-2024,26000.0,25-11-2024 13:37:00,18.15,18.35,18.05,18.35,3067700.0,3300.0,1646.95,1663.15,1646.95,1663.15,1053575.0,150.0
NIFTY,26-DEC-2024,26000.0,25-11-2024 13:38:00,18.5,18.5,18.05,18.45,3067700.0,7950.0,1663.15,1663.15,1657.5,1663.0,1053575.0,625.0
NIFTY,26-DEC-2024,26000.0,25-11-2024 13:39:00,18.3,18.45,18.0,18.1,3066425.0,5075.0,1663.0,1676.7,1659.75,1673.5,1053825.0,1125.0
NIFTY,26-DEC-2024,26000.0,25-11-2024 13:40:00,18.05,18.15,17.8,17.9,3066425.0,9400.0,1670.75,1678.6,1670.55,1672.65,1053825.0,1550.0
NIFTY,26-DEC-2024,26000.0,25-11-2024 13:41:00,17.9,17.9,17.65,17.85,3066425.0,10550.0,1672.65,1692.15,1672.65,1685.7,1053825.0,725.0
NIFTY,26-DEC-2024,26000.0,25-11-2024 13:42:00,17.75,18.15,17.65,17.85,3068125.0,2200.0,1685.7,1685.7,1665.0,1665.0,1053025.0,600.0
NIFTY,26-DEC-2024,26000.0,25-11-2024 13:43:00,17.8,18.1,17.7,18.05,3068125.0,30200.0,1665.0,1682.15,1665.0,1676.4,1053025.0,1050.0
NIFTY,26-DEC-2024,26000.0,25-11-2024 13:44:00,17.6,18.35,17.6,17.95,3068125.0,2425.0,1672.0,1681.45,1672.0,1681.45,1053025.0,600.0
NIFTY,26-DEC-2024,26000.0,25-11-2024 13:45:00,17.75,18.35,17.75,18.2,3078525.0,0.0,1681.45,1691.6,1679.45,1691.6,1054175.0,550.0
NIFTY,26-DEC-2024,26000.0,25-11-2024 13:46:00,18.35,18.35,18.15,18.2,3078525.0,7975.0,1683.55,1690.05,1682.75,1689.4,1054175.0,1150.0
NIFTY,26-DEC-2024,26000.0,25-11-2024 13:47:00,18.2,18.35,18.15,18.3,3078525.0,0.0,1689.4,1689.4,1677.95,1687.0,1054175.0,1075.0
NIFTY,26-DEC-2024,26000.0,25-11-2024 13:48:00,18.3,18.6,18.2,18.5,3083000.0,13375.0,1687.0,1687.0,1672.15,1677.4,1055025.0,575.0
NIFTY,26-DEC-2024,26000.0,25-11-2024 13:49:00,18.35,18.5,18.2,18.2,3083000.0,0.0,1677.4,1684.5,1673.65,1681.35,1055025.0,725.0
NIFTY,26-DEC-2024,26000.0,25-11-2024 13:50:00,18.15,18.3,18.1,18.1,3083000.0,8650.0,1684.5,1686.4,1674.0,1674.0,1055025.0,925.0
NIFTY,26-DEC-2024,26000.0,25-11-2024 13:51:00,18.2,18.2,17.65,17.7,3084125.0,5750.0,1674.0,1694.15,1674.0,1694.15,1056350.0,525.0
NIFTY,26-DEC-2024,26000.0,25-11-2024 13:52:00,17.65,17.85,17.65,17.75,3084125.0,5150.0,1694.15,1698.0,1694.0,1698.0,1056350.0,1025.0
NIFTY,26-DEC-2024,26000.0,25-11-2024 13:53:00,17.65,17.75,17.5,17.75,3084125.0,1775.0,1698.0,1698.0,1690.75,1698.0,1056350.0,1050.0
NIFTY,26-DEC-2024,26000.0,25-11-2024 13:54:00,17.55,17.75,17.5,17.55,3081675.0,2800.0,1698.0,1699.0,1689.65,1689.65,1058200.0,500.0
NIFTY,26-DEC-2024,26000.0,25-11-2024 13:55:00,17.65,17.85,17.45,17.6,3081675.0,2550.0,1689.65,1700.0,1688.25,1695.75,1058200.0,1000.0
NIFTY,26-DEC-2024,26000.0,25-11-2024 13:56:00,17.6,17.7,17.55,17.6,3081675.0,7450.0,1700.0,1700.0,1696.45,1696.45,1058200.0,900.0
NIFTY,26-DEC-2024,26000.0,25-11-2024 13:57:00,17.7,17.75,17.55,17.65,3083300.0,3900.0,1696.45,1700.3,1695.6,1695.6,1059375.0,650.0
NIFTY,26-DEC-2024,26000.0,25-11-2024 13:58:00,17.6,18.05,17.6,17.9,3083300.0,22600.0,1695.6,1695.6,1673.9,1673.9,1059375.0,525.0
NIFTY,26-DEC-2024,26000.0,25-11-2024 13:59:00,17.9,18.05,17.8,17.8,3083300.0,0.0,1673.9,1681.85,1670.5,1679.8,1059375.0,525.0
NIFTY,26-DEC-2024,26000.0,25-11-2024 14:00:00,17.75,18.0,17.75,17.9,3084350.0,0.0,1679.8,1686.6,1679.8,1682.9,1060475.0,850.0
NIFTY,26-DEC-2024,26000.0,25-11-2024 14:01:00,17.85,17.9,17.65,17.75,3084350.0,21975.0,1684.0,1697.65,1684.0,1691.1,1060475.0,800.0
NIFTY,26-DEC-2024,26000.0,25-11-2024 14:02:00,17.75,18.05,17.7,18.0,3084350.0,3075.0,1691.1,1695.1,1673.95,1673.95,1060475.0,625.0
NIFTY,26-DEC-2024,26000.0,25-11-2024 14:03:00,17.9,18.4,17.9,18.3,3085250.0,14950.0,1661.2,1664.9,1655.25,1664.9,1061800.0,1100.0
NIFTY,26-DEC-2024,26000.0,25-11-2024 14:04:00,18.25,18.5,18.15,18.15,3085250.0,8400.0,1664.9,1671.65,1655.7,1669.95,1061800.0,800.0
NIFTY,26-DEC-2024,26000.0,25-11-2024 14:05:00,18.15,18.35,18.15,18.25,3085250.0,4050.0,1669.95,1673.9,1662.7,1673.9,1061800.0,1475.0
NIFTY,26-DEC-2024,26000.0,25-11-2024 14:06:00,18.2,18.5,18.2,18.4,3091600.0,1725.0,1673.9,1674.95,1654.1,1671.2,1063175.0,575.0
NIFTY,26-DEC-2024,26000.0,25-11-2024 14:07:00,18.4,18.55,18.35,18.5,3091600.0,5550.0,1671.2,1671.2,1659.6,1659.6,1063175.0,650.0
NIFTY,26-DEC-2024,26000.0,25-11-2024 14:08:00,18.4,18.85,18.4,18.85,3091600.0,5075.0,1659.6,1664.7,1656.25,1659.0,1063175.0,625.0
NIFTY,26-DEC-2024,26000.0,25-11-2024 14:09:00,18.75,19.1,18.75,19.1,3090850.0,5575.0,1659.0,1659.0,1640.0,1644.1,1063875.0,1200.0
NIFTY,26-DEC-2024,26000.0,25-11-2024 14:10:00,19.0,19.0,18.75,18.95,3090850.0,19650.0,1644.1,1654.85,1641.9,1649.9,1063875.0,550.0
NIFTY,26-DEC-2024,26000.0,25-11-2024 14:11:00,18.95,19.2,18.95,19.2,3090850.0,15775.0,1649.9,1653.6,1640.25,1653.6,1063875.0,600.0
NIFTY,26-DEC-2024,26000.0,25-11-2024 14:12:00,19.15,19.25,19.0,19.2,3098650.0,0.0,1653.6,1653.75,1640.0,1650.0,1064175.0,875.0
NIFTY,26-DEC-2024,26000.0,25-11-2024 14:13:00,19.15,19.3,19.0,19.0,3098650.0,12075.0,1650.0,1650.0,1640.45,1649.65,1064175.0,1650.0
NIFTY,26-DEC-2024,26000.0,25-11-2024 14:14:00,19.05,19.15,18.75,18.75,3098650.0,2275.0,1649.65,1661.4,1643.9,1661.4,1064175.0,800.0
NIFTY,26-DEC-2024,26000.0,25-11-2024 14:15:00,18.75,18.8,18.65,18.75,3102750.0,0.0,1661.4,1661.4,1649.65,1659.8,1065000.0,525.0
NIFTY,26-DEC-2024,26000.0,25-11-2024 14:16:00,18.75,18.9,18.65,18.7,3102750.0,7975.0,1659.8,1659.8,1649.0,1649.0,1065000.0,550.0
NIFTY,26-DEC-2024,26000.0,25-11-2024 14:17:00,18.7,18.75,18.55,18.7,3102750.0,0.0,1649.0,1649.0,1642.0,1642.0,1065000.0,1425.0
NIFTY,26-DEC-2024,26000.0,25-11-2024 14:18:00,18.65,18.8,18.55,18.55,3101025.0,13900.0,1642.0,1644.5,1640.0,1640.4,1066575.0,500.0
NIFTY,26-DEC-2024,26000.0,25-11-2024 14:19:00,18.5,18.8,18.5,18.8,3101025.0,4250.0,1640.4,1646.8,1637.05,1637.05,1066575.0,600.0
NIFTY,26-DEC-2024,26000.0,25-11-2024 14:20:00,18.8,19.05,18.75,18.9,3101025.0,1900.0,1637.05,1643.65,1632.35,1643.55,1066575.0,1175.0
NIFTY,26-DEC-2024,26000.0,25-11-2024 14:21:00,18.75,18.75,18.35,18.35,3101850.0,3525.0,1643.55,1652.9,1643.55,1652.9,1067225.0,600.0
NIFTY,26-DEC-2024,26000.0,25-11-2024 14:22:00,18.4,18.5,18.3,18.3,3101850.0,12650.0,1652.9,1659.35,1649.75,1650.75,1067225.0,875.0
NIFTY,26-DEC-2024,26000.0,25-11-2024 14:23:00,18.3,18.3,17.8,17.95,3101850.0,1250.0,1653.6,1674.75,1653.6,1673.7,1067225.0,700.0
NIFTY,26-DEC-2024,26000.0,25-11-2024 14:24:00,17.8,18.0,17.75,17.95,3094150.0,1500.0,1673.7,1677.1,1671.1,1671.1,1068375.0,525.0
NIFTY,26-DEC-2024,26000.0,25-11-2024 14:25:00,17.8,18.1,17.8,18.1,3094150.0,4675.0,1671.1,1672.5,1663.8,1663.8,1068375.0,525.0
NIFTY,26-DEC-2024,26000.0,25-11-2024 14:26:00,17.9,18.35,17.9,18.1,3094150.0,8375.0,1663.8,1666.65,1650.0,1650.0,1068375.0,800.0
NIFTY,26-DEC-2024,26000.0,25-11-2024 14:27:00,18.15,18.45,18.05,18.45,3095150.0,0.0,1650.0,1657.15,1637.45,1642.95,1069475.0,1675.0
NIFTY,26-DEC-2024,26000.0,25-11-2024 14:28:00,18.55,18.65,18.4,18.65,3095150.0,0.0,1642.0,1648.9,1640.0,1648.9,1069475.0,875.0
NIFTY,26-DEC-2024,26000.0,25-11-2024 14:29:00,18.7,18.7,18.45,18.5,3095150.0,13875.0,1642.6,1647.75,1636.35,1636.35,1069475.0,600.0
NIFTY,26-DEC-2024,26000.0,25-11-2024 14:30:00,18.5,18.7,18.35,18.7,3095400.0,9175.0,1636.35,1651.8,1636.35,1651.3,1069800.0,1000.0
NIFTY,26-DEC-2024,26000.0,25-11-2024 14:31:00,18.6,18.6,18.45,18.55,3095400.0,0.0,1651.3,1655.0,1651.05,1651.05,1069800.0,550.0
NIFTY,26-DEC-2024,26000.0,25-11-2024 14:32:00,18.55,18.55,18.25,18.35,3095400.0,23150.0,1651.05,1667.25,1651.05,1661.55,1069800.0,550.0
NIFTY,26-DEC-2024,26000.0,25-11-2024 14:33:00,18.3,18.5,18.3,18.5,3118650.0,3750.0,1659.45,1661.05,1652.0,1661.05,1070975.0,1400.0
NIFTY,26-DEC-2024,26000.0,25-11-2024 14:34:00,18.45,18.45,18.2,18.2,3118650.0,0.0,1661.05,1669.45,1648.45,1648.45,1070975.0,550.0
NIFTY,26-DEC-2024,26000.0,25-11-2024 14:35:00,18.2,18.4,18.2,18.2,3118650.0,27700.0,1648.45,1652.8,1647.9,1648.2,1070975.0,625.0
NIFTY,26-DEC-2024,26000.0,25-11-2024 14:36:00,18.25,18.45,18.2,18.4,3120975.0,6800.0,1648.2,1648.2,1625.5,1625.5,1071300.0,850.0
NIFTY,26-DEC-2024,26000.0,25-11-2024 14:37:00,18.35,18.35,18.0,18.25,3120975.0,0.0,1625.5,1638.55,1625.5,1638.55,1071300.0,625.0
NIFTY,26-DEC-2024,26000.0,25-11-2024 14:38:00,18.3,18.5,18.3,18.45,3120975.0,0.0,1638.55,1639.7,1609.55,1612.3,1071300.0,875.0
NIFTY,26-DEC-2024,26000.0,25-11-2024 14:39:00,18.65,18.7,18.3,18.5,3122175.0,38650.0,1612.9,1621.65,1612.9,1620.0,1072550.0,550.0
NIFTY,26-DEC-2024,26000.0,25-11-2024 14:40:00,18.4,18.75,18.4,18.7,3122175.0,0.0,1620.0,1620.0,1593.55,1604.3,1072550.0,600.0
NIFTY,26-DEC-2024,26000.0,25-11-2024 14:41:00,18.7,18.9,18.7,18.75,3122175.0,28400.0,1604.3,1604.3,1596.8,1599.6,1072550.0,500.0
NIFTY,26-DEC-2024,26000.0,25-11-2024 14:42:00,18.6,18.7,18.6,18.65,3126000.0,13200.0,1599.6,1609.15,1598.2,1604.4,1072950.0,600.0
NIFTY,26-DEC-2024,26000.0,25-11-2024 14:43:00,18.65,19.0,18.5,18.7,3126000.0,7625.0,1604.4,1607.9,1593.35,1593.35,1072950.0,950.0
NIFTY,26-DEC-2024,26000.0,25-11-2024 14:44:00,18.65,18.7,18.4,18.45,3126000.0,8400.0,1593.35,1596.0,1591.6,1591.6,1072950.0,75.0
NIFTY,26-DEC-2024,26000.0,25-11-2024 14:45:00,18.4,18.65,18.4,18.55,3125350.0,0.0,1591.6,1595.0,1591.6,1595.0,1072950.0,25.0
NIFTY,26-DEC-2024,26000.0,25-11-2024 14:46:00,18.65,18.7,18.4,18.7,3125350.0,4375.0,1595.0,1595.0,1581.0,1581.0,1073375.0,750.0
NIFTY,26-DEC-2024,26000.0,25-11-2024 14:47:00,18.6,18.6,18.3,18.45,3125350.0,9700.0,1581.0,1582.5,1580.35,1582.25,1073375.0,225.0
NIFTY,26-DEC-2024,26000.0,25-11-2024 14:48:00,18.45,18.45,18.3,18.35,3125975.0,4575.0,1582.25,1585.0,1580.0,1580.35,1073500.0,475.0
NIFTY,26-DEC-2024,26000.0,25-11-2024 14:49:00,18.3,18.4,18.0,18.4,3125975.0,9200.0,1580.35,1588.0,1580.35,1588.0,1073500.0,175.0
NIFTY,26-DEC-2024,26000.0,25-11-2024 14:50:00,18.35,18.35,17.75,17.9,3125975.0,0.0,1588.0,1599.0,1588.0,1598.7,1073500.0,50.0
NIFTY,26-DEC-2024,26000.0,25-11-2024 14:51:00,17.8,17.9,17.5,17.75,3125850.0,15300.0,1598.7,1606.95,1597.95,1601.35,1074000.0,9500.0
NIFTY,26-DEC-2024,26000.0,25-11-2024 14:52:00,17.65,17.8,17.65,17.8,3125850.0,0.0,1602.0,1608.3,1601.3,1601.3,1074000.0,825.0
NIFTY,26-DEC-2024,26000.0,25-11-2024 14:53:00,18.0,18.0,17.9,17.9,3125850.0,0.0,1601.3,1601.3,1586.5,1587.5,1074000.0,2525.0
NIFTY,26-DEC-2024,26000.0,25-11-2024 14:54:00,17.75,18.1,17.75,18.1,3126375.0,8375.0,1587.5,1590.0,1587.5,1590.0,1074000.0,325.0
NIFTY,26-DEC-2024,26000.0,25-11-2024 14:55:00,18.2,18.2,18.05,18.05,3126375.0,525.0,1590.0,1591.75,1589.05,1591.75,1076625.0,75.0
NIFTY,26-DEC-2024,26000.0,25-11-2024 14:56:00,17.95,17.95,17.9,17.95,3126375.0,4875.0,1591.75,1600.0,1591.75,1600.0,1076625.0,200.0
NIFTY,26-DEC-2024,26000.0,25-11-2024 14:57:00,18.0,18.3,18.0,18.2,3125850.0,0.0,1600.0,1602.45,1600.0,1602.45,1076650.0,400.0
NIFTY,26-DEC-2024,26000.0,25-11-2024 14:58:00,18.05,18.05,17.5,17.5,3125850.0,0.0,1602.45,1623.15,1602.45,1623.15,1076650.0,400.0
NIFTY,26-DEC-2024,26000.0,25-11-2024 14:59:00,17.45,17.5,17.3,17.3,3125850.0,9875.0,1623.15,1623.15,1612.0,1612.0,1076650.0,400.0
NIFTY,26-DEC-2024,26000.0,25-11-2024 15:00:00,17.5,17.9,17.4,17.75,3123675.0,8750.0,1612.0,1612.0,1601.1,1606.0,1076700.0,550.0
NIFTY,26-DEC-2024,26000.0,25-11-2024 15:01:00,17.6,17.75,17.05,17.25,3123675.0,6550.0,1606.0,1633.85,1606.0,1633.85,1076700.0,275.0
NIFTY,26-DEC-2024,26000.0,25-11-2024 15:02:00,17.05,17.2,16.9,16.9,3123675.0,9575.0,1633.85,1645.0,1633.85,1645.0,1076700.0,150.0
NIFTY,26-DEC-2024,26000.0,25-11-2024 15:03:00,17.0,17.2,16.85,16.85,3127975.0,0.0,1645.0,1659.6,1641.9,1659.6,1076900.0,900.0
NIFTY,26-DEC-2024,26000.0,25-11-2024 15:04:00,16.6,16.9,16.6,16.9,3127975.0,10750.0,1659.6,1659.6,1653.6,1659.6,1076900.0,100.0
NIFTY,26-DEC-2024,26000.0,25-11-2024 15:05:00,16.95,17.1,16.85,16.85,3127975.0,0.0,1659.6,1659.6,1659.6,1659.6,1076900.0,0.0
NIFTY,26-DEC-2024,26000.0,25-11-2024 15:06:00,16.85,17.2,16.8,17.2,3131500.0,8100.0,1659.6,1659.6,1659.6,1659.6,1076900.0,0.0
NIFTY,26-DEC-2024,26000.0,25-11-2024 15:07:00,17.0,17.55,17.0,17.35,3131500.0,0.0,1659.6,1659.6,1607.4,1610.0,1077175.0,0.0
NIFTY,26-DEC-2024,26000.0,25-11-2024 15:08:00,17.4,17.4,17.35,17.35,3131500.0,14300.0,1610.0,1618.25,1601.6,1601.6,1077175.0,1400.0
NIFTY,26-DEC-2024,26000.0,25-11-2024 15:09:00,17.4,17.5,17.2,17.2,3136575.0,7325.0,1601.6,1602.0,1594.3,1594.3,1077425.0,11750.0
NIFTY,26-DEC-2024,26000.0,25-11-2024 15:10:00,17.2,17.35,17.0,17.1,3136575.0,18650.0,1594.3,1594.3,1590.95,1592.65,1077425.0,4900.0
NIFTY,26-DEC-2024,26000.0,25-11-2024 15:11:00,17.1,17.15,16.55,16.6,3136575.0,10125.0,1592.65,1605.0,1592.65,1605.0,1077425.0,2725.0
NIFTY,26-DEC-2024,26000.0,25-11-2024 15:12:00,16.5,16.6,16.3,16.3,3142175.0,0.0,1605.0,1607.25,1599.8,1602.0,1092075.0,2075.0
NIFTY,26-DEC-2024,26000.0,25-11-2024 15:13:00,16.45,16.7,16.35,16.7,3142175.0,25400.0,1602.0,1602.0,1594.7,1594.7,1092075.0,475.0
NIFTY,26-DEC-2024,26000.0,25-11-2024 15:14:00,16.7,16.9,16.7,16.75,3142175.0,12175.0,1593.1,1593.9,1585.15,1588.4,1092075.0,3575.0
NIFTY,26-DEC-2024,26000.0,25-11-2024 15:15:00,16.7,16.95,16.6,16.9,3146325.0,4875.0,1588.4,1588.4,1588.4,1588.4,1092075.0,0.0
NIFTY,26-DEC-2024,26000.0,25-11-2024 15:16:00,16.8,17.15,16.8,17.1,3146325.0,0.0,1583.9,1583.9,1572.0,1572.0,1095675.0,1050.0
NIFTY,26-DEC-2024,26000.0,25-11-2024 15:17:00,17.1,17.25,16.9,17.15,3146325.0,31500.0,1572.0,1575.0,1571.0,1574.95,1095675.0,400.0
NIFTY,26-DEC-2024,26000.0,25-11-2024 15:18:00,17.2,17.45,17.15,17.45,3145750.0,0.0,1570.0,1570.0,1567.0,1567.1,1096050.0,400.0
NIFTY,26-DEC-2024,26000.0,25-11-2024 15:19:00,17.65,17.75,17.6,17.6,3145750.0,15500.0,1567.1,1570.55,1567.1,1570.55,1096050.0,900.0
NIFTY,26-DEC-2024,26000.0,25-11-2024 15:20:00,17.7,17.7,17.4,17.5,3145750.0,10800.0,1571.6,1583.55,1571.6,1578.1,1096050.0,1225.0
NIFTY,26-DEC-2024,26000.0,25-11-2024 15:21:00,17.5,17.75,17.5,17.6,3148600.0,0.0,1578.1,1578.1,1576.45,1576.45,1096050.0,425.0
NIFTY,26-DEC-2024,26000.0,25-11-2024 15:22:00,17.8,17.85,17.55,17.85,3148600.0,0.0,1576.45,1576.45,1566.3,1566.3,1096050.0,800.0
NIFTY,26-DEC-2024,26000.0,25-11-2024 15:23:00,18.0,18.0,17.85,17.95,3148600.0,15350.0,1566.3,1569.4,1565.0,1569.4,1096050.0,375.0
NIFTY,26-DEC-2024,26000.0,25-11-2024 15:24:00,17.9,18.1,17.9,17.95,3148500.0,0.0,1569.4,1569.4,1565.0,1565.0,1097725.0,825.0
NIFTY,26-DEC-2024,26000.0,25-11-2024 15:25:00,18.0,18.1,17.95,18.0,3148500.0,0.0,1565.0,1567.0,1565.0,1566.0,1097725.0,375.0
NIFTY,26-DEC-2024,26000.0,25-11-2024 15:26:00,17.9,18.2,17.9,18.15,3148500.0,37725.0,1566.0,1568.35,1563.0,1568.35,1097725.0,925.0
NIFTY,26-DEC-2024,26000.0,25-11-2024 15:27:00,18.3,18.3,18.15,18.3,3139650.0,0.0,1562.1,1567.4,1559.35,1560.1,1098500.0,1375.0
NIFTY,26-DEC-2024,26000.0,25-11-2024 15:28:00,18.2,18.25,18.05,18.2,3139650.0,0.0,1560.1,1564.0,1559.8,1564.0,1098500.0,125.0
NIFTY,26-DEC-2024,26000.0,25-11-2024 15:29:00,18.25,18.95,18.1,18.95,3139650.0,0.0,1564.0,1564.0,1552.25,1552.25,1098500.0,325.0
NIFTY,26-DEC-2024,26000.0,26-11-2024 09:15:00,24.45,24.45,18.4,18.45,3134525.0,0.0,1552.25,1585.05,1552.25,1572.3,1099700.0,625.0
NIFTY,26-DEC-2024,26000.0,26-11-2024 09:16:00,18.2,18.9,17.9,18.75,3134525.0,0.0,1586.7,1586.7,1578.25,1580.0,1099775.0,750.0
NIFTY,26-DEC-2024,26000.0,26-11-2024 09:17:00,18.75,18.9,18.5,18.5,3134525.0,51525.0,1580.0,1580.0,1561.15,1567.95,1099775.0,575.0
NIFTY,26-DEC-2024,26000.0,26-11-2024 09:18:00,18.55,18.9,18.5,18.7,3129625.0,12650.0,1564.0,1564.0,1556.15,1556.15,1099775.0,350.0
NIFTY,26-DEC-2024,26000.0,26-11-2024 09:19:00,18.55,18.6,18.15,18.4,3129625.0,0.0,1564.0,1564.0,1564.0,1564.0,1100650.0,975.0
NIFTY,26-DEC-2024,26000.0,26-11-2024 09:20:00,18.7,19.15,18.7,18.9,3129625.0,14275.0,1564.0,1564.0,1555.2,1560.0,1100650.0,200.0
NIFTY,26-DEC-2024,26000.0,26-11-2024 09:21:00,19.0,19.15,18.75,19.0,3138050.0,12500.0,1560.0,1560.0,1546.2,1546.2,1100650.0,100.0
NIFTY,26-DEC-2024,26000.0,26-11-2024 09:22:00,19.05,19.75,19.05,19.75,3138050.0,0.0,1546.2,1546.2,1528.75,1528.75,1101500.0,75.0
NIFTY,26-DEC-2024,26000.0,26-11-2024 09:23:00,20.05,20.05,19.15,19.15,3138050.0,0.0,1528.75,1543.0,1528.75,1543.0,1101500.0,50.0
NIFTY,26-DEC-2024,26000.0,26-11-2024 09:24:00,19.2,19.3,18.85,19.05,3140100.0,0.0,1543.0,1560.0,1543.0,1560.0,1101500.0,350.0
NIFTY,26-DEC-2024,26000.0,26-11-2024 09:25:00,19.3,19.35,19.05,19.2,3140100.0,78725.0,1560.0,1560.0,1552.75,1552.75,1101875.0,175.0
NIFTY,26-DEC-2024,26000.0,26-11-2024 09:26:00,19.35,19.35,19.0,19.25,3140100.0,0.0,1552.75,1577.7,1552.75,1577.7,1101875.0,150.0
NIFTY,26-DEC-2024,26000.0,26-11-2024 09:27:00,19.6,19.9,19.55,19.75,3138425.0,61050.0,1577.7,1577.7,1560.0,1564.0,1101875.0,275.0
NIFTY,26-DEC-2024,26000.0,26-11-2024 09:28:00,19.9,19.9,19.35,19.35,3138425.0,0.0,1564.0,1564.0,1555.95,1557.95,1102225.0,200.0
NIFTY,26-DEC-2024,26000.0,26-11-2024 09:29:00,19.4,19.5,19.35,19.35,3138425.0,0.0,1557.95,1557.95,1557.95,1557.95,1102225.0,25.0
NIFTY,26-DEC-2024,26000.0,26-11-2024 09:30:00,19.3,19.5,19.25,19.25,3135975.0,0.0,1557.95,1558.55,1556.0,1558.55,1102500.0,100.0
NIFTY,26-DEC-2024,26000.0,26-11-2024 09:31:00,19.3,20.0,19.3,19.65,3135975.0,27525.0,1558.55,1560.35,1552.0,1560.35,1102500.0,375.0
NIFTY,26-DEC-2024,26000.0,26-11-2024 09:32:00,19.65,19.65,19.0,19.15,3135975.0,18750.0,1560.35,1560.35,1545.2,1545.2,1102500.0,100.0
NIFTY,26-DEC-2024,26000.0,26-11-2024 09:33:00,19.15,19.3,18.8,19.0,3139425.0,0.0,1545.2,1560.3,1545.2,1560.3,1102500.0,25.0
NIFTY,26-DEC-2024,26000.0,26-11-2024 09:34:00,19.1,19.25,19.0,19.2,3139425.0,21725.0,1560.3,1560.3,1542.65,1546.75,1102750.0,200.0
NIFTY,26-DEC-2024,26000.0,26-11-2024 09:35:00,19.2,19.25,18.65,18.85,3139425.0,10400.0,1543.7,1560.35,1543.7,1560.35,1102750.0,500.0
NIFTY,26-DEC-2024,26000.0,26-11-2024 09:36:00,18.8,18.9,18.2,18.3,3143725.0,0.0,1560.35,1566.3,1556.25,1563.0,1102750.0,225.0
NIFTY,26-DEC-2024,26000.0,26-11-2024 09:37:00,18.35,18.45,18.0,18.3,3143725.0,0.0,1563.0,1565.0,1556.0,1556.0,1103625.0,300.0
NIFTY,26-DEC-2024,26000.0,26-11-2024 09:38:00,18.2,18.3,18.2,18.25,3143725.0,0.0,1552.1,1562.0,1552.0,1562.0,1103625.0,550.0
NIFTY,26-DEC-2024,26000.0,26-11-2024 09:39:00,18.2,18.35,18.2,18.25,3143725.0,0.0,1562.0,1565.1,1557.75,1565.1,1103625.0,450.0
NIFTY,26-DEC-2024,26000.0,26-11-2024 09:40:00,18.25,18.4,18.0,18.05,3163025.0,76425.0,1565.1,1596.75,1565.1,1577.1,1104825.0,1050.0
NIFTY,26-DEC-2024,26000.0,26-11-2024 09:41:00,18.15,18.55,18.05,18.55,3163025.0,0.0,1577.1,1581.55,1577.1,1581.55,1104825.0,275.0
NIFTY,26-DEC-2024,26000.0,26-11-2024 09:42:00,18.45,18.55,18.4,18.55,3163025.0,16375.0,1581.55,1582.95,1575.1,1577.7,1104825.0,775.0
NIFTY,26-DEC-2024,26000.0,26-11-2024 09:43:00,18.35,18.35,18.0,18.0,3164150.0,1750.0,1577.7,1593.95,1577.7,1592.0,1106100.0,375.0
NIFTY,26-DEC-2024,26000.0,26-11-2024 09:44:00,18.0,18.2,17.85,18.05,3164150.0,0.0,1592.0,1607.3,1591.8,1591.8,1106100.0,450.0
NIFTY,26-DEC-2024,26000.0,26-11-2024 09:45:00,18.0,18.05,17.9,18.0,3164150.0,0.0,1591.8,1604.8,1591.8,1604.8,1106100.0,275.0
NIFTY,26-DEC-2024,26000.0,26-11-2024 09:46:00,18.0,18.0,17.9,17.9,3165425.0,0.0,1604.8,1604.8,1593.55,1593.55,1106975.0,175.0
NIFTY,26-DEC-2024,26000.0,26-11-2024 09:47:00,17.95,18.1,17.7,17.9,3165425.0,0.0,1593.55,1612.0,1593.55,1604.6,1106975.0,600.0
NIFTY,26-DEC-2024,26000.0,26-11-2024 09:48:00,17.95,18.05,17.5,17.5,3165425.0,37525.0,1604.6,1612.0,1601.3,1612.0,1106975.0,175.0
NIFTY,26-DEC-2024,26000.0,26-11-2024 09:49:00,17.5,17.55,17.45,17.5,3164425.0,0.0,1612.0,1615.0,1610.35,1615.0,1107425.0,50.0
NIFTY,26-DEC-2024,26000.0,26-11-2024 09:50:00,17.45,17.45,17.35,17.45,3164425.0,0.0,1615.0,1615.0,1596.25,1612.15,1107425.0,1100.0
NIFTY,26-DEC-2024,26000.0,26-11-2024 09:51:00,17.45,17.7,17.45,17.5,3164425.0,0.0,1612.15,1612.15,1590.7,1592.05,1107425.0,250.0
NIFTY,26-DEC-2024,26000.0,26-11-2024 09:52:00,17.55,17.55,17.4,17.5,3165375.0,21450.0,1592.05,1601.15,1592.05,1599.0,1107425.0,50.0
NIFTY,26-DEC-2024,26000.0,26-11-2024 09:53:00,17.35,17.5,17.1,17.1,3165375.0,5550.0,1599.0,1599.0,1599.0,1599.0,1107425.0,0.0
NIFTY,26-DEC-2024,26000.0,26-11-2024 09:54:00,17.1,17.1,17.0,17.0,3165375.0,0.0,1599.0,1614.55,1599.0,1614.55,1107900.0,25.0
NIFTY,26-DEC-2024,26000.0,26-11-2024 09:55:00,17.0,17.1,16.85,17.1,3167825.0,10225.0,1614.55,1616.0,1614.55,1616.0,1107875.0,50.0
NIFTY,26-DEC-2024,26000.0,26-11-2024 09:56:00,17.1,17.1,16.75,16.8,3167825.0,0.0,1616.0,1616.0,1604.75,1614.9,1107875.0,125.0
NIFTY,26-DEC-2024,26000.0,26-11-2024 09:57:00,16.85,16.85,16.4,16.4,3167825.0,7300.0,1614.9,1633.0,1614.9,1633.0,1107875.0,50.0
NIFTY,26-DEC-2024,26000.0,26-11-2024 09:58:00,16.4,16.4,16.1,16.1,3166750.0,4400.0,1633.0,1641.6,1632.0,1641.6,1107950.0,225.0
NIFTY,26-DEC-2024,26000.0,26-11-2024 09:59:00,16.2,16.25,15.95,16.05,3166750.0,0.0,1641.6,1647.0,1641.6,1641.8,1107950.0,100.0
NIFTY,26-DEC-2024,26000.0,26-11-2024 10:00:00,16.0,16.2,16.0,16.2,3166750.0,16550.0,1641.8,1641.8,1636.0,1636.0,1107950.0,150.0
NIFTY,26-DEC-2024,26000.0,26-11-2024 10:01:00,16.2,16.5,16.1,16.3,3175950.0,0.0,1636.0,1636.0,1622.25,1622.25,1108050.0,125.0
NIFTY,26-DEC-2024,26000.0,26-11-2024 10:02:00,16.4,17.1,16.35,16.95,3175950.0,31775.0,1621.8,1621.8,1596.75,1609.9,1108050.0,1625.0
NIFTY,26-DEC-2024,26000.0,26-11-2024 10:03:00,17.0,17.05,16.8,16.8,3175950.0,23650.0,1609.9,1609.9,1603.95,1603.95,1108050.0,100.0
NIFTY,26-DEC-2024,26000.0,26-11-2024 10:04:00,16.75,16.9,16.75,16.85,3201225.0,12275.0,1603.95,1615.0,1603.95,1614.8,1109050.0,150.0
NIFTY,26-DEC-2024,26000.0,26-11-2024 10:05:00,16.9,17.15,16.9,16.95,3201225.0,3075.0,1614.8,1625.3,1609.75,1625.3,1109050.0,725.0
NIFTY,26-DEC-2024,26000.0,26-11-2024 10:06:00,16.95,17.25,16.9,17.0,3201225.0,0.0,1625.3,1625.3,1613.65,1616.3,1109050.0,775.0
NIFTY,26-DEC-2024,26000.0,26-11-2024 10:07:00,17.05,17.25,16.85,17.25,3201350.0,16950.0,1616.3,1624.15,1616.3,1623.55,1109450.0,225.0
NIFTY,26-DEC-2024,26000.0,26-11-2024 10:08:00,17.2,17.45,17.05,17.45,3201350.0,32700.0,1623.55,1628.85,1623.55,1628.85,1109450.0,150.0
NIFTY,26-DEC-2024,26000.0,26-11-2024 10:09:00,17.35,17.5,17.35,17.5,3201350.0,0.0,1616.6,1616.6,1615.0,1616.35,1109450.0,275.0
NIFTY,26-DEC-2024,26000.0,26-11-2024 10:10:00,17.55,17.8,17.55,17.55,3198850.0,16825.0,1616.35,1616.35,1610.0,1610.0,1109625.0,50.0
NIFTY,26-DEC-2024,26000.0,26-11-2024 10:11:00,17.55,17.55,17.3,17.4,3198850.0,6800.0,1610.0,1621.4,1610.0,1620.65,1109625.0,475.0
NIFTY,26-DEC-2024,26000.0,26-11-2024 10:12:00,17.25,17.4,17.15,17.3,3198850.0,5600.0,1622.0,1622.0,1618.0,1618.0,1109625.0,75.0
NIFTY,26-DEC-2024,26000.0,26-11-2024 10:13:00,17.1,17.15,17.0,17.0,3196200.0,0.0,1621.0,1624.0,1621.0,1624.0,1110150.0,175.0
NIFTY,26-DEC-2024,26000.0,26-11-2024 10:14:00,17.1,17.15,17.0,17.15,3196200.0,0.0,1624.0,1633.0,1624.0,1633.0,1110150.0,525.0
NIFTY,26-DEC-2024,26000.0,26-11-2024 10:15:00,17.0,17.0,16.8,16.95,3196200.0,0.0,1631.9,1631.9,1631.9,1631.9,1110150.0,25.0
NIFTY,26-DEC-2024,26000.0,26-11-2024 10:16:00,17.0,17.0,16.25,16.45,3199800.0,11725.0,1631.9,1675.0,1631.9,1675.0,1110725.0,375.0
NIFTY,26-DEC-2024,26000.0,26-11-2024 10:17:00,16.55,16.65,16.25,16.3,3199800.0,0.0,1669.15,1675.0,1664.2,1675.0,1110725.0,350.0
NIFTY,26-DEC-2024,26000.0,26-11-2024 10:18:00,16.25,16.6,16.25,16.5,3199800.0,0.0,1675.0,1680.0,1674.0,1680.0,1110725.0,25.0
NIFTY,26-DEC-2024,26000.0,26-11-2024 10:19:00,16.45,16.45,16.2,16.45,3197650.0,0.0,1680.0,1684.85,1680.0,1682.5,1110825.0,1150.0
NIFTY,26-DEC-2024,26000.0,26-11-2024 10:20:00,16.3,16.4,16.25,16.3,3197650.0,0.0,1682.5,1690.0,1682.5,1688.9,1110825.0,150.0
NIFTY,26-DEC-2024,26000.0,26-11-2024 10:21:00,16.2,16.3,16.0,16.2,3197650.0,0.0,1693.0,1700.0,1685.95,1685.95,1110825.0,675.0
NIFTY,26-DEC-2024,26000.0,26-11-2024 10:22:00,16.2,16.25,16.0,16.1,3199175.0,31650.0,1690.6,1698.0,1690.0,1695.75,1111500.0,875.0
NIFTY,26-DEC-2024,26000.0,26-11-2024 10:23:00,16.1,16.2,15.95,16.15,3199175.0,8150.0,1695.75,1695.75,1690.0,1690.0,1111500.0,900.0
NIFTY,26-DEC-2024,26000.0,26-11-2024 10:24:00,16.05,16.15,16.0,16.1,3199175.0,0.0,1690.0,1690.0,1680.0,1690.0,1111500.0,300.0
NIFTY,26-DEC-2024,26000.0,26-11-2024 10:25:00,16.15,16.25,16.0,16.25,3199925.0,8325.0,1690.0,1694.1,1683.0,1683.0,1112450.0,1725.0
NIFTY,26-DEC-2024,26000.0,26-11-2024 10:26:00,16.3,16.3,15.95,16.1,3199925.0,0.0,1683.55,1685.8,1678.1,1684.0,1112450.0,425.0
NIFTY,26-DEC-2024,26000.0,26-11-2024 10:27:00,16.15,16.35,16.15,16.15,3199925.0,15675.0,1679.35,1679.35,1663.9,1670.75,1112450.0,950.0
NIFTY,26-DEC-2024,26000.0,26-11-2024 10:28:00,16.05,16.1,15.85,16.1,3199225.0,0.0,1672.55,1676.25,1662.0,1662.0,1114075.0,1775.0
NIFTY,26-DEC-2024,26000.0,26-11-2024 10:29:00,16.2,16.4,16.2,16.35,3199225.0,0.0,1671.5,1674.5,1671.5,1674.4,1114075.0,1725.0
NIFTY,26-DEC-2024,26000.0,26-11-2024 10:30:00,16.35,16.5,16.2,16.5,3199225.0,15625.0,1674.4,1674.4,1674.4,1674.4,1114075.0,0.0
NIFTY,26-DEC-2024,26000.0,26-11-2024 10:31:00,16.3,16.3,16.2,16.2,3202200.0,0.0,1674.4,1674.4,1665.0,1665.0,1114675.0,500.0
NIFTY,26-DEC-2024,26000.0,26-11-2024 10:32:00,16.35,16.35,16.2,16.25,3202200.0,0.0,1665.0,1674.0,1665.0,1674.0,1114675.0,425.0
NIFTY,26-DEC-2024,26000.0,26-11-2024 10:33:00,16.2,16.2,15.8,15.95,3202200.0,0.0,1674.0,1674.0,1674.0,1674.0,1114675.0,175.0
NIFTY,26-DEC-2024,26000.0,26-11-2024 10:34:00,15.95,16.0,15.8,16.0,3203350.0,0.0,1674.0,1685.2,1674.0,1685.2,1115775.0,250.0
NIFTY,26-DEC-2024,26000.0,26-11-2024 10:35:00,15.95,16.0,15.75,15.95,3203350.0,21225.0,1682.2,1682.2,1680.9,1680.9,1115775.0,600.0
NIFTY,26-DEC-2024,26000.0,26-11-2024 10:36:00,15.9,15.9,15.85,15.85,3203350.0,0.0,1680.9,1683.75,1680.9,1683.75,1115775.0,125.0
NIFTY,26-DEC-2024,26000.0,26-11-2024 10:37:00,16.05,16.05,15.65,15.65,3210000.0,0.0,1683.75,1683.75,1670.0,1670.0,1115250.0,0.0
NIFTY,26-DEC-2024,26000.0,26-11-2024 10:38:00,15.8,15.95,15.8,15.95,3210000.0,0.0,1670.0,1670.0,1656.5,1656.5,1115250.0,300.0
NIFTY,26-DEC-2024,26000.0,26-11-2024 10:39:00,15.95,16.15,15.7,15.7,3210000.0,0.0,1656.5,1656.5,1656.5,1656.5,1115250.0,0.0
NIFTY,26-DEC-2024,26000.0,26-11-2024 10:40:00,15.85,15.85,15.85,15.85,3214475.0,0.0,1650.0,1655.0,1650.0,1655.0,1115675.0,225.0
NIFTY,26-DEC-2024,26000.0,26-11-2024 10:41:00,15.9,16.4,15.9,16.4,3214475.0,0.0,1655.0,1655.0,1655.0,1655.0,1115675.0,0.0
NIFTY,26-DEC-2024,26000.0,26-11-2024 10:42:00,16.15,16.2,16.15,16.2,3214475.0,0.0,1655.0,1655.0,1655.0,1655.0,1115675.0,0.0
NIFTY,26-DEC-2024,26000.0,26-11-2024 10:43:00,16.15,16.25,16.0,16.0,3215575.0,0.0,1655.0,1655.0,1648.3,1650.0,1115700.0,400.0
NIFTY,26-DEC-2024,26000.0,26-11-2024 10:44:00,16.0,16.05,16.0,16.05,3215575.0,0.0,1650.0,1650.0,1650.0,1650.0,1115700.0,0.0
NIFTY,26-DEC-2024,26000.0,26-11-2024 10:45:00,16.0,16.45,16.0,16.3,3215575.0,0.0,1650.0,1657.9,1643.3,1643.3,1115700.0,50.0
NIFTY,26-DEC-2024,26000.0,26-11-2024 10:46:00,16.05,16.25,16.05,16.25,3219225.0,0.0,1643.3,1643.3,1643.3,1643.3,1115700.0,0.0
NIFTY,26-DEC-2024,26000.0,26-11-2024 10:47:00,16.2,16.25,16.15,16.25,3219225.0,0.0,1643.3,1643.3,1643.3,1643.3,1115700.0,0.0
NIFTY,26-DEC-2024,26000.0,26-11-2024 10:48:00,16.1,16.1,15.85,16.05,3219225.0,0.0,1643.3,1647.2,1643.3,1647.2,1116100.0,250.0
NIFTY,26-DEC-2024,26000.0,26-11-2024 10:49:00,15.85,15.9,15.75,15.9,3219225.0,0.0,1647.2,1662.1,1647.2,1660.0,1116325.0,350.0
NIFTY,26-DEC-2024,26000.0,26-11-2024 10:50:00,15.9,15.95,15.8,15.95,3219225.0,47100.0,1660.0,1660.0,1660.0,1660.0,1116325.0,0.0
NIFTY,26-DEC-2024,26000.0,26-11-2024 10:51:00,15.9,15.9,15.9,15.9,3219225.0,525.0,1660.0,1660.0,1660.0,1660.0,1116325.0,0.0
NIFTY,26-DEC-2024,26000.0,26-11-2024 10:52:00,15.9,16.15,15.9,16.15,3221100.0,150.0,1660.0,1660.0,1660.0,1660.0,1116325.0,0.0
NIFTY,26-DEC-2024,26000.0,26-11-2024 10:53:00,16.35,16.35,16.15,16.15,3221100.0,0.0,1660.0,1660.0,1660.0,1660.0,1116325.0,0.0
NIFTY,26-DEC-2024,26000.0,26-11-2024 10:54:00,16.3,16.3,16.1,16.15,3221100.0,3650.0,1660.0,1660.0,1633.6,1633.6,1116500.0,50.0
NIFTY,26-DEC-2024,26000.0,26-11-2024 10:55:00,16.1,16.2,16.0,16.1,3224275.0,3550.0,1633.6,1633.6,1620.0,1625.0,1116475.0,1525.0
NIFTY,26-DEC-2024,26000.0,26-11-2024 10:56:00,16.2,16.2,16.1,16.2,3224275.0,2050.0,1625.0,1630.0,1625.0,1630.0,1116475.0,550.0
NIFTY,26-DEC-2024,26000.0,26-11-2024 10:57:00,16.2,16.2,16.1,16.1,3224275.0,0.0,1630.0,1645.0,1630.0,1645.0,1116475.0,100.0
NIFTY,26-DEC-2024,26000.0,26-11-2024 10:58:00,16.4,16.4,16.3,16.3,3226125.0,1550.0,1645.0,1645.0,1632.15,1632.15,1118650.0,200.0
NIFTY,26-DEC-2024,26000.0,26-11-2024 10:59:00,16.25,16.25,16.2,16.2,3226125.0,600.0,1632.15,1632.15,1632.15,1632.15,1118650.0,0.0
NIFTY,26-DEC-2024,26000.0,26-11-2024 11:00:00,16.15,16.3,16.1,16.1,3226125.0,0.0,1632.15,1650.25,1632.15,1650.25,1118650.0,225.0
NIFTY,26-DEC-2024,26000.0,26-11-2024 11:01:00,16.35,16.4,16.35,16.4,3226125.0,4350.0,1650.25,1650.25,1650.25,1650.25,1118650.0,0.0
NIFTY,26-DEC-2024,26000.0,26-11-2024 11:02:00,16.25,16.25,16.25,16.25,3226250.0,150.0,1650.25,1650.25,1650.25,1650.25,1118650.0,0.0
NIFTY,26-DEC-2024,26000.0,26-11-2024 11:03:00,16.2,16.3,16.2,16.3,3226250.0,0.0,1650.25,1650.25,1650.25,1650.25,1118650.0,0.0
NIFTY,26-DEC-2024,26000.0,26-11-2024 11:04:00,16.15,16.15,16.15,16.15,3226250.0,250.0,1650.25,1650.25,1634.0,1634.0,1119050.0,75.0
NIFTY,26-DEC-2024,26000.0,26-11-2024 11:05:00,16.4,16.4,16.3,16.3,3226400.0,125.0,1634.0,1634.0,1630.4,1630.4,1119050.0,25.0
NIFTY,26-DEC-2024,26000.0,26-11-2024 11:06:00,16.3,16.3,16.0,16.0,3226400.0,0.0,1633.05,1635.2,1633.05,1635.2,1119050.0,75.0
NIFTY,26-DEC-2024,26000.0,26-11-2024 11:07:00,16.1,16.4,16.0,16.1,3227025.0,800.0,1634.15,1634.15,1634.15,1634.15,1119050.0,175.0
NIFTY,26-DEC-2024,26000.0,26-11-2024 11:08:00,16.1,16.1,15.9,16.0,3227025.0,3550.0,1634.15,1634.15,1634.15,1634.15,1119050.0,0.0
NIFTY,26-DEC-2024,26000.0,26-11-2024 11:09:00,15.9,15.95,15.85,15.85,3227025.0,900.0,1634.15,1650.95,1634.15,1650.95,1119050.0,250.0
NIFTY,26-DEC-2024,26000.0,26-11-2024 11:10:00,15.7,16.35,15.7,16.05,3231500.0,0.0,1650.95,1650.95,1650.95,1650.95,1119050.0,0.0
NIFTY,26-DEC-2024,26000.0,26-11-2024 11:11:00,16.0,16.2,16.0,16.2,3231500.0,9850.0,1650.95,1650.95,1650.95,1650.95,1119050.0,0.0
NIFTY,26-DEC-2024,26000.0,26-11-2024 11:12:00,16.2,16.25,16.15,16.25,3231500.0,0.0,1650.95,1650.95,1650.95,1650.95,1119050.0,0.0
NIFTY,26-DEC-2024,26000.0,26-11-2024 11:13:00,16.25,16.3,16.1,16.3,3231900.0,3875.0,1650.95,1653.4,1647.0,1653.4,1119475.0,425.0
NIFTY,26-DEC-2024,26000.0,26-11-2024 11:14:00,16.2,16.2,16.1,16.1,3231900.0,0.0,1653.4,1653.4,1653.4,1653.4,1119475.0,0.0
NIFTY,26-DEC-2024,26000.0,26-11-2024 11:15:00,16.05,16.1,16.0,16.1,3231900.0,0.0,1653.4,1665.0,1653.4,1665.0,1119475.0,25.0
NIFTY,26-DEC-2024,26000.0,26-11-2024 11:16:00,16.05,16.05,15.95,15.95,3230825.0,0.0,1665.0,1665.0,1665.0,1665.0,1119475.0,0.0
NIFTY,26-DEC-2024,26000.0,26-11-2024 11:17:00,15.95,16.05,15.95,16.05,3230825.0,0.0,1665.0,1665.0,1665.0,1665.0,1119475.0,0.0
NIFTY,26-DEC-2024,26000.0,26-11-2024 11:18:00,15.9,15.95,15.85,15.9,3230825.0,0.0,1665.0,1670.15,1665.0,1670.15,1119900.0,225.0
NIFTY,26-DEC-2024,26000.0,26-11-2024 11:19:00,15.9,16.0,15.85,16.0,3231425.0,0.0,1670.15,1670.15,1670.0,1670.0,1120125.0,50.0
NIFTY,26-DEC-2024,26000.0,26-11-2024 11:20:00,16.0,16.0,15.95,15.95,3231425.0,0.0,1670.0,1670.0,1670.0,1670.0,1120125.0,25.0
NIFTY,26-DEC-2024,26000.0,26-11-2024 11:21:00,15.95,16.15,15.95,16.1,3231425.0,16875.0,1670.0,1670.0,1662.0,1662.0,1120125.0,25.0
NIFTY,26-DEC-2024,26000.0,26-11-2024 11:22:00,16.2,16.2,16.15,16.15,3231700.0,250.0,1662.0,1662.0,1656.75,1656.75,1120150.0,100.0
NIFTY,26-DEC-2024,26000.0,26-11-2024 11:23:00,16.2,16.2,16.2,16.2,3231700.0,400.0,1656.75,1656.75,1656.65,1656.65,1120150.0,25.0
NIFTY,26-DEC-2024,26000.0,26-11-2024 11:24:00,16.2,16.25,16.2,16.25,3231700.0,325.0,1656.65,1656.65,1656.65,1656.65,1120150.0,0.0
NIFTY,26-DEC-2024,26000.0,26-11-2024 11:25:00,16.25,16.25,16.1,16.1,3231250.0,0.0,1656.65,1661.0,1656.65,1661.0,1120250.0,150.0
NIFTY,26-DEC-2024,26000.0,26-11-2024 11:26:00,16.1,16.1,16.1,16.1,3231250.0,25.0,1661.0,1661.0,1648.5,1649.0,1120250.0,325.0
NIFTY,26-DEC-2024,26000.0,26-11-2024 11:27:00,16.2,16.2,16.2,16.2,3231250.0,875.0,1649.0,1651.0,1649.0,1649.3,1120250.0,150.0
NIFTY,26-DEC-2024,26000.0,26-11-2024 11:28:00,16.2,16.2,16.2,16.2,3231375.0,125.0,1649.3,1649.95,1649.3,1649.95,1120700.0,375.0
NIFTY,26-DEC-2024,26000.0,26-11-2024 11:29:00,16.2,16.25,16.1,16.15,3231375.0,3450.0,1649.95,1649.95,1646.7,1647.75,1120700.0,50.0
NIFTY,26-DEC-2024,26000.0,26-11-2024 11:30:00,16.15,16.15,16.0,16.05,3231375.0,875.0,1647.75,1656.9,1647.75,1652.8,1120700.0,600.0
NIFTY,26-DEC-2024,26000.0,26-11-2024 11:31:00,16.2,16.2,16.1,16.15,3232500.0,675.0,1652.8,1654.1,1652.8,1654.1,1120700.0,250.0
NIFTY,26-DEC-2024,26000.0,26-11-2024 11:32:00,16.15,16.15,16.1,16.1,3232500.0,400.0,1654.1,1654.1,1654.1,1654.1,1120700.0,0.0
NIFTY,26-DEC-2024,26000.0,26-11-2024 11:33:00,16.05,16.25,16.05,16.1,3232500.0,0.0,1654.1,1654.1,1645.0,1645.0,1120700.0,200.0
NIFTY,26-DEC-2024,26000.0,26-11-2024 11:34:00,16.2,16.3,16.1,16.3,3234525.0,2900.0,1645.0,1645.0,1638.85,1638.85,1121750.0,50.0
NIFTY,26-DEC-2024,26000.0,26-11-2024 11:35:00,16.35,16.35,16.3,16.3,3234525.0,0.0,1638.85,1638.85,1633.6,1636.75,1121975.0,175.0
NIFTY,26-DEC-2024,26000.0,26-11-2024 11:36:00,16.3,16.3,16.2,16.3,3234525.0,0.0,1636.75,1636.9,1634.75,1634.75,1121975.0,200.0
NIFTY,26-DEC-2024,26000.0,26-11-2024 11:37:00,16.3,16.3,16.25,16.25,3232875.0,4450.0,1634.75,1636.95,1633.8,1633.8,1122075.0,100.0
NIFTY,26-DEC-2024,26000.0,26-11-2024 11:38:00,16.25,16.35,16.25,16.3,3232875.0,475.0,1633.8,1633.8,1630.0,1630.0,1122075.0,100.0
NIFTY,26-DEC-2024,26000.0,26-11-2024 11:39:00,16.3,16.35,16.3,16.3,3232875.0,1875.0,1630.0,1630.0,1625.0,1625.0,1122075.0,50.0
NIFTY,26-DEC-2024,26000.0,26-11-2024 11:40:00,16.4,16.45,16.25,16.25,3233625.0,900.0,1625.0,1625.0,1622.0,1625.0,1122500.0,550.0
NIFTY,26-DEC-2024,26000.0,26-11-2024 11:41:00,16.45,16.45,16.35,16.45,3233625.0,0.0,1625.0,1632.0,1620.0,1620.0,1122500.0,150.0
NIFTY,26-DEC-2024,26000.0,26-11-2024 11:42:00,16.5,16.55,16.25,16.25,3233625.0,0.0,1620.0,1620.5,1619.7,1619.9,1122500.0,300.0
NIFTY,26-DEC-2024,26000.0,26-11-2024 11:43:00,16.3,16.3,16.2,16.2,3235675.0,3000.0,1619.9,1620.8,1619.9,1620.8,1122900.0,75.0
NIFTY,26-DEC-2024,26000.0,26-11-2024 11:44:00,16.3,16.35,16.2,16.2,3235675.0,0.0,1621.1,1628.0,1621.1,1628.0,1122900.0,475.0
NIFTY,26-DEC-2024,26000.0,26-11-2024 11:45:00,16.15,16.15,15.95,15.95,3235675.0,0.0,1628.0,1628.0,1628.0,1628.0,1122900.0,0.0
NIFTY,26-DEC-2024,26000.0,26-11-2024 11:46:00,15.95,16.0,15.9,16.0,3237700.0,0.0,1628.0,1628.0,1623.75,1623.75,1122900.0,200.0
NIFTY,26-DEC-2024,26000.0,26-11-2024 11:47:00,15.95,15.95,15.9,15.9,3237700.0,0.0,1623.75,1629.0,1623.75,1629.0,1123350.0,25.0
NIFTY,26-DEC-2024,26000.0,26-11-2024 11:48:00,15.95,16.05,15.95,16.05,3237700.0,7300.0,1629.0,1633.5,1629.0,1633.5,1123350.0,50.0
NIFTY,26-DEC-2024,26000.0,26-11-2024 11:49:00,15.95,16.0,15.8,15.85,3238500.0,0.0,1627.95,1634.6,1627.95,1634.6,1123275.0,825.0
NIFTY,26-DEC-2024,26000.0,26-11-2024 11:50:00,15.85,15.85,15.8,15.8,3238500.0,0.0,1637.6,1637.6,1631.95,1631.95,1123275.0,300.0
NIFTY,26-DEC-2024,26000.0,26-11-2024 11:51:00,15.8,15.95,15.8,15.95,3238500.0,0.0,1631.95,1632.0,1631.95,1632.0,1123275.0,1000.0
NIFTY,26-DEC-2024,26000.0,26-11-2024 11:52:00,16.0,16.0,15.8,15.8,3239025.0,4825.0,1632.0,1635.25,1623.45,1623.45,1124700.0,175.0
NIFTY,26-DEC-2024,26000.0,26-11-2024 11:53:00,15.85,15.9,15.8,15.8,3239025.0,175.0,1623.45,1628.35,1623.45,1628.0,1124700.0,75.0
NIFTY,26-DEC-2024,26000.0,26-11-2024 11:54:00,15.8,15.8,15.6,15.8,3239025.0,1625.0,1628.0,1636.5,1628.0,1636.5,1124700.0,525.0
NIFTY,26-DEC-2024,26000.0,26-11-2024 11:55:00,15.8,15.85,15.75,15.75,3243200.0,3925.0,1636.5,1637.0,1636.0,1636.0,1124700.0,75.0
NIFTY,26-DEC-2024,26000.0,26-11-2024 11:56:00,15.75,15.75,15.65,15.75,3243200.0,8250.0,1636.0,1642.55,1630.75,1642.0,1125400.0,575.0
NIFTY,26-DEC-2024,26000.0,26-11-2024 11:57:00,15.65,15.65,15.2,15.25,3243200.0,0.0,1642.0,1642.0,1638.25,1638.25,1125400.0,100.0
NIFTY,26-DEC-2024,26000.0,26-11-2024 11:58:00,15.25,15.25,15.15,15.2,3250425.0,13925.0,1638.25,1638.25,1638.25,1638.25,1125400.0,0.0
NIFTY,26-DEC-2024,26000.0,26-11-2024 11:59:00,15.2,15.45,15.2,15.4,3250425.0,2975.0,1638.25,1638.25,1638.25,1638.25,1125400.0,0.0
NIFTY,26-DEC-2024,26000.0,26-11-2024 12:00:00,15.35,15.35,15.35,15.35,3250425.0,0.0,1638.25,1638.25,1638.25,1638.25,1125400.0,0.0
NIFTY,26-DEC-2024,26000.0,26-11-2024 12:01:00,15.2,15.3,15.2,15.2,3250850.0,0.0,1638.25,1650.0,1638.25,1650.0,1125625.0,0.0
NIFTY,26-DEC-2024,26000.0,26-11-2024 12:02:00,15.25,15.25,15.0,15.05,3250850.0,0.0,1656.1,1657.4,1654.6,1654.6,1125625.0,175.0
NIFTY,26-DEC-2024,26000.0,26-11-2024 12:03:00,15.05,15.1,15.0,15.0,3250850.0,0.0,1652.95,1652.95,1647.0,1647.0,1125625.0,225.0
NIFTY,26-DEC-2024,26000.0,26-11-2024 12:04:00,15.05,15.1,15.0,15.1,3252900.0,0.0,1647.0,1655.0,1647.0,1655.0,1125850.0,250.0
NIFTY,26-DEC-2024,26000.0,26-11-2024 12:05:00,15.1,15.25,15.0,15.05,3252900.0,10925.0,1655.0,1663.2,1655.0,1663.2,1125850.0,350.0
NIFTY,26-DEC-2024,26000.0,26-11-2024 12:06:00,15.05,15.15,15.0,15.15,3252900.0,0.0,1663.2,1665.0,1662.55,1662.55,1125850.0,225.0
NIFTY,26-DEC-2024,26000.0,26-11-2024 12:07:00,15.05,15.15,15.05,15.1,3254000.0,0.0,1662.55,1662.55,1662.55,1662.55,1125850.0,0.0
NIFTY,26-DEC-2024,26000.0,26-11-2024 12:08:00,15.05,15.05,15.05,15.05,3254000.0,9675.0,1662.55,1665.0,1662.55,1665.0,1125850.0,250.0
NIFTY,26-DEC-2024,26000.0,26-11-2024 12:09:00,15.15,15.15,15.1,15.1,3254000.0,525.0,1665.0,1667.4,1665.0,1667.4,1125800.0,25.0
NIFTY,26-DEC-2024,26000.0,26-11-2024 12:10:00,15.1,15.2,15.1,15.2,3252850.0,0.0,1667.4,1667.4,1656.0,1656.0,1125800.0,275.0
NIFTY,26-DEC-2024,26000.0,26-11-2024 12:11:00,15.05,15.3,15.05,15.05,3252850.0,4950.0,1656.0,1656.0,1647.95,1654.0,1125975.0,125.0
NIFTY,26-DEC-2024,26000.0,26-11-2024 12:12:00,15.15,15.25,15.15,15.25,3252850.0,0.0,1654.0,1654.0,1653.5,1653.5,1125975.0,75.0
NIFTY,26-DEC-2024,26000.0,26-11-2024 12:13:00,15.15,15.25,15.0,15.2,3253100.0,3600.0,1653.5,1677.5,1653.5,1669.5,1126325.0,900.0
NIFTY,26-DEC-2024,26000.0,26-11-2024 12:14:00,15.1,15.35,15.1,15.35,3253100.0,0.0,1669.5,1669.5,1665.0,1665.0,1126325.0,25.0
NIFTY,26-DEC-2024,26000.0,26-11-2024 12:15:00,15.15,15.25,15.15,15.2,3253100.0,0.0,1665.0,1665.0,1665.0,1665.0,1126325.0,0.0
NIFTY,26-DEC-2024,26000.0,26-11-2024 12:16:00,15.2,15.2,15.2,15.2,3254600.0,4400.0,1665.0,1665.0,1665.0,1665.0,1126325.0,0.0
NIFTY,26-DEC-2024,26000.0,26-11-2024 12:17:00,15.25,15.25,15.1,15.1,3254600.0,0.0,1665.0,1665.0,1660.7,1664.7,1126550.0,150.0
NIFTY,26-DEC-2024,26000.0,26-11-2024 12:18:00,15.2,15.5,15.05,15.5,3254600.0,5650.0,1664.7,1666.65,1664.7,1666.0,1126550.0,175.0
NIFTY,26-DEC-2024,26000.0,26-11-2024 12:19:00,15.5,15.5,15.3,15.3,3267150.0,10550.0,1666.0,1670.0,1666.0,1670.0,1126550.0,550.0
NIFTY,26-DEC-2024,26000.0,26-11-2024 12:20:00,15.25,15.25,15.0,15.0,3267150.0,2650.0,1670.0,1704.55,1670.0,1704.35,1127375.0,1175.0
NIFTY,26-DEC-2024,26000.0,26-11-2024 12:21:00,15.05,15.15,14.95,15.1,3267150.0,5400.0,1704.35,1704.35,1702.85,1702.85,1127375.0,25.0
NIFTY,26-DEC-2024,26000.0,26-11-2024 12:22:00,15.05,15.25,15.0,15.0,3271725.0,375.0,1702.85,1702.85,1702.85,1702.85,1127375.0,0.0
NIFTY,26-DEC-2024,26000.0,26-11-2024 12:23:00,15.0,15.2,15.0,15.15,3271725.0,0.0,1702.85,1702.85,1689.0,1689.0,1127750.0,150.0
NIFTY,26-DEC-2024,26000.0,26-11-2024 12:24:00,15.0,15.2,14.85,14.95,3271725.0,0.0,1689.0,1715.15,1688.0,1708.75,1127750.0,1525.0
NIFTY,26-DEC-2024,26000.0,26-11-2024 12:25:00,15.0,15.0,14.45,14.65,3273175.0,0.0,1707.85,1707.85,1705.0,1705.0,1127725.0,150.0
NIFTY,26-DEC-2024,26000.0,26-11-2024 12:26:00,14.75,14.8,14.65,14.65,3273175.0,22800.0,1705.0,1705.0,1692.2,1693.9,1127725.0,750.0
NIFTY,26-DEC-2024,26000.0,26-11-2024 12:27:00,14.65,14.85,14.65,14.65,3273175.0,5575.0,1693.9,1698.8,1688.95,1692.05,1127725.0,1050.0
NIFTY,26-DEC-2024,26000.0,26-11-2024 12:28:00,14.65,14.75,14.6,14.65,3273175.0,2475.0,1692.05,1700.65,1692.0,1692.0,1127725.0,925.0
NIFTY,26-DEC-2024,26000.0,26-11-2024 12:29:00,14.75,14.75,14.6,14.75,3263350.0,1150.0,1692.0,1697.85,1692.0,1693.4,1129050.0,75.0
NIFTY,26-DEC-2024,26000.0,26-11-2024 12:30:00,14.65,14.75,14.5,14.75,3263350.0,2225.0,1693.4,1700.0,1693.4,1699.55,1129050.0,1350.0
NIFTY,26-DEC-2024,26000.0,26-11-2024 12:31:00,14.9,15.0,14.8,14.8,3264775.0,0.0,1699.55,1699.8,1699.55,1699.8,1130900.0,25.0
NIFTY,26-DEC-2024,26000.0,26-11-2024 12:32:00,14.8,15.0,14.6,14.6,3264775.0,12725.0,1699.8,1699.8,1698.0,1698.0,1130900.0,225.0
NIFTY,26-DEC-2024,26000.0,26-11-2024 12:33:00,14.6,14.7,14.5,14.7,3264775.0,27050.0,1698.0,1698.0,1692.45,1692.45,1130900.0,900.0
NIFTY,26-DEC-2024,26000.0,26-11-2024 12:34:00,14.7,14.95,14.65,14.8,3241900.0,0.0,1692.45,1697.3,1692.45,1697.0,1132000.0,25.0
NIFTY,26-DEC-2024,26000.0,26-11-2024 12:35:00,14.95,15.0,14.8,14.8,3241900.0,13225.0,1697.0,1700.75,1697.0,1698.0,1132000.0,375.0
NIFTY,26-DEC-2024,26000.0,26-11-2024 12:36:00,14.9,14.9,14.8,14.8,3241900.0,525.0,1698.0,1698.0,1698.0,1698.0,1132000.0,175.0
NIFTY,26-DEC-2024,26000.0,26-11-2024 12:37:00,14.95,14.95,14.85,14.85,3242375.0,175.0,1698.0,1698.0,1698.0,1698.0,1132000.0,0.0
NIFTY,26-DEC-2024,26000.0,26-11-2024 12:38:00,14.85,14.85,14.7,14.75,3242375.0,475.0,1698.0,1700.3,1692.2,1698.05,1132550.0,125.0
NIFTY,26-DEC-2024,26000.0,26-11-2024 12:39:00,14.8,14.8,14.5,14.6,3242375.0,1400.0,1698.05,1698.05,1689.6,1692.6,1132550.0,300.0
NIFTY,26-DEC-2024,26000.0,26-11-2024 12:40:00,14.65,14.65,14.6,14.6,3242675.0,1775.0,1692.6,1693.25,1691.75,1691.75,1132550.0,425.0
NIFTY,26-DEC-2024,26000.0,26-11-2024 12:41:00,14.8,14.8,14.6,14.7,3242675.0,500.0,1691.75,1695.0,1691.75,1695.0,1133075.0,200.0
NIFTY,26-DEC-2024,26000.0,26-11-2024 12:42:00,14.7,14.85,14.65,14.7,3242675.0,850.0,1695.0,1695.0,1687.0,1688.0,1133075.0,225.0
NIFTY,26-DEC-2024,26000.0,26-11-2024 12:43:00,14.65,14.9,14.6,14.7,3243050.0,725.0,1694.15,1694.15,1688.0,1688.0,1133075.0,100.0
NIFTY,26-DEC-2024,26000.0,26-11-2024 12:44:00,14.85,14.85,14.7,14.8,3243050.0,1400.0,1680.0,1690.25,1678.4,1678.4,1133200.0,625.0
NIFTY,26-DEC-2024,26000.0,26-11-2024 12:45:00,14.85,15.05,14.8,15.0,3243050.0,1425.0,1681.75,1681.75,1668.45,1668.45,1133200.0,500.0
NIFTY,26-DEC-2024,26000.0,26-11-2024 12:46:00,14.95,15.0,14.95,15.0,3244150.0,725.0,1668.45,1668.45,1665.45,1666.9,1133200.0,175.0
NIFTY,26-DEC-2024,26000.0,26-11-2024 12:47:00,14.95,15.1,14.95,15.1,3244150.0,7375.0,1666.9,1677.55,1666.9,1677.55,1134125.0,25.0
NIFTY,26-DEC-2024,26000.0,26-11-2024 12:48:00,15.1,15.1,14.95,15.1,3244150.0,1700.0,1677.55,1677.55,1677.55,1677.55,1134125.0,0.0
NIFTY,26-DEC-2024,26000.0,26-11-2024 12:49:00,15.05,15.25,15.05,15.2,3245050.0,350.0,1677.55,1679.95,1672.0,1672.0,1134300.0,150.0
NIFTY,26-DEC-2024,26000.0,26-11-2024 12:50:00,15.1,15.15,15.1,15.15,3245050.0,0.0,1672.0,1676.6,1670.0,1676.6,1134300.0,150.0
NIFTY,26-DEC-2024,26000.0,26-11-2024 12:51:00,15.15,15.3,15.1,15.3,3245050.0,2675.0,1676.6,1676.6,1675.0,1675.0,1134300.0,500.0
NIFTY,26-DEC-2024,26000.0,26-11-2024 12:52:00,15.1,15.2,15.1,15.2,3247000.0,650.0,1675.0,1675.0,1666.9,1672.15,1134300.0,150.0
NIFTY,26-DEC-2024,26000.0,26-11-2024 12:53:00,15.2,15.25,15.2,15.25,3247000.0,0.0,1672.15,1672.15,1664.3,1666.0,1135150.0,100.0
NIFTY,26-DEC-2024,26000.0,26-11-2024 12:54:00,15.3,15.3,15.0,15.15,3247000.0,11900.0,1666.0,1667.95,1666.0,1667.7,1135150.0,250.0
NIFTY,26-DEC-2024,26000.0,26-11-2024 12:55:00,15.15,15.25,15.1,15.2,3230375.0,5175.0,1667.7,1667.7,1667.7,1667.7,1135150.0,0.0
NIFTY,26-DEC-2024,26000.0,26-11-2024 12:56:00,15.15,15.15,15.15,15.15,3230375.0,0.0,1667.7,1667.7,1667.7,1667.7,1135150.0,0.0
NIFTY,26-DEC-2024,26000.0,26-11-2024 12:57:00,15.2,15.2,15.15,15.15,3230375.0,0.0,1667.7,1667.7,1643.9,1651.0,1135425.0,375.0
NIFTY,26-DEC-2024,26000.0,26-11-2024 12:58:00,15.15,15.2,15.0,15.0,3235625.0,0.0,1651.0,1662.55,1651.0,1662.55,1135800.0,600.0
NIFTY,26-DEC-2024,26000.0,26-11-2024 12:59:00,15.1,15.1,15.0,15.0,3235625.0,10175.0,1658.0,1661.75,1658.0,1661.75,1135800.0,200.0
NIFTY,26-DEC-2024,26000.0,26-11-2024 13:00:00,15.0,15.1,14.9,15.05,3235625.0,1200.0,1661.75,1661.75,1661.75,1661.75,1135800.0,0.0
NIFTY,26-DEC-2024,26000.0,26-11-2024 13:01:00,14.95,14.95,14.75,14.75,3238825.0,2250.0,1661.75,1675.0,1661.75,1675.0,1136575.0,875.0
NIFTY,26-DEC-2024,26000.0,26-11-2024 13:02:00,14.8,14.8,14.8,14.8,3238825.0,2050.0,1675.0,1675.0,1668.45,1668.45,1136575.0,125.0
NIFTY,26-DEC-2024,26000.0,26-11-2024 13:03:00,14.85,14.95,14.75,14.9,3238825.0,700.0,1668.45,1670.75,1668.15,1668.15,1136575.0,200.0
NIFTY,26-DEC-2024,26000.0,26-11-2024 13:04:00,14.85,14.95,14.8,14.8,3239250.0,350.0,1668.15,1669.2,1666.3,1669.2,1137850.0,450.0
NIFTY,26-DEC-2024,26000.0,26-11-2024 13:05:00,14.9,14.95,14.8,14.9,3239250.0,875.0,1669.2,1675.0,1669.2,1675.0,1137850.0,175.0
NIFTY,26-DEC-2024,26000.0,26-11-2024 13:06:00,14.8,14.9,14.8,14.8,3239250.0,2500.0,1675.0,1675.0,1673.0,1673.8,1137850.0,375.0
NIFTY,26-DEC-2024,26000.0,26-11-2024 13:07:00,14.95,14.95,14.8,14.8,3242200.0,500.0,1673.8,1673.8,1669.25,1673.2,1138775.0,225.0
NIFTY,26-DEC-2024,26000.0,26-11-2024 13:08:00,14.8,14.9,14.8,14.8,3242200.0,400.0,1673.2,1673.2,1672.4,1672.4,1138775.0,75.0
NIFTY,26-DEC-2024,26000.0,26-11-2024 13:09:00,14.9,14.9,14.8,14.9,3242200.0,1500.0,1672.4,1686.55,1672.4,1686.55,1138775.0,50.0
NIFTY,26-DEC-2024,26000.0,26-11-2024 13:10:00,14.95,15.0,14.9,15.0,3243650.0,0.0,1686.55,1686.55,1686.55,1686.55,1138775.0,0.0
NIFTY,26-DEC-2024,26000.0,26-11-2024 13:11:00,14.95,15.1,14.95,15.1,3243650.0,3275.0,1686.55,1686.55,1676.0,1678.95,1139025.0,525.0
NIFTY,26-DEC-2024,26000.0,26-11-2024 13:12:00,14.95,15.0,14.95,14.95,3243650.0,2075.0,1678.95,1678.95,1674.45,1674.45,1139025.0,325.0
NIFTY,26-DEC-2024,26000.0,26-11-2024 13:13:00,14.95,14.95,14.9,14.9,3243550.0,925.0,1674.45,1679.95,1674.45,1679.95,1139700.0,1000.0
NIFTY,26-DEC-2024,26000.0,26-11-2024 13:14:00,14.8,14.8,14.8,14.8,3243550.0,150.0,1679.95,1679.95,1678.0,1678.0,1139700.0,225.0
NIFTY,26-DEC-2024,26000.0,26-11-2024 13:15:00,15.0,15.0,14.95,14.95,3243550.0,1000.0,1678.0,1678.0,1678.0,1678.0,1139700.0,0.0
NIFTY,26-DEC-2024,26000.0,26-11-2024 13:16:00,14.65,14.85,14.65,14.85,3243825.0,7200.0,1678.0,1678.0,1665.55,1665.55,1139925.0,75.0
NIFTY,26-DEC-2024,26000.0,26-11-2024 13:17:00,14.8,14.95,14.8,14.95,3243825.0,250.0,1665.55,1665.55,1664.95,1664.95,1139925.0,25.0
NIFTY,26-DEC-2024,26000.0,26-11-2024 13:18:00,14.9,14.9,14.8,14.85,3243825.0,500.0,1664.95,1664.95,1655.4,1657.45,1139925.0,325.0
NIFTY,26-DEC-2024,26000.0,26-11-2024 13:19:00,14.75,14.9,14.7,14.9,3245875.0,400.0,1657.45,1663.35,1657.45,1660.75,1140300.0,400.0
NIFTY,26-DEC-2024,26000.0,26-11-2024 13:20:00,14.85,14.95,14.8,14.85,3245875.0,2100.0,1660.75,1660.75,1653.45,1653.45,1140300.0,75.0
NIFTY,26-DEC-2024,26000.0,26-11-2024 13:21:00,14.9,15.0,14.75,14.8,3245875.0,925.0,1653.45,1653.45,1642.2,1650.8,1140300.0,200.0
NIFTY,26-DEC-2024,26000.0,26-11-2024 13:22:00,14.8,14.8,14.8,14.8,3247025.0,1300.0,1650.8,1652.4,1650.8,1652.4,1140550.0,25.0
NIFTY,26-DEC-2024,26000.0,26-11-2024 13:23:00,14.8,14.8,14.8,14.8,3247025.0,275.0,1652.4,1665.2,1652.4,1665.2,1140550.0,25.0
NIFTY,26-DEC-2024,26000.0,26-11-2024 13:24:00,14.85,14.85,14.8,14.85,3247025.0,0.0,1665.2,1665.2,1665.2,1665.2,1140550.0,0.0
NIFTY,26-DEC-2024,26000.0,26-11-2024 13:25:00,14.85,14.85,14.75,14.8,3247850.0,0.0,1665.2,1670.0,1665.2,1670.0,1140575.0,75.0
NIFTY,26-DEC-2024,26000.0,26-11-2024 13:26:00,14.75,14.85,14.7,14.8,3247850.0,0.0,1670.0,1670.0,1670.0,1670.0,1140575.0,0.0
NIFTY,26-DEC-2024,26000.0,26-11-2024 13:27:00,14.6,14.65,14.6,14.65,3247850.0,0.0,1670.0,1675.0,1670.0,1671.05,1140575.0,125.0
NIFTY,26-DEC-2024,26000.0,26-11-2024 13:28:00,14.65,14.7,14.65,14.7,3248375.0,6700.0,1671.05,1672.25,1671.05,1672.25,1140575.0,75.0
NIFTY,26-DEC-2024,26000.0,26-11-2024 13:29:00,14.6,14.8,14.6,14.6,3248375.0,0.0,1673.1,1680.0,1673.1,1677.8,1140700.0,425.0
NIFTY,26-DEC-2024,26000.0,26-11-2024 13:30:00,14.6,14.7,14.6,14.7,3248375.0,0.0,1677.8,1685.0,1677.8,1678.45,1140700.0,125.0
NIFTY,26-DEC-2024,26000.0,26-11-2024 13:31:00,14.75,14.75,14.7,14.7,3248375.0,0.0,1678.45,1682.0,1678.45,1682.0,1140700.0,900.0
NIFTY,26-DEC-2024,26000.0,26-11-2024 13:32:00,14.55,14.55,14.55,14.55,3251275.0,0.0,1682.0,1696.8,1682.0,1696.8,1140700.0,25.0
NIFTY,26-DEC-2024,26000.0,26-11-2024 13:33:00,14.5,14.55,14.45,14.5,3251275.0,0.0,1696.8,1696.8,1696.8,1696.8,1140700.0,0.0
NIFTY,26-DEC-2024,26000.0,26-11-2024 13:34:00,14.5,14.6,14.45,14.5,3252500.0,0.0,1696.8,1696.8,1696.8,1696.8,1140700.0,0.0
NIFTY,26-DEC-2024,26000.0,26-11-2024 13:35:00,14.65,14.65,14.55,14.55,3252500.0,7600.0,1696.8,1696.8,1696.8,1696.8,1140700.0,0.0
NIFTY,26-DEC-2024,26000.0,26-11-2024 13:36:00,14.6,14.7,14.6,14.7,3252500.0,1075.0,1696.8,1696.8,1676.0,1676.0,1140700.0,1350.0
NIFTY,26-DEC-2024,26000.0,26-11-2024 13:37:00,14.55,14.6,14.45,14.6,3255925.0,0.0,1676.0,1678.0,1676.0,1678.0,1141875.0,50.0
NIFTY,26-DEC-2024,26000.0,26-11-2024 13:38:00,14.6,14.6,14.35,14.4,3255925.0,3050.0,1678.0,1700.0,1678.0,1700.0,1143275.0,400.0
NIFTY,26-DEC-2024,26000.0,26-11-2024 13:39:00,14.4,14.4,14.3,14.4,3255925.0,0.0,1706.0,1720.0,1706.0,1710.0,1143275.0,825.0
NIFTY,26-DEC-2024,26000.0,26-11-2024 13:40:00,14.5,14.5,14.15,14.15,3255925.0,0.0,1710.0,1710.0,1710.0,1710.0,1143275.0,0.0
NIFTY,26-DEC-2024,26000.0,26-11-2024 13:41:00,14.4,14.5,14.35,14.35,3255525.0,0.0,1710.0,1710.0,1698.7,1698.7,1143075.0,225.0
NIFTY,26-DEC-2024,26000.0,26-11-2024 13:42:00,14.5,14.5,14.3,14.3,3255525.0,0.0,1698.7,1698.7,1698.7,1698.7,1143075.0,0.0
NIFTY,26-DEC-2024,26000.0,26-11-2024 13:43:00,14.5,14.5,14.5,14.5,3255525.0,0.0,1698.7,1698.7,1686.4,1686.4,1143075.0,200.0
NIFTY,26-DEC-2024,26000.0,26-11-2024 13:44:00,14.4,14.5,14.3,14.5,3256975.0,18550.0,1686.4,1689.4,1686.4,1689.4,1143500.0,100.0
NIFTY,26-DEC-2024,26000.0,26-11-2024 13:45:00,14.55,14.55,14.5,14.5,3256975.0,1925.0,1689.4,1689.4,1681.65,1685.0,1143500.0,250.0
NIFTY,26-DEC-2024,26000.0,26-11-2024 13:46:00,14.5,14.55,14.5,14.55,3256975.0,150.0,1685.0,1685.0,1685.0,1685.0,1143500.0,0.0
NIFTY,26-DEC-2024,26000.0,26-11-2024 13:47:00,14.55,14.75,14.55,14.75,3255925.0,750.0,1685.0,1685.0,1685.0,1685.0,1143500.0,0.0
NIFTY,26-DEC-2024,26000.0,26-11-2024 13:48:00,14.6,14.8,14.45,14.7,3255925.0,5725.0,1685.0,1685.0,1660.0,1660.0,1143500.0,225.0
NIFTY,26-DEC-2024,26000.0,26-11-2024 13:49:00,14.75,14.75,14.75,14.75,3255925.0,0.0,1660.0,1660.0,1647.05,1655.75,1143875.0,300.0
NIFTY,26-DEC-2024,26000.0,26-11-2024 13:50:00,14.8,14.8,14.8,14.8,3257825.0,0.0,1655.75,1655.75,1655.75,1655.75,1143875.0,0.0
NIFTY,26-DEC-2024,26000.0,26-11-2024 13:51:00,14.85,14.85,14.8,14.85,3257825.0,2050.0,1655.75,1660.55,1655.75,1660.55,1143875.0,50.0
NIFTY,26-DEC-2024,26000.0,26-11-2024 13:52:00,14.8,14.85,14.8,14.85,3257825.0,450.0,1657.2,1660.55,1657.2,1660.55,1144100.0,325.0
NIFTY,26-DEC-2024,26000.0,26-11-2024 13:53:00,14.85,14.85,14.7,14.7,3258025.0,0.0,1660.55,1664.75,1660.55,1664.75,1144100.0,150.0
NIFTY,26-DEC-2024,26000.0,26-11-2024 13:54:00,14.75,14.75,14.7,14.7,3258025.0,0.0,1664.75,1667.0,1660.0,1660.0,1144100.0,250.0
NIFTY,26-DEC-2024,26000.0,26-11-2024 13:55:00,14.55,14.85,14.55,14.75,3258675.0,0.0,1660.0,1662.1,1648.55,1648.55,1144825.0,1050.0
NIFTY,26-DEC-2024,26000.0,26-11-2024 13:56:00,14.85,15.0,14.8,14.85,3258675.0,0.0,1648.55,1650.0,1638.65,1650.0,1144825.0,400.0
NIFTY,26-DEC-2024,26000.0,26-11-2024 13:57:00,14.8,14.8,14.7,14.7,3258675.0,4850.0,1650.0,1653.65,1650.0,1653.65,1144825.0,325.0
NIFTY,26-DEC-2024,26000.0,26-11-2024 13:58:00,14.75,14.9,14.75,14.9,3260050.0,550.0,1653.65,1656.65,1653.65,1656.65,1144825.0,225.0
NIFTY,26-DEC-2024,26000.0,26-11-2024 13:59:00,14.9,15.05,14.9,15.0,3260050.0,50.0,1656.65,1656.65,1656.65,1656.65,1144825.0,0.0
NIFTY,26-DEC-2024,26000.0,26-11-2024 14:00:00,15.1,15.1,14.8,14.85,3260050.0,3025.0,1656.65,1656.65,1640.0,1640.0,1145200.0,125.0
NIFTY,26-DEC-2024,26000.0,26-11-2024 14:01:00,14.85,15.0,14.85,15.0,3259600.0,300.0,1640.0,1640.0,1640.0,1640.0,1145200.0,0.0
NIFTY,26-DEC-2024,26000.0,26-11-2024 14:02:00,15.0,15.0,14.95,14.95,3259600.0,0.0,1640.0,1653.8,1640.0,1653.8,1145325.0,200.0
NIFTY,26-DEC-2024,26000.0,26-11-2024 14:03:00,15.0,15.0,14.9,14.9,3259600.0,675.0,1653.8,1653.8,1653.8,1653.8,1145325.0,0.0
NIFTY,26-DEC-2024,26000.0,26-11-2024 14:04:00,14.9,15.0,14.85,15.0,3259600.0,300.0,1653.8,1657.5,1653.8,1657.5,1145325.0,50.0
NIFTY,26-DEC-2024,26000.0,26-11-2024 14:05:00,15.0,15.1,14.9,15.0,3260400.0,1200.0,1657.5,1657.5,1641.0,1645.65,1145475.0,275.0
NIFTY,26-DEC-2024,26000.0,26-11-2024 14:06:00,14.95,15.05,14.9,15.0,3260400.0,325.0,1645.65,1656.15,1645.65,1656.15,1145475.0,25.0
NIFTY,26-DEC-2024,26000.0,26-11-2024 14:07:00,14.9,15.0,14.75,14.9,3261200.0,450.0,1656.15,1658.2,1656.15,1657.95,1146225.0,625.0
NIFTY,26-DEC-2024,26000.0,26-11-2024 14:08:00,14.9,14.9,14.7,14.7,3261200.0,1800.0,1657.95,1663.35,1657.95,1663.35,1146225.0,100.0
NIFTY,26-DEC-2024,26000.0,26-11-2024 14:09:00,14.7,14.95,14.7,14.95,3261200.0,475.0,1663.65,1665.0,1659.6,1659.6,1146225.0,325.0
NIFTY,26-DEC-2024,26000.0,26-11-2024 14:10:00,14.75,14.9,14.75,14.9,3261200.0,0.0,1659.6,1662.1,1655.55,1655.55,1146225.0,325.0
NIFTY,26-DEC-2024,26000.0,26-11-2024 14:11:00,15.0,15.0,14.85,14.9,3262250.0,0.0,1655.55,1655.55,1655.55,1655.55,1146225.0,0.0
NIFTY,26-DEC-2024,26000.0,26-11-2024 14:12:00,14.85,14.9,14.7,14.7,3262250.0,0.0,1655.55,1664.8,1655.55,1664.8,1146800.0,25.0
NIFTY,26-DEC-2024,26000.0,26-11-2024 14:13:00,14.85,14.85,14.75,14.85,3262675.0,4150.0,1664.8,1664.8,1664.8,1664.8,1146800.0,0.0
NIFTY,26-DEC-2024,26000.0,26-11-2024 14:14:00,14.75,14.85,14.75,14.85,3262675.0,1575.0,1664.8,1664.8,1651.9,1651.9,1147000.0,225.0
NIFTY,26-DEC-2024,26000.0,26-11-2024 14:15:00,14.75,14.9,14.75,14.9,3262675.0,75.0,1651.9,1651.9,1650.0,1650.0,1147000.0,25.0
NIFTY,26-DEC-2024,26000.0,26-11-2024 14:16:00,14.9,14.9,14.7,14.7,3262850.0,25.0,1650.0,1650.0,1647.9,1647.9,1146900.0,600.0
NIFTY,26-DEC-2024,26000.0,26-11-2024 14:17:00,14.8,15.0,14.8,14.95,3262850.0,0.0,1647.9,1647.9,1643.65,1643.65,1146900.0,225.0
NIFTY,26-DEC-2024,26000.0,26-11-2024 14:18:00,14.95,15.0,14.9,15.0,3262850.0,0.0,1643.65,1643.65,1642.0,1642.0,1146900.0,0.0
NIFTY,26-DEC-2024,26000.0,26-11-2024 14:19:00,15.05,15.05,14.9,15.05,3262850.0,4625.0,1642.0,1642.0,1640.0,1640.0,1148425.0,850.0
NIFTY,26-DEC-2024,26000.0,26-11-2024 14:20:00,15.0,15.0,14.85,14.85,3266400.0,0.0,1640.0,1648.95,1638.7,1640.0,1148425.0,375.0
NIFTY,26-DEC-2024,26000.0,26-11-2024 14:21:00,14.75,14.75,14.75,14.75,3266400.0,2800.0,1640.0,1649.95,1640.0,1649.95,1148425.0,5150.0
NIFTY,26-DEC-2024,26000.0,26-11-2024 14:22:00,14.9,14.95,14.75,14.95,3267350.0,0.0,1649.95,1649.95,1640.2,1641.85,1148425.0,375.0
NIFTY,26-DEC-2024,26000.0,26-11-2024 14:23:00,14.9,15.0,14.9,15.0,3267350.0,0.0,1641.85,1641.85,1637.0,1641.1,1153825.0,1250.0
NIFTY,26-DEC-2024,26000.0,26-11-2024 14:24:00,14.7,14.85,14.7,14.7,3267350.0,3125.0,1641.1,1641.1,1635.9,1635.9,1153825.0,250.0
NIFTY,26-DEC-2024,26000.0,26-11-2024 14:25:00,15.0,15.0,15.0,15.0,3267350.0,0.0,1635.9,1635.9,1635.9,1635.9,1153825.0,0.0
NIFTY,26-DEC-2024,26000.0,26-11-2024 14:26:00,14.75,14.75,14.75,14.75,3269000.0,1825.0,1635.9,1640.0,1635.9,1640.0,1153400.0,50.0
NIFTY,26-DEC-2024,26000.0,26-11-2024 14:27:00,14.75,14.8,14.65,14.65,3269000.0,300.0,1640.0,1651.0,1640.0,1646.85,1153400.0,2475.0
NIFTY,26-DEC-2024,26000.0,26-11-2024 14:28:00,14.6,14.75,14.6,14.6,3270875.0,3775.0,1646.85,1651.4,1646.5,1647.55,1158375.0,3000.0
NIFTY,26-DEC-2024,26000.0,26-11-2024 14:29:00,14.55,14.75,14.55,14.55,3270875.0,0.0,1647.55,1651.0,1647.55,1651.0,1158375.0,500.0
NIFTY,26-DEC-2024,26000.0,26-11-2024 14:30:00,14.75,14.75,14.65,14.65,3270875.0,10175.0,1651.0,1651.0,1648.0,1648.0,1158375.0,225.0
NIFTY,26-DEC-2024,26000.0,26-11-2024 14:31:00,14.55,14.55,14.55,14.55,3270875.0,625.0,1648.0,1648.0,1647.0,1647.0,1158375.0,150.0
NIFTY,26-DEC-2024,26000.0,26-11-2024 14:32:00,14.65,14.65,14.6,14.6,3271500.0,600.0,1647.0,1647.0,1638.0,1642.0,1159450.0,175.0
NIFTY,26-DEC-2024,26000.0,26-11-2024 14:33:00,14.6,14.65,14.55,14.55,3271500.0,2800.0,1642.0,1642.0,1634.0,1638.25,1159450.0,450.0
NIFTY,26-DEC-2024,26000.0,26-11-2024 14:34:00,14.55,14.8,14.5,14.8,3272475.0,1150.0,1638.25,1642.0,1635.6,1635.6,1159450.0,1150.0
NIFTY,26-DEC-2024,26000.0,26-11-2024 14:35:00,14.65,14.75,14.65,14.75,3272475.0,5850.0,1635.6,1635.6,1634.05,1634.05,1159450.0,225.0
NIFTY,26-DEC-2024,26000.0,26-11-2024 14:36:00,14.75,14.8,14.55,14.7,3272475.0,0.0,1634.05,1637.0,1625.0,1628.6,1161100.0,5150.0
NIFTY,26-DEC-2024,26000.0,26-11-2024 14:37:00,14.8,14.8,14.7,14.7,3277475.0,4775.0,1628.6,1630.0,1628.6,1630.0,1161100.0,125.0
NIFTY,26-DEC-2024,26000.0,26-11-2024 14:38:00,14.8,15.05,14.6,15.05,3277475.0,0.0,1630.0,1634.2,1618.05,1618.05,1166200.0,550.0
NIFTY,26-DEC-2024,26000.0,26-11-2024 14:39:00,15.05,15.3,15.05,15.15,3277475.0,17950.0,1618.05,1618.05,1608.05,1612.7,1166200.0,150.0
NIFTY,26-DEC-2024,26000.0,26-11-2024 14:40:00,15.2,15.35,15.0,15.35,3285775.0,0.0,1612.7,1615.05,1600.0,1600.0,1165650.0,1575.0
NIFTY,26-DEC-2024,26000.0,26-11-2024 14:41:00,15.2,15.5,15.2,15.45,3285775.0,3775.0,1600.0,1604.65,1600.0,1604.65,1165650.0,50.0
NIFTY,26-DEC-2024,26000.0,26-11-2024 14:42:00,15.4,15.4,15.3,15.4,3285775.0,23875.0,1605.45,1606.95,1601.2,1603.15,1165650.0,500.0
NIFTY,26-DEC-2024,26000.0,26-11-2024 14:43:00,15.45,15.7,15.45,15.6,3307575.0,1200.0,1603.15,1603.15,1592.2,1592.2,1165750.0,325.0
NIFTY,26-DEC-2024,26000.0,26-11-2024 14:44:00,15.6,15.75,15.5,15.6,3307575.0,5000.0,1595.4,1603.4,1590.0,1603.4,1165750.0,2075.0
NIFTY,26-DEC-2024,26000.0,26-11-2024 14:45:00,15.5,15.7,15.5,15.5,3307575.0,1850.0,1603.4,1605.0,1598.25,1605.0,1165750.0,575.0
NIFTY,26-DEC-2024,26000.0,26-11-2024 14:46:00,15.5,15.65,15.4,15.45,3310625.0,0.0,1605.0,1615.0,1605.0,1608.5,1166000.0,1150.0
NIFTY,26-DEC-2024,26000.0,26-11-2024 14:47:00,15.6,15.8,15.4,15.8,3310625.0,4550.0,1608.5,1613.0,1608.5,1609.2,1166000.0,325.0
NIFTY,26-DEC-2024,26000.0,26-11-2024 14:48:00,15.7,15.8,15.6,15.75,3310625.0,7500.0,1609.2,1611.9,1606.0,1611.9,1166000.0,375.0
NIFTY,26-DEC-2024,26000.0,26-11-2024 14:49:00,15.6,15.75,15.55,15.6,3321675.0,7250.0,1611.9,1615.2,1610.7,1613.05,1166000.0,1625.0
NIFTY,26-DEC-2024,26000.0,26-11-2024 14:50:00,15.6,15.6,15.6,15.6,3321675.0,0.0,1613.05,1613.05,1605.0,1605.0,1166875.0,375.0
NIFTY,26-DEC-2024,26000.0,26-11-2024 14:51:00,15.6,15.75,15.5,15.6,3321675.0,2025.0,1605.0,1605.0,1595.0,1599.0,1166875.0,5100.0
NIFTY,26-DEC-2024,26000.0,26-11-2024 14:52:00,15.5,15.55,15.4,15.4,3322250.0,0.0,1599.0,1603.1,1595.0,1601.8,1178275.0,6150.0
NIFTY,26-DEC-2024,26000.0,26-11-2024 14:53:00,15.3,15.5,15.3,15.4,3322250.0,10100.0,1608.15,1609.0,1605.0,1605.0,1178275.0,275.0
NIFTY,26-DEC-2024,26000.0,26-11-2024 14:54:00,15.35,15.55,15.35,15.35,3322250.0,0.0,1609.0,1609.0,1602.85,1606.0,1178275.0,1050.0
NIFTY,26-DEC-2024,26000.0,26-11-2024 14:55:00,15.35,15.55,15.3,15.4,3321275.0,4950.0,1606.0,1606.0,1597.0,1597.0,1179450.0,850.0
NIFTY,26-DEC-2024,26000.0,26-11-2024 14:56:00,15.45,15.5,15.35,15.4,3321275.0,2025.0,1597.0,1597.0,1594.45,1595.0,1179450.0,325.0
NIFTY,26-DEC-2024,26000.0,26-11-2024 14:57:00,15.5,15.65,15.45,15.5,3321275.0,4400.0,1595.0,1595.0,1581.5,1585.0,1179450.0,125.0
NIFTY,26-DEC-2024,26000.0,26-11-2024 14:58:00,15.5,15.85,15.5,15.85,3323475.0,3250.0,1585.0,1585.0,1580.0,1580.0,1179450.0,500.0
NIFTY,26-DEC-2024,26000.0,26-11-2024 14:59:00,15.75,15.75,15.7,15.75,3323475.0,6100.0,1583.0,1590.0,1583.0,1588.55,1180225.0,850.0
NIFTY,26-DEC-2024,26000.0,26-11-2024 15:00:00,15.7,15.8,15.5,15.55,3323475.0,6600.0,1595.55,1605.95,1588.4,1605.95,1180225.0,900.0
NIFTY,26-DEC-2024,26000.0,26-11-2024 15:01:00,15.5,15.55,15.15,15.15,3327850.0,0.0,1605.95,1615.0,1605.35,1615.0,1181550.0,200.0
NIFTY,26-DEC-2024,26000.0,26-11-2024 15:02:00,15.1,15.3,15.05,15.05,3327850.0,3900.0,1615.0,1635.15,1615.0,1635.15,1181550.0,575.0
NIFTY,26-DEC-2024,26000.0,26-11-2024 15:03:00,15.2,15.2,15.05,15.05,3327850.0,1400.0,1635.15,1635.15,1630.0,1630.0,1181550.0,75.0
NIFTY,26-DEC-2024,26000.0,26-11-2024 15:04:00,15.2,15.2,15.0,15.05,3327850.0,1950.0,1630.0,1630.0,1630.0,1630.0,1181550.0,100.0
NIFTY,26-DEC-2024,26000.0,26-11-2024 15:05:00,15.1,15.2,14.85,14.9,3328900.0,0.0,1630.0,1650.0,1630.0,1645.0,1181950.0,550.0
NIFTY,26-DEC-2024,26000.0,26-11-2024 15:06:00,14.8,14.9,14.55,14.55,3328900.0,0.0,1645.0,1655.4,1644.95,1655.4,1181950.0,250.0
NIFTY,26-DEC-2024,26000.0,26-11-2024 15:07:00,14.6,14.95,14.6,14.7,3328900.0,18450.0,1655.4,1655.4,1634.55,1634.55,1181950.0,225.0
NIFTY,26-DEC-2024,26000.0,26-11-2024 15:08:00,14.7,14.85,14.7,14.85,3332050.0,1900.0,1634.55,1634.55,1634.55,1634.55,1181950.0,0.0
NIFTY,26-DEC-2024,26000.0,26-11-2024 15:09:00,15.0,15.0,14.95,14.95,3332050.0,1125.0,1634.55,1634.55,1634.55,1634.55,1181950.0,0.0
NIFTY,26-DEC-2024,26000.0,26-11-2024 15:10:00,14.9,14.95,14.8,14.9,3333800.0,0.0,1634.55,1645.3,1631.6,1645.3,1182750.0,325.0
NIFTY,26-DEC-2024,26000.0,26-11-2024 15:11:00,14.8,14.85,14.75,14.75,3333800.0,3575.0,1645.3,1645.3,1637.8,1639.95,1182750.0,250.0
NIFTY,26-DEC-2024,26000.0,26-11-2024 15:12:00,14.9,14.9,14.75,14.8,3333800.0,1600.0,1639.95,1639.95,1624.15,1626.3,1182750.0,425.0
NIFTY,26-DEC-2024,26000.0,26-11-2024 15:13:00,14.75,14.9,14.75,14.8,3333800.0,0.0,1622.75,1634.85,1622.75,1634.85,1182750.0,1150.0
NIFTY,26-DEC-2024,26000.0,26-11-2024 15:14:00,14.8,14.9,14.75,14.75,3335525.0,2425.0,1635.75,1635.75,1624.05,1624.05,1183525.0,350.0
NIFTY,26-DEC-2024,26000.0,26-11-2024 15:15:00,14.8,14.9,14.7,14.75,3335525.0,3075.0,1625.1,1636.75,1625.1,1635.6,1183525.0,125.0
NIFTY,26-DEC-2024,26000.0,26-11-2024 15:16:00,14.75,14.85,14.6,14.8,3335525.0,14225.0,1635.6,1636.5,1635.6,1636.25,1183525.0,525.0
NIFTY,26-DEC-2024,26000.0,26-11-2024 15:17:00,14.7,14.8,14.45,14.45,3353250.0,0.0,1636.25,1637.25,1636.25,1637.25,1184250.0,0.0
NIFTY,26-DEC-2024,26000.0,26-11-2024 15:18:00,14.6,14.7,14.5,14.55,3353250.0,0.0,1640.15,1643.45,1640.15,1642.85,1184250.0,2150.0
NIFTY,26-DEC-2024,26000.0,26-11-2024 15:19:00,14.55,14.55,14.4,14.55,3368525.0,0.0,1642.9,1642.9,1641.7,1641.9,1184250.0,100.0
NIFTY,26-DEC-2024,26000.0,26-11-2024 15:20:00,14.4,14.55,14.4,14.4,3368525.0,55050.0,1641.9,1647.85,1641.9,1646.9,1184550.0,1550.0
NIFTY,26-DEC-2024,26000.0,26-11-2024 15:21:00,14.4,14.6,14.35,14.55,3368525.0,11375.0,1646.1,1648.65,1641.05,1641.05,1184550.0,450.0
NIFTY,26-DEC-2024,26000.0,26-11-2024 15:22:00,14.5,14.5,14.4,14.4,3374050.0,5650.0,1641.05,1644.95,1638.25,1643.2,1184650.0,1050.0
NIFTY,26-DEC-2024,26000.0,26-11-2024 15:23:00,14.4,14.6,14.4,14.4,3374050.0,5575.0,1642.85,1643.05,1640.8,1640.8,1184650.0,425.0
NIFTY,26-DEC-2024,26000.0,26-11-2024 15:24:00,14.55,14.55,14.2,14.25,3374050.0,1425.0,1640.9,1644.55,1639.6,1644.05,1184650.0,3500.0
NIFTY,26-DEC-2024,26000.0,26-11-2024 15:25:00,14.25,14.45,14.25,14.45,3374050.0,15550.0,1643.2,1644.95,1643.2,1644.95,1184650.0,1575.0
NIFTY,26-DEC-2024,26000.0,26-11-2024 15:26:00,14.4,14.6,14.35,14.6,3377850.0,7200.0,1644.95,1646.25,1644.95,1646.05,1184650.0,900.0
NIFTY,26-DEC-2024,26000.0,26-11-2024 15:27:00,14.45,14.55,14.35,14.4,3377850.0,0.0,1646.05,1646.05,1644.7,1645.8,1184650.0,50.0
NIFTY,26-DEC-2024,26000.0,26-11-2024 15:28:00,14.4,14.55,14.4,14.5,3377850.0,0.0,1645.8,1647.75,1645.6,1647.75,1184650.0,150.0
NIFTY,26-DEC-2024,26000.0,26-11-2024 15:29:00,14.45,14.55,14.1,14.1,3381300.0,19425.0,1648.25,1650.85,1648.15,1650.85,1184825.0,3725.0
NIFTY,26-DEC-2024,26000.0,27-11-2024 09:15:00,14.2,14.55,14.0,14.05,3348850.0,6250.0,1650.85,1658.5,1650.85,1658.25,1184675.0,25.0
NIFTY,26-DEC-2024,26000.0,27-11-2024 09:16:00,14.05,14.45,14.05,14.25,3348850.0,4200.0,1658.25,1658.25,1643.9,1644.95,1184675.0,200.0
NIFTY,26-DEC-2024,26000.0,27-11-2024 09:17:00,14.25,14.65,14.15,14.6,3348850.0,7875.0,1644.95,1647.75,1636.7,1642.7,1184675.0,4200.0
NIFTY,26-DEC-2024,26000.0,27-11-2024 09:18:00,14.65,14.8,14.3,14.5,3348850.0,1425.0,1640.9,1649.05,1637.6,1644.35,1184675.0,9525.0
NIFTY,26-DEC-2024,26000.0,27-11-2024 09:19:00,14.6,14.6,14.2,14.25,3358750.0,0.0,1637.5,1643.0,1637.5,1643.0,1184900.0,175.0
NIFTY,26-DEC-2024,26000.0,27-11-2024 09:20:00,14.3,14.35,14.05,14.35,3358750.0,0.0,1643.0,1652.45,1641.35,1652.45,1184900.0,325.0
NIFTY,26-DEC-2024,26000.0,27-11-2024 09:21:00,14.3,14.35,14.0,14.0,3358750.0,18900.0,1652.45,1652.45,1641.05,1644.0,1184900.0,2900.0
NIFTY,26-DEC-2024,26000.0,27-11-2024 09:22:00,14.0,14.0,13.8,13.85,3353525.0,15550.0,1644.0,1659.95,1644.0,1658.65,1185050.0,2375.0
NIFTY,26-DEC-2024,26000.0,27-11-2024 09:23:00,13.8,13.8,13.5,13.6,3353525.0,0.0,1658.65,1665.9,1652.2,1664.2,1185050.0,1300.0
NIFTY,26-DEC-2024,26000.0,27-11-2024 09:24:00,13.55,13.55,13.4,13.5,3353525.0,36875.0,1664.2,1666.75,1657.1,1662.55,1185050.0,500.0
NIFTY,26-DEC-2024,26000.0,27-11-2024 09:25:00,13.5,13.6,13.4,13.45,3349475.0,6450.0,1662.55,1666.35,1662.55,1666.35,1185050.0,225.0
NIFTY,26-DEC-2024,26000.0,27-11-2024 09:26:00,13.45,13.5,13.35,13.5,3349475.0,0.0,1666.35,1666.35,1663.35,1663.35,1185050.0,25.0
NIFTY,26-DEC-2024,26000.0,27-11-2024 09:27:00,13.55,13.7,13.5,13.55,3349475.0,0.0,1652.15,1657.15,1649.75,1652.55,1185050.0,2875.0
NIFTY,26-DEC-2024,26000.0,27-11-2024 09:28:00,13.6,13.7,13.5,13.65,3343900.0,0.0,1652.15,1654.95,1650.0,1654.8,1185250.0,3400.0
NIFTY,26-DEC-2024,26000.0,27-11-2024 09:29:00,13.6,13.75,13.5,13.5,3343900.0,0.0,1654.8,1665.85,1654.8,1665.85,1185250.0,2925.0
NIFTY,26-DEC-2024,26000.0,27-11-2024 09:30:00,13.5,13.5,13.4,13.5,3343900.0,0.0,1669.7,1672.2,1669.7,1672.2,1185250.0,125.0
NIFTY,26-DEC-2024,26000.0,27-11-2024 09:31:00,13.6,13.7,13.4,13.65,3345000.0,0.0,1672.2,1676.75,1665.0,1676.75,1188600.0,1025.0
NIFTY,26-DEC-2024,26000.0,27-11-2024 09:32:00,13.35,13.75,13.2,13.7,3345000.0,0.0,1676.75,1676.75,1663.7,1663.7,1188600.0,75.0
NIFTY,26-DEC-2024,26000.0,27-11-2024 09:33:00,13.7,13.7,13.55,13.55,3345000.0,0.0,1663.7,1669.1,1663.7,1667.0,1188600.0,125.0
NIFTY,26-DEC-2024,26000.0,27-11-2024 09:34:00,13.55,13.8,13.5,13.8,3342975.0,63525.0,1667.0,1668.15,1666.9,1668.15,1188575.0,300.0
NIFTY,26-DEC-2024,26000.0,27-11-2024 09:35:00,13.8,13.85,13.75,13.75,3342975.0,0.0,1668.15,1668.15,1668.15,1668.15,1188575.0,0.0
NIFTY,26-DEC-2024,26000.0,27-11-2024 09:36:00,13.75,13.75,13.6,13.65,3342975.0,0.0,1668.15,1668.15,1668.15,1668.15,1188575.0,0.0
NIFTY,26-DEC-2024,26000.0,27-11-2024 09:37:00,13.65,13.7,13.5,13.55,3344050.0,14875.0,1668.15,1668.15,1656.0,1659.3,1188625.0,0.0
NIFTY,26-DEC-2024,26000.0,27-11-2024 09:38:00,13.5,13.6,13.5,13.6,3344050.0,0.0,1663.6,1667.3,1662.0,1666.7,1188625.0,1050.0
NIFTY,26-DEC-2024,26000.0,27-11-2024 09:39:00,13.5,13.6,13.35,13.5,3344050.0,12100.0,1670.65,1676.5,1664.85,1676.15,1188625.0,1875.0
NIFTY,26-DEC-2024,26000.0,27-11-2024 09:40:00,13.45,13.45,13.3,13.4,3347700.0,0.0,1680.0,1685.35,1677.8,1685.0,1188725.0,650.0
NIFTY,26-DEC-2024,26000.0,27-11-2024 09:41:00,13.25,13.45,13.05,13.1,3347700.0,5875.0,1684.9,1699.35,1678.1,1693.95,1188725.0,900.0
NIFTY,26-DEC-2024,26000.0,27-11-2024 09:42:00,13.1,13.15,13.0,13.05,3347700.0,0.0,1693.95,1693.95,1693.95,1693.95,1188725.0,0.0
NIFTY,26-DEC-2024,26000.0,27-11-2024 09:43:00,13.05,13.05,12.9,12.95,3346925.0,7325.0,1693.95,1693.95,1693.95,1693.95,1188725.0,325.0
NIFTY,26-DEC-2024,26000.0,27-11-2024 09:44:00,13.0,13.0,12.8,13.0,3346925.0,0.0,1693.95,1693.95,1678.0,1680.0,1188975.0,675.0
NIFTY,26-DEC-2024,26000.0,27-11-2024 09:45:00,13.05,13.25,13.0,13.2,3346925.0,10450.0,1680.0,1680.0,1656.1,1656.1,1188975.0,100.0
NIFTY,26-DEC-2024,26000.0,27-11-2024 09:46:00,13.2,13.4,13.05,13.4,3348775.0,3275.0,1656.1,1660.55,1656.1,1658.35,1189575.0,50.0
NIFTY,26-DEC-2024,26000.0,27-11-2024 09:47:00,13.35,13.45,13.25,13.45,3348775.0,0.0,1658.35,1658.8,1656.15,1656.9,1189575.0,1525.0
NIFTY,26-DEC-2024,26000.0,27-11-2024 09:48:00,13.35,13.5,13.2,13.45,3348775.0,0.0,1656.9,1663.25,1656.9,1661.7,1189575.0,2375.0
NIFTY,26-DEC-2024,26000.0,27-11-2024 09:49:00,13.45,13.5,12.75,12.95,3353600.0,0.0,1661.7,1661.7,1653.5,1658.0,1189700.0,1975.0
NIFTY,26-DEC-2024,26000.0,27-11-2024 09:50:00,13.05,13.4,12.95,13.4,3353600.0,0.0,1658.0,1658.0,1630.0,1630.0,1189700.0,75.0
NIFTY,26-DEC-2024,26000.0,27-11-2024 09:51:00,13.55,13.7,13.45,13.55,3353600.0,0.0,1627.0,1630.4,1627.0,1630.4,1189700.0,200.0
NIFTY,26-DEC-2024,26000.0,27-11-2024 09:52:00,13.65,13.7,13.55,13.55,3337800.0,0.0,1630.4,1630.4,1629.0,1629.0,1189750.0,0.0
NIFTY,26-DEC-2024,26000.0,27-11-2024 09:53:00,13.55,13.75,13.5,13.75,3337800.0,0.0,1629.0,1630.0,1610.0,1610.0,1189750.0,225.0
NIFTY,26-DEC-2024,26000.0,27-11-2024 09:54:00,13.8,13.8,13.7,13.8,3337800.0,0.0,1610.0,1610.0,1610.0,1610.0,1189750.0,0.0
NIFTY,26-DEC-2024,26000.0,27-11-2024 09:55:00,13.8,13.9,13.4,13.5,3343425.0,102650.0,1618.0,1621.75,1610.1,1620.0,1189825.0,200.0
NIFTY,26-DEC-2024,26000.0,27-11-2024 09:56:00,13.55,13.55,13.2,13.3,3343425.0,0.0,1620.0,1625.0,1618.7,1623.65,1189825.0,150.0
NIFTY,26-DEC-2024,26000.0,27-11-2024 09:57:00,13.4,13.5,13.3,13.5,3343425.0,22450.0,1623.65,1630.5,1623.65,1630.5,1189825.0,75.0
NIFTY,26-DEC-2024,26000.0,27-11-2024 09:58:00,13.25,13.4,13.2,13.4,3345550.0,11475.0,1630.5,1640.2,1630.5,1640.2,1190050.0,100.0
NIFTY,26-DEC-2024,26000.0,27-11-2024 09:59:00,13.3,13.3,13.05,13.05,3345550.0,7000.0,1640.2,1640.2,1640.2,1640.2,1190050.0,0.0
NIFTY,26-DEC-2024,26000.0,27-11-2024 10:00:00,13.2,13.2,13.0,13.05,3345550.0,0.0,1640.2,1640.2,1640.2,1640.2,1190050.0,0.0
NIFTY,26-DEC-2024,26000.0,27-11-2024 10:01:00,13.1,13.25,13.1,13.2,3346650.0,12750.0,1640.2,1650.0,1640.2,1650.0,1190100.0,0.0
NIFTY,26-DEC-2024,26000.0,27-11-2024 10:02:00,13.3,13.7,13.3,13.6,3346650.0,0.0,1650.0,1650.0,1646.45,1646.45,1190100.0,250.0
NIFTY,26-DEC-2024,26000.0,27-11-2024 10:03:00,13.75,13.75,13.2,13.3,3346650.0,0.0,1646.5,1673.25,1646.2,1666.2,1190100.0,600.0
NIFTY,26-DEC-2024,26000.0,27-11-2024 10:04:00,,,,,,,1666.2,1666.2,1666.2,1666.2,1190100.0,0.0
NIFTY,26-DEC-2024,26000.0,27-11-2024 10:05:00,13.3,13.4,13.15,13.4,3347025.0,0.0,1661.4,1671.5,1661.4,1671.5,1190475.0,275.0
NIFTY,26-DEC-2024,26000.0,27-11-2024 10:06:00,13.4,13.4,13.25,13.3,3347025.0,0.0,1671.5,1671.5,1671.5,1671.5,1190475.0,0.0
NIFTY,26-DEC-2024,26000.0,27-11-2024 10:07:00,13.35,13.45,13.3,13.45,3347300.0,0.0,1671.5,1671.5,1661.25,1661.25,1190475.0,125.0
NIFTY,26-DEC-2024,26000.0,27-11-2024 10:08:00,13.35,13.75,13.35,13.65,3347300.0,0.0,1661.25,1661.25,1654.4,1654.4,1190700.0,300.0
NIFTY,26-DEC-2024,26000.0,27-11-2024 10:09:00,13.55,13.55,13.45,13.45,3347300.0,0.0,1654.4,1655.0,1653.0,1655.0,1190700.0,75.0
NIFTY,26-DEC-2024,26000.0,27-11-2024 10:10:00,13.5,13.6,13.5,13.5,3347475.0,0.0,1655.0,1660.0,1655.0,1660.0,1191000.0,25.0
NIFTY,26-DEC-2024,26000.0,27-11-2024 10:11:00,13.6,13.65,13.55,13.65,3347475.0,0.0,1650.0,1657.7,1650.0,1655.45,1191000.0,700.0
NIFTY,26-DEC-2024,26000.0,27-11-2024 10:12:00,13.6,13.7,13.55,13.7,3347475.0,0.0,1655.55,1655.55,1647.3,1655.0,1191000.0,475.0
NIFTY,26-DEC-2024,26000.0,27-11-2024 10:13:00,13.65,13.8,13.6,13.7,3347925.0,0.0,1641.7,1655.0,1641.7,1652.25,1192400.0,1025.0
NIFTY,26-DEC-2024,26000.0,27-11-2024 10:14:00,13.7,13.9,13.65,13.75,3347925.0,0.0,1656.05,1657.85,1642.75,1653.05,1192400.0,400.0
NIFTY,26-DEC-2024,26000.0,27-11-2024 10:15:00,13.9,13.9,13.55,13.65,3347925.0,0.0,1654.15,1659.4,1653.0,1653.0,1192400.0,375.0
NIFTY,26-DEC-2024,26000.0,27-11-2024 10:16:00,13.6,13.65,13.55,13.55,3348325.0,0.0,1659.0,1662.7,1652.2,1653.6,1192700.0,525.0
NIFTY,26-DEC-2024,26000.0,27-11-2024 10:17:00,13.6,13.65,13.4,13.5,3348325.0,0.0,1658.55,1663.55,1650.65,1659.8,1192700.0,300.0
NIFTY,26-DEC-2024,26000.0,27-11-2024 10:18:00,13.55,13.55,13.45,13.5,3348325.0,41125.0,1659.7,1662.35,1654.2,1659.85,1192700.0,650.0
NIFTY,26-DEC-2024,26000.0,27-11-2024 10:19:00,13.5,13.55,13.4,13.4,3348250.0,1475.0,1659.85,1659.85,1653.05,1658.9,1192950.0,325.0
NIFTY,26-DEC-2024,26000.0,27-11-2024 10:20:00,13.55,13.55,13.4,13.4,3348250.0,0.0,1658.85,1660.0,1655.1,1660.0,1192950.0,550.0
NIFTY,26-DEC-2024,26000.0,27-11-2024 10:21:00,13.5,13.5,13.3,13.4,3348250.0,800.0,1661.7,1668.65,1656.25,1668.65,1192950.0,275.0
NIFTY,26-DEC-2024,26000.0,27-11-2024 10:22:00,13.4,13.4,13.1,13.2,3349350.0,0.0,1667.75,1671.25,1667.75,1668.75,1193525.0,375.0
NIFTY,26-DEC-2024,26000.0,27-11-2024 10:23:00,13.3,13.3,13.15,13.2,3349350.0,6725.0,1667.8,1671.35,1662.65,1670.7,1193525.0,275.0
NIFTY,26-DEC-2024,26000.0,27-11-2024 10:24:00,13.3,13.3,13.2,13.2,3349350.0,0.0,1671.4,1672.75,1670.0,1672.75,1193525.0,225.0
NIFTY,26-DEC-2024,26000.0,27-11-2024 10:25:00,13.25,13.25,13.05,13.2,3349250.0,3125.0,1672.45,1682.2,1670.25,1673.6,1193550.0,350.0
NIFTY,26-DEC-2024,26000.0,27-11-2024 10:26:00,13.25,13.3,13.15,13.15,3349250.0,0.0,1672.3,1672.3,1669.95,1670.0,1193550.0,225.0
NIFTY,26-DEC-2024,26000.0,27-11-2024 10:27:00,13.25,13.3,13.05,13.1,3349250.0,7525.0,1670.0,1679.15,1670.0,1673.8,1193550.0,275.0
NIFTY,26-DEC-2024,26000.0,27-11-2024 10:28:00,13.05,13.35,13.05,13.25,3353625.0,0.0,1676.8,1678.65,1668.65,1668.65,1193800.0,375.0
NIFTY,26-DEC-2024,26000.0,27-11-2024 10:29:00,13.2,13.3,13.15,13.15,3353625.0,5175.0,1669.05,1674.95,1663.2,1674.6,1193800.0,450.0
NIFTY,26-DEC-2024,26000.0,27-11-2024 10:30:00,13.15,13.25,13.1,13.2,3353625.0,0.0,1675.7,1677.0,1668.8,1674.9,1193800.0,350.0
NIFTY,26-DEC-2024,26000.0,27-11-2024 10:31:00,13.2,13.25,13.05,13.05,3353225.0,5725.0,1674.9,1679.25,1674.9,1679.25,1194150.0,225.0
NIFTY,26-DEC-2024,26000.0,27-11-2024 10:32:00,13.05,13.15,13.05,13.05,3353225.0,1775.0,1679.95,1679.95,1678.05,1678.05,1194150.0,250.0
NIFTY,26-DEC-2024,26000.0,27-11-2024 10:33:00,13.2,13.35,13.1,13.35,3353225.0,0.0,1678.05,1678.05,1668.35,1669.05,1194150.0,1100.0
NIFTY,26-DEC-2024,26000.0,27-11-2024 10:34:00,13.3,13.3,13.05,13.05,3354400.0,0.0,1669.05,1675.15,1667.45,1674.9,1195050.0,250.0
NIFTY,26-DEC-2024,26000.0,27-11-2024 10:35:00,13.15,13.25,13.05,13.15,3354400.0,0.0,1675.7,1677.3,1664.35,1670.6,1195050.0,300.0
NIFTY,26-DEC-2024,26000.0,27-11-2024 10:36:00,13.25,13.25,13.15,13.15,3354400.0,0.0,1671.65,1674.95,1667.45,1673.85,1195050.0,300.0
NIFTY,26-DEC-2024,26000.0,27-11-2024 10:37:00,13.1,13.3,13.1,13.25,3355000.0,0.0,1672.8,1674.3,1668.25,1668.25,1195125.0,225.0
NIFTY,26-DEC-2024,26000.0,27-11-2024 10:38:00,13.25,13.3,13.2,13.2,3355000.0,0.0,1668.25,1669.85,1660.25,1664.9,1195125.0,275.0
NIFTY,26-DEC-2024,26000.0,27-11-2024 10:39:00,13.25,13.25,13.1,13.15,3355000.0,10375.0,1665.5,1668.9,1664.45,1667.3,1195125.0,275.0
NIFTY,26-DEC-2024,26000.0,27-11-2024 10:40:00,13.3,13.3,13.15,13.25,3355450.0,0.0,1667.2,1669.7,1667.1,1668.9,1195125.0,175.0
NIFTY,26-DEC-2024,26000.0,27-11-2024 10:41:00,13.25,13.3,13.2,13.25,3355450.0,1125.0,1668.9,1668.9,1660.25,1660.25,1195125.0,375.0
NIFTY,26-DEC-2024,26000.0,27-11-2024 10:42:00,13.3,13.5,13.25,13.45,3355450.0,0.0,1666.1,1666.1,1659.35,1662.2,1195125.0,450.0
NIFTY,26-DEC-2024,26000.0,27-11-2024 10:43:00,13.5,13.5,13.3,13.3,3325200.0,0.0,1662.6,1667.4,1660.0,1667.05,1195275.0,225.0
NIFTY,26-DEC-2024,26000.0,27-11-2024 10:44:00,13.45,13.55,13.35,13.5,3325200.0,0.0,1666.1,1666.1,1660.05,1664.9,1195275.0,300.0
NIFTY,26-DEC-2024,26000.0,27-11-2024 10:45:00,13.5,13.5,13.3,13.3,3325200.0,6575.0,1665.0,1666.8,1662.5,1662.5,1195275.0,250.0
NIFTY,26-DEC-2024,26000.0,27-11-2024 10:46:00,13.35,13.4,13.15,13.15,3325600.0,0.0,1667.6,1669.55,1665.55,1669.55,1195325.0,275.0
NIFTY,26-DEC-2024,26000.0,27-11-2024 10:47:00,13.25,13.3,13.1,13.15,3325600.0,0.0,1669.55,1674.35,1668.5,1673.6,1195325.0,225.0
NIFTY,26-DEC-2024,26000.0,27-11-2024 10:48:00,13.15,13.15,13.0,13.0,3325600.0,0.0,1672.25,1677.2,1672.25,1677.2,1195325.0,100.0
NIFTY,26-DEC-2024,26000.0,27-11-2024 10:49:00,13.0,13.1,12.95,13.1,3329450.0,0.0,1676.95,1680.55,1676.85,1680.55,1195350.0,325.0
NIFTY,26-DEC-2024,26000.0,27-11-2024 10:50:00,12.9,13.05,12.9,13.05,3329450.0,16725.0,1680.2,1684.85,1677.7,1683.9,1195350.0,300.0
NIFTY,26-DEC-2024,26000.0,27-11-2024 10:51:00,13.05,13.15,12.9,12.9,3329450.0,0.0,1683.95,1683.95,1680.85,1682.45,1195350.0,300.0
NIFTY,26-DEC-2024,26000.0,27-11-2024 10:52:00,12.9,13.15,12.9,13.15,3330075.0,0.0,1682.85,1683.9,1677.0,1682.25,1195500.0,275.0
NIFTY,26-DEC-2024,26000.0,27-11-2024 10:53:00,13.1,13.1,12.85,12.95,3330075.0,0.0,1683.05,1687.5,1679.4,1687.5,1195500.0,500.0
NIFTY,26-DEC-2024,26000.0,27-11-2024 10:54:00,13.05,13.2,12.9,13.1,3330075.0,19400.0,1687.1,1687.1,1676.4,1676.4,1195500.0,275.0
NIFTY,26-DEC-2024,26000.0,27-11-2024 10:55:00,13.2,13.3,13.1,13.2,3329750.0,0.0,1683.2,1683.2,1675.0,1677.6,1195675.0,275.0
NIFTY,26-DEC-2024,26000.0,27-11-2024 10:56:00,13.2,13.3,13.15,13.2,3329750.0,13050.0,1676.35,1676.35,1672.45,1672.45,1195675.0,225.0
NIFTY,26-DEC-2024,26000.0,27-11-2024 10:57:00,13.25,13.35,13.25,13.3,3329750.0,850.0,1672.35,1672.35,1670.0,1670.7,1195675.0,250.0
NIFTY,26-DEC-2024,26000.0,27-11-2024 10:58:00,13.35,13.45,13.2,13.3,3329650.0,4625.0,1669.9,1670.35,1664.95,1668.45,1195675.0,275.0
NIFTY,26-DEC-2024,26000.0,27-11-2024 10:59:00,13.3,13.35,13.2,13.35,3329650.0,6175.0,1668.0,1668.0,1661.35,1661.35,1195675.0,200.0
NIFTY,26-DEC-2024,26000.0,27-11-2024 11:00:00,13.25,13.35,13.2,13.2,3329650.0,2150.0,1662.9,1667.45,1660.95,1666.95,1195675.0,350.0
NIFTY,26-DEC-2024,26000.0,27-11-2024 11:01:00,13.3,13.35,13.25,13.25,3331325.0,450.0,1666.95,1666.95,1661.25,1666.05,1195800.0,275.0
NIFTY,26-DEC-2024,26000.0,27-11-2024 11:02:00,13.25,13.3,13.2,13.25,3331325.0,875.0,1666.65,1666.85,1661.8,1663.5,1195800.0,375.0
NIFTY,26-DEC-2024,26000.0,27-11-2024 11:03:00,13.35,13.35,13.25,13.25,3331325.0,425.0,1663.6,1663.6,1654.25,1657.8,1195800.0,300.0
NIFTY,26-DEC-2024,26000.0,27-11-2024 11:04:00,13.35,13.45,13.25,13.45,3331625.0,2400.0,1658.25,1658.25,1650.0,1651.45,1195775.0,225.0
NIFTY,26-DEC-2024,26000.0,27-11-2024 11:05:00,13.35,13.4,13.2,13.4,3331625.0,2050.0,1651.4,1655.9,1649.2,1651.25,1195775.0,325.0
NIFTY,26-DEC-2024,26000.0,27-11-2024 11:06:00,13.45,13.6,13.4,13.6,3331625.0,5200.0,1652.45,1652.55,1644.4,1644.4,1195775.0,275.0
NIFTY,26-DEC-2024,26000.0,27-11-2024 11:07:00,13.5,13.55,13.4,13.5,3336850.0,1425.0,1651.25,1654.35,1646.05,1654.35,1195875.0,350.0
NIFTY,26-DEC-2024,26000.0,27-11-2024 11:08:00,13.4,13.4,13.4,13.4,3336850.0,1350.0,1654.35,1654.7,1652.45,1652.45,1195875.0,225.0
NIFTY,26-DEC-2024,26000.0,27-11-2024 11:09:00,13.55,13.55,13.4,13.4,3336850.0,1650.0,1652.7,1654.05,1642.75,1651.05,1195875.0,325.0
NIFTY,26-DEC-2024,26000.0,27-11-2024 11:10:00,13.5,13.5,13.4,13.5,3338150.0,1650.0,1650.7,1652.95,1650.0,1652.95,1196125.0,225.0
NIFTY,26-DEC-2024,26000.0,27-11-2024 11:11:00,13.55,13.55,13.45,13.45,3338150.0,2100.0,1653.25,1656.2,1647.75,1655.1,1196125.0,375.0
NIFTY,26-DEC-2024,26000.0,27-11-2024 11:12:00,13.45,13.45,13.3,13.3,3338150.0,2000.0,1655.1,1661.2,1655.1,1661.2,1196125.0,300.0
NIFTY,26-DEC-2024,26000.0,27-11-2024 11:13:00,13.3,13.45,13.3,13.3,3340475.0,600.0,1661.2,1661.8,1659.75,1659.75,1196325.0,175.0
NIFTY,26-DEC-2024,26000.0,27-11-2024 11:14:00,13.35,13.35,13.15,13.15,3340475.0,1300.0,1659.75,1666.0,1657.3,1663.0,1196325.0,475.0
NIFTY,26-DEC-2024,26000.0,27-11-2024 11:15:00,13.2,13.25,13.15,13.2,3340475.0,0.0,1663.0,1668.55,1663.0,1668.55,1196325.0,175.0
NIFTY,26-DEC-2024,26000.0,27-11-2024 11:16:00,13.25,13.3,13.25,13.3,3342600.0,3425.0,1668.55,1668.55,1664.3,1665.0,1196700.0,225.0
NIFTY,26-DEC-2024,26000.0,27-11-2024 11:17:00,13.3,13.4,13.3,13.35,3342600.0,0.0,1664.2,1664.8,1659.75,1664.45,1196700.0,525.0
NIFTY,26-DEC-2024,26000.0,27-11-2024 11:18:00,13.35,13.45,13.3,13.35,3342600.0,1825.0,1664.4,1666.5,1659.95,1664.5,1196700.0,375.0
NIFTY,26-DEC-2024,26000.0,27-11-2024 11:19:00,13.45,13.5,13.35,13.4,3342675.0,0.0,1665.0,1665.25,1664.4,1664.5,1197275.0,275.0
NIFTY,26-DEC-2024,26000.0,27-11-2024 11:20:00,13.5,13.5,13.4,13.4,3342675.0,1150.0,1664.5,1664.5,1657.9,1663.0,1197275.0,400.0
NIFTY,26-DEC-2024,26000.0,27-11-2024 11:21:00,13.55,13.55,13.3,13.35,3342675.0,0.0,1660.0,1662.1,1660.0,1662.1,1197275.0,300.0
NIFTY,26-DEC-2024,26000.0,27-11-2024 11:22:00,13.4,13.5,13.35,13.35,3342750.0,0.0,1662.1,1663.15,1659.7,1659.7,1197575.0,225.0
NIFTY,26-DEC-2024,26000.0,27-11-2024 11:23:00,13.4,13.45,13.3,13.35,3342750.0,0.0,1659.7,1660.25,1652.75,1659.8,1197575.0,275.0
NIFTY,26-DEC-2024,26000.0,27-11-2024 11:24:00,13.45,13.5,13.35,13.5,3342750.0,3800.0,1659.8,1661.4,1659.35,1661.4,1197575.0,225.0
NIFTY,26-DEC-2024,26000.0,27-11-2024 11:25:00,13.45,13.45,13.3,13.3,3342975.0,0.0,1661.45,1667.15,1659.3,1661.7,1197925.0,825.0
NIFTY,26-DEC-2024,26000.0,27-11-2024 11:26:00,13.3,13.45,13.25,13.35,3342975.0,1375.0,1666.05,1666.4,1659.95,1664.95,1197925.0,925.0
NIFTY,26-DEC-2024,26000.0,27-11-2024 11:27:00,13.45,13.45,13.3,13.3,3342975.0,1525.0,1664.95,1669.8,1664.95,1665.35,1197925.0,200.0
NIFTY,26-DEC-2024,26000.0,27-11-2024 11:28:00,13.4,13.45,13.2,13.4,3343600.0,500.0,1666.6,1670.2,1666.0,1666.0,1199200.0,250.0
NIFTY,26-DEC-2024,26000.0,27-11-2024 11:29:00,13.5,13.5,13.4,13.4,3343600.0,1300.0,1664.6,1664.6,1653.0,1659.05,1199200.0,900.0
NIFTY,26-DEC-2024,26000.0,27-11-2024 11:30:00,13.4,13.55,13.4,13.5,3343600.0,0.0,1659.05,1659.05,1649.6,1657.4,1199200.0,300.0
NIFTY,26-DEC-2024,26000.0,27-11-2024 11:31:00,13.5,13.55,13.4,13.4,3343550.0,2475.0,1657.4,1657.7,1652.0,1654.6,1200000.0,275.0
NIFTY,26-DEC-2024,26000.0,27-11-2024 11:32:00,13.5,13.55,13.4,13.45,3343550.0,1650.0,1654.6,1654.6,1645.1,1648.0,1200000.0,400.0
NIFTY,26-DEC-2024,26000.0,27-11-2024 11:33:00,13.4,13.55,13.4,13.45,3343550.0,275.0,1648.0,1651.3,1648.0,1651.3,1200000.0,375.0
NIFTY,26-DEC-2024,26000.0,27-11-2024 11:34:00,13.45,13.45,13.35,13.35,3344225.0,1450.0,1651.35,1657.35,1646.5,1657.35,1200550.0,375.0
NIFTY,26-DEC-2024,26000.0,27-11-2024 11:35:00,13.35,13.4,13.35,13.35,3344225.0,1025.0,1655.8,1655.8,1649.6,1649.6,1200550.0,250.0
NIFTY,26-DEC-2024,26000.0,27-11-2024 11:36:00,13.45,13.45,13.3,13.3,3344225.0,475.0,1650.15,1650.5,1644.05,1649.95,1200550.0,850.0
NIFTY,26-DEC-2024,26000.0,27-11-2024 11:37:00,13.35,13.45,13.3,13.35,3344275.0,0.0,1650.0,1650.0,1646.8,1650.0,1201525.0,400.0
NIFTY,26-DEC-2024,26000.0,27-11-2024 11:38:00,13.35,13.6,13.35,13.6,3344275.0,3350.0,1650.0,1650.0,1643.2,1646.95,1201525.0,475.0
NIFTY,26-DEC-2024,26000.0,27-11-2024 11:39:00,13.6,13.6,13.5,13.6,3344275.0,925.0,1646.95,1647.85,1645.9,1647.45,1201525.0,250.0
NIFTY,26-DEC-2024,26000.0,27-11-2024 11:40:00,13.6,13.65,13.4,13.5,3343550.0,4300.0,1646.35,1650.0,1641.65,1650.0,1201925.0,275.0
NIFTY,26-DEC-2024,26000.0,27-11-2024 11:41:00,13.5,13.6,13.5,13.5,3343550.0,450.0,1649.65,1649.95,1648.15,1649.95,1201925.0,225.0
NIFTY,26-DEC-2024,26000.0,27-11-2024 11:42:00,13.5,13.5,13.45,13.5,3343550.0,0.0,1649.9,1651.95,1649.4,1649.8,1201925.0,275.0
NIFTY,26-DEC-2024,26000.0,27-11-2024 11:43:00,13.5,13.75,13.5,13.65,3342500.0,1475.0,1650.35,1650.35,1646.3,1646.3,1202150.0,225.0
NIFTY,26-DEC-2024,26000.0,27-11-2024 11:44:00,13.65,13.75,13.65,13.7,3342500.0,2025.0,1646.3,1649.9,1644.95,1649.9,1202150.0,200.0
NIFTY,26-DEC-2024,26000.0,27-11-2024 11:45:00,13.75,13.75,13.5,13.5,3342500.0,0.0,1649.9,1650.0,1648.9,1650.0,1202150.0,400.0
NIFTY,26-DEC-2024,26000.0,27-11-2024 11:46:00,13.4,13.5,13.35,13.4,3339725.0,8875.0,1650.0,1661.55,1650.0,1658.0,1202950.0,625.0
NIFTY,26-DEC-2024,26000.0,27-11-2024 11:47:00,13.35,13.4,13.3,13.35,3339725.0,0.0,1656.0,1662.5,1656.0,1661.6,1202950.0,275.0
NIFTY,26-DEC-2024,26000.0,27-11-2024 11:48:00,13.3,13.35,13.1,13.3,3339725.0,3325.0,1659.9,1667.2,1659.9,1667.2,1202950.0,500.0
NIFTY,26-DEC-2024,26000.0,27-11-2024 11:49:00,13.25,13.3,13.15,13.3,3336975.0,0.0,1667.2,1667.2,1660.1,1660.1,1203300.0,100.0
NIFTY,26-DEC-2024,26000.0,27-11-2024 11:50:00,13.35,13.35,13.25,13.3,3336975.0,0.0,1663.0,1663.0,1663.0,1663.0,1203300.0,300.0
NIFTY,26-DEC-2024,26000.0,27-11-2024 11:51:00,13.25,13.3,13.2,13.3,3336975.0,0.0,1663.0,1663.0,1660.0,1660.0,1203300.0,75.0
NIFTY,26-DEC-2024,26000.0,27-11-2024 11:52:00,13.15,13.15,13.0,13.15,3337200.0,6950.0,1660.0,1666.0,1660.0,1666.0,1203300.0,175.0
NIFTY,26-DEC-2024,26000.0,27-11-2024 11:53:00,13.15,13.2,13.0,13.2,3337200.0,1350.0,1666.0,1671.0,1666.0,1671.0,1203475.0,575.0
NIFTY,26-DEC-2024,26000.0,27-11-2024 11:54:00,13.0,13.15,12.9,12.9,3337200.0,0.0,1671.0,1671.0,1669.0,1669.0,1203475.0,25.0
NIFTY,26-DEC-2024,26000.0,27-11-2024 11:55:00,13.0,13.0,13.0,13.0,3339075.0,6750.0,1669.0,1671.25,1669.0,1671.25,1203475.0,25.0
NIFTY,26-DEC-2024,26000.0,27-11-2024 11:56:00,13.0,13.05,12.95,13.05,3339075.0,1300.0,1671.25,1671.25,1665.15,1665.15,1203600.0,125.0
NIFTY,26-DEC-2024,26000.0,27-11-2024 11:57:00,12.95,13.05,12.85,12.9,3339075.0,0.0,1665.0,1669.0,1663.0,1669.0,1203600.0,600.0
NIFTY,26-DEC-2024,26000.0,27-11-2024 11:58:00,12.9,13.0,12.85,13.0,3339250.0,2800.0,1669.0,1669.0,1666.0,1666.85,1204375.0,150.0
NIFTY,26-DEC-2024,26000.0,27-11-2024 11:59:00,13.0,13.15,12.9,13.15,3339250.0,0.0,1666.85,1666.85,1655.0,1655.0,1204375.0,400.0
NIFTY,26-DEC-2024,26000.0,27-11-2024 12:00:00,13.15,13.55,13.0,13.55,3339250.0,0.0,1655.0,1655.0,1617.05,1617.05,1204375.0,700.0
NIFTY,26-DEC-2024,26000.0,27-11-2024 12:01:00,13.35,13.6,13.25,13.5,3333250.0,0.0,1617.05,1617.05,1617.05,1617.05,1204375.0,0.0
NIFTY,26-DEC-2024,26000.0,27-11-2024 12:02:00,13.4,13.45,13.2,13.2,3333250.0,25425.0,1617.05,1627.0,1617.05,1627.0,1204825.0,75.0
NIFTY,26-DEC-2024,26000.0,27-11-2024 12:03:00,13.2,13.2,12.65,12.7,3333250.0,1675.0,1627.0,1649.9,1627.0,1649.9,1204825.0,75.0
NIFTY,26-DEC-2024,26000.0,27-11-2024 12:04:00,12.65,12.65,12.5,12.55,3334275.0,2450.0,1649.9,1662.3,1649.9,1662.3,1204950.0,25.0
NIFTY,26-DEC-2024,26000.0,27-11-2024 12:05:00,12.6,12.6,12.6,12.6,3334275.0,1425.0,1662.3,1662.3,1662.3,1662.3,1204950.0,0.0
NIFTY,26-DEC-2024,26000.0,27-11-2024 12:06:00,12.7,12.75,12.35,12.6,3334275.0,1675.0,1662.3,1665.5,1660.7,1665.5,1204950.0,50.0
NIFTY,26-DEC-2024,26000.0,27-11-2024 12:07:00,12.6,12.6,12.6,12.6,3334275.0,10050.0,1665.5,1665.5,1665.5,1665.5,1204950.0,0.0
NIFTY,26-DEC-2024,26000.0,27-11-2024 12:08:00,12.7,12.7,12.6,12.7,3341525.0,775.0,1665.5,1665.5,1660.0,1660.0,1204975.0,25.0
NIFTY,26-DEC-2024,26000.0,27-11-2024 12:09:00,12.7,13.05,12.7,12.9,3341525.0,0.0,1660.0,1660.0,1642.0,1642.2,1204975.0,500.0
NIFTY,26-DEC-2024,26000.0,27-11-2024 12:10:00,12.85,13.1,12.85,13.1,3339600.0,11700.0,1642.2,1642.85,1635.6,1636.3,1205550.0,550.0
NIFTY,26-DEC-2024,26000.0,27-11-2024 12:11:00,13.15,13.15,13.0,13.15,3339600.0,1500.0,1636.3,1636.3,1636.3,1636.3,1205550.0,0.0
NIFTY,26-DEC-2024,26000.0,27-11-2024 12:12:00,13.2,13.2,13.05,13.05,3339600.0,0.0,1636.3,1640.0,1636.3,1640.0,1205550.0,0.0
NIFTY,26-DEC-2024,26000.0,27-11-2024 12:13:00,13.05,13.1,12.9,13.05,3344100.0,0.0,1640.0,1642.35,1640.0,1642.35,1205600.0,225.0
NIFTY,26-DEC-2024,26000.0,27-11-2024 12:14:00,12.9,13.05,12.9,13.05,3344100.0,7800.0,1642.35,1642.35,1640.0,1641.05,1205600.0,125.0
NIFTY,26-DEC-2024,26000.0,27-11-2024 12:15:00,13.05,13.55,13.05,13.5,3344100.0,125.0,1641.05,1641.05,1636.0,1636.0,1205600.0,50.0
NIFTY,26-DEC-2024,26000.0,27-11-2024 12:16:00,13.45,13.5,13.35,13.45,3344275.0,0.0,1636.0,1636.0,1631.2,1631.3,1205900.0,150.0
NIFTY,26-DEC-2024,26000.0,27-11-2024 12:17:00,13.35,13.4,13.25,13.25,3344275.0,5200.0,1631.3,1631.3,1628.0,1628.0,1205900.0,175.0
NIFTY,26-DEC-2024,26000.0,27-11-2024 12:18:00,13.2,13.45,13.2,13.4,3344275.0,3600.0,1628.0,1631.5,1620.0,1620.0,1205900.0,5275.0
NIFTY,26-DEC-2024,26000.0,27-11-2024 12:19:00,13.4,13.45,13.3,13.45,3345475.0,0.0,1620.0,1620.0,1613.9,1613.9,1211450.0,200.0
NIFTY,26-DEC-2024,26000.0,27-11-2024 12:20:00,13.45,13.85,13.35,13.85,3345475.0,6650.0,1622.0,1622.0,1593.6,1593.6,1211450.0,6525.0
NIFTY,26-DEC-2024,26000.0,27-11-2024 12:21:00,13.9,14.0,13.65,13.95,3345475.0,0.0,1593.55,1600.35,1580.0,1580.3,1211450.0,425.0
NIFTY,26-DEC-2024,26000.0,27-11-2024 12:22:00,13.75,14.25,13.75,14.0,3345575.0,0.0,1580.3,1580.3,1570.0,1570.0,1221875.0,7225.0
NIFTY,26-DEC-2024,26000.0,27-11-2024 12:23:00,13.95,14.1,13.8,14.1,3345575.0,0.0,1570.0,1580.0,1570.0,1571.4,1221875.0,575.0
NIFTY,26-DEC-2024,26000.0,27-11-2024 12:24:00,14.15,14.25,14.05,14.05,3345575.0,32125.0,1571.4,1583.55,1571.4,1583.55,1221875.0,1775.0
NIFTY,26-DEC-2024,26000.0,27-11-2024 12:25:00,14.15,14.15,13.95,13.95,3347850.0,3625.0,1584.8,1584.8,1580.6,1580.6,1221875.0,100.0
NIFTY,26-DEC-2024,26000.0,27-11-2024 12:26:00,13.95,14.05,13.75,13.75,3347850.0,3800.0,1580.6,1580.6,1580.6,1580.6,1221875.0,0.0
NIFTY,26-DEC-2024,26000.0,27-11-2024 12:27:00,13.9,13.9,13.7,13.7,3347850.0,0.0,1585.9,1594.8,1584.4,1594.8,1222750.0,300.0
NIFTY,26-DEC-2024,26000.0,27-11-2024 12:28:00,13.7,14.0,13.7,14.0,3347475.0,3900.0,1593.75,1593.75,1587.5,1588.55,1222875.0,275.0
NIFTY,26-DEC-2024,26000.0,27-11-2024 12:29:00,13.85,14.35,13.85,14.35,3347475.0,5125.0,1588.55,1597.7,1588.55,1597.7,1222875.0,25.0
NIFTY,26-DEC-2024,26000.0,27-11-2024 12:30:00,14.4,14.7,14.4,14.7,3347475.0,9150.0,1583.3,1583.3,1582.0,1582.55,1222875.0,125.0
NIFTY,26-DEC-2024,26000.0,27-11-2024 12:31:00,14.7,14.7,14.45,14.6,3345550.0,6250.0,1579.0,1579.0,1570.05,1570.05,1222925.0,225.0
NIFTY,26-DEC-2024,26000.0,27-11-2024 12:32:00,14.55,14.6,14.3,14.6,3345550.0,8000.0,1572.0,1572.0,1571.0,1571.65,1222925.0,0.0
NIFTY,26-DEC-2024,26000.0,27-11-2024 12:33:00,14.5,15.0,14.5,14.9,3345550.0,0.0,1569.8,1569.8,1536.95,1536.95,1222925.0,9800.0
NIFTY,26-DEC-2024,26000.0,27-11-2024 12:34:00,14.95,15.0,14.8,14.95,3346925.0,0.0,1537.35,1542.15,1534.0,1541.1,1231700.0,325.0
NIFTY,26-DEC-2024,26000.0,27-11-2024 12:35:00,15.0,15.0,14.7,14.8,3346925.0,0.0,1541.1,1541.1,1535.0,1540.95,1231700.0,275.0
NIFTY,26-DEC-2024,26000.0,27-11-2024 12:36:00,14.75,15.1,14.75,14.9,3346925.0,0.0,1540.95,1546.4,1538.75,1546.4,1231700.0,300.0
NIFTY,26-DEC-2024,26000.0,27-11-2024 12:37:00,14.75,14.95,14.75,14.9,3347250.0,0.0,1546.4,1546.4,1546.4,1546.4,1231700.0,0.0
NIFTY,26-DEC-2024,26000.0,27-11-2024 12:38:00,15.1,15.15,15.0,15.1,3347250.0,48575.0,1546.4,1546.4,1546.4,1546.4,1231700.0,0.0
NIFTY,26-DEC-2024,26000.0,27-11-2024 12:39:00,15.3,15.4,15.25,15.3,3347250.0,1750.0,1540.0,1540.0,1531.05,1531.05,1232025.0,700.0
NIFTY,26-DEC-2024,26000.0,27-11-2024 12:40:00,15.2,15.35,15.2,15.35,3350625.0,3300.0,1531.05,1536.45,1530.0,1536.45,1233050.0,1650.0
NIFTY,26-DEC-2024,26000.0,27-11-2024 12:41:00,15.35,15.6,15.35,15.6,3350625.0,0.0,1536.45,1536.45,1524.65,1530.0,1233050.0,200.0
NIFTY,26-DEC-2024,26000.0,27-11-2024 12:42:00,15.6,15.6,15.5,15.55,3350625.0,0.0,1530.0,1530.0,1530.0,1530.0,1233050.0,75.0
NIFTY,26-DEC-2024,26000.0,27-11-2024 12:43:00,15.55,15.6,15.5,15.5,3348225.0,5625.0,1530.0,1543.8,1530.0,1542.1,1233250.0,425.0
NIFTY,26-DEC-2024,26000.0,27-11-2024 12:44:00,15.55,15.6,15.4,15.4,3348225.0,0.0,1542.1,1542.1,1535.0,1535.0,1233250.0,225.0
NIFTY,26-DEC-2024,26000.0,27-11-2024 12:45:00,15.5,15.6,15.35,15.35,3348225.0,6275.0,1535.0,1535.35,1533.35,1535.35,1233250.0,500.0
NIFTY,26-DEC-2024,26000.0,27-11-2024 12:46:00,15.3,15.45,15.3,15.45,3352575.0,3225.0,1537.6,1545.0,1537.1,1544.85,1233900.0,625.0
NIFTY,26-DEC-2024,26000.0,27-11-2024 12:47:00,15.4,15.4,15.2,15.25,3352575.0,5575.0,1544.85,1548.8,1543.5,1543.5,1233900.0,250.0
NIFTY,26-DEC-2024,26000.0,27-11-2024 12:48:00,15.4,15.6,15.35,15.5,3352575.0,1900.0,1543.5,1543.5,1535.75,1538.5,1233900.0,975.0
NIFTY,26-DEC-2024,26000.0,27-11-2024 12:49:00,15.5,15.85,15.5,15.85,3353525.0,2225.0,1538.5,1538.5,1529.5,1529.5,1233900.0,125.0
NIFTY,26-DEC-2024,26000.0,27-11-2024 12:50:00,15.85,15.9,15.7,15.75,3353525.0,3000.0,1529.5,1529.5,1518.8,1518.8,1234575.0,425.0
NIFTY,26-DEC-2024,26000.0,27-11-2024 12:51:00,15.75,15.8,15.4,15.5,3353525.0,2700.0,1518.8,1534.85,1518.8,1534.85,1234575.0,250.0
NIFTY,26-DEC-2024,26000.0,27-11-2024 12:52:00,15.55,15.55,15.3,15.3,3353750.0,1575.0,1534.85,1534.85,1534.85,1534.85,1234575.0,0.0
NIFTY,26-DEC-2024,26000.0,27-11-2024 12:53:00,15.45,15.45,15.3,15.3,3353750.0,475.0,1534.85,1535.0,1534.85,1535.0,1234950.0,25.0
NIFTY,26-DEC-2024,26000.0,27-11-2024 12:54:00,15.3,15.4,15.3,15.3,3353750.0,3350.0,1535.0,1535.0,1535.0,1535.0,1234950.0,50.0
NIFTY,26-DEC-2024,26000.0,27-11-2024 12:55:00,15.3,15.3,15.25,15.25,3355175.0,800.0,1535.0,1538.7,1535.0,1537.05,1234975.0,50.0
NIFTY,26-DEC-2024,26000.0,27-11-2024 12:56:00,15.25,15.4,15.15,15.4,3355175.0,950.0,1537.05,1545.5,1534.85,1534.85,1234975.0,350.0
NIFTY,26-DEC-2024,26000.0,27-11-2024 12:57:00,15.45,15.45,15.35,15.35,3355175.0,3075.0,1534.85,1534.85,1533.0,1533.0,1234975.0,50.0
NIFTY,26-DEC-2024,26000.0,27-11-2024 12:58:00,15.3,15.4,15.25,15.35,3355700.0,3300.0,1533.0,1533.0,1526.75,1526.95,1234750.0,1325.0
NIFTY,26-DEC-2024,26000.0,27-11-2024 12:59:00,15.35,15.35,15.2,15.3,3355700.0,0.0,1526.95,1532.8,1526.95,1529.8,1234750.0,2725.0
NIFTY,26-DEC-2024,26000.0,27-11-2024 13:00:00,15.3,15.5,15.2,15.45,3355700.0,3450.0,1529.8,1529.8,1522.8,1525.85,1234750.0,375.0
NIFTY,26-DEC-2024,26000.0,27-11-2024 13:01:00,15.5,15.6,15.2,15.2,3357400.0,3775.0,1520.0,1521.85,1510.65,1520.0,1234750.0,2150.0
NIFTY,26-DEC-2024,26000.0,27-11-2024 13:02:00,15.15,15.15,14.95,15.05,3357400.0,26300.0,1522.0,1522.0,1514.95,1518.8,1232700.0,150.0
NIFTY,26-DEC-2024,26000.0,27-11-2024 13:03:00,15.05,15.15,14.95,14.95,3357400.0,6300.0,1518.8,1530.7,1518.8,1530.0,1232700.0,1675.0
NIFTY,26-DEC-2024,26000.0,27-11-2024 13:04:00,15.0,15.0,14.85,15.0,3336925.0,5525.0,1530.0,1535.0,1530.0,1535.0,1233850.0,825.0
NIFTY,26-DEC-2024,26000.0,27-11-2024 13:05:00,14.95,15.0,14.8,14.8,3336925.0,3025.0,1535.0,1535.0,1530.95,1530.95,1233850.0,1650.0
NIFTY,26-DEC-2024,26000.0,27-11-2024 13:06:00,14.8,15.0,14.75,14.9,3336925.0,3775.0,1529.1,1536.0,1523.05,1523.05,1233850.0,575.0
NIFTY,26-DEC-2024,26000.0,27-11-2024 13:07:00,14.9,15.1,14.9,14.9,3339050.0,1375.0,1528.8,1528.8,1520.0,1523.0,1234575.0,525.0
NIFTY,26-DEC-2024,26000.0,27-11-2024 13:08:00,15.0,15.0,14.8,14.8,3339050.0,550.0,1523.0,1523.0,1520.0,1521.0,1234575.0,600.0
NIFTY,26-DEC-2024,26000.0,27-11-2024 13:09:00,14.8,15.0,14.8,15.0,3339050.0,5775.0,1521.0,1521.0,1515.0,1518.0,1234575.0,1575.0
NIFTY,26-DEC-2024,26000.0,27-11-2024 13:10:00,15.0,15.25,14.9,15.2,3339875.0,8700.0,1518.0,1518.0,1510.0,1510.0,1237350.0,1425.0
NIFTY,26-DEC-2024,26000.0,27-11-2024 13:11:00,15.25,15.35,15.1,15.15,3339875.0,2475.0,1510.0,1510.0,1507.5,1510.0,1237350.0,725.0
NIFTY,26-DEC-2024,26000.0,27-11-2024 13:12:00,15.15,15.15,14.8,14.85,3339875.0,7100.0,1510.0,1520.75,1510.0,1518.0,1237350.0,1300.0
NIFTY,26-DEC-2024,26000.0,27-11-2024 13:13:00,15.0,15.0,14.8,14.95,3345550.0,0.0,1518.0,1522.85,1514.45,1522.85,1237350.0,425.0
NIFTY,26-DEC-2024,26000.0,27-11-2024 13:14:00,15.0,15.35,15.0,15.2,3345550.0,22725.0,1522.85,1522.85,1510.0,1510.0,1240100.0,275.0
NIFTY,26-DEC-2024,26000.0,27-11-2024 13:15:00,15.3,15.35,15.25,15.35,3345550.0,0.0,1510.0,1512.5,1506.1,1512.5,1240100.0,225.0
NIFTY,26-DEC-2024,26000.0,27-11-2024 13:16:00,15.45,15.65,15.45,15.65,3348425.0,7325.0,1512.5,1512.5,1508.0,1508.0,1240650.0,100.0
NIFTY,26-DEC-2024,26000.0,27-11-2024 13:17:00,15.7,15.8,15.55,15.6,3348425.0,3425.0,1508.0,1510.1,1502.55,1510.1,1240650.0,175.0
NIFTY,26-DEC-2024,26000.0,27-11-2024 13:18:00,15.65,15.65,15.6,15.6,3348425.0,0.0,1510.1,1510.1,1510.1,1510.1,1240650.0,0.0
NIFTY,26-DEC-2024,26000.0,27-11-2024 13:19:00,15.7,15.7,15.55,15.55,3350650.0,1900.0,1510.1,1511.75,1506.4,1509.0,1240700.0,200.0
NIFTY,26-DEC-2024,26000.0,27-11-2024 13:20:00,15.5,15.65,15.45,15.6,3350650.0,1875.0,1509.0,1510.0,1504.5,1504.5,1240700.0,225.0
NIFTY,26-DEC-2024,26000.0,27-11-2024 13:21:00,15.65,15.7,15.4,15.4,3350650.0,0.0,1504.5,1507.0,1504.5,1505.0,1240700.0,150.0
NIFTY,26-DEC-2024,26000.0,27-11-2024 13:22:00,15.4,15.55,15.25,15.45,3351500.0,0.0,1505.0,1518.3,1505.0,1515.05,1241100.0,800.0
NIFTY,26-DEC-2024,26000.0,27-11-2024 13:23:00,15.3,15.4,15.3,15.4,3351500.0,5350.0,1515.05,1515.2,1512.45,1512.45,1241100.0,450.0
NIFTY,26-DEC-2024,26000.0,27-11-2024 13:24:00,15.3,15.3,15.2,15.2,3351500.0,475.0,1512.45,1515.2,1512.45,1515.2,1241100.0,150.0
NIFTY,26-DEC-2024,26000.0,27-11-2024 13:25:00,15.25,15.35,15.15,15.3,3351175.0,3500.0,1515.2,1515.2,1510.0,1511.35,1241150.0,150.0
NIFTY,26-DEC-2024,26000.0,27-11-2024 13:26:00,15.3,15.55,15.3,15.55,3351175.0,5100.0,1511.35,1511.35,1500.2,1500.2,1241150.0,500.0
NIFTY,26-DEC-2024,26000.0,27-11-2024 13:27:00,15.5,15.6,15.35,15.35,3351175.0,0.0,1500.45,1509.85,1500.45,1509.85,1241150.0,575.0
NIFTY,26-DEC-2024,26000.0,27-11-2024 13:28:00,15.35,15.35,15.2,15.25,3351800.0,9750.0,1509.85,1509.85,1506.0,1506.25,1241200.0,250.0
NIFTY,26-DEC-2024,26000.0,27-11-2024 13:29:00,15.25,15.25,15.15,15.15,3351800.0,3350.0,1506.0,1515.0,1506.0,1515.0,1241200.0,475.0
NIFTY,26-DEC-2024,26000.0,27-11-2024 13:30:00,15.1,15.1,14.9,14.95,3351800.0,0.0,1515.0,1528.8,1515.0,1528.8,1241200.0,775.0
NIFTY,26-DEC-2024,26000.0,27-11-2024 13:31:00,14.9,15.15,14.9,15.05,3355700.0,8750.0,1528.8,1535.4,1528.8,1533.75,1242175.0,200.0
NIFTY,26-DEC-2024,26000.0,27-11-2024 13:32:00,14.95,15.1,14.85,15.1,3355700.0,6450.0,1533.75,1533.75,1525.0,1525.0,1242175.0,50.0
NIFTY,26-DEC-2024,26000.0,27-11-2024 13:33:00,15.05,15.3,14.95,15.15,3355700.0,4500.0,1525.0,1525.7,1522.0,1525.7,1242175.0,1250.0
NIFTY,26-DEC-2024,26000.0,27-11-2024 13:34:00,15.05,15.2,14.8,14.8,3362350.0,9625.0,1525.7,1535.0,1525.0,1532.35,1245650.0,3500.0
NIFTY,26-DEC-2024,26000.0,27-11-2024 13:35:00,14.85,15.0,14.75,14.95,3362350.0,0.0,1532.35,1532.35,1525.35,1525.35,1245650.0,2225.0
NIFTY,26-DEC-2024,26000.0,27-11-2024 13:36:00,15.0,15.4,15.0,15.3,3362350.0,0.0,1527.0,1527.0,1517.0,1519.5,1245650.0,350.0
NIFTY,26-DEC-2024,26000.0,27-11-2024 13:37:00,15.35,15.7,15.35,15.55,3364600.0,31800.0,1519.5,1519.5,1511.6,1511.6,1245650.0,25.0
NIFTY,26-DEC-2024,26000.0,27-11-2024 13:38:00,15.45,15.7,15.45,15.7,3364600.0,0.0,1511.6,1511.6,1506.0,1506.0,1249250.0,350.0
NIFTY,26-DEC-2024,26000.0,27-11-2024 13:39:00,15.6,15.75,15.5,15.75,3364600.0,9725.0,1506.0,1508.0,1506.0,1508.0,1249250.0,1025.0
NIFTY,26-DEC-2024,26000.0,27-11-2024 13:40:00,15.6,15.85,15.5,15.8,3364600.0,0.0,1508.0,1510.0,1506.0,1506.3,1249275.0,425.0
NIFTY,26-DEC-2024,26000.0,27-11-2024 13:41:00,15.75,15.95,15.7,15.95,3364600.0,0.0,1506.3,1510.85,1506.3,1510.85,1249275.0,275.0
NIFTY,26-DEC-2024,26000.0,27-11-2024 13:42:00,15.95,16.25,15.9,16.2,3364600.0,0.0,1513.95,1513.95,1509.0,1510.2,1249275.0,1050.0
NIFTY,26-DEC-2024,26000.0,27-11-2024 13:43:00,16.2,16.6,16.15,16.45,3362675.0,80275.0,1510.2,1510.2,1493.6,1498.8,1248700.0,1450.0
NIFTY,26-DEC-2024,26000.0,27-11-2024 13:44:00,16.45,16.7,16.45,16.45,3362675.0,0.0,1498.8,1500.0,1498.8,1500.0,1248700.0,475.0
NIFTY,26-DEC-2024,26000.0,27-11-2024 13:45:00,16.55,16.75,16.45,16.55,3362675.0,0.0,1500.0,1503.95,1500.0,1502.35,1248700.0,150.0
NIFTY,26-DEC-2024,26000.0,27-11-2024 13:46:00,16.65,16.65,16.5,16.55,3365525.0,0.0,1502.35,1502.35,1500.0,1501.8,1248700.0,200.0
NIFTY,26-DEC-2024,26000.0,27-11-2024 13:47:00,16.5,16.5,16.4,16.45,3365525.0,36400.0,1501.8,1501.8,1500.0,1500.0,1249150.0,75.0
NIFTY,26-DEC-2024,26000.0,27-11-2024 13:48:00,16.3,16.5,16.25,16.25,3365525.0,10775.0,1500.0,1500.0,1500.0,1500.0,1249150.0,0.0
NIFTY,26-DEC-2024,26000.0,27-11-2024 13:49:00,16.2,16.25,16.15,16.15,3379050.0,3650.0,1500.0,1500.0,1495.0,1495.0,1249150.0,225.0
NIFTY,26-DEC-2024,26000.0,27-11-2024 13:50:00,16.1,16.45,16.1,16.45,3379050.0,0.0,1495.0,1495.0,1490.0,1490.0,1249450.0,225.0
NIFTY,26-DEC-2024,26000.0,27-11-2024 13:51:00,16.45,16.75,16.45,16.7,3379050.0,16050.0,1490.0,1490.0,1477.0,1477.0,1249450.0,350.0
NIFTY,26-DEC-2024,26000.0,27-11-2024 13:52:00,16.7,16.9,16.65,16.75,3382825.0,0.0,1478.95,1489.0,1478.95,1484.55,1250475.0,1025.0
NIFTY,26-DEC-2024,26000.0,27-11-2024 13:53:00,16.8,16.85,16.45,16.45,3382825.0,71250.0,1487.95,1491.2,1484.25,1491.2,1250475.0,425.0
NIFTY,26-DEC-2024,26000.0,27-11-2024 13:54:00,16.4,16.55,16.35,16.35,3382825.0,18475.0,1491.2,1495.0,1490.3,1495.0,1250475.0,225.0
NIFTY,26-DEC-2024,26000.0,27-11-2024 13:55:00,16.55,16.55,16.35,16.35,3376525.0,0.0,1495.0,1500.05,1490.2,1500.05,1250475.0,125.0
NIFTY,26-DEC-2024,26000.0,27-11-2024 13:56:00,16.35,16.35,16.1,16.15,3376525.0,0.0,1500.05,1500.05,1491.0,1491.0,1251050.0,500.0
NIFTY,26-DEC-2024,26000.0,27-11-2024 13:57:00,16.15,16.2,15.5,15.6,3376525.0,0.0,1491.0,1518.45,1491.0,1511.9,1251050.0,2275.0
NIFTY,26-DEC-2024,26000.0,27-11-2024 13:58:00,15.5,15.55,15.25,15.3,3380300.0,0.0,1511.9,1525.45,1511.9,1525.45,1253325.0,325.0
NIFTY,26-DEC-2024,26000.0,27-11-2024 13:59:00,15.25,15.5,15.15,15.3,3380300.0,31625.0,1525.45,1525.45,1525.0,1525.0,1253325.0,25.0
NIFTY,26-DEC-2024,26000.0,27-11-2024 14:00:00,15.25,15.25,15.0,15.15,3380300.0,0.0,1525.0,1525.0,1519.15,1519.85,1253325.0,100.0
NIFTY,26-DEC-2024,26000.0,27-11-2024 14:01:00,15.0,15.15,14.8,15.15,3387300.0,20225.0,1519.2,1532.85,1519.2,1532.85,1253425.0,250.0
NIFTY,26-DEC-2024,26000.0,27-11-2024 14:02:00,15.05,15.25,15.05,15.15,3387300.0,0.0,1532.85,1532.85,1523.0,1523.0,1253425.0,350.0
NIFTY,26-DEC-2024,26000.0,27-11-2024 14:03:00,15.1,15.2,15.1,15.2,3387300.0,17825.0,1523.0,1523.0,1520.0,1520.0,1253425.0,1000.0
NIFTY,26-DEC-2024,26000.0,27-11-2024 14:04:00,14.95,15.25,14.85,15.2,3393500.0,5450.0,1520.0,1520.0,1520.0,1520.0,1253425.0,0.0
NIFTY,26-DEC-2024,26000.0,27-11-2024 14:05:00,15.3,15.45,15.3,15.4,3393500.0,0.0,1520.0,1520.0,1518.0,1518.0,1254425.0,75.0
NIFTY,26-DEC-2024,26000.0,27-11-2024 14:06:00,15.5,15.8,15.45,15.8,3393500.0,0.0,1518.0,1518.0,1510.0,1510.0,1254425.0,50.0
NIFTY,26-DEC-2024,26000.0,27-11-2024 14:07:00,15.7,15.75,15.55,15.75,3393500.0,0.0,1509.0,1510.0,1508.3,1510.0,1254425.0,1000.0
NIFTY,26-DEC-2024,26000.0,27-11-2024 14:08:00,15.6,15.7,15.5,15.65,3394950.0,0.0,1509.8,1509.8,1509.8,1509.8,1254425.0,25.0
NIFTY,26-DEC-2024,26000.0,27-11-2024 14:09:00,15.65,15.65,15.4,15.4,3394950.0,14750.0,1509.8,1509.8,1509.8,1509.8,1254425.0,0.0
NIFTY,26-DEC-2024,26000.0,27-11-2024 14:10:00,15.4,15.4,15.2,15.3,3395125.0,0.0,1509.8,1522.75,1509.8,1520.0,1255375.0,525.0
NIFTY,26-DEC-2024,26000.0,27-11-2024 14:11:00,15.3,15.3,14.85,14.95,3395125.0,7650.0,1525.7,1538.8,1525.7,1537.0,1255850.0,2225.0
NIFTY,26-DEC-2024,26000.0,27-11-2024 14:12:00,14.95,14.95,14.7,14.75,3395125.0,0.0,1543.15,1545.0,1541.0,1543.1,1255850.0,75.0
NIFTY,26-DEC-2024,26000.0,27-11-2024 14:13:00,14.9,14.95,14.85,14.85,3398800.0,0.0,1543.1,1543.1,1534.95,1540.0,1258525.0,1900.0
NIFTY,26-DEC-2024,26000.0,27-11-2024 14:14:00,14.85,14.85,14.75,14.75,3398800.0,8525.0,1540.0,1544.75,1540.0,1544.75,1258525.0,0.0
NIFTY,26-DEC-2024,26000.0,27-11-2024 14:15:00,14.9,14.9,14.75,14.8,3398800.0,1225.0,1544.75,1557.0,1544.75,1549.9,1258525.0,725.0
NIFTY,26-DEC-2024,26000.0,27-11-2024 14:16:00,14.9,14.9,14.65,14.85,3402225.0,9375.0,1549.9,1550.0,1549.9,1550.0,1258525.0,75.0
NIFTY,26-DEC-2024,26000.0,27-11-2024 14:17:00,15.0,15.0,14.75,14.95,3402225.0,0.0,1550.0,1550.0,1545.0,1545.0,1260125.0,50.0
NIFTY,26-DEC-2024,26000.0,27-11-2024 14:18:00,14.95,15.2,14.95,15.05,3402225.0,0.0,1545.0,1545.0,1534.7,1537.9,1260125.0,125.0
NIFTY,26-DEC-2024,26000.0,27-11-2024 14:19:00,15.3,15.4,15.2,15.2,3402225.0,0.0,1537.9,1537.9,1533.95,1537.9,1260125.0,200.0
NIFTY,26-DEC-2024,26000.0,27-11-2024 14:20:00,15.35,15.6,15.35,15.45,3406775.0,15300.0,1534.0,1538.0,1534.0,1538.0,1260400.0,200.0
NIFTY,26-DEC-2024,26000.0,27-11-2024 14:21:00,15.45,15.55,15.3,15.3,3406775.0,775.0,1538.0,1541.7,1538.0,1541.7,1260400.0,400.0
NIFTY,26-DEC-2024,26000.0,27-11-2024 14:22:00,15.3,15.3,14.85,14.85,3408050.0,4400.0,1541.7,1545.9,1535.95,1545.9,1261425.0,450.0
NIFTY,26-DEC-2024,26000.0,27-11-2024 14:23:00,14.85,14.85,14.6,14.7,3408050.0,0.0,1545.9,1547.95,1545.0,1545.0,1261425.0,650.0
NIFTY,26-DEC-2024,26000.0,27-11-2024 14:24:00,14.75,14.8,14.65,14.65,3408050.0,4075.0,1542.0,1542.0,1533.4,1535.0,1261425.0,1250.0
NIFTY,26-DEC-2024,26000.0,27-11-2024 14:25:00,14.75,14.85,14.75,14.85,3408050.0,2350.0,1535.0,1535.4,1524.05,1524.05,1261425.0,325.0
NIFTY,26-DEC-2024,26000.0,27-11-2024 14:26:00,14.75,15.0,14.7,14.7,3410950.0,4225.0,1524.35,1532.8,1520.5,1529.95,1263275.0,1400.0
NIFTY,26-DEC-2024,26000.0,27-11-2024 14:27:00,14.8,15.0,14.8,15.0,3410950.0,0.0,1529.95,1529.95,1521.3,1525.25,1263275.0,1475.0
NIFTY,26-DEC-2024,26000.0,27-11-2024 14:28:00,14.95,15.1,14.9,15.0,3413000.0,7875.0,1520.0,1526.65,1518.25,1526.65,1263275.0,575.0
NIFTY,26-DEC-2024,26000.0,27-11-2024 14:29:00,15.0,15.1,14.9,15.05,3413000.0,0.0,1523.0,1527.6,1520.0,1526.3,1266600.0,1900.0
NIFTY,26-DEC-2024,26000.0,27-11-2024 14:30:00,14.95,15.1,14.85,14.9,3413000.0,0.0,1520.0,1523.95,1519.35,1523.95,1266600.0,7775.0
NIFTY,26-DEC-2024,26000.0,27-11-2024 14:31:00,15.1,15.2,15.0,15.2,3413550.0,0.0,1523.95,1531.15,1523.95,1531.15,1266600.0,525.0
NIFTY,26-DEC-2024,26000.0,27-11-2024 14:32:00,15.0,15.1,15.0,15.1,3413550.0,0.0,1531.15,1531.15,1531.15,1531.15,1266600.0,0.0
NIFTY,26-DEC-2024,26000.0,27-11-2024 14:33:00,15.15,15.2,15.0,15.0,3413550.0,0.0,,,,,,
NIFTY,26-DEC-2024,26000.0,27-11-2024 14:34:00,15.1,15.1,15.0,15.0,3413550.0,0.0,1530.75,1531.0,1530.25,1530.25,1266875.0,350.0
NIFTY,26-DEC-2024,26000.0,27-11-2024 14:35:00,15.15,15.25,15.0,15.1,3416125.0,0.0,1525.4,1530.0,1525.4,1530.0,1266975.0,300.0
NIFTY,26-DEC-2024,26000.0,27-11-2024 14:36:00,15.1,15.15,14.95,15.0,3416125.0,0.0,1530.0,1536.85,1530.0,1530.75,1266975.0,475.0
NIFTY,26-DEC-2024,26000.0,27-11-2024 14:37:00,14.9,14.95,14.65,14.7,3416125.0,0.0,1530.75,1545.0,1530.75,1544.95,1266975.0,350.0
NIFTY,26-DEC-2024,26000.0,27-11-2024 14:38:00,14.75,14.8,14.75,14.8,3420150.0,0.0,1544.95,1545.0,1542.45,1542.45,1267725.0,100.0
NIFTY,26-DEC-2024,26000.0,27-11-2024 14:39:00,14.8,14.9,14.8,14.9,3420150.0,0.0,1542.45,1542.45,1540.2,1540.2,1267725.0,350.0
NIFTY,26-DEC-2024,26000.0,27-11-2024 14:40:00,15.0,15.0,15.0,15.0,3420150.0,36400.0,1540.2,1540.95,1540.2,1540.95,1267725.0,50.0
NIFTY,26-DEC-2024,26000.0,27-11-2024 14:41:00,14.85,14.85,14.6,14.6,3419750.0,0.0,1545.0,1545.0,1545.0,1545.0,1268025.0,2150.0
NIFTY,26-DEC-2024,26000.0,27-11-2024 14:42:00,14.85,14.85,14.85,14.85,3419750.0,5400.0,1545.0,1548.75,1540.9,1540.9,1268025.0,100.0
NIFTY,26-DEC-2024,26000.0,27-11-2024 14:43:00,14.8,14.8,14.6,14.6,3416575.0,1325.0,1540.9,1546.0,1540.9,1546.0,1270350.0,100.0
NIFTY,26-DEC-2024,26000.0,27-11-2024 14:44:00,14.6,14.8,14.5,14.75,3416575.0,0.0,1546.0,1551.0,1546.0,1550.5,1270350.0,1525.0
NIFTY,26-DEC-2024,26000.0,27-11-2024 14:45:00,14.8,15.0,14.7,14.7,3416575.0,0.0,1546.15,1559.8,1546.15,1559.5,1270350.0,225.0
NIFTY,26-DEC-2024,26000.0,27-11-2024 14:46:00,14.75,14.75,14.7,14.75,3416575.0,0.0,1559.5,1559.5,1547.0,1547.0,1270350.0,775.0
NIFTY,26-DEC-2024,26000.0,27-11-2024 14:47:00,14.75,14.9,14.75,14.75,3421450.0,16000.0,1547.0,1548.0,1544.25,1548.0,1272500.0,750.0
NIFTY,26-DEC-2024,26000.0,27-11-2024 14:48:00,14.85,14.95,14.75,14.95,3421450.0,2050.0,1548.0,1548.0,1542.0,1544.0,1272500.0,1450.0
NIFTY,26-DEC-2024,26000.0,27-11-2024 14:49:00,14.95,14.95,14.7,14.85,3423600.0,1200.0,1544.0,1547.05,1543.45,1544.75,1274825.0,975.0
NIFTY,26-DEC-2024,26000.0,27-11-2024 14:50:00,14.7,14.85,14.7,14.7,3423600.0,0.0,1544.75,1546.3,1544.35,1546.0,1274825.0,900.0
NIFTY,26-DEC-2024,26000.0,27-11-2024 14:51:00,14.8,14.8,14.7,14.7,3423600.0,6500.0,1546.0,1553.95,1546.0,1550.8,1274825.0,1150.0
NIFTY,26-DEC-2024,26000.0,27-11-2024 14:52:00,14.7,14.85,14.7,14.7,3423600.0,0.0,1550.8,1552.0,1549.4,1552.0,1274825.0,325.0
NIFTY,26-DEC-2024,26000.0,27-11-2024 14:53:00,14.6,14.75,14.55,14.7,3429675.0,4225.0,1552.0,1552.0,1549.75,1550.9,1277000.0,725.0
NIFTY,26-DEC-2024,26000.0,27-11-2024 14:54:00,14.7,14.7,14.5,14.6,3429675.0,950.0,1552.15,1553.35,1545.0,1545.0,1277000.0,175.0
NIFTY,26-DEC-2024,26000.0,27-11-2024 14:55:00,14.6,14.6,14.5,14.5,3430125.0,0.0,1544.95,1544.95,1544.95,1544.95,1277475.0,0.0
NIFTY,26-DEC-2024,26000.0,27-11-2024 14:56:00,14.6,14.6,14.5,14.5,3430125.0,0.0,1548.0,1553.05,1545.9,1548.0,1277475.0,0.0
NIFTY,26-DEC-2024,26000.0,27-11-2024 14:57:00,14.5,14.7,14.5,14.7,3430125.0,0.0,1545.0,1548.1,1536.0,1536.0,1277475.0,1875.0
NIFTY,26-DEC-2024,26000.0,27-11-2024 14:58:00,14.5,14.5,14.45,14.45,3430125.0,0.0,1535.8,1542.75,1533.0,1540.0,1277475.0,5275.0
NIFTY,26-DEC-2024,26000.0,27-11-2024 14:59:00,14.5,14.6,14.5,14.5,3434375.0,0.0,1540.0,1544.95,1535.8,1540.0,1283375.0,75.0
NIFTY,26-DEC-2024,26000.0,27-11-2024 15:00:00,14.6,14.65,14.25,14.3,3434375.0,0.0,1542.45,1561.9,1542.45,1560.0,1283375.0,7125.0
NIFTY,26-DEC-2024,26000.0,27-11-2024 15:01:00,14.2,14.4,13.85,13.95,3442275.0,0.0,1560.0,1562.0,1556.2,1562.0,1283375.0,300.0
NIFTY,26-DEC-2024,26000.0,27-11-2024 15:02:00,13.9,14.0,13.75,13.9,3442275.0,0.0,1562.0,1565.3,1553.6,1558.2,1288825.0,700.0
NIFTY,26-DEC-2024,26000.0,27-11-2024 15:03:00,13.9,13.95,13.85,13.95,3442275.0,53150.0,1561.45,1565.75,1561.45,1565.75,1288825.0,125.0
NIFTY,26-DEC-2024,26000.0,27-11-2024 15:04:00,13.85,13.9,13.7,13.9,3442275.0,3025.0,1565.75,1565.85,1563.65,1563.95,1288825.0,25.0
NIFTY,26-DEC-2024,26000.0,27-11-2024 15:05:00,13.8,14.05,13.7,13.9,3445075.0,0.0,1563.6,1563.6,1552.15,1552.15,1289050.0,500.0
NIFTY,26-DEC-2024,26000.0,27-11-2024 15:06:00,13.8,14.1,13.7,13.7,3445075.0,0.0,1553.0,1559.65,1553.0,1558.0,1289050.0,125.0
NIFTY,26-DEC-2024,26000.0,27-11-2024 15:07:00,13.7,13.7,13.45,13.45,3445075.0,34150.0,1558.8,1562.1,1555.0,1555.0,1289050.0,1600.0
NIFTY,26-DEC-2024,26000.0,27-11-2024 15:08:00,13.55,13.6,13.4,13.6,3447950.0,7900.0,1560.35,1561.45,1559.25,1561.45,1289675.0,875.0
NIFTY,26-DEC-2024,26000.0,27-11-2024 15:09:00,13.6,13.75,13.5,13.65,3447950.0,0.0,1562.1,1565.75,1561.0,1561.65,1289675.0,775.0
NIFTY,26-DEC-2024,26000.0,27-11-2024 15:10:00,13.7,13.75,13.6,13.6,3447950.0,6975.0,1556.75,1556.75,1551.7,1556.0,1289675.0,1525.0
NIFTY,26-DEC-2024,26000.0,27-11-2024 15:11:00,13.5,13.6,13.4,13.55,3449800.0,0.0,1556.0,1558.4,1556.0,1558.4,1290925.0,0.0
NIFTY,26-DEC-2024,26000.0,27-11-2024 15:12:00,13.5,13.7,13.35,13.5,3449800.0,12300.0,1556.25,1557.0,1552.7,1555.0,1290925.0,1250.0
NIFTY,26-DEC-2024,26000.0,27-11-2024 15:13:00,13.55,13.6,13.15,13.15,3449800.0,73025.0,1558.6,1558.6,1553.25,1555.0,1290925.0,1075.0
NIFTY,26-DEC-2024,26000.0,27-11-2024 15:14:00,13.25,13.25,13.05,13.25,3466450.0,21875.0,1555.85,1555.85,1552.45,1552.55,1293400.0,425.0
NIFTY,26-DEC-2024,26000.0,27-11-2024 15:15:00,13.2,13.35,13.15,13.3,3466450.0,37700.0,1553.15,1553.15,1549.0,1549.0,1293400.0,775.0
NIFTY,26-DEC-2024,26000.0,27-11-2024 15:16:00,13.3,13.35,13.25,13.3,3466450.0,40950.0,1553.0,1554.3,1553.0,1554.3,1293400.0,800.0
NIFTY,26-DEC-2024,26000.0,27-11-2024 15:17:00,13.35,13.35,13.15,13.2,3474825.0,5200.0,1554.3,1556.5,1552.0,1555.0,1294950.0,275.0
NIFTY,26-DEC-2024,26000.0,27-11-2024 15:18:00,13.25,13.35,13.2,13.2,3474825.0,3100.0,1555.0,1556.0,1554.0,1556.0,1294950.0,750.0
NIFTY,26-DEC-2024,26000.0,27-11-2024 15:19:00,13.35,13.4,13.05,13.2,3474825.0,5875.0,1554.9,1554.9,1553.2,1553.7,1294950.0,425.0
NIFTY,26-DEC-2024,26000.0,27-11-2024 15:20:00,13.2,13.45,13.05,13.4,3479125.0,41550.0,1555.55,1555.55,1550.0,1552.0,1296150.0,1300.0
NIFTY,26-DEC-2024,26000.0,27-11-2024 15:21:00,13.3,13.5,13.3,13.3,3479125.0,0.0,1550.45,1552.0,1550.0,1552.0,1296150.0,1550.0
NIFTY,26-DEC-2024,26000.0,27-11-2024 15:22:00,13.3,13.5,13.25,13.3,3479125.0,17200.0,1552.0,1552.0,1546.05,1550.0,1296150.0,4375.0
NIFTY,26-DEC-2024,26000.0,27-11-2024 15:23:00,13.3,13.5,13.2,13.2,3487650.0,10525.0,1550.0,1552.95,1545.75,1545.75,1303350.0,3850.0
NIFTY,26-DEC-2024,26000.0,27-11-2024 15:24:00,13.2,13.45,13.2,13.25,3487650.0,0.0,1548.0,1552.5,1545.85,1548.75,1303350.0,0.0
NIFTY,26-DEC-2024,26000.0,27-11-2024 15:25:00,13.35,13.5,13.3,13.45,3487650.0,0.0,1547.55,1548.35,1547.55,1548.0,1303350.0,0.0
NIFTY,26-DEC-2024,26000.0,27-11-2024 15:26:00,13.35,13.45,13.3,13.45,3500075.0,29775.0,1547.0,1547.0,1547.0,1547.0,1308750.0,4175.0
NIFTY,26-DEC-2024,26000.0,27-11-2024 15:27:00,13.3,13.45,13.25,13.3,3500075.0,16550.0,1544.0,1544.0,1542.0,1542.0,1308750.0,75.0
NIFTY,26-DEC-2024,26000.0,27-11-2024 15:28:00,13.35,13.45,13.0,13.05,3500075.0,14825.0,1542.0,1544.0,1541.0,1544.0,1308750.0,2875.0
NIFTY,26-DEC-2024,26000.0,27-11-2024 15:29:00,13.15,13.15,12.75,12.75,3510000.0,0.0,1541.0,1541.0,1538.65,1541.0,1313900.0,0.0
NIFTY,26-DEC-2024,26000.0,28-11-2024 09:15:00,13.05,14.1,13.05,13.75,3505900.0,6575.0,1541.0,1541.0,1530.0,1530.0,1314250.0,175.0
NIFTY,26-DEC-2024,26000.0,28-11-2024 09:16:00,13.75,14.0,13.4,14.0,3505900.0,23400.0,1530.0,1542.55,1530.0,1542.55,1314350.0,325.0
NIFTY,26-DEC-2024,26000.0,28-11-2024 09:17:00,14.0,14.0,13.3,13.35,3505900.0,19525.0,1542.55,1561.9,1542.55,1551.65,1314350.0,6550.0
NIFTY,26-DEC-2024,26000.0,28-11-2024 09:18:00,13.35,13.4,13.3,13.35,3511950.0,8700.0,1551.65,1554.75,1551.65,1554.75,1314350.0,250.0
NIFTY,26-DEC-2024,26000.0,28-11-2024 09:19:00,13.4,13.45,13.25,13.35,3511950.0,6075.0,1554.75,1554.75,1540.6,1548.25,1318475.0,375.0
NIFTY,26-DEC-2024,26000.0,28-11-2024 09:20:00,13.45,13.5,13.35,13.45,3511950.0,0.0,1548.25,1551.45,1548.25,1550.0,1318475.0,100.0
NIFTY,26-DEC-2024,26000.0,28-11-2024 09:21:00,13.45,13.5,13.45,13.5,3504925.0,14975.0,1550.0,1550.0,1550.0,1550.0,1318475.0,25.0
NIFTY,26-DEC-2024,26000.0,28-11-2024 09:22:00,13.5,13.5,13.4,13.45,3504925.0,10500.0,1550.0,1558.0,1550.0,1550.05,1318675.0,525.0
NIFTY,26-DEC-2024,26000.0,28-11-2024 09:23:00,13.45,13.5,13.2,13.2,3504925.0,0.0,1550.05,1550.05,1550.0,1550.05,1318675.0,200.0
NIFTY,26-DEC-2024,26000.0,28-11-2024 09:24:00,13.2,13.25,13.2,13.2,3508025.0,14500.0,1550.05,1550.05,1550.05,1550.05,1318675.0,0.0
NIFTY,26-DEC-2024,26000.0,28-11-2024 09:25:00,13.2,13.25,13.05,13.15,3508025.0,6900.0,1550.05,1577.65,1550.05,1577.65,1318850.0,1050.0
NIFTY,26-DEC-2024,26000.0,28-11-2024 09:26:00,13.2,13.2,12.8,12.85,3508025.0,27075.0,1577.65,1577.65,1556.75,1565.0,1318850.0,3350.0
NIFTY,26-DEC-2024,26000.0,28-11-2024 09:27:00,12.85,12.9,12.8,12.9,3503100.0,0.0,1565.0,1566.0,1565.0,1566.0,1321225.0,50.0
NIFTY,26-DEC-2024,26000.0,28-11-2024 09:28:00,12.9,12.9,12.5,12.6,3503100.0,18375.0,1566.0,1570.0,1564.0,1570.0,1321225.0,2750.0
NIFTY,26-DEC-2024,26000.0,28-11-2024 09:29:00,12.6,12.9,12.6,12.7,3503100.0,0.0,1570.0,1570.0,1550.0,1557.0,1321225.0,4300.0
NIFTY,26-DEC-2024,26000.0,28-11-2024 09:30:00,12.6,12.7,12.5,12.6,3513525.0,17350.0,1557.0,1570.0,1557.0,1561.3,1321225.0,75.0
NIFTY,26-DEC-2024,26000.0,28-11-2024 09:31:00,12.6,12.7,12.5,12.6,3513525.0,0.0,1561.3,1561.8,1561.3,1561.8,1321225.0,250.0
NIFTY,26-DEC-2024,26000.0,28-11-2024 09:32:00,12.5,12.6,12.5,12.55,3513525.0,0.0,1565.0,1570.0,1565.0,1570.0,1328250.0,500.0
NIFTY,26-DEC-2024,26000.0,28-11-2024 09:33:00,12.55,12.55,12.3,12.3,3515250.0,10150.0,1570.0,1570.0,1561.65,1570.0,1329625.0,875.0
NIFTY,26-DEC-2024,26000.0,28-11-2024 09:34:00,12.4,12.45,12.3,12.45,3515250.0,3825.0,1570.0,1570.0,1566.9,1566.9,1329625.0,275.0
NIFTY,26-DEC-2024,26000.0,28-11-2024 09:35:00,12.45,12.5,12.3,12.4,3515250.0,12800.0,1556.25,1570.0,1556.25,1570.0,1329625.0,750.0
NIFTY,26-DEC-2024,26000.0,28-11-2024 09:36:00,12.3,12.5,12.3,12.45,3521950.0,0.0,1570.0,1570.0,1559.7,1570.0,1329625.0,375.0
NIFTY,26-DEC-2024,26000.0,28-11-2024 09:37:00,12.45,12.55,12.45,12.55,3521950.0,0.0,1570.0,1570.0,1570.0,1570.0,1329625.0,0.0
NIFTY,26-DEC-2024,26000.0,28-11-2024 09:38:00,12.45,12.55,12.4,12.4,3521950.0,0.0,1570.0,1570.0,1560.0,1560.45,1330475.0,1100.0
NIFTY,26-DEC-2024,26000.0,28-11-2024 09:39:00,12.5,13.0,12.45,13.0,3521850.0,0.0,1560.45,1564.0,1560.0,1564.0,1331400.0,450.0
NIFTY,26-DEC-2024,26000.0,28-11-2024 09:40:00,12.9,13.15,12.9,13.0,3521850.0,0.0,1559.6,1565.0,1559.6,1565.0,1331400.0,800.0
NIFTY,26-DEC-2024,26000.0,28-11-2024 09:41:00,13.05,13.05,12.9,13.0,3521850.0,0.0,1565.0,1570.0,1565.0,1568.2,1331400.0,350.0
NIFTY,26-DEC-2024,26000.0,28-11-2024 09:42:00,12.95,12.95,12.75,12.75,3522925.0,34300.0,1568.2,1568.2,1568.2,1568.2,1331400.0,0.0
NIFTY,26-DEC-2024,26000.0,28-11-2024 09:43:00,12.75,12.9,12.7,12.9,3522925.0,0.0,1568.2,1580.0,1568.2,1578.4,1331650.0,425.0
NIFTY,26-DEC-2024,26000.0,28-11-2024 09:44:00,12.85,12.85,12.8,12.8,3522925.0,0.0,1578.4,1578.4,1561.95,1563.15,1331650.0,125.0
NIFTY,26-DEC-2024,26000.0,28-11-2024 09:45:00,12.85,12.85,12.75,12.75,3524450.0,9625.0,1563.35,1568.45,1563.35,1568.45,1331650.0,450.0
NIFTY,26-DEC-2024,26000.0,28-11-2024 09:46:00,12.85,13.15,12.85,13.0,3524450.0,0.0,1568.45,1570.0,1568.45,1570.0,1331700.0,100.0
NIFTY,26-DEC-2024,26000.0,28-11-2024 09:47:00,13.1,13.1,12.95,12.95,3524450.0,0.0,1570.0,1570.0,1563.75,1563.75,1331700.0,325.0
NIFTY,26-DEC-2024,26000.0,28-11-2024 09:48:00,13.1,13.15,13.0,13.15,3524625.0,19200.0,1563.75,1563.75,1560.0,1560.75,1331700.0,550.0
NIFTY,26-DEC-2024,26000.0,28-11-2024 09:49:00,13.1,13.35,13.05,13.3,3524625.0,0.0,1560.75,1565.8,1560.0,1560.0,1331175.0,625.0
NIFTY,26-DEC-2024,26000.0,28-11-2024 09:50:00,13.4,13.6,13.3,13.5,3524625.0,0.0,1566.85,1567.25,1553.9,1559.45,1331175.0,3500.0
NIFTY,26-DEC-2024,26000.0,28-11-2024 09:51:00,13.6,14.4,13.6,14.4,3535875.0,31525.0,1559.45,1559.45,1528.0,1528.0,1332400.0,200.0
NIFTY,26-DEC-2024,26000.0,28-11-2024 09:52:00,14.2,14.3,14.0,14.0,3535875.0,0.0,1528.0,1545.0,1528.0,1545.0,1332400.0,1250.0
NIFTY,26-DEC-2024,26000.0,28-11-2024 09:53:00,14.0,14.25,14.0,14.1,3535875.0,24275.0,1543.4,1544.7,1534.75,1544.7,1332400.0,1950.0
NIFTY,26-DEC-2024,26000.0,28-11-2024 09:54:00,14.05,14.15,14.05,14.15,3538200.0,2250.0,1544.7,1544.7,1534.65,1543.35,1332400.0,400.0
NIFTY,26-DEC-2024,26000.0,28-11-2024 09:55:00,14.05,14.15,14.0,14.15,3538200.0,2600.0,1543.35,1543.35,1527.15,1527.15,1333500.0,150.0
NIFTY,26-DEC-2024,26000.0,28-11-2024 09:56:00,14.1,14.25,14.1,14.15,3538200.0,3525.0,1527.15,1530.0,1526.0,1526.0,1333500.0,575.0
NIFTY,26-DEC-2024,26000.0,28-11-2024 09:57:00,14.2,14.25,14.05,14.25,3541150.0,0.0,1526.0,1526.0,1526.0,1526.0,1333500.0,0.0
NIFTY,26-DEC-2024,26000.0,28-11-2024 09:58:00,14.2,14.4,14.1,14.15,3541150.0,0.0,1530.0,1530.0,1524.8,1524.8,1333650.0,275.0
NIFTY,26-DEC-2024,26000.0,28-11-2024 09:59:00,14.15,14.3,14.05,14.3,3541150.0,7950.0,1524.8,1527.0,1520.0,1523.1,1333650.0,325.0
NIFTY,26-DEC-2024,26000.0,28-11-2024 10:00:00,14.2,14.35,14.15,14.35,3544875.0,5150.0,1523.1,1525.4,1520.0,1522.0,1333725.0,550.0
NIFTY,26-DEC-2024,26000.0,28-11-2024 10:01:00,14.4,14.8,14.4,14.6,3544875.0,10800.0,1520.0,1520.0,1512.0,1512.0,1333725.0,300.0
NIFTY,26-DEC-2024,26000.0,28-11-2024 10:02:00,14.55,14.85,14.4,14.8,3544875.0,12250.0,1514.0,1517.0,1502.0,1502.0,1333725.0,300.0
NIFTY,26-DEC-2024,26000.0,28-11-2024 10:03:00,14.85,15.1,14.75,15.05,3536000.0,12650.0,1500.0,1500.3,1499.0,1499.7,1333450.0,325.0
NIFTY,26-DEC-2024,26000.0,28-11-2024 10:04:00,15.05,15.2,14.8,14.9,3536000.0,0.0,1494.0,1500.2,1492.0,1499.95,1333450.0,475.0
NIFTY,26-DEC-2024,26000.0,28-11-2024 10:05:00,14.8,14.95,14.75,14.85,3536000.0,0.0,1500.8,1505.0,1500.8,1505.0,1333450.0,50.0
NIFTY,26-DEC-2024,26000.0,28-11-2024 10:06:00,14.85,14.85,14.6,14.7,3547600.0,0.0,1505.0,1510.55,1505.0,1510.5,1333450.0,2000.0
NIFTY,26-DEC-2024,26000.0,28-11-2024 10:07:00,14.7,14.7,14.45,14.65,3547600.0,38025.0,1510.5,1518.15,1510.5,1511.0,1333450.0,125.0
NIFTY,26-DEC-2024,26000.0,28-11-2024 10:08:00,14.7,14.8,14.7,14.7,3547600.0,10550.0,1511.0,1511.0,1502.85,1502.85,1333450.0,325.0
NIFTY,26-DEC-2024,26000.0,28-11-2024 10:09:00,14.8,14.9,14.7,14.85,3543625.0,0.0,1502.85,1502.85,1498.0,1498.0,1333450.0,0.0
NIFTY,26-DEC-2024,26000.0,28-11-2024 10:10:00,14.85,14.9,14.6,14.75,3543625.0,3500.0,1496.1,1501.55,1496.0,1497.45,1333400.0,850.0
NIFTY,26-DEC-2024,26000.0,28-11-2024 10:11:00,14.65,14.75,14.6,14.75,3543625.0,6775.0,1491.0,1495.0,1491.0,1491.7,1333400.0,275.0
NIFTY,26-DEC-2024,26000.0,28-11-2024 10:12:00,14.8,14.9,14.75,14.8,3546050.0,4250.0,1491.7,1496.15,1489.6,1496.15,1333400.0,375.0
NIFTY,26-DEC-2024,26000.0,28-11-2024 10:13:00,14.75,14.75,14.45,14.5,3546050.0,0.0,1496.95,1502.95,1496.95,1502.0,1333825.0,250.0
NIFTY,26-DEC-2024,26000.0,28-11-2024 10:14:00,14.5,14.55,14.0,14.2,3546050.0,14375.0,1502.0,1503.1,1502.0,1503.1,1333825.0,350.0
NIFTY,26-DEC-2024,26000.0,28-11-2024 10:15:00,14.15,14.25,14.05,14.15,3541875.0,0.0,1503.1,1511.0,1503.1,1511.0,1333825.0,1050.0
NIFTY,26-DEC-2024,26000.0,28-11-2024 10:16:00,14.05,14.15,13.85,13.95,3541875.0,0.0,1511.0,1516.15,1510.0,1516.15,1334350.0,675.0
NIFTY,26-DEC-2024,26000.0,28-11-2024 10:17:00,13.85,14.0,13.85,13.9,3541875.0,0.0,1516.15,1516.15,1513.6,1513.6,1334350.0,175.0
NIFTY,26-DEC-2024,26000.0,28-11-2024 10:18:00,14.05,14.2,14.05,14.2,3541875.0,21500.0,1513.6,1513.6,1511.35,1513.6,1334350.0,150.0
NIFTY,26-DEC-2024,26000.0,28-11-2024 10:19:00,14.1,14.1,14.0,14.1,3543775.0,3450.0,1513.6,1516.2,1513.6,1514.35,1335600.0,725.0
NIFTY,26-DEC-2024,26000.0,28-11-2024 10:20:00,14.0,14.05,13.8,13.9,3543775.0,0.0,1514.35,1514.35,1511.8,1511.8,1335600.0,650.0
NIFTY,26-DEC-2024,26000.0,28-11-2024 10:21:00,13.85,14.0,13.85,14.0,3543775.0,0.0,1511.8,1511.8,1505.0,1509.15,1335600.0,125.0
NIFTY,26-DEC-2024,26000.0,28-11-2024 10:22:00,13.9,13.95,13.75,13.85,3539550.0,6575.0,1509.15,1520.0,1509.15,1519.8,1336750.0,625.0
NIFTY,26-DEC-2024,26000.0,28-11-2024 10:23:00,13.8,13.85,13.6,13.6,3539550.0,2750.0,1519.8,1526.05,1515.3,1526.05,1336750.0,975.0
NIFTY,26-DEC-2024,26000.0,28-11-2024 10:24:00,13.7,13.75,13.6,13.6,3539550.0,4975.0,1526.05,1526.05,1526.05,1526.05,1336750.0,0.0
NIFTY,26-DEC-2024,26000.0,28-11-2024 10:25:00,13.6,13.7,13.55,13.55,3539450.0,0.0,1526.05,1526.05,1521.45,1521.45,1337400.0,250.0
NIFTY,26-DEC-2024,26000.0,28-11-2024 10:26:00,13.6,13.65,13.55,13.65,3539450.0,0.0,1521.45,1525.0,1521.45,1525.0,1337400.0,50.0
NIFTY,26-DEC-2024,26000.0,28-11-2024 10:27:00,13.65,13.8,13.65,13.8,3539450.0,7950.0,1525.0,1525.0,1525.0,1525.0,1337400.0,75.0
NIFTY,26-DEC-2024,26000.0,28-11-2024 10:28:00,13.8,14.0,13.8,13.9,3551175.0,10800.0,1525.0,1525.0,1518.4,1520.0,1337625.0,300.0
NIFTY,26-DEC-2024,26000.0,28-11-2024 10:29:00,13.8,13.9,13.55,13.6,3551175.0,5025.0,1520.0,1534.95,1520.0,1534.95,1337625.0,950.0
NIFTY,26-DEC-2024,26000.0,28-11-2024 10:30:00,13.7,13.7,13.6,13.65,3551175.0,5550.0,1534.95,1534.95,1534.95,1534.95,1337625.0,0.0
NIFTY,26-DEC-2024,26000.0,28-11-2024 10:31:00,13.55,13.8,13.55,13.8,3555750.0,0.0,1534.95,1542.0,1534.95,1542.0,1338600.0,275.0
NIFTY,26-DEC-2024,26000.0,28-11-2024 10:32:00,13.6,13.7,13.5,13.6,3555750.0,0.0,1538.0,1559.35,1538.0,1559.35,1338600.0,500.0
NIFTY,26-DEC-2024,26000.0,28-11-2024 10:33:00,13.6,13.65,13.25,13.5,3555750.0,61175.0,1559.35,1619.05,1559.35,1613.7,1338600.0,4800.0
NIFTY,26-DEC-2024,26000.0,28-11-2024 10:34:00,13.45,13.55,13.2,13.4,3589125.0,0.0,1613.7,1627.0,1610.8,1610.8,1340400.0,400.0
NIFTY,26-DEC-2024,26000.0,28-11-2024 10:35:00,13.4,13.6,13.15,13.2,3589125.0,0.0,1610.8,1638.4,1609.95,1630.45,1340400.0,1575.0
NIFTY,26-DEC-2024,26000.0,28-11-2024 10:36:00,13.3,13.3,13.0,13.0,3596000.0,73000.0,1630.45,1650.0,1630.45,1650.0,1340400.0,275.0
NIFTY,26-DEC-2024,26000.0,28-11-2024 10:37:00,13.0,13.0,12.55,12.95,3596000.0,22725.0,1650.0,1671.6,1650.0,1671.6,1341050.0,1100.0
NIFTY,26-DEC-2024,26000.0,28-11-2024 10:38:00,12.8,12.85,12.15,12.2,3596000.0,0.0,1671.6,1703.25,1668.5,1697.8,1341050.0,1450.0
NIFTY,26-DEC-2024,26000.0,28-11-2024 10:39:00,12.15,12.4,12.1,12.4,3596000.0,28175.0,1697.8,1700.0,1694.0,1700.0,1341050.0,250.0
NIFTY,26-DEC-2024,26000.0,28-11-2024 10:40:00,12.45,12.8,12.3,12.65,3603650.0,19250.0,1700.0,1731.95,1694.1,1731.95,1342425.0,850.0
NIFTY,26-DEC-2024,26000.0,28-11-2024 10:41:00,12.35,12.45,12.05,12.05,3603650.0,25350.0,1740.0,1760.35,1721.15,1721.15,1342425.0,2900.0
NIFTY,26-DEC-2024,26000.0,28-11-2024 10:42:00,12.0,12.0,11.6,11.95,3603650.0,0.0,1721.55,1735.75,1701.65,1701.65,1342425.0,1850.0
NIFTY,26-DEC-2024,26000.0,28-11-2024 10:43:00,11.9,12.2,11.75,12.15,3616350.0,36925.0,1701.65,1720.3,1701.65,1710.0,1341725.0,1925.0
NIFTY,26-DEC-2024,26000.0,28-11-2024 10:44:00,12.1,12.35,12.05,12.2,3616350.0,24950.0,1709.6,1714.7,1693.75,1697.6,1341725.0,1200.0
NIFTY,26-DEC-2024,26000.0,28-11-2024 10:45:00,12.2,12.5,12.15,12.35,3638875.0,22125.0,1698.95,1702.6,1697.35,1702.0,1341725.0,2250.0
NIFTY,26-DEC-2024,26000.0,28-11-2024 10:46:00,12.55,12.8,12.3,12.75,3638875.0,27625.0,1702.0,1704.9,1702.0,1704.9,1343175.0,75.0
NIFTY,26-DEC-2024,26000.0,28-11-2024 10:47:00,12.85,13.0,12.45,12.55,3638875.0,30525.0,1704.9,1731.0,1704.9,1731.0,1343175.0,525.0
NIFTY,26-DEC-2024,26000.0,28-11-2024 10:48:00,12.55,12.7,12.35,12.55,3638875.0,0.0,1731.0,1757.0,1731.0,1757.0,1343175.0,7325.0
NIFTY,26-DEC-2024,26000.0,28-11-2024 10:49:00,12.5,12.5,11.75,11.85,3636825.0,0.0,1757.0,1764.65,1757.0,1764.65,1345000.0,950.0
NIFTY,26-DEC-2024,26000.0,28-11-2024 10:50:00,11.85,11.95,11.8,11.95,3636825.0,0.0,1764.65,1764.65,1740.35,1740.35,1345000.0,1125.0
NIFTY,26-DEC-2024,26000.0,28-11-2024 10:51:00,11.85,11.85,11.55,11.75,3636825.0,0.0,1747.55,1751.55,1744.8,1751.55,1345000.0,650.0
NIFTY,26-DEC-2024,26000.0,28-11-2024 10:52:00,11.7,12.0,11.65,11.75,3643075.0,82925.0,1751.55,1751.55,1727.1,1735.8,1346375.0,3050.0
NIFTY,26-DEC-2024,26000.0,28-11-2024 10:53:00,11.8,12.05,11.7,11.85,3643075.0,0.0,1735.8,1737.1,1735.5,1737.1,1346375.0,50.0
NIFTY,26-DEC-2024,26000.0,28-11-2024 10:54:00,11.95,12.0,11.8,11.9,3643075.0,0.0,1737.1,1750.0,1737.1,1744.5,1346375.0,1050.0
NIFTY,26-DEC-2024,26000.0,28-11-2024 10:55:00,11.95,12.05,11.85,11.9,3642825.0,0.0,1744.5,1745.45,1740.7,1743.7,1344750.0,1350.0
NIFTY,26-DEC-2024,26000.0,28-11-2024 10:56:00,12.0,12.05,11.8,11.8,3642825.0,32825.0,1744.0,1751.0,1742.95,1750.0,1344750.0,1375.0
NIFTY,26-DEC-2024,26000.0,28-11-2024 10:57:00,11.95,12.05,11.6,11.6,3642825.0,13825.0,1750.0,1750.0,1742.0,1746.2,1344750.0,125.0
NIFTY,26-DEC-2024,26000.0,28-11-2024 10:58:00,11.55,11.8,11.5,11.8,3643550.0,27200.0,1738.35,1752.0,1738.35,1743.15,1344525.0,1100.0
NIFTY,26-DEC-2024,26000.0,28-11-2024 10:59:00,11.8,11.85,11.45,11.5,3643550.0,0.0,1741.1,1742.5,1711.0,1711.0,1344525.0,400.0
NIFTY,26-DEC-2024,26000.0,28-11-2024 11:00:00,11.5,11.6,11.35,11.45,3643550.0,18925.0,1711.0,1720.55,1706.5,1711.7,1344525.0,1225.0
NIFTY,26-DEC-2024,26000.0,28-11-2024 11:01:00,11.5,11.8,11.35,11.8,3648150.0,0.0,1711.7,1721.95,1711.7,1718.65,1344950.0,250.0
NIFTY,26-DEC-2024,26000.0,28-11-2024 11:02:00,12.1,12.4,12.1,12.15,3648150.0,0.0,1718.65,1718.65,1705.0,1706.3,1344950.0,275.0
NIFTY,26-DEC-2024,26000.0,28-11-2024 11:03:00,12.15,12.25,11.95,12.15,3648150.0,0.0,1706.3,1706.3,1695.7,1706.1,1344950.0,4125.0
NIFTY,26-DEC-2024,26000.0,28-11-2024 11:04:00,12.05,12.05,11.8,11.8,3699425.0,95800.0,1706.05,1730.7,1706.05,1729.0,1350175.0,4175.0
NIFTY,26-DEC-2024,26000.0,28-11-2024 11:05:00,11.8,11.85,11.7,11.8,3699425.0,0.0,1729.0,1738.4,1729.0,1738.4,1350175.0,325.0
NIFTY,26-DEC-2024,26000.0,28-11-2024 11:06:00,11.8,11.8,11.7,11.75,3699425.0,0.0,1738.4,1740.0,1738.4,1740.0,1350175.0,50.0
NIFTY,26-DEC-2024,26000.0,28-11-2024 11:07:00,11.65,11.7,11.55,11.6,3705425.0,0.0,1740.0,1740.0,1735.0,1735.0,1351625.0,150.0
NIFTY,26-DEC-2024,26000.0,28-11-2024 11:08:00,11.7,11.7,11.5,11.5,3705425.0,20650.0,1735.0,1744.0,1734.6,1744.0,1351625.0,225.0
NIFTY,26-DEC-2024,26000.0,28-11-2024 11:09:00,11.55,11.6,11.55,11.6,3705425.0,0.0,1744.0,1750.05,1741.25,1750.05,1351625.0,175.0
NIFTY,26-DEC-2024,26000.0,28-11-2024 11:10:00,11.5,11.65,11.5,11.55,3710925.0,0.0,1750.05,1750.05,1723.25,1723.25,1352050.0,275.0
NIFTY,26-DEC-2024,26000.0,28-11-2024 11:11:00,11.5,11.6,11.45,11.55,3710925.0,17100.0,1723.25,1738.0,1723.25,1738.0,1352050.0,350.0
NIFTY,26-DEC-2024,26000.0,28-11-2024 11:12:00,11.55,11.65,11.5,11.5,3710925.0,8025.0,1738.0,1745.0,1737.55,1745.0,1352050.0,2525.0
NIFTY,26-DEC-2024,26000.0,28-11-2024 11:13:00,11.5,11.6,11.5,11.6,3710575.0,8700.0,1745.0,1745.55,1745.0,1745.55,1354725.0,150.0
NIFTY,26-DEC-2024,26000.0,28-11-2024 11:14:00,11.6,12.4,11.5,12.05,3710575.0,6650.0,1745.55,1748.15,1745.55,1748.15,1354725.0,150.0
NIFTY,26-DEC-2024,26000.0,28-11-2024 11:15:00,12.05,12.15,12.0,12.05,3710575.0,18850.0,1748.15,1750.0,1740.4,1746.65,1354725.0,725.0
NIFTY,26-DEC-2024,26000.0,28-11-2024 11:16:00,12.05,12.05,11.85,11.95,3708625.0,0.0,1746.65,1755.0,1740.0,1755.0,1355200.0,1175.0
NIFTY,26-DEC-2024,26000.0,28-11-2024 11:17:00,11.95,11.95,11.65,11.65,3708625.0,10475.0,1755.0,1780.0,1755.0,1780.0,1355200.0,525.0
NIFTY,26-DEC-2024,26000.0,28-11-2024 11:18:00,11.75,11.85,11.65,11.65,3708625.0,9150.0,1780.0,1780.0,1760.0,1763.4,1355200.0,575.0
NIFTY,26-DEC-2024,26000.0,28-11-2024 11:19:00,11.6,11.9,11.5,11.7,3709550.0,8175.0,1763.4,1788.0,1761.1,1777.05,1356525.0,575.0
NIFTY,26-DEC-2024,26000.0,28-11-2024 11:20:00,11.7,11.75,11.45,11.5,3709550.0,4850.0,1777.05,1781.75,1777.05,1781.75,1356525.0,150.0
NIFTY,26-DEC-2024,26000.0,28-11-2024 11:21:00,11.55,11.55,11.4,11.4,3709550.0,0.0,1772.75,1772.75,1766.0,1766.5,1356525.0,1125.0
NIFTY,26-DEC-2024,26000.0,28-11-2024 11:22:00,11.4,11.45,11.4,11.45,3714450.0,6575.0,1766.5,1766.5,1758.75,1760.0,1357425.0,175.0
NIFTY,26-DEC-2024,26000.0,28-11-2024 11:23:00,11.3,11.3,11.1,11.25,3714450.0,5900.0,1760.0,1777.0,1760.0,1777.0,1357425.0,225.0
NIFTY,26-DEC-2024,26000.0,28-11-2024 11:24:00,11.2,11.35,11.1,11.2,3714450.0,8675.0,1777.0,1792.85,1777.0,1792.85,1357425.0,475.0
NIFTY,26-DEC-2024,26000.0,28-11-2024 11:25:00,11.3,11.5,11.3,11.45,3717925.0,0.0,1792.85,1792.85,1779.9,1779.9,1358025.0,125.0
NIFTY,26-DEC-2024,26000.0,28-11-2024 11:26:00,11.45,11.45,11.45,11.45,3717925.0,9825.0,1779.9,1779.9,1774.05,1774.25,1358025.0,225.0
NIFTY,26-DEC-2024,26000.0,28-11-2024 11:27:00,11.4,11.4,11.2,11.4,3717925.0,3850.0,1774.25,1786.95,1774.25,1786.95,1358025.0,300.0
NIFTY,26-DEC-2024,26000.0,28-11-2024 11:28:00,11.3,11.45,11.3,11.3,3716075.0,7600.0,1786.95,1786.95,1776.5,1785.25,1358025.0,125.0
NIFTY,26-DEC-2024,26000.0,28-11-2024 11:29:00,11.35,11.45,11.35,11.45,3716075.0,5600.0,1785.25,1785.25,1776.4,1776.4,1358025.0,50.0
NIFTY,26-DEC-2024,26000.0,28-11-2024 11:30:00,11.4,11.5,11.25,11.4,3716075.0,7200.0,1776.4,1786.85,1776.4,1779.5,1358050.0,400.0
NIFTY,26-DEC-2024,26000.0,28-11-2024 11:31:00,11.45,11.5,11.2,11.25,3712950.0,0.0,1779.5,1783.05,1776.0,1783.05,1358475.0,50.0
NIFTY,26-DEC-2024,26000.0,28-11-2024 11:32:00,11.25,11.35,11.25,11.3,3712950.0,8900.0,1783.05,1783.05,1773.95,1773.95,1358475.0,100.0
NIFTY,26-DEC-2024,26000.0,28-11-2024 11:33:00,11.25,11.4,11.25,11.3,3712950.0,0.0,1773.95,1788.0,1773.95,1788.0,1358475.0,25.0
NIFTY,26-DEC-2024,26000.0,28-11-2024 11:34:00,11.4,11.55,11.35,11.55,3720325.0,7950.0,1788.0,1788.0,1767.1,1767.1,1358425.0,75.0
NIFTY,26-DEC-2024,26000.0,28-11-2024 11:35:00,11.55,11.6,11.5,11.5,3720325.0,1875.0,1767.1,1775.45,1767.1,1775.45,1358425.0,25.0
NIFTY,26-DEC-2024,26000.0,28-11-2024 11:36:00,11.6,11.6,11.6,11.6,3720325.0,775.0,1775.45,1775.45,1774.85,1774.85,1358425.0,25.0
NIFTY,26-DEC-2024,26000.0,28-11-2024 11:37:00,11.6,11.6,11.6,11.6,3720775.0,0.0,1774.85,1774.85,1772.25,1772.25,1358425.0,25.0
NIFTY,26-DEC-2024,26000.0,28-11-2024 11:38:00,11.55,11.6,11.5,11.6,3720775.0,0.0,1772.25,1779.7,1772.05,1774.5,1358475.0,275.0
NIFTY,26-DEC-2024,26000.0,28-11-2024 11:39:00,11.6,11.6,11.45,11.5,3720775.0,9600.0,1769.2,1775.0,1769.2,1770.0,1358475.0,6575.0
NIFTY,26-DEC-2024,26000.0,28-11-2024 11:40:00,11.55,11.6,11.5,11.6,3724275.0,0.0,1770.0,1772.95,1767.9,1772.0,1358475.0,1650.0
NIFTY,26-DEC-2024,26000.0,28-11-2024 11:41:00,11.5,11.5,11.4,11.5,3724275.0,7875.0,1772.0,1772.95,1772.0,1772.95,1364900.0,1450.0
NIFTY,26-DEC-2024,26000.0,28-11-2024 11:42:00,11.55,11.55,11.4,11.45,3724275.0,0.0,1772.95,1781.45,1770.0,1781.45,1364900.0,1300.0
NIFTY,26-DEC-2024,26000.0,28-11-2024 11:43:00,11.5,11.5,11.35,11.45,3728150.0,0.0,1781.45,1781.45,1771.5,1771.5,1369075.0,75.0
NIFTY,26-DEC-2024,26000.0,28-11-2024 11:44:00,11.5,11.55,11.4,11.55,3728150.0,0.0,1771.5,1778.6,1771.5,1778.6,1369075.0,125.0
NIFTY,26-DEC-2024,26000.0,28-11-2024 11:45:00,11.5,11.65,11.5,11.55,3728150.0,2675.0,1778.6,1778.6,1760.0,1760.0,1369075.0,350.0
NIFTY,26-DEC-2024,26000.0,28-11-2024 11:46:00,11.55,11.65,11.5,11.65,3726975.0,3325.0,1760.0,1760.0,1754.8,1754.8,1368950.0,50.0
NIFTY,26-DEC-2024,26000.0,28-11-2024 11:47:00,11.55,11.65,11.45,11.45,3726975.0,0.0,1754.8,1754.8,1744.8,1744.8,1368950.0,25.0
NIFTY,26-DEC-2024,26000.0,28-11-2024 11:48:00,11.45,11.7,11.4,11.7,3726975.0,6800.0,1744.8,1755.0,1737.3,1737.3,1368950.0,450.0
NIFTY,26-DEC-2024,26000.0,28-11-2024 11:49:00,11.8,11.8,11.65,11.7,3726725.0,0.0,1737.3,1737.3,1737.3,1737.3,1368950.0,0.0
NIFTY,26-DEC-2024,26000.0,28-11-2024 11:50:00,11.8,11.9,11.65,11.8,3726725.0,2850.0,1737.3,1737.3,1713.15,1713.15,1369150.0,75.0
NIFTY,26-DEC-2024,26000.0,28-11-2024 11:51:00,11.75,12.1,11.75,12.1,3726725.0,6150.0,1713.15,1723.5,1713.15,1723.5,1369150.0,150.0
NIFTY,26-DEC-2024,26000.0,28-11-2024 11:52:00,12.0,12.1,12.0,12.1,3726950.0,2025.0,1731.15,1731.15,1723.95,1723.95,1369275.0,100.0
NIFTY,26-DEC-2024,26000.0,28-11-2024 11:53:00,12.05,12.05,11.9,11.9,3726950.0,0.0,1723.95,1744.0,1723.95,1738.4,1369275.0,275.0
NIFTY,26-DEC-2024,26000.0,28-11-2024 11:54:00,11.85,11.9,11.65,11.7,3726950.0,0.0,1735.05,1740.05,1735.05,1740.05,1369275.0,625.0
NIFTY,26-DEC-2024,26000.0,28-11-2024 11:55:00,11.7,11.7,11.55,11.6,3728525.0,0.0,1740.05,1759.95,1740.05,1759.95,1368950.0,725.0
NIFTY,26-DEC-2024,26000.0,28-11-2024 11:56:00,11.5,11.65,11.5,11.6,3728525.0,12750.0,1759.95,1759.95,1756.45,1757.0,1368950.0,50.0
NIFTY,26-DEC-2024,26000.0,28-11-2024 11:57:00,11.5,11.65,11.5,11.6,3728525.0,1200.0,1757.0,1761.0,1757.0,1759.95,1368950.0,425.0
NIFTY,26-DEC-2024,26000.0,28-11-2024 11:58:00,11.45,11.55,11.35,11.5,3730325.0,3750.0,1759.95,1780.0,1759.95,1777.0,1369375.0,650.0
NIFTY,26-DEC-2024,26000.0,28-11-2024 11:59:00,11.5,11.55,11.5,11.55,3730325.0,0.0,1777.0,1777.0,1776.15,1776.15,1369375.0,25.0
NIFTY,26-DEC-2024,26000.0,28-11-2024 12:00:00,11.7,11.7,11.55,11.65,3730325.0,2975.0,1776.15,1777.5,1774.05,1774.05,1369375.0,25.0
NIFTY,26-DEC-2024,26000.0,28-11-2024 12:01:00,11.6,11.7,11.55,11.55,3733175.0,0.0,1774.05,1784.7,1774.05,1784.7,1369975.0,300.0
NIFTY,26-DEC-2024,26000.0,28-11-2024 12:02:00,11.5,11.5,11.45,11.45,3733175.0,5825.0,1784.7,1784.7,1780.0,1780.0,1369975.0,75.0
NIFTY,26-DEC-2024,26000.0,28-11-2024 12:03:00,11.35,11.35,11.1,11.2,3733175.0,0.0,1780.0,1782.0,1774.3,1777.0,1369975.0,275.0
NIFTY,26-DEC-2024,26000.0,28-11-2024 12:04:00,11.2,11.35,11.2,11.3,3741450.0,9025.0,1777.0,1784.0,1777.0,1784.0,1370200.0,400.0
NIFTY,26-DEC-2024,26000.0,28-11-2024 12:05:00,11.3,11.4,11.3,11.35,3741450.0,1125.0,1784.0,1784.0,1780.25,1780.25,1370200.0,50.0
NIFTY,26-DEC-2024,26000.0,28-11-2024 12:06:00,11.45,11.6,11.4,11.5,3741450.0,11425.0,1780.25,1780.25,1768.05,1773.55,1370200.0,325.0
NIFTY,26-DEC-2024,26000.0,28-11-2024 12:07:00,11.5,11.65,11.5,11.55,3747900.0,0.0,1773.55,1773.55,1752.85,1752.85,1370550.0,125.0
NIFTY,26-DEC-2024,26000.0,28-11-2024 12:08:00,11.5,11.95,11.5,11.85,3747900.0,0.0,1752.85,1762.0,1747.5,1747.5,1370550.0,125.0
NIFTY,26-DEC-2024,26000.0,28-11-2024 12:09:00,11.9,11.95,11.8,11.9,3747900.0,18500.0,1750.0,1755.0,1749.4,1750.5,1370550.0,150.0
NIFTY,26-DEC-2024,26000.0,28-11-2024 12:10:00,11.9,12.2,11.85,12.2,3749700.0,6025.0,1750.5,1757.65,1744.95,1757.65,1371525.0,1000.0
NIFTY,26-DEC-2024,26000.0,28-11-2024 12:11:00,12.2,12.3,11.9,12.0,3749700.0,16000.0,1757.65,1757.65,1752.0,1752.0,1371525.0,100.0
NIFTY,26-DEC-2024,26000.0,28-11-2024 12:12:00,11.95,11.95,11.75,11.75,3749700.0,0.0,1752.0,1766.0,1752.0,1766.0,1371525.0,250.0
NIFTY,26-DEC-2024,26000.0,28-11-2024 12:13:00,11.75,11.9,11.75,11.85,3754975.0,0.0,1766.0,1766.0,1764.15,1764.15,1371525.0,25.0
NIFTY,26-DEC-2024,26000.0,28-11-2024 12:14:00,11.85,11.9,11.55,11.55,3754975.0,27200.0,1764.15,1764.15,1751.55,1754.2,1371825.0,200.0
NIFTY,26-DEC-2024,26000.0,28-11-2024 12:15:00,11.6,11.65,11.55,11.55,3754975.0,0.0,1757.75,1757.75,1757.75,1757.75,1371825.0,25.0
NIFTY,26-DEC-2024,26000.0,28-11-2024 12:16:00,11.5,11.55,11.4,11.55,3756050.0,0.0,1757.75,1758.45,1757.75,1758.45,1371825.0,25.0
NIFTY,26-DEC-2024,26000.0,28-11-2024 12:17:00,11.5,11.65,11.45,11.65,3756050.0,27525.0,1758.45,1760.0,1758.45,1760.0,1371875.0,500.0
NIFTY,26-DEC-2024,26000.0,28-11-2024 12:18:00,11.55,11.8,11.5,11.7,3756050.0,3025.0,1760.0,1764.0,1757.4,1757.4,1371875.0,1000.0
NIFTY,26-DEC-2024,26000.0,28-11-2024 12:19:00,11.65,11.65,11.6,11.6,3761350.0,0.0,1757.4,1767.05,1757.4,1761.7,1373450.0,225.0
NIFTY,26-DEC-2024,26000.0,28-11-2024 12:20:00,11.6,11.7,11.5,11.7,3761350.0,3150.0,1761.7,1761.7,1760.0,1760.0,1373450.0,75.0
NIFTY,26-DEC-2024,26000.0,28-11-2024 12:21:00,11.75,11.8,11.75,11.75,3761350.0,4400.0,1760.0,1761.0,1755.0,1755.0,1373450.0,50.0
NIFTY,26-DEC-2024,26000.0,28-11-2024 12:22:00,11.7,11.8,11.7,11.75,3767225.0,2150.0,1756.05,1756.05,1754.55,1754.55,1373850.0,250.0
NIFTY,26-DEC-2024,26000.0,28-11-2024 12:23:00,11.8,11.8,11.6,11.65,3767225.0,1625.0,1754.55,1766.0,1754.55,1765.05,1373850.0,1225.0
NIFTY,26-DEC-2024,26000.0,28-11-2024 12:24:00,11.6,11.6,11.5,11.5,3767225.0,2675.0,1765.05,1768.65,1761.75,1764.0,1373850.0,575.0
NIFTY,26-DEC-2024,26000.0,28-11-2024 12:25:00,11.45,11.6,11.25,11.3,3766825.0,1975.0,1764.0,1765.9,1750.6,1752.9,1375425.0,300.0
NIFTY,26-DEC-2024,26000.0,28-11-2024 12:26:00,11.35,11.45,11.3,11.45,3766825.0,3825.0,1758.4,1758.4,1740.6,1741.55,1375425.0,500.0
NIFTY,26-DEC-2024,26000.0,28-11-2024 12:27:00,11.3,11.5,11.25,11.45,3766825.0,0.0,1741.55,1755.0,1739.9,1739.9,1375425.0,1400.0
NIFTY,26-DEC-2024,26000.0,28-11-2024 12:28:00,11.45,11.45,11.35,11.35,3768075.0,0.0,1739.9,1740.75,1734.55,1737.0,1376975.0,300.0
NIFTY,26-DEC-2024,26000.0,28-11-2024 12:29:00,11.35,11.55,11.3,11.3,3768075.0,8550.0,1737.0,1740.0,1734.9,1738.65,1376975.0,325.0
NIFTY,26-DEC-2024,26000.0,28-11-2024 12:30:00,11.45,11.45,11.25,11.35,3768075.0,13325.0,1738.65,1745.0,1737.75,1745.0,1376975.0,400.0
NIFTY,26-DEC-2024,26000.0,28-11-2024 12:31:00,11.4,11.4,11.25,11.4,3766525.0,0.0,1745.0,1745.0,1745.0,1745.0,1376975.0,0.0
NIFTY,26-DEC-2024,26000.0,28-11-2024 12:32:00,11.4,11.4,11.15,11.25,3766525.0,0.0,1745.0,1765.95,1745.0,1759.6,1377750.0,625.0
NIFTY,26-DEC-2024,26000.0,28-11-2024 12:33:00,11.25,11.4,11.15,11.3,3766525.0,27575.0,1759.6,1778.0,1759.6,1771.65,1377750.0,850.0
NIFTY,26-DEC-2024,26000.0,28-11-2024 12:34:00,11.3,11.3,11.05,11.15,3751725.0,5450.0,1771.65,1780.0,1771.65,1780.0,1379100.0,650.0
NIFTY,26-DEC-2024,26000.0,28-11-2024 12:35:00,11.15,11.35,11.1,11.3,3751725.0,18700.0,1780.0,1787.75,1780.0,1785.0,1379100.0,1150.0
NIFTY,26-DEC-2024,26000.0,28-11-2024 12:36:00,11.1,11.25,11.1,11.2,3751725.0,0.0,1788.0,1800.0,1788.0,1800.0,1379100.0,550.0
NIFTY,26-DEC-2024,26000.0,28-11-2024 12:37:00,11.15,11.35,11.1,11.3,3738200.0,13425.0,1800.0,1839.1,1797.6,1823.2,1380900.0,2725.0
NIFTY,26-DEC-2024,26000.0,28-11-2024 12:38:00,11.15,11.15,10.9,10.9,3738200.0,0.0,1823.2,1829.0,1820.5,1828.75,1380900.0,1025.0
NIFTY,26-DEC-2024,26000.0,28-11-2024 12:39:00,11.0,11.4,11.0,11.2,3738200.0,37350.0,1828.75,1828.75,1810.7,1810.7,1380900.0,350.0
NIFTY,26-DEC-2024,26000.0,28-11-2024 12:40:00,11.15,11.3,11.15,11.3,3731875.0,8125.0,1810.7,1810.7,1809.65,1809.65,1380900.0,50.0
NIFTY,26-DEC-2024,26000.0,28-11-2024 12:41:00,11.2,11.3,11.2,11.2,3731875.0,7000.0,1809.65,1814.65,1809.65,1814.65,1383075.0,100.0
NIFTY,26-DEC-2024,26000.0,28-11-2024 12:42:00,11.3,11.35,11.1,11.1,3731875.0,2675.0,1814.65,1814.65,1806.0,1806.3,1383075.0,1175.0
NIFTY,26-DEC-2024,26000.0,28-11-2024 12:43:00,11.1,11.1,11.0,11.0,3730775.0,0.0,1806.3,1816.2,1804.0,1804.15,1383075.0,525.0
NIFTY,26-DEC-2024,26000.0,28-11-2024 12:44:00,11.0,11.2,11.0,11.1,3730775.0,0.0,1804.15,1805.0,1800.85,1800.85,1384600.0,500.0
NIFTY,26-DEC-2024,26000.0,28-11-2024 12:45:00,11.1,11.2,11.1,11.1,3730775.0,0.0,1800.85,1805.0,1800.85,1805.0,1384600.0,250.0
NIFTY,26-DEC-2024,26000.0,28-11-2024 12:46:00,11.05,11.1,11.0,11.0,3729000.0,14325.0,1805.0,1805.0,1805.0,1805.0,1385325.0,0.0
NIFTY,26-DEC-2024,26000.0,28-11-2024 12:47:00,11.05,11.05,11.0,11.05,3729000.0,3225.0,1809.45,1810.3,1809.45,1810.3,1385325.0,1200.0
NIFTY,26-DEC-2024,26000.0,28-11-2024 12:48:00,11.1,11.1,11.05,11.05,3729000.0,0.0,1810.3,1811.15,1809.5,1809.5,1385325.0,125.0
NIFTY,26-DEC-2024,26000.0,28-11-2024 12:49:00,11.1,11.15,11.05,11.15,3731225.0,3700.0,1809.5,1809.5,1805.25,1805.25,1385700.0,0.0
NIFTY,26-DEC-2024,26000.0,28-11-2024 12:50:00,11.05,11.15,11.05,11.05,3731225.0,9725.0,1810.0,1810.0,1801.8,1801.8,1385700.0,2250.0
NIFTY,26-DEC-2024,26000.0,28-11-2024 12:51:00,11.05,11.2,11.05,11.1,3731225.0,2400.0,1801.8,1810.65,1800.0,1801.6,1385700.0,2400.0
NIFTY,26-DEC-2024,26000.0,28-11-2024 12:52:00,11.1,11.15,11.05,11.1,3727125.0,2750.0,1805.0,1817.1,1805.0,1817.1,1391975.0,2650.0
NIFTY,26-DEC-2024,26000.0,28-11-2024 12:53:00,11.1,11.3,11.1,11.3,3727125.0,0.0,1817.1,1817.1,1810.0,1810.0,1391975.0,100.0
NIFTY,26-DEC-2024,26000.0,28-11-2024 12:54:00,11.25,11.3,11.25,11.25,3727125.0,0.0,1810.0,1810.0,1802.05,1802.05,1391975.0,425.0
NIFTY,26-DEC-2024,26000.0,28-11-2024 12:55:00,11.2,11.25,11.05,11.2,3725000.0,14525.0,1802.05,1805.25,1802.05,1805.25,1392850.0,225.0
NIFTY,26-DEC-2024,26000.0,28-11-2024 12:56:00,11.15,11.15,10.7,10.7,3725000.0,0.0,1805.0,1805.0,1805.0,1805.0,1392850.0,1025.0
NIFTY,26-DEC-2024,26000.0,28-11-2024 12:57:00,10.75,10.9,10.7,10.8,3725000.0,0.0,1805.0,1805.0,1805.0,1805.0,1392850.0,0.0
NIFTY,26-DEC-2024,26000.0,28-11-2024 12:58:00,10.8,10.95,10.8,10.85,3706875.0,43175.0,1805.75,1812.0,1805.75,1810.0,1393825.0,425.0
NIFTY,26-DEC-2024,26000.0,28-11-2024 12:59:00,10.9,10.95,10.75,10.85,3706875.0,7725.0,1810.0,1810.0,1810.0,1810.0,1393825.0,0.0
NIFTY,26-DEC-2024,26000.0,28-11-2024 13:00:00,10.9,11.0,10.8,11.0,3706875.0,0.0,,,,,,
NIFTY,26-DEC-2024,26000.0,28-11-2024 13:01:00,10.95,10.95,10.7,10.75,3701425.0,0.0,1827.65,1839.05,1827.65,1839.05,1394375.0,0.0
NIFTY,26-DEC-2024,26000.0,28-11-2024 13:02:00,10.7,10.95,10.7,10.95,3701425.0,9050.0,1842.9,1842.9,1839.05,1840.0,1394375.0,1625.0
NIFTY,26-DEC-2024,26000.0,28-11-2024 13:03:00,11.0,11.1,10.9,10.9,3701425.0,2400.0,1840.0,1840.0,1823.15,1834.65,1394375.0,300.0
NIFTY,26-DEC-2024,26000.0,28-11-2024 13:04:00,11.05,11.05,10.9,11.0,3702875.0,6825.0,1831.2,1840.0,1830.0,1840.0,1396025.0,725.0
NIFTY,26-DEC-2024,26000.0,28-11-2024 13:05:00,10.9,11.25,10.9,11.25,3702875.0,0.0,1840.0,1842.9,1826.65,1826.65,1396025.0,250.0
NIFTY,26-DEC-2024,26000.0,28-11-2024 13:06:00,11.15,11.15,10.8,10.9,3702875.0,0.0,1827.0,1827.0,1822.0,1822.0,1396025.0,50.0
NIFTY,26-DEC-2024,26000.0,28-11-2024 13:07:00,10.9,10.9,10.75,10.8,3705150.0,12875.0,1822.0,1827.0,1822.0,1827.0,1396925.0,275.0
NIFTY,26-DEC-2024,26000.0,28-11-2024 13:08:00,10.9,10.9,10.6,10.65,3705150.0,7500.0,1827.0,1851.8,1827.0,1851.8,1396925.0,375.0
NIFTY,26-DEC-2024,26000.0,28-11-2024 13:09:00,10.65,10.75,10.55,10.7,3705150.0,0.0,1851.8,1856.0,1845.95,1856.0,1396925.0,75.0
NIFTY,26-DEC-2024,26000.0,28-11-2024 13:10:00,10.75,10.9,10.7,10.9,3705000.0,4825.0,1856.0,1856.0,1835.05,1835.05,1397275.0,100.0
NIFTY,26-DEC-2024,26000.0,28-11-2024 13:11:00,10.95,11.1,10.9,11.1,3705000.0,10050.0,1835.05,1835.05,1833.0,1834.95,1397275.0,50.0
NIFTY,26-DEC-2024,26000.0,28-11-2024 13:12:00,11.0,11.05,10.9,10.9,3705000.0,10350.0,1837.0,1840.1,1837.0,1839.3,1397275.0,1825.0
NIFTY,26-DEC-2024,26000.0,28-11-2024 13:13:00,11.0,11.1,11.0,11.0,3708600.0,9975.0,1839.3,1848.25,1839.3,1848.25,1397275.0,150.0
NIFTY,26-DEC-2024,26000.0,28-11-2024 13:14:00,11.0,11.05,10.7,10.7,3708600.0,17600.0,1848.25,1848.25,1840.1,1840.45,1399100.0,1000.0
NIFTY,26-DEC-2024,26000.0,28-11-2024 13:15:00,10.8,10.85,10.5,10.55,3708600.0,0.0,1840.45,1842.75,1840.45,1841.05,1399100.0,3300.0
NIFTY,26-DEC-2024,26000.0,28-11-2024 13:16:00,10.55,10.55,10.4,10.45,3722825.0,32525.0,1847.0,1858.0,1847.0,1857.3,1399100.0,1775.0
NIFTY,26-DEC-2024,26000.0,28-11-2024 13:17:00,10.45,10.85,10.45,10.75,3722825.0,0.0,1857.3,1860.0,1846.0,1846.0,1405075.0,2000.0
NIFTY,26-DEC-2024,26000.0,28-11-2024 13:18:00,10.9,10.9,10.75,10.85,3722825.0,21450.0,1850.3,1855.7,1850.0,1850.0,1405075.0,1275.0
NIFTY,26-DEC-2024,26000.0,28-11-2024 13:19:00,10.9,10.9,10.6,10.6,3726075.0,0.0,1850.0,1850.0,1843.0,1850.0,1408225.0,6375.0
NIFTY,26-DEC-2024,26000.0,28-11-2024 13:20:00,10.75,10.75,10.6,10.7,3726075.0,0.0,1850.0,1850.0,1844.0,1849.15,1408225.0,3125.0
NIFTY,26-DEC-2024,26000.0,28-11-2024 13:21:00,10.6,10.65,10.6,10.65,3726075.0,0.0,1849.15,1849.15,1833.45,1836.85,1408225.0,325.0
NIFTY,26-DEC-2024,26000.0,28-11-2024 13:22:00,10.6,10.7,10.5,10.6,3728475.0,18250.0,1836.85,1836.85,1826.0,1826.0,1417525.0,100.0
NIFTY,26-DEC-2024,26000.0,28-11-2024 13:23:00,10.6,10.65,10.5,10.55,3728475.0,4225.0,1826.0,1826.0,1820.1,1824.95,1417525.0,275.0
NIFTY,26-DEC-2024,26000.0,28-11-2024 13:24:00,10.5,10.55,10.4,10.55,3728475.0,0.0,1824.95,1832.0,1824.95,1831.4,1417525.0,10000.0
NIFTY,26-DEC-2024,26000.0,28-11-2024 13:25:00,10.55,10.6,10.45,10.55,3733125.0,0.0,1831.4,1836.95,1828.25,1831.85,1430925.0,3450.0
NIFTY,26-DEC-2024,26000.0,28-11-2024 13:26:00,10.45,10.5,10.4,10.5,3733125.0,22100.0,1832.0,1832.0,1832.0,1832.0,1430925.0,175.0
NIFTY,26-DEC-2024,26000.0,28-11-2024 13:27:00,10.5,10.55,10.5,10.55,3733125.0,0.0,1832.0,1832.0,1820.0,1820.0,1430925.0,25.0
NIFTY,26-DEC-2024,26000.0,28-11-2024 13:28:00,10.5,10.5,10.4,10.5,3731350.0,4800.0,1820.0,1822.9,1818.0,1820.0,1431775.0,925.0
NIFTY,26-DEC-2024,26000.0,28-11-2024 13:29:00,10.6,10.6,10.55,10.6,3731350.0,0.0,1820.0,1820.0,1806.8,1814.1,1431775.0,600.0
NIFTY,26-DEC-2024,26000.0,28-11-2024 13:30:00,10.6,10.65,10.55,10.6,3731350.0,0.0,1814.1,1822.0,1814.1,1819.35,1431775.0,650.0
NIFTY,26-DEC-2024,26000.0,28-11-2024 13:31:00,10.6,10.7,10.6,10.6,3742675.0,0.0,1819.35,1819.35,1811.25,1813.55,1433375.0,125.0
NIFTY,26-DEC-2024,26000.0,28-11-2024 13:32:00,10.7,10.7,10.6,10.6,3742675.0,27275.0,1813.55,1813.55,1810.55,1813.45,1433375.0,200.0
NIFTY,26-DEC-2024,26000.0,28-11-2024 13:33:00,10.6,10.65,10.55,10.65,3742675.0,4875.0,1813.45,1814.65,1813.45,1814.65,1433375.0,25.0
NIFTY,26-DEC-2024,26000.0,28-11-2024 13:34:00,10.5,10.65,10.4,10.65,3757375.0,8350.0,1814.85,1819.95,1812.3,1812.35,1433950.0,350.0
NIFTY,26-DEC-2024,26000.0,28-11-2024 13:35:00,10.65,10.8,10.65,10.75,3757375.0,0.0,1812.35,1820.0,1812.35,1813.6,1433950.0,75.0
NIFTY,26-DEC-2024,26000.0,28-11-2024 13:36:00,10.7,10.85,10.7,10.8,3757375.0,3050.0,1813.6,1820.0,1813.6,1816.75,1433950.0,500.0
NIFTY,26-DEC-2024,26000.0,28-11-2024 13:37:00,10.65,10.7,10.6,10.6,3757625.0,0.0,1816.75,1826.75,1815.55,1826.75,1433950.0,550.0
NIFTY,26-DEC-2024,26000.0,28-11-2024 13:38:00,10.65,10.75,10.6,10.7,3757625.0,0.0,1826.75,1826.75,1824.95,1824.95,1434975.0,150.0
NIFTY,26-DEC-2024,26000.0,28-11-2024 13:39:00,10.55,10.65,10.5,10.5,3757625.0,16350.0,1824.95,1824.95,1815.0,1815.0,1434975.0,8600.0
NIFTY,26-DEC-2024,26000.0,28-11-2024 13:40:00,10.5,10.6,10.25,10.3,3761325.0,13075.0,1815.0,1828.1,1815.0,1823.05,1453100.0,12500.0
NIFTY,26-DEC-2024,26000.0,28-11-2024 13:41:00,10.3,10.4,10.25,10.4,3761325.0,12375.0,1823.05,1831.25,1821.35,1831.25,1453100.0,3350.0
NIFTY,26-DEC-2024,26000.0,28-11-2024 13:42:00,10.15,10.25,10.15,10.25,3761325.0,0.0,1831.25,1831.25,1819.05,1820.0,1453100.0,1825.0
NIFTY,26-DEC-2024,26000.0,28-11-2024 13:43:00,10.25,10.3,10.15,10.15,3763875.0,0.0,1820.0,1822.0,1813.65,1820.1,1460950.0,400.0
NIFTY,26-DEC-2024,26000.0,28-11-2024 13:44:00,10.1,10.25,10.1,10.1,3763875.0,0.0,1820.1,1834.95,1820.1,1830.65,1460950.0,600.0
NIFTY,26-DEC-2024,26000.0,28-11-2024 13:45:00,10.2,10.25,10.1,10.25,3763875.0,0.0,1830.65,1835.0,1830.5,1835.0,1460950.0,400.0
NIFTY,26-DEC-2024,26000.0,28-11-2024 13:46:00,10.2,10.3,10.15,10.3,3763875.0,26100.0,1835.0,1835.25,1828.5,1835.25,1460950.0,225.0
NIFTY,26-DEC-2024,26000.0,28-11-2024 13:47:00,10.2,10.3,10.05,10.1,3766225.0,5575.0,1835.25,1840.45,1824.35,1824.6,1462250.0,700.0
NIFTY,26-DEC-2024,26000.0,28-11-2024 13:48:00,10.1,10.25,10.05,10.05,3766225.0,0.0,1824.6,1841.75,1824.6,1840.95,1462250.0,525.0
NIFTY,26-DEC-2024,26000.0,28-11-2024 13:49:00,10.15,10.3,10.1,10.15,3764350.0,5775.0,1840.95,1840.95,1833.6,1833.6,1463350.0,375.0
NIFTY,26-DEC-2024,26000.0,28-11-2024 13:50:00,10.2,10.25,10.1,10.2,3764350.0,11075.0,1833.6,1837.0,1828.35,1831.9,1463350.0,7575.0
NIFTY,26-DEC-2024,26000.0,28-11-2024 13:51:00,10.1,10.2,10.05,10.1,3764350.0,8475.0,1831.9,1833.45,1825.2,1825.2,1463350.0,4725.0
NIFTY,26-DEC-2024,26000.0,28-11-2024 13:52:00,10.1,10.25,10.1,10.1,3768650.0,9775.0,1825.0,1829.15,1823.6,1826.9,1477125.0,4425.0
NIFTY,26-DEC-2024,26000.0,28-11-2024 13:53:00,10.1,10.2,10.1,10.15,3768650.0,2700.0,1826.9,1826.9,1823.7,1823.7,1477125.0,925.0
NIFTY,26-DEC-2024,26000.0,28-11-2024 13:54:00,10.1,10.2,10.1,10.1,3768650.0,0.0,1823.7,1829.3,1819.35,1820.0,1477125.0,675.0
NIFTY,26-DEC-2024,26000.0,28-11-2024 13:55:00,10.2,10.5,10.15,10.5,3770075.0,1450.0,1820.0,1820.0,1817.55,1820.0,1480700.0,600.0
NIFTY,26-DEC-2024,26000.0,28-11-2024 13:56:00,10.45,10.75,10.45,10.75,3770075.0,4775.0,1820.0,1821.4,1789.45,1790.0,1480700.0,200.0
NIFTY,26-DEC-2024,26000.0,28-11-2024 13:57:00,10.75,10.75,10.7,10.7,3770075.0,8800.0,1790.0,1802.0,1790.0,1791.05,1480700.0,950.0
NIFTY,26-DEC-2024,26000.0,28-11-2024 13:58:00,10.65,10.8,10.6,10.75,3775525.0,5750.0,1791.05,1791.05,1773.65,1773.65,1482025.0,125.0
NIFTY,26-DEC-2024,26000.0,28-11-2024 13:59:00,10.8,11.0,10.65,10.65,3775525.0,0.0,1773.65,1774.6,1764.95,1764.95,1482025.0,225.0
NIFTY,26-DEC-2024,26000.0,28-11-2024 14:00:00,10.65,10.7,10.3,10.7,3775525.0,0.0,1764.95,1790.0,1764.95,1781.85,1482025.0,1450.0
NIFTY,26-DEC-2024,26000.0,28-11-2024 14:01:00,10.45,10.5,10.3,10.3,3775800.0,27600.0,1781.85,1790.0,1781.85,1788.45,1483375.0,225.0
NIFTY,26-DEC-2024,26000.0,28-11-2024 14:02:00,10.3,10.65,10.3,10.55,3775800.0,7175.0,1788.45,1788.45,1762.0,1769.2,1483375.0,300.0
NIFTY,26-DEC-2024,26000.0,28-11-2024 14:03:00,10.5,10.6,10.25,10.45,3775800.0,8025.0,1761.35,1779.6,1761.35,1767.05,1483375.0,1450.0
NIFTY,26-DEC-2024,26000.0,28-11-2024 14:04:00,10.4,10.5,10.4,10.45,3777250.0,0.0,1767.05,1781.8,1759.0,1759.0,1484500.0,275.0
NIFTY,26-DEC-2024,26000.0,28-11-2024 14:05:00,10.45,10.55,10.35,10.5,3777250.0,7450.0,1765.0,1781.55,1765.0,1765.75,1484500.0,875.0
NIFTY,26-DEC-2024,26000.0,28-11-2024 14:06:00,10.5,10.55,10.5,10.55,3777250.0,0.0,1765.75,1765.75,1746.4,1746.4,1484500.0,1200.0
NIFTY,26-DEC-2024,26000.0,28-11-2024 14:07:00,10.5,10.7,10.5,10.7,3782475.0,0.0,1746.4,1746.4,1741.1,1741.1,1486075.0,25.0
NIFTY,26-DEC-2024,26000.0,28-11-2024 14:08:00,10.6,10.75,10.5,10.6,3782475.0,10425.0,1741.1,1755.2,1735.9,1748.8,1486075.0,1475.0
NIFTY,26-DEC-2024,26000.0,28-11-2024 14:09:00,10.5,10.65,10.4,10.65,3782475.0,4275.0,1748.8,1767.95,1748.8,1767.95,1486075.0,4725.0
NIFTY,26-DEC-2024,26000.0,28-11-2024 14:10:00,10.55,11.3,10.5,10.8,3787425.0,25050.0,1763.6,1790.0,1763.6,1790.0,1486075.0,800.0
NIFTY,26-DEC-2024,26000.0,28-11-2024 14:11:00,10.8,10.9,10.65,10.75,3787425.0,0.0,1790.0,1790.0,1782.35,1782.35,1489275.0,275.0
NIFTY,26-DEC-2024,26000.0,28-11-2024 14:12:00,10.7,10.7,10.1,10.1,3787425.0,0.0,1782.35,1848.85,1782.35,1847.9,1489275.0,350.0
NIFTY,26-DEC-2024,26000.0,28-11-2024 14:13:00,10.1,10.55,10.0,10.2,3795900.0,33125.0,1857.75,1932.05,1857.75,1932.05,1500900.0,17575.0
NIFTY,26-DEC-2024,26000.0,28-11-2024 14:14:00,10.25,10.6,10.0,10.15,3795900.0,0.0,1932.05,1932.05,1850.0,1850.0,1500900.0,275.0
NIFTY,26-DEC-2024,26000.0,28-11-2024 14:15:00,10.1,10.4,10.1,10.25,3795900.0,0.0,1850.0,1894.85,1850.0,1880.0,1500900.0,50.0
NIFTY,26-DEC-2024,26000.0,28-11-2024 14:16:00,10.45,10.45,10.2,10.25,3794675.0,41225.0,1880.0,1907.7,1880.0,1907.7,1502425.0,1225.0
NIFTY,26-DEC-2024,26000.0,28-11-2024 14:17:00,10.35,10.65,10.35,10.5,3794675.0,19600.0,1907.7,1909.35,1897.0,1909.35,1502425.0,1675.0
NIFTY,26-DEC-2024,26000.0,28-11-2024 14:18:00,10.5,10.65,10.4,10.45,3794675.0,46900.0,1900.0,1903.15,1883.5,1887.95,1502425.0,6625.0
NIFTY,26-DEC-2024,26000.0,28-11-2024 14:19:00,10.6,10.6,10.3,10.35,3805500.0,0.0,1887.95,1900.0,1883.2,1883.2,1510850.0,2325.0
NIFTY,26-DEC-2024,26000.0,28-11-2024 14:20:00,10.5,10.65,10.5,10.5,3805500.0,52775.0,1883.2,1903.45,1883.2,1903.45,1510850.0,400.0
NIFTY,26-DEC-2024,26000.0,28-11-2024 14:21:00,10.5,10.6,10.35,10.55,3805500.0,15600.0,1903.45,1903.45,1893.8,1900.0,1510850.0,650.0
NIFTY,26-DEC-2024,26000.0,28-11-2024 14:22:00,10.5,10.5,10.2,10.45,3805625.0,0.0,1900.0,1900.0,1896.9,1896.9,1510850.0,150.0
NIFTY,26-DEC-2024,26000.0,28-11-2024 14:23:00,10.45,10.65,10.45,10.6,3805625.0,58375.0,1889.05,1894.95,1887.75,1889.7,1513450.0,1125.0
NIFTY,26-DEC-2024,26000.0,28-11-2024 14:24:00,10.5,10.8,10.5,10.8,3805625.0,0.0,1889.35,1899.95,1884.15,1891.45,1513450.0,2375.0
NIFTY,26-DEC-2024,26000.0,28-11-2024 14:25:00,10.7,11.05,10.7,10.8,3806625.0,28450.0,1890.6,1890.6,1861.85,1861.85,1515425.0,3300.0
NIFTY,26-DEC-2024,26000.0,28-11-2024 14:26:00,10.8,10.95,10.6,10.6,3806625.0,13575.0,1861.85,1870.0,1859.6,1860.1,1515425.0,1400.0
NIFTY,26-DEC-2024,26000.0,28-11-2024 14:27:00,10.6,10.75,10.45,10.75,3806625.0,21550.0,1860.1,1871.4,1858.2,1860.55,1515425.0,5475.0
NIFTY,26-DEC-2024,26000.0,28-11-2024 14:28:00,10.7,10.75,10.6,10.6,3795675.0,0.0,1858.55,1865.25,1852.4,1852.4,1524550.0,2800.0
NIFTY,26-DEC-2024,26000.0,28-11-2024 14:29:00,10.75,10.95,10.6,10.6,3795675.0,17300.0,1852.4,1852.4,1820.55,1833.7,1524550.0,900.0
NIFTY,26-DEC-2024,26000.0,28-11-2024 14:30:00,10.6,10.7,10.5,10.7,3795675.0,0.0,1838.2,1853.5,1825.3,1825.3,1524550.0,2600.0
NIFTY,26-DEC-2024,26000.0,28-11-2024 14:31:00,10.7,10.9,10.7,10.8,3795500.0,8875.0,1825.3,1825.3,1813.65,1813.65,1527650.0,100.0
NIFTY,26-DEC-2024,26000.0,28-11-2024 14:32:00,10.75,10.85,10.65,10.7,3795500.0,5675.0,1808.25,1811.4,1801.0,1801.0,1527650.0,650.0
NIFTY,26-DEC-2024,26000.0,28-11-2024 14:33:00,10.75,10.75,10.5,10.5,3795500.0,13850.0,1801.0,1829.55,1801.0,1821.55,1527650.0,1875.0
NIFTY,26-DEC-2024,26000.0,28-11-2024 14:34:00,10.5,10.75,10.45,10.6,3796175.0,0.0,1822.1,1831.45,1811.35,1826.6,1532975.0,4475.0
NIFTY,26-DEC-2024,26000.0,28-11-2024 14:35:00,10.6,10.65,10.4,10.65,3796175.0,13950.0,1826.6,1859.7,1826.6,1855.0,1532975.0,450.0
NIFTY,26-DEC-2024,26000.0,28-11-2024 14:36:00,10.7,10.8,10.65,10.65,3796175.0,10100.0,1839.85,1839.85,1830.1,1830.1,1532975.0,1150.0
NIFTY,26-DEC-2024,26000.0,28-11-2024 14:37:00,10.65,10.9,10.65,10.8,3796675.0,7975.0,1842.45,1845.55,1840.35,1840.35,1532975.0,700.0
NIFTY,26-DEC-2024,26000.0,28-11-2024 14:38:00,10.75,10.8,10.65,10.65,3796675.0,1425.0,1843.3,1850.0,1842.85,1850.0,1534425.0,950.0
NIFTY,26-DEC-2024,26000.0,28-11-2024 14:39:00,10.65,10.7,10.6,10.6,3796675.0,5200.0,1850.0,1855.1,1850.0,1853.2,1534425.0,300.0
NIFTY,26-DEC-2024,26000.0,28-11-2024 14:40:00,10.7,10.75,10.5,10.55,3797300.0,0.0,1858.7,1880.0,1858.7,1878.35,1536200.0,1650.0
NIFTY,26-DEC-2024,26000.0,28-11-2024 14:41:00,10.6,10.65,10.55,10.55,3797300.0,9750.0,1878.35,1884.85,1867.05,1873.85,1536200.0,6075.0
NIFTY,26-DEC-2024,26000.0,28-11-2024 14:42:00,10.6,10.65,10.55,10.55,3797300.0,10650.0,1870.85,1882.15,1869.25,1875.9,1536200.0,6625.0
NIFTY,26-DEC-2024,26000.0,28-11-2024 14:43:00,10.65,10.7,10.5,10.6,3798400.0,11475.0,1875.9,1886.7,1875.9,1876.75,1549750.0,275.0
NIFTY,26-DEC-2024,26000.0,28-11-2024 14:44:00,10.6,10.7,10.5,10.55,3798400.0,13500.0,1876.75,1879.0,1870.0,1879.0,1549750.0,525.0
NIFTY,26-DEC-2024,26000.0,28-11-2024 14:45:00,10.65,10.65,10.5,10.5,3798400.0,0.0,1879.0,1884.0,1874.9,1882.45,1549750.0,0.0
NIFTY,26-DEC-2024,26000.0,28-11-2024 14:46:00,10.45,10.7,10.45,10.65,3800125.0,0.0,1886.0,1889.0,1878.25,1878.25,1550400.0,925.0
NIFTY,26-DEC-2024,26000.0,28-11-2024 14:47:00,10.7,10.75,10.55,10.75,3800125.0,42150.0,1878.25,1881.3,1874.15,1874.15,1550400.0,125.0
NIFTY,26-DEC-2024,26000.0,28-11-2024 14:48:00,10.65,10.75,10.6,10.75,3800125.0,4975.0,1874.15,1880.0,1873.6,1880.0,1550400.0,350.0
NIFTY,26-DEC-2024,26000.0,28-11-2024 14:49:00,10.85,10.85,10.35,10.5,3805850.0,6625.0,1875.0,1881.85,1875.0,1881.25,1550400.0,1175.0
NIFTY,26-DEC-2024,26000.0,28-11-2024 14:50:00,10.35,10.35,10.2,10.25,3805850.0,9875.0,1881.25,1881.25,1872.05,1872.5,1551875.0,750.0
NIFTY,26-DEC-2024,26000.0,28-11-2024 14:51:00,10.25,10.9,10.2,10.7,3805850.0,53400.0,1871.0,1876.3,1866.1,1866.1,1551875.0,0.0
NIFTY,26-DEC-2024,26000.0,28-11-2024 14:52:00,10.7,10.85,10.6,10.8,3869600.0,32225.0,1858.85,1864.85,1853.25,1864.85,1553250.0,1200.0
NIFTY,26-DEC-2024,26000.0,28-11-2024 14:53:00,10.75,10.75,10.65,10.7,3869600.0,0.0,1866.15,1870.3,1861.2,1870.3,1553250.0,375.0
NIFTY,26-DEC-2024,26000.0,28-11-2024 14:54:00,10.7,10.8,10.5,10.6,3869600.0,5450.0,1868.7,1868.7,1861.3,1866.1,1553250.0,150.0
NIFTY,26-DEC-2024,26000.0,28-11-2024 14:55:00,10.55,10.6,10.3,10.3,3872950.0,0.0,1866.1,1876.35,1866.1,1875.05,1554225.0,250.0
NIFTY,26-DEC-2024,26000.0,28-11-2024 14:56:00,10.25,10.35,10.15,10.15,3872950.0,50375.0,1875.6,1878.1,1875.6,1878.1,1554225.0,0.0
NIFTY,26-DEC-2024,26000.0,28-11-2024 14:57:00,10.2,10.2,10.05,10.05,3872950.0,0.0,1873.65,1875.0,1864.4,1865.35,1554225.0,2750.0
NIFTY,26-DEC-2024,26000.0,28-11-2024 14:58:00,10.1,10.15,10.1,10.1,3853300.0,24000.0,1867.0,1882.0,1865.55,1879.35,1557400.0,625.0
NIFTY,26-DEC-2024,26000.0,28-11-2024 14:59:00,10.1,10.15,10.05,10.1,3853300.0,14150.0,1877.4,1893.95,1877.0,1893.95,1557400.0,4300.0
NIFTY,26-DEC-2024,26000.0,28-11-2024 15:00:00,10.05,10.1,10.0,10.1,3853300.0,0.0,1889.6,1914.5,1889.6,1901.1,1557400.0,525.0
NIFTY,26-DEC-2024,26000.0,28-11-2024 15:01:00,10.0,10.05,9.95,10.0,3872925.0,15725.0,1912.0,1912.0,1912.0,1912.0,1557400.0,725.0
NIFTY,26-DEC-2024,26000.0,28-11-2024 15:02:00,10.0,10.05,9.95,10.05,3872925.0,18825.0,1912.0,1912.0,1907.0,1907.0,1562250.0,125.0
NIFTY,26-DEC-2024,26000.0,28-11-2024 15:03:00,10.1,10.3,9.9,10.25,3872925.0,24550.0,1897.25,1900.45,1895.0,1900.45,1562250.0,1775.0
NIFTY,26-DEC-2024,26000.0,28-11-2024 15:04:00,10.15,10.2,10.05,10.15,3870325.0,17775.0,1903.85,1904.6,1903.8,1903.8,1563075.0,1650.0
NIFTY,26-DEC-2024,26000.0,28-11-2024 15:05:00,10.15,10.15,9.9,9.9,3870325.0,0.0,1904.0,1910.4,1900.0,1907.2,1563075.0,0.0
NIFTY,26-DEC-2024,26000.0,28-11-2024 15:06:00,10.0,10.0,9.85,9.9,3870325.0,18900.0,1907.1,1907.1,1900.0,1900.0,1563075.0,1375.0
NIFTY,26-DEC-2024,26000.0,28-11-2024 15:07:00,9.9,10.0,9.9,9.95,3879725.0,0.0,1904.2,1904.2,1901.65,1903.0,1564875.0,950.0
NIFTY,26-DEC-2024,26000.0,28-11-2024 15:08:00,9.95,10.0,9.9,9.9,3879725.0,15350.0,1905.0,1906.95,1899.7,1900.65,1564875.0,750.0
NIFTY,26-DEC-2024,26000.0,28-11-2024 15:09:00,9.9,10.0,9.85,9.95,3879725.0,10700.0,1905.0,1907.5,1902.15,1906.85,1564875.0,1525.0
NIFTY,26-DEC-2024,26000.0,28-11-2024 15:10:00,9.85,9.95,9.85,9.9,3885000.0,0.0,1906.85,1906.85,1900.0,1902.85,1564875.0,275.0
NIFTY,26-DEC-2024,26000.0,28-11-2024 15:11:00,9.85,9.9,9.8,9.8,3885000.0,13250.0,1895.85,1899.0,1895.0,1896.0,1565625.0,275.0
NIFTY,26-DEC-2024,26000.0,28-11-2024 15:12:00,9.75,9.85,9.75,9.8,3885000.0,10075.0,1896.0,1897.5,1892.55,1892.55,1565625.0,250.0
NIFTY,26-DEC-2024,26000.0,28-11-2024 15:13:00,9.8,9.85,9.7,9.8,3890500.0,19975.0,1892.0,1892.0,1884.05,1889.95,1567350.0,2275.0
NIFTY,26-DEC-2024,26000.0,28-11-2024 15:14:00,9.8,9.85,9.5,9.6,3890500.0,0.0,1882.85,1883.7,1875.0,1875.05,1567350.0,800.0
NIFTY,26-DEC-2024,26000.0,28-11-2024 15:15:00,9.75,9.75,9.7,9.7,3890500.0,0.0,1870.45,1874.0,1870.45,1872.5,1567350.0,0.0
NIFTY,26-DEC-2024,26000.0,28-11-2024 15:16:00,9.7,9.9,9.65,9.9,3905000.0,40950.0,1872.5,1872.5,1861.25,1863.25,1570850.0,2300.0
NIFTY,26-DEC-2024,26000.0,28-11-2024 15:17:00,9.9,9.9,9.8,9.85,3905000.0,7525.0,1860.8,1861.1,1857.6,1859.7,1570850.0,3225.0
NIFTY,26-DEC-2024,26000.0,28-11-2024 15:18:00,9.8,9.9,9.75,9.9,3905000.0,0.0,1860.0,1860.0,1857.35,1857.35,1570850.0,4225.0
NIFTY,26-DEC-2024,26000.0,28-11-2024 15:19:00,9.85,9.9,9.8,9.8,3910600.0,0.0,1857.35,1861.45,1853.65,1859.95,1578300.0,1000.0
NIFTY,26-DEC-2024,26000.0,28-11-2024 15:20:00,9.8,10.1,9.8,9.9,3910600.0,0.0,1855.0,1865.7,1854.3,1863.5,1578300.0,16150.0
NIFTY,26-DEC-2024,26000.0,28-11-2024 15:21:00,9.85,9.95,9.7,9.7,3910600.0,59075.0,1860.25,1862.6,1849.45,1849.45,1578300.0,10025.0
NIFTY,26-DEC-2024,26000.0,28-11-2024 15:22:00,9.7,9.8,9.7,9.75,3917750.0,0.0,1849.45,1851.95,1845.1,1846.15,1602050.0,3950.0
NIFTY,26-DEC-2024,26000.0,28-11-2024 15:23:00,9.75,9.9,9.75,9.9,3917750.0,0.0,1844.95,1845.2,1837.15,1837.3,1602050.0,2100.0
NIFTY,26-DEC-2024,26000.0,28-11-2024 15:24:00,9.8,9.85,9.7,9.8,3917750.0,32350.0,1837.3,1842.4,1834.55,1834.55,1602050.0,450.0
NIFTY,26-DEC-2024,26000.0,28-11-2024 15:25:00,9.85,9.85,9.7,9.85,3928275.0,0.0,1834.55,1839.95,1830.3,1839.95,1605025.0,2775.0
NIFTY,26-DEC-2024,26000.0,28-11-2024 15:26:00,9.75,9.8,9.6,9.65,3928275.0,39950.0,1835.2,1840.0,1835.2,1840.0,1605025.0,700.0
NIFTY,26-DEC-2024,26000.0,28-11-2024 15:27:00,9.7,9.8,9.5,9.6,3928275.0,22475.0,1840.0,1840.0,1836.05,1836.5,1605025.0,800.0
NIFTY,26-DEC-2024,26000.0,28-11-2024 15:28:00,9.55,9.6,9.4,9.4,3939525.0,18175.0,1836.5,1847.0,1836.5,1847.0,1605025.0,1100.0
NIFTY,26-DEC-2024,26000.0,28-11-2024 15:29:00,9.4,9.5,9.0,9.0,3939525.0,0.0,1844.25,1852.45,1841.5,1841.5,1607575.0,675.0
NIFTY,26-DEC-2024,26000.0,29-11-2024 09:15:00,,,,,,,1863.95,1864.0,1863.95,1864.0,1608300.0,225.0
NIFTY,26-DEC-2024,26000.0,29-11-2024 09:16:00,9.85,9.85,9.05,9.35,3941800.0,5750.0,1856.75,1861.0,1849.9,1849.9,1608300.0,1050.0
NIFTY,26-DEC-2024,26000.0,29-11-2024 09:17:00,8.35,9.15,8.35,9.15,3941800.0,20350.0,1849.9,1849.9,1843.25,1843.25,1608300.0,1025.0
NIFTY,26-DEC-2024,26000.0,29-11-2024 09:18:00,9.05,9.05,9.05,9.05,3946850.0,11125.0,,,,,,
NIFTY,26-DEC-2024,26000.0,29-11-2024 09:19:00,,,,,,,1850.0,1860.0,1850.0,1860.0,1610250.0,650.0
NIFTY,26-DEC-2024,26000.0,29-11-2024 09:20:00,9.0,9.0,9.0,9.0,3946850.0,13200.0,1840.0,1840.0,1840.0,1840.0,1610250.0,75.0
NIFTY,26-DEC-2024,26000.0,29-11-2024 09:21:00,9.0,9.0,9.0,9.0,3958800.0,12600.0,,,,,,
NIFTY,26-DEC-2024,26000.0,29-11-2024 09:22:00,9.0,9.0,9.0,9.0,3958800.0,19000.0,1848.0,1848.0,1848.0,1848.0,1610875.0,200.0
NIFTY,26-DEC-2024,26000.0,29-11-2024 09:23:00,9.15,9.15,9.15,9.15,3974975.0,4675.0,1855.75,1855.75,1855.75,1855.75,1610875.0,25.0
NIFTY,26-DEC-2024,26000.0,29-11-2024 09:24:00,,,,,,,1860.0,1869.0,1860.0,1869.0,1611075.0,475.0
NIFTY,26-DEC-2024,26000.0,29-11-2024 09:25:00,8.95,8.95,8.95,8.95,3974975.0,13875.0,1873.5,1873.5,1873.5,1873.5,1611075.0,100.0
NIFTY,26-DEC-2024,26000.0,29-11-2024 09:26:00,8.65,8.65,8.65,8.65,3974975.0,10200.0,1869.0,1869.0,1855.85,1855.85,1611075.0,525.0
NIFTY,26-DEC-2024,26000.0,29-11-2024 09:27:00,8.8,8.8,8.8,8.8,3981400.0,27800.0,1820.0,1826.4,1817.75,1824.1,1611325.0,250.0
NIFTY,26-DEC-2024,26000.0,29-11-2024 09:28:00,8.7,8.7,8.7,8.7,3981400.0,20150.0,1824.0,1824.0,1818.15,1818.15,1611325.0,250.0
NIFTY,26-DEC-2024,26000.0,29-11-2024 09:29:00,8.95,8.95,8.95,8.95,3982300.0,1750.0,1808.1,1808.1,1807.0,1807.0,1611575.0,100.0
NIFTY,26-DEC-2024,26000.0,29-11-2024 09:30:00,,,,,,,1810.0,1813.35,1810.0,1813.35,1611575.0,100.0
NIFTY,26-DEC-2024,26000.0,29-11-2024 09:31:00,8.85,8.85,8.85,8.85,3982300.0,18575.0,1810.0,1810.0,1810.0,1810.0,1611575.0,50.0
NIFTY,26-DEC-2024,26000.0,29-11-2024 09:32:00,9.15,9.15,9.15,9.15,3982300.0,12175.0,1813.85,1814.0,1807.15,1814.0,1611750.0,1725.0
NIFTY,26-DEC-2024,26000.0,29-11-2024 09:33:00,9.25,9.25,9.25,9.25,3985175.0,17275.0,1814.0,1814.0,1802.0,1802.0,1611750.0,3425.0
NIFTY,26-DEC-2024,26000.0,29-11-2024 09:34:00,,,,,,,1786.5,1786.55,1786.5,1786.55,1611750.0,250.0
NIFTY,26-DEC-2024,26000.0,29-11-2024 09:35:00,9.35,9.35,9.35,9.35,3985175.0,10050.0,1790.5,1790.5,1790.5,1790.5,1611750.0,25.0
NIFTY,26-DEC-2024,26000.0,29-11-2024 09:36:00,9.2,9.2,9.2,9.2,3987450.0,15550.0,1808.1,1821.4,1808.1,1821.4,1607100.0,350.0
NIFTY,26-DEC-2024,26000.0,29-11-2024 09:37:00,9.05,9.05,9.05,9.05,3987450.0,7500.0,1816.65,1829.7,1813.4,1820.35,1607100.0,450.0
NIFTY,26-DEC-2024,26000.0,29-11-2024 09:38:00,9.25,9.25,9.25,9.25,3986625.0,7550.0,1813.75,1819.8,1813.75,1818.85,1607100.0,1250.0
NIFTY,26-DEC-2024,26000.0,29-11-2024 09:39:00,,,,,,,1815.35,1815.55,1808.05,1808.05,1605350.0,400.0
NIFTY,26-DEC-2024,26000.0,29-11-2024 09:40:00,9.3,9.3,9.3,9.3,3986625.0,11275.0,1810.4,1819.95,1810.4,1819.95,1605350.0,100.0
NIFTY,26-DEC-2024,26000.0,29-11-2024 09:41:00,9.25,9.25,9.25,9.25,3986625.0,11725.0,1817.05,1839.4,1817.05,1839.4,1605350.0,150.0
NIFTY,26-DEC-2024,26000.0,29-11-2024 09:42:00,9.15,9.15,9.15,9.15,3994850.0,13950.0,1841.55,1841.55,1836.0,1837.0,1604750.0,275.0
NIFTY,26-DEC-2024,26000.0,29-11-2024 09:43:00,9.15,9.15,9.15,9.15,3994850.0,3950.0,1817.3,1817.3,1809.4,1809.4,1604750.0,750.0
NIFTY,26-DEC-2024,26000.0,29-11-2024 09:44:00,,,,,,,1827.05,1833.1,1826.8,1833.0,1604750.0,275.0
NIFTY,26-DEC-2024,26000.0,29-11-2024 09:45:00,9.0,9.0,9.0,9.0,3996975.0,1575.0,1822.0,1822.0,1819.6,1819.6,1604200.0,50.0
NIFTY,26-DEC-2024,26000.0,29-11-2024 09:46:00,9.2,9.2,9.2,9.2,3996975.0,2375.0,1817.0,1818.7,1809.6,1809.6,1604200.0,1250.0
NIFTY,26-DEC-2024,26000.0,29-11-2024 09:47:00,9.2,9.2,9.2,9.2,3996975.0,2150.0,1810.0,1810.0,1800.0,1800.0,1602875.0,575.0
NIFTY,26-DEC-2024,26000.0,29-11-2024 09:48:00,,,,,,,1805.6,1813.2,1800.0,1813.2,1602875.0,275.0
NIFTY,26-DEC-2024,26000.0,29-11-2024 09:49:00,9.05,9.05,9.05,9.05,3997650.0,3875.0,1813.2,1813.2,1794.75,1796.3,1602875.0,150.0
NIFTY,26-DEC-2024,26000.0,29-11-2024 09:50:00,9.3,9.3,9.3,9.3,3997650.0,8575.0,1787.9,1787.9,1775.85,1780.1,1602875.0,2575.0
NIFTY,26-DEC-2024,26000.0,29-11-2024 09:51:00,9.15,9.15,9.15,9.15,3991350.0,9475.0,1790.0,1790.0,1790.0,1790.0,1600100.0,50.0
NIFTY,26-DEC-2024,26000.0,29-11-2024 09:52:00,9.15,9.15,9.15,9.15,3991350.0,6875.0,1789.85,1791.45,1786.8,1786.85,1600100.0,325.0
NIFTY,26-DEC-2024,26000.0,29-11-2024 09:53:00,,,,,,,1786.85,1790.5,1778.0,1790.5,1597425.0,2900.0
NIFTY,26-DEC-2024,26000.0,29-11-2024 09:54:00,9.2,9.2,9.2,9.2,3989300.0,3425.0,1789.55,1789.55,1770.0,1774.7,1597425.0,5100.0
NIFTY,26-DEC-2024,26000.0,29-11-2024 09:55:00,9.3,9.3,9.3,9.3,3989300.0,12950.0,1777.4,1791.0,1770.05,1791.0,1597425.0,1225.0
NIFTY,26-DEC-2024,26000.0,29-11-2024 09:56:00,9.25,9.25,9.25,9.25,3990175.0,15075.0,1791.0,1806.05,1788.15,1794.25,1590775.0,600.0
NIFTY,26-DEC-2024,26000.0,29-11-2024 09:57:00,,,,,,,1799.65,1799.65,1788.5,1789.4,1590775.0,350.0
NIFTY,26-DEC-2024,26000.0,29-11-2024 09:58:00,9.5,9.5,9.5,9.5,3990175.0,11850.0,1795.1,1795.1,1782.9,1783.1,1590775.0,725.0
NIFTY,26-DEC-2024,26000.0,29-11-2024 09:59:00,9.35,9.35,9.35,9.35,3990175.0,14550.0,1786.2,1790.8,1765.0,1765.0,1586650.0,3900.0
NIFTY,26-DEC-2024,26000.0,29-11-2024 10:00:00,,,,,,,1763.7,1776.05,1763.7,1772.25,1586650.0,850.0
NIFTY,26-DEC-2024,26000.0,29-11-2024 10:01:00,9.1,9.1,9.1,9.1,3987075.0,11975.0,1783.25,1788.35,1783.25,1788.35,1586650.0,75.0
NIFTY,26-DEC-2024,26000.0,29-11-2024 10:02:00,9.15,9.15,9.15,9.15,3987075.0,11100.0,,,,,,
NIFTY,26-DEC-2024,26000.0,29-11-2024 10:03:00,9.4,9.4,9.4,9.4,3988150.0,3725.0,1780.0,1781.75,1780.0,1781.75,1586200.0,125.0
NIFTY,26-DEC-2024,26000.0,29-11-2024 10:04:00,9.15,9.15,9.15,9.15,3988150.0,14325.0,1776.15,1780.1,1775.0,1780.1,1586200.0,175.0
NIFTY,26-DEC-2024,26000.0,29-11-2024 10:06:00,9.0,9.0,9.0,9.0,3985100.0,16425.0,1805.0,1812.7,1805.0,1812.7,1586025.0,625.0
NIFTY,26-DEC-2024,26000.0,29-11-2024 10:07:00,8.8,8.8,8.8,8.8,3985100.0,22850.0,1815.45,1815.45,1815.45,1815.45,1586025.0,25.0
NIFTY,26-DEC-2024,26000.0,29-11-2024 10:09:00,8.8,8.8,8.8,8.8,3982550.0,21425.0,1805.05,1805.05,1805.05,1805.05,1585475.0,100.0
NIFTY,26-DEC-2024,26000.0,29-11-2024 10:10:00,8.65,8.65,8.65,8.65,3982550.0,15700.0,,,,,,
NIFTY,26-DEC-2024,26000.0,29-11-2024 10:11:00,8.65,8.65,8.65,8.65,3982550.0,10100.0,1803.6,1820.0,1803.6,1820.0,1585475.0,100.0
NIFTY,26-DEC-2024,26000.0,29-11-2024 10:12:00,,,,,,,1823.1,1835.0,1823.1,1835.0,1585375.0,150.0
NIFTY,26-DEC-2024,26000.0,29-11-2024 10:13:00,8.5,8.5,8.5,8.5,3982875.0,15600.0,1838.65,1838.65,1838.65,1838.65,1585375.0,100.0
NIFTY,26-DEC-2024,26000.0,29-11-2024 10:14:00,8.45,8.45,8.45,8.45,3982875.0,9350.0,1835.0,1851.65,1835.0,1851.65,1585375.0,500.0
NIFTY,26-DEC-2024,26000.0,29-11-2024 10:15:00,8.6,8.6,8.6,8.6,3992175.0,18625.0,1851.65,1855.5,1850.75,1855.5,1585350.0,200.0
NIFTY,26-DEC-2024,26000.0,29-11-2024 10:17:00,8.55,8.55,8.55,8.55,3992175.0,5975.0,1850.0,1856.3,1850.0,1856.3,1585350.0,100.0
NIFTY,26-DEC-2024,26000.0,29-11-2024 10:18:00,8.65,8.65,8.65,8.65,3982325.0,5350.0,,,,,,
NIFTY,26-DEC-2024,26000.0,29-11-2024 10:19:00,8.1,8.45,8.1,8.45,3982325.0,13600.0,1846.35,1846.35,1840.0,1840.0,1585300.0,1900.0
NIFTY,26-DEC-2024,26000.0,29-11-2024 10:20:00,8.45,8.45,8.45,8.45,3973850.0,5400.0,1849.0,1849.0,1834.9,1834.9,1587175.0,75.0
NIFTY,26-DEC-2024,26000.0,29-11-2024 10:21:00,,,,,,,1840.0,1840.0,1823.3,1823.3,1587175.0,75.0
NIFTY,26-DEC-2024,26000.0,29-11-2024 10:22:00,8.3,8.3,8.3,8.3,3973850.0,9125.0,1831.2,1840.0,1831.2,1840.0,1587175.0,125.0
NIFTY,26-DEC-2024,26000.0,29-11-2024 10:23:00,8.4,8.4,8.4,8.4,3973850.0,4150.0,1841.5,1841.5,1839.0,1839.0,1587175.0,175.0
NIFTY,26-DEC-2024,26000.0,29-11-2024 10:24:00,8.4,8.4,8.4,8.4,3972925.0,6575.0,1844.0,1844.0,1844.0,1844.0,1586950.0,25.0
NIFTY,26-DEC-2024,26000.0,29-11-2024 10:25:00,,,,,,,1833.8,1833.8,1833.8,1833.8,1586950.0,25.0
NIFTY,26-DEC-2024,26000.0,29-11-2024 10:26:00,8.35,8.35,8.35,8.35,3972925.0,5725.0,1831.6,1831.6,1830.0,1830.0,1586950.0,50.0
NIFTY,26-DEC-2024,26000.0,29-11-2024 10:27:00,8.6,8.6,8.6,8.6,3974350.0,3350.0,1801.0,1801.0,1790.6,1790.6,1586900.0,475.0
NIFTY,26-DEC-2024,26000.0,29-11-2024 10:28:00,8.6,8.6,8.6,8.6,3974350.0,14700.0,1790.7,1790.7,1790.7,1790.7,1586900.0,25.0
NIFTY,26-DEC-2024,26000.0,29-11-2024 10:29:00,,,,,,,1799.0,1799.0,1792.0,1792.0,1586900.0,150.0
NIFTY,26-DEC-2024,26000.0,29-11-2024 10:30:00,8.8,8.8,8.8,8.8,3971700.0,9975.0,1790.0,1790.0,1790.0,1790.0,1586325.0,75.0
NIFTY,26-DEC-2024,26000.0,29-11-2024 10:31:00,8.8,8.8,8.8,8.8,3971700.0,10575.0,,,,,,
NIFTY,26-DEC-2024,26000.0,29-11-2024 10:32:00,,,,,,,1777.0,1777.0,1738.15,1738.15,1586325.0,725.0
NIFTY,26-DEC-2024,26000.0,29-11-2024 10:33:00,9.15,9.15,9.15,9.15,3971625.0,9525.0,1740.0,1740.0,1720.0,1722.15,1585650.0,1175.0
NIFTY,26-DEC-2024,26000.0,29-11-2024 10:34:00,9.3,9.3,9.3,9.3,3971625.0,23100.0,1727.45,1733.8,1727.45,1733.8,1585650.0,750.0
NIFTY,26-DEC-2024,26000.0,29-11-2024 10:35:00,9.25,9.25,9.25,9.25,3971625.0,13200.0,1729.8,1729.8,1729.8,1729.8,1585650.0,25.0
NIFTY,26-DEC-2024,26000.0,29-11-2024 10:37:00,9.5,9.5,9.5,9.5,3973325.0,16475.0,1722.8,1733.45,1715.0,1724.95,1585100.0,375.0
NIFTY,26-DEC-2024,26000.0,29-11-2024 10:38:00,9.25,9.25,9.25,9.25,3973325.0,24250.0,1720.0,1720.0,1720.0,1720.0,1585100.0,175.0
NIFTY,26-DEC-2024,26000.0,29-11-2024 10:39:00,9.3,9.3,9.3,9.3,3976950.0,25300.0,,,,,,
NIFTY,26-DEC-2024,26000.0,29-11-2024 10:40:00,,,,,,,1720.0,1722.6,1710.0,1722.6,1585450.0,1175.0
NIFTY,26-DEC-2024,26000.0,29-11-2024 10:41:00,9.15,9.15,9.15,9.15,3976950.0,5200.0,1725.0,1729.0,1725.0,1729.0,1585450.0,2150.0
NIFTY,26-DEC-2024,26000.0,29-11-2024 10:42:00,9.2,9.2,9.2,9.2,3981250.0,8175.0,1732.0,1732.0,1722.6,1722.6,1584450.0,400.0
NIFTY,26-DEC-2024,26000.0,29-11-2024 10:43:00,9.15,9.15,9.15,9.15,3981250.0,3075.0,1730.0,1730.0,1730.0,1730.0,1584450.0,275.0
NIFTY,26-DEC-2024,26000.0,29-11-2024 10:44:00,,,,,,,1753.7,1760.55,1753.7,1760.55,1584450.0,250.0
NIFTY,26-DEC-2024,26000.0,29-11-2024 10:45:00,8.7,8.7,8.7,8.7,3985275.0,32350.0,1755.0,1755.0,1746.5,1746.5,1584125.0,350.0
NIFTY,26-DEC-2024,26000.0,29-11-2024 10:46:00,8.95,8.95,8.95,8.95,3985275.0,21150.0,1746.5,1746.5,1745.7,1745.7,1584125.0,75.0
NIFTY,26-DEC-2024,26000.0,29-11-2024 10:47:00,9.0,9.0,9.0,9.0,3985275.0,6750.0,1737.05,1739.8,1733.0,1739.8,1584125.0,175.0
NIFTY,26-DEC-2024,26000.0,29-11-2024 10:48:00,,,,,,,1727.0,1727.0,1716.4,1722.85,1584075.0,2750.0
NIFTY,26-DEC-2024,26000.0,29-11-2024 10:49:00,9.15,9.15,9.15,9.15,3991325.0,16850.0,1724.5,1729.95,1715.0,1726.6,1584075.0,1300.0
NIFTY,26-DEC-2024,26000.0,29-11-2024 10:50:00,9.25,9.25,9.25,9.25,3991325.0,14000.0,1725.6,1725.6,1715.0,1718.2,1584075.0,1475.0
NIFTY,26-DEC-2024,26000.0,29-11-2024 10:51:00,9.3,9.3,9.3,9.3,3993650.0,7275.0,1720.85,1724.7,1711.2,1716.25,1578725.0,1725.0
NIFTY,26-DEC-2024,26000.0,29-11-2024 10:52:00,,,,,,,1717.65,1722.8,1708.85,1722.8,1578725.0,1375.0
NIFTY,26-DEC-2024,26000.0,29-11-2024 10:53:00,9.2,9.2,9.2,9.2,3993650.0,14000.0,1724.25,1724.25,1717.95,1717.95,1578725.0,375.0
NIFTY,26-DEC-2024,26000.0,29-11-2024 10:54:00,9.05,9.05,9.05,9.05,3996375.0,56050.0,1722.95,1722.95,1722.95,1722.95,1575650.0,25.0
NIFTY,26-DEC-2024,26000.0,29-11-2024 10:55:00,8.7,8.7,8.7,8.7,3996375.0,32325.0,1743.55,1752.8,1743.55,1752.8,1575650.0,425.0
NIFTY,26-DEC-2024,26000.0,29-11-2024 10:56:00,,,,,,,1743.6,1743.6,1743.6,1743.6,1575650.0,50.0
NIFTY,26-DEC-2024,26000.0,29-11-2024 10:57:00,8.85,8.85,8.85,8.85,3998675.0,13275.0,1717.0,1717.0,1717.0,1717.0,1575700.0,25.0
NIFTY,26-DEC-2024,26000.0,29-11-2024 10:58:00,9.2,9.2,9.2,9.2,3998675.0,21725.0,1741.8,1741.8,1741.8,1741.8,1575700.0,100.0
NIFTY,26-DEC-2024,26000.0,29-11-2024 10:59:00,9.2,9.2,9.2,9.2,3998675.0,7375.0,1735.05,1735.05,1716.0,1723.15,1575700.0,550.0
NIFTY,26-DEC-2024,26000.0,29-11-2024 11:00:00,9.15,9.15,9.15,9.15,3999475.0,4175.0,1713.65,1713.65,1709.8,1709.8,1575600.0,150.0
NIFTY,26-DEC-2024,26000.0,29-11-2024 11:02:00,9.2,9.2,9.2,9.2,3999475.0,8425.0,1725.85,1726.5,1725.35,1725.5,1575600.0,500.0
NIFTY,26-DEC-2024,26000.0,29-11-2024 11:03:00,9.3,9.3,9.3,9.3,4001375.0,7475.0,,,,,,
NIFTY,26-DEC-2024,26000.0,29-11-2024 11:04:00,9.3,9.3,9.3,9.3,4001375.0,4875.0,1720.05,1720.05,1718.2,1719.95,1575550.0,275.0
NIFTY,26-DEC-2024,26000.0,29-11-2024 11:05:00,,,,,,,1730.2,1735.25,1728.95,1728.95,1575550.0,250.0
NIFTY,26-DEC-2024,26000.0,29-11-2024 11:06:00,9.3,9.3,9.3,9.3,4002800.0,8300.0,1733.2,1742.75,1733.2,1742.75,1575200.0,350.0
NIFTY,26-DEC-2024,26000.0,29-11-2024 11:07:00,9.35,9.35,9.35,9.35,4002800.0,10625.0,1740.9,1740.9,1718.0,1718.0,1575200.0,800.0
NIFTY,26-DEC-2024,26000.0,29-11-2024 11:08:00,9.2,9.2,9.2,9.2,4002800.0,5825.0,1730.0,1730.0,1730.0,1730.0,1575200.0,50.0
NIFTY,26-DEC-2024,26000.0,29-11-2024 11:09:00,9.3,9.3,9.3,9.3,4004900.0,1050.0,1719.2,1720.0,1717.65,1720.0,1574350.0,100.0
NIFTY,26-DEC-2024,26000.0,29-11-2024 11:11:00,9.25,9.25,9.25,9.25,4004900.0,2475.0,1727.0,1731.75,1719.8,1731.75,1574350.0,225.0
NIFTY,26-DEC-2024,26000.0,29-11-2024 11:12:00,9.25,9.25,9.25,9.25,4005425.0,2375.0,1730.35,1731.0,1730.35,1730.65,1574450.0,100.0
NIFTY,26-DEC-2024,26000.0,29-11-2024 11:13:00,9.15,9.15,9.15,9.15,4005425.0,4125.0,1730.65,1730.65,1730.65,1730.65,1574450.0,25.0
NIFTY,26-DEC-2024,26000.0,29-11-2024 11:14:00,,,,,,,1730.0,1730.0,1725.0,1725.0,1574450.0,125.0
NIFTY,26-DEC-2024,26000.0,29-11-2024 11:15:00,9.25,9.25,9.25,9.25,4005425.0,3625.0,1720.15,1720.35,1719.25,1719.25,1574275.0,400.0
NIFTY,26-DEC-2024,26000.0,29-11-2024 11:16:00,9.25,9.25,9.25,9.25,4007500.0,2025.0,1716.3,1718.0,1716.3,1718.0,1574275.0,200.0
NIFTY,26-DEC-2024,26000.0,29-11-2024 11:17:00,9.3,9.3,9.3,9.3,4007500.0,3250.0,1718.0,1722.55,1718.0,1721.55,1574275.0,500.0
NIFTY,26-DEC-2024,26000.0,29-11-2024 11:18:00,9.25,9.25,9.25,9.25,4009150.0,2550.0,1723.75,1723.75,1723.75,1723.75,1574275.0,100.0
NIFTY,26-DEC-2024,26000.0,29-11-2024 11:20:00,9.05,9.05,9.05,9.05,4009150.0,6875.0,,,,,,
NIFTY,26-DEC-2024,26000.0,29-11-2024 11:21:00,9.15,9.15,9.15,9.15,4009450.0,3000.0,,,,,,
NIFTY,26-DEC-2024,26000.0,29-11-2024 11:22:00,9.05,9.05,9.05,9.05,4009450.0,14375.0,,,,,,
NIFTY,26-DEC-2024,26000.0,29-11-2024 11:23:00,,,,,,,1720.0,1720.0,1715.0,1715.0,1574125.0,50.0
NIFTY,26-DEC-2024,26000.0,29-11-2024 11:24:00,9.2,9.2,9.2,9.2,4010800.0,5375.0,1710.05,1710.05,1705.0,1705.0,1574050.0,150.0
NIFTY,26-DEC-2024,26000.0,29-11-2024 11:25:00,9.25,9.25,9.25,9.25,4010800.0,3850.0,1700.0,1700.0,1700.0,1700.0,1574050.0,200.0
NIFTY,26-DEC-2024,26000.0,29-11-2024 11:26:00,9.1,9.1,9.1,9.1,4010800.0,4550.0,1703.3,1703.35,1700.0,1703.35,1574050.0,425.0
NIFTY,26-DEC-2024,26000.0,29-11-2024 11:27:00,,,,,,,1710.65,1720.0,1710.65,1720.0,1573775.0,350.0
NIFTY,26-DEC-2024,26000.0,29-11-2024 11:28:00,9.05,9.05,9.05,9.05,4013000.0,1350.0,1718.55,1718.55,1718.55,1718.55,1573775.0,25.0
NIFTY,26-DEC-2024,26000.0,29-11-2024 11:29:00,9.0,9.0,9.0,9.0,4013000.0,5425.0,1710.0,1710.0,1710.0,1710.0,1573775.0,775.0
NIFTY,26-DEC-2024,26000.0,29-11-2024 11:30:00,9.0,9.0,9.0,9.0,4014950.0,2325.0,1708.6,1708.6,1700.0,1700.0,1574075.0,450.0
NIFTY,26-DEC-2024,26000.0,29-11-2024 11:32:00,9.05,9.05,9.05,9.05,4014950.0,9575.0,1717.0,1717.5,1716.95,1716.95,1574075.0,400.0
NIFTY,26-DEC-2024,26000.0,29-11-2024 11:33:00,9.1,9.1,9.1,9.1,4018150.0,5200.0,1715.2,1715.2,1710.2,1714.4,1574325.0,225.0
NIFTY,26-DEC-2024,26000.0,29-11-2024 11:34:00,9.1,9.1,9.1,9.1,4018150.0,1450.0,1709.2,1715.65,1709.2,1715.65,1574325.0,75.0
NIFTY,26-DEC-2024,26000.0,29-11-2024 11:35:00,,,,,,,1721.1,1721.55,1715.65,1717.2,1574325.0,275.0
NIFTY,26-DEC-2024,26000.0,29-11-2024 11:36:00,9.05,9.05,9.05,9.05,4018550.0,3175.0,1717.2,1730.35,1715.0,1724.1,1574700.0,575.0
NIFTY,26-DEC-2024,26000.0,29-11-2024 11:37:00,8.85,8.85,8.85,8.85,4018550.0,3000.0,1722.45,1731.6,1719.95,1731.6,1574700.0,500.0
NIFTY,26-DEC-2024,26000.0,29-11-2024 11:38:00,,,,,,,1731.1,1747.75,1731.1,1745.05,1574700.0,500.0
NIFTY,26-DEC-2024,26000.0,29-11-2024 11:39:00,8.75,8.75,8.75,8.75,4018550.0,3925.0,1746.35,1754.95,1744.55,1748.05,1576050.0,2200.0
NIFTY,26-DEC-2024,26000.0,29-11-2024 11:40:00,8.7,8.7,8.7,8.7,4021175.0,6200.0,1746.85,1746.85,1736.05,1737.6,1576050.0,200.0
NIFTY,26-DEC-2024,26000.0,29-11-2024 11:41:00,8.55,8.55,8.55,8.55,4021175.0,4575.0,1743.45,1752.05,1743.45,1747.0,1576050.0,175.0
NIFTY,26-DEC-2024,26000.0,29-11-2024 11:42:00,8.45,8.45,8.45,8.45,4024325.0,13050.0,1754.75,1765.0,1754.0,1760.0,1574725.0,1325.0
NIFTY,26-DEC-2024,26000.0,29-11-2024 11:43:00,,,,,,,1765.0,1765.0,1742.2,1742.2,1574725.0,325.0
NIFTY,26-DEC-2024,26000.0,29-11-2024 11:44:00,8.55,8.55,8.55,8.55,4024325.0,6900.0,1742.7,1754.35,1742.15,1742.15,1574725.0,150.0
NIFTY,26-DEC-2024,26000.0,29-11-2024 11:45:00,8.4,8.4,8.4,8.4,4031550.0,2250.0,1753.4,1753.4,1742.2,1742.2,1575175.0,625.0
NIFTY,26-DEC-2024,26000.0,29-11-2024 11:46:00,8.6,8.6,8.6,8.6,4031550.0,4375.0,,,,,,
NIFTY,26-DEC-2024,26000.0,29-11-2024 11:48:00,8.5,8.5,8.5,8.5,4031625.0,3450.0,1751.0,1753.95,1749.4,1753.95,1575075.0,75.0
NIFTY,26-DEC-2024,26000.0,29-11-2024 11:49:00,8.4,8.4,8.4,8.4,4031625.0,1775.0,,,,,,
NIFTY,26-DEC-2024,26000.0,29-11-2024 11:50:00,8.5,8.5,8.5,8.5,4031625.0,2100.0,1757.9,1765.0,1757.9,1765.0,1575075.0,200.0
NIFTY,26-DEC-2024,26000.0,29-11-2024 11:52:00,8.45,8.45,8.45,8.45,4032275.0,8250.0,1760.0,1763.8,1760.0,1763.8,1575175.0,75.0
NIFTY,26-DEC-2024,26000.0,29-11-2024 11:53:00,8.4,8.4,8.4,8.4,4032275.0,2025.0,,,,,,
NIFTY,26-DEC-2024,26000.0,29-11-2024 11:54:00,8.35,8.35,8.35,8.35,4035525.0,3550.0,1765.05,1766.65,1765.05,1766.65,1575200.0,150.0
NIFTY,26-DEC-2024,26000.0,29-11-2024 11:55:00,8.35,8.35,8.35,8.35,4035525.0,2625.0,1771.85,1771.85,1759.0,1759.0,1575200.0,100.0
NIFTY,26-DEC-2024,26000.0,29-11-2024 11:56:00,,,,,,,1771.0,1774.0,1771.0,1774.0,1575200.0,200.0
NIFTY,26-DEC-2024,26000.0,29-11-2024 11:57:00,8.4,8.4,8.4,8.4,4035525.0,4325.0,1775.0,1775.0,1773.35,1774.85,1575200.0,225.0
NIFTY,26-DEC-2024,26000.0,29-11-2024 11:58:00,8.4,8.4,8.4,8.4,4037850.0,3375.0,1766.85,1771.35,1766.15,1771.35,1575400.0,3775.0
NIFTY,26-DEC-2024,26000.0,29-11-2024 11:59:00,8.4,8.4,8.4,8.4,4037850.0,5900.0,1769.55,1769.8,1766.65,1766.65,1575400.0,6250.0
NIFTY,26-DEC-2024,26000.0,29-11-2024 12:00:00,8.55,8.55,8.55,8.55,4039050.0,4300.0,1767.9,1767.9,1750.0,1750.0,1564325.0,10275.0
NIFTY,26-DEC-2024,26000.0,29-11-2024 12:01:00,,,,,,,1754.45,1757.3,1754.45,1757.3,1564325.0,325.0
NIFTY,26-DEC-2024,26000.0,29-11-2024 12:02:00,8.4,8.4,8.4,8.4,4039050.0,2275.0,1756.85,1757.05,1754.3,1757.05,1564325.0,2825.0
NIFTY,26-DEC-2024,26000.0,29-11-2024 12:03:00,8.3,8.3,8.3,8.3,4036650.0,16075.0,1756.6,1756.6,1753.8,1753.8,1553050.0,125.0
NIFTY,26-DEC-2024,26000.0,29-11-2024 12:04:00,8.4,8.4,8.4,8.4,4036650.0,4925.0,1758.75,1758.75,1758.75,1758.75,1553050.0,25.0
NIFTY,26-DEC-2024,26000.0,29-11-2024 12:05:00,8.35,8.35,8.35,8.35,4036650.0,925.0,1751.45,1751.45,1748.7,1748.7,1553050.0,150.0
NIFTY,26-DEC-2024,26000.0,29-11-2024 12:06:00,,,,,,,1756.4,1756.4,1756.4,1756.4,1552900.0,125.0
NIFTY,26-DEC-2024,26000.0,29-11-2024 12:07:00,8.45,8.45,8.45,8.45,4037425.0,225.0,1743.15,1743.15,1743.15,1743.15,1552900.0,25.0
NIFTY,26-DEC-2024,26000.0,29-11-2024 12:08:00,8.35,8.35,8.35,8.35,4037425.0,8400.0,1750.0,1750.0,1741.35,1741.35,1552900.0,50.0
NIFTY,26-DEC-2024,26000.0,29-11-2024 12:09:00,8.4,8.4,8.4,8.4,4037425.0,3125.0,1740.7,1740.7,1739.85,1739.85,1552850.0,50.0
NIFTY,26-DEC-2024,26000.0,29-11-2024 12:10:00,8.5,8.5,8.5,8.5,4037775.0,3200.0,1741.9,1745.35,1741.9,1741.95,1552850.0,100.0
NIFTY,26-DEC-2024,26000.0,29-11-2024 12:11:00,8.45,8.45,8.45,8.45,4037775.0,1375.0,1732.6,1740.15,1731.0,1737.8,1552850.0,350.0
NIFTY,26-DEC-2024,26000.0,29-11-2024 12:12:00,,,,,,,1739.7,1739.7,1739.4,1739.4,1553050.0,125.0
NIFTY,26-DEC-2024,26000.0,29-11-2024 12:13:00,8.45,8.45,8.45,8.45,4039925.0,3950.0,1725.0,1725.0,1725.0,1725.0,1553050.0,250.0
NIFTY,26-DEC-2024,26000.0,29-11-2024 12:14:00,8.5,8.5,8.5,8.5,4039925.0,6975.0,,,,,,
NIFTY,26-DEC-2024,26000.0,29-11-2024 12:15:00,8.5,8.5,8.5,8.5,4039925.0,1625.0,1725.2,1728.5,1721.05,1725.45,1552900.0,400.0
NIFTY,26-DEC-2024,26000.0,29-11-2024 12:16:00,8.5,8.5,8.5,8.5,4040325.0,1875.0,1729.9,1729.9,1729.9,1729.9,1552900.0,25.0
NIFTY,26-DEC-2024,26000.0,29-11-2024 12:18:00,8.4,8.4,8.4,8.4,4040325.0,775.0,,,,,,
NIFTY,26-DEC-2024,26000.0,29-11-2024 12:19:00,8.45,8.45,8.45,8.45,4040500.0,375.0,1727.5,1733.75,1727.5,1733.75,1552975.0,175.0
NIFTY,26-DEC-2024,26000.0,29-11-2024 12:20:00,8.45,8.45,8.45,8.45,4040500.0,3575.0,1738.45,1738.45,1731.6,1731.6,1552975.0,225.0
NIFTY,26-DEC-2024,26000.0,29-11-2024 12:21:00,,,,,,,1738.85,1741.0,1736.3,1740.3,1553075.0,150.0
NIFTY,26-DEC-2024,26000.0,29-11-2024 12:22:00,8.35,8.35,8.35,8.35,4037475.0,6875.0,1750.0,1750.0,1750.0,1750.0,1553075.0,350.0
NIFTY,26-DEC-2024,26000.0,29-11-2024 12:23:00,8.35,8.35,8.35,8.35,4037475.0,3250.0,1756.35,1756.35,1744.0,1744.0,1553075.0,175.0
NIFTY,26-DEC-2024,26000.0,29-11-2024 12:24:00,8.4,8.4,8.4,8.4,4038775.0,1500.0,,,,,,
NIFTY,26-DEC-2024,26000.0,29-11-2024 12:25:00,8.4,8.4,8.4,8.4,4038775.0,1000.0,,,,,,
NIFTY,26-DEC-2024,26000.0,29-11-2024 12:26:00,,,,,,,1745.6,1745.6,1745.6,1745.6,1553150.0,25.0
NIFTY,26-DEC-2024,26000.0,29-11-2024 12:27:00,8.35,8.35,8.35,8.35,4038775.0,2600.0,1748.6,1748.6,1748.6,1748.6,1553125.0,75.0
NIFTY,26-DEC-2024,26000.0,29-11-2024 12:28:00,8.55,8.55,8.55,8.55,4040600.0,5450.0,,,,,,
NIFTY,26-DEC-2024,26000.0,29-11-2024 12:29:00,8.6,8.6,8.6,8.6,4040600.0,3475.0,1742.5,1742.5,1742.5,1742.5,1553125.0,100.0
NIFTY,26-DEC-2024,26000.0,29-11-2024 12:30:00,8.65,8.65,8.65,8.65,4040950.0,5425.0,1730.0,1730.0,1725.15,1725.15,1552950.0,75.0
NIFTY,26-DEC-2024,26000.0,29-11-2024 12:31:00,,,,,,,1729.2,1729.2,1729.2,1729.2,1552950.0,25.0
NIFTY,26-DEC-2024,26000.0,29-11-2024 12:32:00,8.6,8.6,8.6,8.6,4040950.0,2700.0,1745.65,1747.35,1745.65,1747.35,1552950.0,150.0
NIFTY,26-DEC-2024,26000.0,29-11-2024 12:33:00,8.55,8.55,8.55,8.55,4040950.0,750.0,1746.35,1746.4,1746.35,1746.4,1552950.0,100.0
NIFTY,26-DEC-2024,26000.0,29-11-2024 12:34:00,8.55,8.55,8.55,8.55,4041475.0,1450.0,1749.55,1749.55,1745.95,1745.95,1552950.0,50.0
NIFTY,26-DEC-2024,26000.0,29-11-2024 12:35:00,8.65,8.65,8.65,8.65,4041475.0,6200.0,,,,,,
NIFTY,26-DEC-2024,26000.0,29-11-2024 12:36:00,,,,,,,1734.6,1735.1,1734.6,1735.1,1552975.0,75.0
NIFTY,26-DEC-2024,26000.0,29-11-2024 12:37:00,8.6,8.6,8.6,8.6,4043975.0,450.0,1736.2,1736.2,1736.0,1736.0,1552975.0,50.0
NIFTY,26-DEC-2024,26000.0,29-11-2024 12:38:00,8.6,8.6,8.6,8.6,4043975.0,875.0,1744.0,1744.0,1744.0,1744.0,1552975.0,75.0
NIFTY,26-DEC-2024,26000.0,29-11-2024 12:39:00,8.55,8.55,8.55,8.55,4044000.0,750.0,1744.0,1744.0,1744.0,1744.0,1553100.0,25.0
NIFTY,26-DEC-2024,26000.0,29-11-2024 12:40:00,8.6,8.6,8.6,8.6,4044000.0,1000.0,1740.0,1740.0,1740.0,1740.0,1553100.0,250.0
NIFTY,26-DEC-2024,26000.0,29-11-2024 12:41:00,8.65,8.65,8.65,8.65,4044000.0,375.0,1749.0,1749.0,1744.0,1744.0,1553100.0,175.0
NIFTY,26-DEC-2024,26000.0,29-11-2024 12:43:00,8.55,8.55,8.55,8.55,4044250.0,1350.0,1748.25,1748.25,1739.7,1739.7,1553400.0,275.0
NIFTY,26-DEC-2024,26000.0,29-11-2024 12:44:00,8.65,8.65,8.65,8.65,4044250.0,550.0,1736.9,1736.9,1736.9,1736.9,1553400.0,25.0
NIFTY,26-DEC-2024,26000.0,29-11-2024 12:45:00,8.6,8.6,8.6,8.6,4045375.0,1675.0,,,,,,
NIFTY,26-DEC-2024,26000.0,29-11-2024 12:46:00,8.5,8.5,8.5,8.5,4045375.0,400.0,,,,,,
NIFTY,26-DEC-2024,26000.0,29-11-2024 12:47:00,8.5,8.5,8.5,8.5,4045375.0,325.0,,,,,,
NIFTY,26-DEC-2024,26000.0,29-11-2024 12:48:00,,,,,,,1762.5,1762.5,1762.5,1762.5,1553475.0,325.0
NIFTY,26-DEC-2024,26000.0,29-11-2024 12:49:00,8.55,8.55,8.55,8.55,4045675.0,1925.0,1761.05,1761.05,1761.05,1761.05,1553475.0,25.0
NIFTY,26-DEC-2024,26000.0,29-11-2024 12:50:00,8.7,8.7,8.7,8.7,4045675.0,2575.0,1758.15,1758.85,1752.8,1752.8,1553475.0,175.0
NIFTY,26-DEC-2024,26000.0,29-11-2024 12:51:00,8.55,8.55,8.55,8.55,4046925.0,775.0,1752.7,1756.8,1752.7,1756.8,1553475.0,50.0
NIFTY,26-DEC-2024,26000.0,29-11-2024 12:52:00,8.5,8.5,8.5,8.5,4046925.0,275.0,,,,,,
NIFTY,26-DEC-2024,26000.0,29-11-2024 12:53:00,,,,,,,1749.8,1751.65,1748.7,1750.45,1553475.0,275.0
NIFTY,26-DEC-2024,26000.0,29-11-2024 12:54:00,8.5,8.5,8.5,8.5,4046925.0,2925.0,,,,,,
NIFTY,26-DEC-2024,26000.0,29-11-2024 12:55:00,8.6,8.6,8.6,8.6,4048700.0,3050.0,1730.95,1730.95,1730.95,1730.95,1553475.0,25.0
NIFTY,26-DEC-2024,26000.0,29-11-2024 12:56:00,8.55,8.55,8.55,8.55,4048700.0,850.0,1732.0,1732.0,1730.0,1730.0,1553475.0,225.0
NIFTY,26-DEC-2024,26000.0,29-11-2024 12:57:00,8.6,8.6,8.6,8.6,4048925.0,2600.0,,,,,,
NIFTY,26-DEC-2024,26000.0,29-11-2024 12:58:00,,,,,,,1726.0,1728.2,1726.0,1728.2,1553700.0,75.0
NIFTY,26-DEC-2024,26000.0,29-11-2024 12:59:00,8.6,8.6,8.6,8.6,4048925.0,475.0,1725.55,1726.35,1724.9,1724.9,1553700.0,100.0
NIFTY,26-DEC-2024,26000.0,29-11-2024 13:00:00,8.7,8.7,8.7,8.7,4048925.0,2675.0,1725.25,1725.25,1721.0,1721.0,1553700.0,75.0
NIFTY,26-DEC-2024,26000.0,29-11-2024 13:01:00,8.55,8.55,8.55,8.55,4049125.0,500.0,,,,,,
NIFTY,26-DEC-2024,26000.0,29-11-2024 13:02:00,8.6,8.6,8.6,8.6,4049125.0,1500.0,1730.6,1730.6,1726.05,1726.05,1553600.0,475.0
NIFTY,26-DEC-2024,26000.0,29-11-2024 13:03:00,,,,,,,1730.6,1732.9,1730.2,1732.9,1553175.0,75.0
NIFTY,26-DEC-2024,26000.0,29-11-2024 13:04:00,8.65,8.65,8.65,8.65,4050200.0,3100.0,1733.4,1735.55,1733.4,1735.1,1553175.0,75.0
NIFTY,26-DEC-2024,26000.0,29-11-2024 13:05:00,8.6,8.6,8.6,8.6,4050200.0,3800.0,1735.6,1735.6,1735.6,1735.6,1553175.0,25.0
NIFTY,26-DEC-2024,26000.0,29-11-2024 13:06:00,8.7,8.7,8.7,8.7,4054575.0,925.0,,,,,,
NIFTY,26-DEC-2024,26000.0,29-11-2024 13:07:00,8.65,8.65,8.65,8.65,4054575.0,1900.0,,,,,,
NIFTY,26-DEC-2024,26000.0,29-11-2024 13:08:00,8.65,8.65,8.65,8.65,4054575.0,950.0,,,,,,
NIFTY,26-DEC-2024,26000.0,29-11-2024 13:09:00,,,,,,,1734.0,1734.0,1734.0,1734.0,1553325.0,575.0
NIFTY,26-DEC-2024,26000.0,29-11-2024 13:10:00,8.6,8.6,8.6,8.6,4054850.0,2000.0,1739.05,1739.05,1733.0,1733.0,1553325.0,450.0
NIFTY,26-DEC-2024,26000.0,29-11-2024 13:11:00,8.6,8.6,8.6,8.6,4054850.0,800.0,1733.0,1733.0,1733.0,1733.0,1553325.0,100.0
NIFTY,26-DEC-2024,26000.0,29-11-2024 13:12:00,8.6,8.6,8.6,8.6,4060575.0,5600.0,,,,,,
NIFTY,26-DEC-2024,26000.0,29-11-2024 13:13:00,8.6,8.6,8.6,8.6,4060575.0,2575.0,,,,,,
NIFTY,26-DEC-2024,26000.0,29-11-2024 13:15:00,8.6,8.6,8.6,8.6,4060575.0,1525.0,,,,,,
NIFTY,26-DEC-2024,26000.0,29-11-2024 13:16:00,8.6,8.6,8.6,8.6,4061700.0,675.0,,,,,,
NIFTY,26-DEC-2024,26000.0,29-11-2024 13:17:00,8.6,8.6,8.6,8.6,4061700.0,3700.0,,,,,,
NIFTY,26-DEC-2024,26000.0,29-11-2024 13:18:00,8.65,8.65,8.65,8.65,4063775.0,13975.0,,,,,,
NIFTY,26-DEC-2024,26000.0,29-11-2024 13:19:00,,,,,,,1710.1,1710.1,1702.15,1702.15,1553250.0,175.0
NIFTY,26-DEC-2024,26000.0,29-11-2024 13:20:00,8.7,8.7,8.7,8.7,4063775.0,7125.0,1702.15,1708.0,1702.15,1708.0,1553250.0,250.0
NIFTY,26-DEC-2024,26000.0,29-11-2024 13:21:00,8.8,8.8,8.8,8.8,4077375.0,10550.0,1692.0,1692.0,1690.5,1690.5,1553250.0,100.0
NIFTY,26-DEC-2024,26000.0,29-11-2024 13:22:00,8.8,8.8,8.8,8.8,4077375.0,4750.0,1690.0,1690.0,1687.0,1687.0,1553025.0,75.0
NIFTY,26-DEC-2024,26000.0,29-11-2024 13:23:00,,,,,,,1685.0,1685.0,1682.0,1682.0,1553025.0,50.0
NIFTY,26-DEC-2024,26000.0,29-11-2024 13:24:00,8.7,8.7,8.7,8.7,4077375.0,3550.0,1680.2,1684.9,1680.2,1684.9,1553025.0,125.0
NIFTY,26-DEC-2024,26000.0,29-11-2024 13:25:00,8.7,8.7,8.7,8.7,4079600.0,2725.0,1678.2,1685.0,1678.2,1685.0,1553025.0,350.0
NIFTY,26-DEC-2024,26000.0,29-11-2024 13:26:00,8.65,8.65,8.65,8.65,4079600.0,4650.0,1690.0,1690.0,1690.0,1690.0,1553025.0,50.0
NIFTY,26-DEC-2024,26000.0,29-11-2024 13:27:00,,,,,,,1690.5,1690.5,1690.5,1690.5,1553025.0,25.0
NIFTY,26-DEC-2024,26000.0,29-11-2024 13:28:00,8.6,8.6,8.6,8.6,4082475.0,2075.0,1693.0,1699.7,1693.0,1699.7,1553050.0,75.0
NIFTY,26-DEC-2024,26000.0,29-11-2024 13:29:00,8.55,8.55,8.55,8.55,4082475.0,3200.0,,,,,,
NIFTY,26-DEC-2024,26000.0,29-11-2024 13:30:00,8.7,8.7,8.7,8.7,4085725.0,4100.0,,,,,,
NIFTY,26-DEC-2024,26000.0,29-11-2024 13:31:00,,,,,,,1688.9,1688.9,1688.9,1688.9,1552975.0,50.0
NIFTY,26-DEC-2024,26000.0,29-11-2024 13:32:00,8.7,8.7,8.7,8.7,4085725.0,1275.0,1686.0,1686.0,1680.0,1680.0,1552975.0,125.0
NIFTY,26-DEC-2024,26000.0,29-11-2024 13:33:00,8.65,8.65,8.65,8.65,4085725.0,7675.0,1675.0,1675.0,1675.0,1675.0,1552925.0,25.0
NIFTY,26-DEC-2024,26000.0,29-11-2024 13:34:00,8.7,8.7,8.7,8.7,4087475.0,2425.0,,,,,,
NIFTY,26-DEC-2024,26000.0,29-11-2024 13:35:00,,,,,,,1675.0,1675.0,1670.0,1670.0,1552925.0,75.0
NIFTY,26-DEC-2024,26000.0,29-11-2024 13:36:00,8.6,8.6,8.6,8.6,4087475.0,7075.0,1675.55,1675.55,1675.55,1675.55,1552925.0,75.0
NIFTY,26-DEC-2024,26000.0,29-11-2024 13:37:00,8.6,8.6,8.6,8.6,4088500.0,8975.0,1671.9,1671.9,1669.4,1669.4,1552900.0,50.0
NIFTY,26-DEC-2024,26000.0,29-11-2024 13:38:00,8.55,8.55,8.55,8.55,4088500.0,7500.0,1664.5,1666.6,1664.5,1665.95,1552900.0,75.0
NIFTY,26-DEC-2024,26000.0,29-11-2024 13:39:00,8.55,8.55,8.55,8.55,4088175.0,5700.0,1666.25,1671.9,1666.25,1670.0,1552900.0,100.0
NIFTY,26-DEC-2024,26000.0,29-11-2024 13:40:00,8.6,8.6,8.6,8.6,4088175.0,2475.0,1670.0,1670.2,1669.0,1669.85,1552900.0,200.0
NIFTY,26-DEC-2024,26000.0,29-11-2024 13:41:00,,,,,,,1680.0,1680.75,1680.0,1680.75,1552900.0,125.0
NIFTY,26-DEC-2024,26000.0,29-11-2024 13:42:00,8.7,8.7,8.7,8.7,4088175.0,275.0,1680.2,1680.2,1674.25,1674.25,1552575.0,175.0
NIFTY,26-DEC-2024,26000.0,29-11-2024 13:43:00,8.65,8.65,8.65,8.65,4087550.0,4800.0,1675.2,1682.05,1675.2,1682.05,1552575.0,125.0
NIFTY,26-DEC-2024,26000.0,29-11-2024 13:44:00,8.7,8.7,8.7,8.7,4087550.0,6975.0,,,,,,
NIFTY,26-DEC-2024,26000.0,29-11-2024 13:45:00,,,,,,,1685.0,1685.0,1685.0,1685.0,1552775.0,175.0
NIFTY,26-DEC-2024,26000.0,29-11-2024 13:46:00,8.65,8.65,8.65,8.65,4088350.0,6075.0,,,,,,
NIFTY,26-DEC-2024,26000.0,29-11-2024 13:47:00,8.6,8.6,8.6,8.6,4088350.0,1450.0,1694.2,1694.2,1694.2,1694.2,1552775.0,25.0
NIFTY,26-DEC-2024,26000.0,29-11-2024 13:48:00,8.5,8.5,8.5,8.5,4089725.0,1650.0,,,,,,
NIFTY,26-DEC-2024,26000.0,29-11-2024 13:49:00,8.5,8.5,8.5,8.5,4089725.0,1600.0,1696.6,1696.6,1688.95,1688.95,1552950.0,250.0
NIFTY,26-DEC-2024,26000.0,29-11-2024 13:50:00,,,,,,,1690.95,1690.95,1690.95,1690.95,1552950.0,25.0
NIFTY,26-DEC-2024,26000.0,29-11-2024 13:51:00,8.55,8.55,8.55,8.55,4089725.0,1550.0,1695.8,1695.8,1690.75,1690.75,1553175.0,150.0
NIFTY,26-DEC-2024,26000.0,29-11-2024 13:52:00,8.65,8.65,8.65,8.65,4091250.0,3325.0,1687.6,1689.45,1684.0,1685.0,1553175.0,3275.0
NIFTY,26-DEC-2024,26000.0,29-11-2024 13:53:00,8.45,8.45,8.45,8.45,4091250.0,4350.0,1685.55,1693.05,1685.55,1686.15,1553175.0,250.0
NIFTY,26-DEC-2024,26000.0,29-11-2024 13:54:00,8.3,8.3,8.3,8.3,4090875.0,9850.0,1687.3,1687.3,1687.3,1687.3,1553175.0,25.0
NIFTY,26-DEC-2024,26000.0,29-11-2024 13:55:00,,,,,,,1691.0,1691.0,1691.0,1691.0,1553200.0,50.0
NIFTY,26-DEC-2024,26000.0,29-11-2024 13:56:00,8.3,8.3,8.3,8.3,4090875.0,9900.0,1683.65,1683.65,1683.65,1683.65,1553200.0,25.0
NIFTY,26-DEC-2024,26000.0,29-11-2024 13:57:00,8.35,8.35,8.35,8.35,4090875.0,15525.0,1675.0,1675.0,1675.0,1675.0,1553200.0,25.0
NIFTY,26-DEC-2024,26000.0,29-11-2024 13:58:00,8.4,8.4,8.4,8.4,4095450.0,2075.0,1668.0,1668.0,1667.75,1667.75,1553150.0,125.0
NIFTY,26-DEC-2024,26000.0,29-11-2024 13:59:00,,,,,,,1670.0,1670.0,1665.0,1665.0,1553150.0,150.0
NIFTY,26-DEC-2024,26000.0,29-11-2024 14:00:00,8.3,8.3,8.3,8.3,4095450.0,4450.0,1667.0,1667.0,1660.2,1664.9,1553050.0,100.0
NIFTY,26-DEC-2024,26000.0,29-11-2024 14:01:00,8.4,8.4,8.4,8.4,4094875.0,8975.0,1663.0,1669.05,1663.0,1664.0,1553050.0,150.0
NIFTY,26-DEC-2024,26000.0,29-11-2024 14:02:00,8.45,8.45,8.45,8.45,4094875.0,10275.0,1670.0,1670.0,1664.8,1669.5,1553050.0,75.0
NIFTY,26-DEC-2024,26000.0,29-11-2024 14:03:00,,,,,,,1678.6,1679.8,1678.6,1679.8,1553100.0,100.0
NIFTY,26-DEC-2024,26000.0,29-11-2024 14:04:00,8.45,8.45,8.45,8.45,4099650.0,1875.0,1677.05,1677.05,1672.05,1672.05,1553100.0,50.0
NIFTY,26-DEC-2024,26000.0,29-11-2024 14:05:00,8.35,8.35,8.35,8.35,4099650.0,3800.0,1673.4,1673.4,1673.15,1673.15,1553100.0,50.0
NIFTY,26-DEC-2024,26000.0,29-11-2024 14:06:00,8.45,8.45,8.45,8.45,4099650.0,475.0,1676.05,1680.4,1674.15,1674.15,1553100.0,200.0
NIFTY,26-DEC-2024,26000.0,29-11-2024 14:07:00,8.35,8.35,8.35,8.35,4098525.0,325.0,1678.65,1680.4,1678.65,1680.4,1553100.0,125.0
NIFTY,26-DEC-2024,26000.0,29-11-2024 14:09:00,8.4,8.4,8.4,8.4,4098525.0,125.0,1680.4,1680.45,1674.25,1674.25,1553050.0,300.0
NIFTY,26-DEC-2024,26000.0,29-11-2024 14:10:00,8.4,8.4,8.4,8.4,4098600.0,5775.0,1680.2,1682.2,1680.0,1682.2,1553050.0,175.0
NIFTY,26-DEC-2024,26000.0,29-11-2024 14:11:00,8.35,8.35,8.35,8.35,4098600.0,4450.0,,,,,,
NIFTY,26-DEC-2024,26000.0,29-11-2024 14:12:00,,,,,,,1704.65,1704.65,1704.65,1704.65,1553050.0,25.0
NIFTY,26-DEC-2024,26000.0,29-11-2024 14:13:00,8.35,8.35,8.35,8.35,4099925.0,1475.0,1707.45,1718.4,1707.45,1718.4,1553075.0,50.0
NIFTY,26-DEC-2024,26000.0,29-11-2024 14:14:00,8.3,8.3,8.3,8.3,4099925.0,4125.0,1721.9,1721.9,1721.9,1721.9,1553075.0,25.0
NIFTY,26-DEC-2024,26000.0,29-11-2024 14:15:00,,,,,,,1722.1,1728.1,1722.1,1728.1,1553100.0,150.0
NIFTY,26-DEC-2024,26000.0,29-11-2024 14:16:00,8.25,8.25,8.25,8.25,4103000.0,7900.0,1728.05,1728.05,1728.05,1728.05,1553100.0,25.0
NIFTY,26-DEC-2024,26000.0,29-11-2024 14:17:00,8.25,8.25,8.25,8.25,4103000.0,1675.0,,,,,,
NIFTY,26-DEC-2024,26000.0,29-11-2024 14:18:00,8.25,8.25,8.25,8.25,4103700.0,5650.0,1730.0,1732.0,1719.5,1719.5,1552500.0,1150.0
NIFTY,26-DEC-2024,26000.0,29-11-2024 14:19:00,8.4,8.4,8.4,8.4,4103700.0,1400.0,1726.75,1726.75,1721.5,1722.1,1552500.0,150.0
NIFTY,26-DEC-2024,26000.0,29-11-2024 14:20:00,,,,,,,1715.0,1721.8,1715.0,1721.8,1552500.0,2275.0
NIFTY,26-DEC-2024,26000.0,29-11-2024 14:21:00,8.5,8.5,8.5,8.5,4103700.0,14275.0,1715.0,1715.0,1715.0,1715.0,1551975.0,1850.0
NIFTY,26-DEC-2024,26000.0,29-11-2024 14:22:00,8.4,8.4,8.4,8.4,4100125.0,13950.0,,,,,,
NIFTY,26-DEC-2024,26000.0,29-11-2024 14:23:00,8.25,8.25,8.25,8.25,4100125.0,5750.0,1706.7,1706.7,1705.0,1705.0,1551975.0,675.0
NIFTY,26-DEC-2024,26000.0,29-11-2024 14:25:00,8.4,8.4,8.4,8.4,4102825.0,9650.0,1695.0,1695.0,1692.6,1692.6,1551900.0,800.0
NIFTY,26-DEC-2024,26000.0,29-11-2024 14:26:00,8.45,8.45,8.45,8.45,4102825.0,9950.0,1690.9,1697.1,1690.35,1690.35,1551900.0,200.0
NIFTY,26-DEC-2024,26000.0,29-11-2024 14:27:00,8.2,8.2,8.2,8.2,4102825.0,11575.0,1690.0,1690.0,1690.0,1690.0,1551825.0,150.0
NIFTY,26-DEC-2024,26000.0,29-11-2024 14:28:00,8.15,8.15,8.15,8.15,4101925.0,11925.0,1690.0,1690.0,1690.0,1690.0,1551825.0,350.0
NIFTY,26-DEC-2024,26000.0,29-11-2024 14:30:00,8.2,8.2,8.2,8.2,4101925.0,7175.0,1685.0,1686.35,1685.0,1686.35,1551825.0,450.0
NIFTY,26-DEC-2024,26000.0,29-11-2024 14:31:00,8.05,8.1,8.05,8.1,4105125.0,24400.0,1682.0,1682.0,1671.65,1671.65,1551825.0,125.0
NIFTY,26-DEC-2024,26000.0,29-11-2024 14:32:00,8.15,8.15,8.15,8.15,4105125.0,7075.0,,,,,,
NIFTY,26-DEC-2024,26000.0,29-11-2024 14:33:00,8.2,8.2,8.2,8.2,4101000.0,4875.0,1674.1,1674.7,1668.95,1671.0,1551700.0,150.0
NIFTY,26-DEC-2024,26000.0,29-11-2024 14:34:00,,,,,,,1667.65,1667.65,1667.65,1667.65,1551700.0,25.0
NIFTY,26-DEC-2024,26000.0,29-11-2024 14:35:00,8.25,8.25,8.25,8.25,4101000.0,9700.0,1665.0,1665.0,1664.0,1664.0,1551700.0,175.0
NIFTY,26-DEC-2024,26000.0,29-11-2024 14:36:00,8.4,8.4,8.4,8.4,4106600.0,7175.0,1664.0,1664.0,1664.0,1664.0,1551675.0,125.0
NIFTY,26-DEC-2024,26000.0,29-11-2024 14:37:00,8.7,8.7,8.7,8.7,4106600.0,39275.0,1665.7,1665.7,1656.75,1665.0,1551675.0,650.0
NIFTY,26-DEC-2024,26000.0,29-11-2024 14:38:00,,,,,,,1670.1,1670.75,1664.25,1669.35,1551675.0,225.0
NIFTY,26-DEC-2024,26000.0,29-11-2024 14:39:00,8.6,8.6,8.6,8.6,4106600.0,8525.0,1660.0,1660.0,1660.0,1660.0,1551675.0,200.0
NIFTY,26-DEC-2024,26000.0,29-11-2024 14:40:00,8.55,8.55,8.55,8.55,4098700.0,2775.0,1659.55,1659.55,1659.55,1659.55,1551675.0,600.0
NIFTY,26-DEC-2024,26000.0,29-11-2024 14:41:00,8.65,8.65,8.65,8.65,4098700.0,4775.0,1665.0,1665.0,1661.0,1661.0,1551675.0,575.0
NIFTY,26-DEC-2024,26000.0,29-11-2024 14:42:00,,,,,,,1657.0,1657.0,1640.0,1640.0,1551200.0,375.0
NIFTY,26-DEC-2024,26000.0,29-11-2024 14:43:00,8.95,8.95,8.95,8.95,4097650.0,25875.0,1631.0,1634.4,1626.0,1634.4,1551200.0,875.0
NIFTY,26-DEC-2024,26000.0,29-11-2024 14:44:00,,,,,,,1635.0,1654.75,1634.2,1653.65,1551200.0,850.0
NIFTY,26-DEC-2024,26000.0,29-11-2024 14:45:00,8.65,8.65,8.65,8.65,4097650.0,4100.0,1653.6,1653.6,1643.35,1649.55,1551050.0,425.0
NIFTY,26-DEC-2024,26000.0,29-11-2024 14:46:00,8.7,8.7,8.7,8.7,4108325.0,2350.0,1650.0,1673.95,1650.0,1673.95,1551050.0,650.0
NIFTY,26-DEC-2024,26000.0,29-11-2024 14:47:00,8.7,8.7,8.7,8.7,4108325.0,5650.0,1667.6,1667.6,1663.6,1665.0,1551050.0,575.0
NIFTY,26-DEC-2024,26000.0,29-11-2024 14:48:00,8.6,8.6,8.6,8.6,4107800.0,3500.0,1671.35,1671.35,1671.35,1671.35,1551050.0,200.0
NIFTY,26-DEC-2024,26000.0,29-11-2024 14:50:00,8.55,8.55,8.55,8.55,4107800.0,7525.0,,,,,,
NIFTY,26-DEC-2024,26000.0,29-11-2024 14:51:00,8.35,8.35,8.35,8.35,4107700.0,5825.0,1665.0,1665.0,1665.0,1665.0,1550675.0,200.0
NIFTY,26-DEC-2024,26000.0,29-11-2024 14:52:00,,,,,,,1670.4,1685.1,1670.4,1685.1,1550675.0,125.0
NIFTY,26-DEC-2024,26000.0,29-11-2024 14:53:00,8.25,8.25,8.25,8.25,4107700.0,11625.0,1680.0,1684.6,1675.05,1676.0,1550675.0,625.0
NIFTY,26-DEC-2024,26000.0,29-11-2024 14:54:00,8.3,8.3,8.3,8.3,4107700.0,1550.0,1671.0,1674.8,1668.1,1668.2,1550075.0,250.0
NIFTY,26-DEC-2024,26000.0,29-11-2024 14:55:00,8.35,8.35,8.35,8.35,4111150.0,2675.0,1674.85,1678.7,1674.85,1676.7,1550075.0,275.0
NIFTY,26-DEC-2024,26000.0,29-11-2024 14:56:00,8.35,8.35,8.35,8.35,4111150.0,1675.0,1676.9,1681.95,1673.45,1681.95,1550075.0,425.0
NIFTY,26-DEC-2024,26000.0,29-11-2024 14:57:00,,,,,,,1675.25,1675.25,1669.3,1669.3,1550075.0,200.0
NIFTY,26-DEC-2024,26000.0,29-11-2024 14:58:00,8.45,8.45,8.45,8.45,4111000.0,5525.0,1665.75,1665.75,1665.75,1665.75,1550075.0,100.0
NIFTY,26-DEC-2024,26000.0,29-11-2024 14:59:00,8.25,8.25,8.25,8.25,4111000.0,3675.0,1667.2,1667.2,1666.75,1666.75,1550075.0,125.0
NIFTY,26-DEC-2024,26000.0,29-11-2024 15:00:00,8.3,8.3,8.3,8.3,4111000.0,8350.0,1658.05,1662.1,1658.05,1658.05,1550075.0,475.0
NIFTY,26-DEC-2024,26000.0,29-11-2024 15:01:00,8.3,8.3,8.3,8.3,4112700.0,5600.0,1679.0,1679.0,1673.55,1673.55,1550075.0,1125.0
NIFTY,26-DEC-2024,26000.0,29-11-2024 15:02:00,,,,,,,1681.4,1681.4,1679.95,1679.95,1550075.0,125.0
NIFTY,26-DEC-2024,26000.0,29-11-2024 15:03:00,8.3,8.3,8.3,8.3,4112700.0,3850.0,1675.0,1675.0,1675.0,1675.0,1550075.0,50.0
NIFTY,26-DEC-2024,26000.0,29-11-2024 15:04:00,8.4,8.4,8.4,8.4,4117475.0,3900.0,1680.0,1680.0,1678.35,1679.65,1548850.0,275.0
NIFTY,26-DEC-2024,26000.0,29-11-2024 15:05:00,,,,,,,1673.2,1673.2,1673.2,1673.2,1548850.0,25.0
NIFTY,26-DEC-2024,26000.0,29-11-2024 15:06:00,8.35,8.35,8.35,8.35,4117475.0,6500.0,1687.2,1687.2,1680.45,1682.95,1548750.0,275.0
NIFTY,26-DEC-2024,26000.0,29-11-2024 15:07:00,8.3,8.3,8.3,8.3,4116700.0,4400.0,1681.65,1690.0,1681.65,1682.35,1548750.0,175.0
NIFTY,26-DEC-2024,26000.0,29-11-2024 15:08:00,8.4,8.4,8.4,8.4,4116700.0,6000.0,1680.0,1681.25,1677.45,1681.25,1548750.0,400.0
NIFTY,26-DEC-2024,26000.0,29-11-2024 15:09:00,,,,,,,1684.35,1686.1,1684.35,1684.95,1548725.0,325.0
NIFTY,26-DEC-2024,26000.0,29-11-2024 15:10:00,8.25,8.25,8.25,8.25,4117250.0,9000.0,1685.35,1685.35,1681.4,1681.4,1548725.0,300.0
NIFTY,26-DEC-2024,26000.0,29-11-2024 15:11:00,8.25,8.25,8.25,8.25,4117250.0,3125.0,1687.0,1692.0,1687.0,1692.0,1548725.0,150.0
NIFTY,26-DEC-2024,26000.0,29-11-2024 15:13:00,8.2,8.2,8.2,8.2,4117375.0,4000.0,1694.0,1702.1,1694.0,1702.1,1548875.0,200.0
NIFTY,26-DEC-2024,26000.0,29-11-2024 15:14:00,8.0,8.0,8.0,8.0,4117375.0,19500.0,1694.25,1694.25,1694.25,1694.25,1548875.0,450.0
NIFTY,26-DEC-2024,26000.0,29-11-2024 15:15:00,,,,,,,1690.0,1690.05,1690.0,1690.05,1548875.0,200.0
NIFTY,26-DEC-2024,26000.0,29-11-2024 15:16:00,8.0,8.0,8.0,8.0,4124875.0,8975.0,,,,,,
NIFTY,26-DEC-2024,26000.0,29-11-2024 15:17:00,7.95,8.0,7.95,8.0,4124875.0,19300.0,1690.0,1690.0,1682.8,1684.6,1548575.0,750.0
NIFTY,26-DEC-2024,26000.0,29-11-2024 15:18:00,8.05,8.05,8.05,8.05,4124875.0,10525.0,1680.0,1688.0,1680.0,1688.0,1548575.0,325.0
NIFTY,26-DEC-2024,26000.0,29-11-2024 15:19:00,,,,,,,1681.4,1681.4,1680.75,1680.75,1548875.0,75.0
NIFTY,26-DEC-2024,26000.0,29-11-2024 15:20:00,8.0,8.0,8.0,8.0,4138900.0,9575.0,1685.95,1690.2,1685.95,1690.2,1548875.0,3125.0
NIFTY,26-DEC-2024,26000.0,29-11-2024 15:21:00,7.85,7.95,7.85,7.95,4138900.0,17075.0,1689.95,1689.95,1688.55,1689.3,1551700.0,1050.0
NIFTY,26-DEC-2024,26000.0,29-11-2024 15:22:00,7.9,7.9,7.9,7.9,4144975.0,10600.0,1689.8,1692.55,1689.8,1692.55,1551700.0,3200.0
NIFTY,26-DEC-2024,26000.0,29-11-2024 15:23:00,,,,,,,1693.55,1693.55,1685.55,1686.55,1551700.0,1600.0
NIFTY,26-DEC-2024,26000.0,29-11-2024 15:24:00,7.7,7.8,7.7,7.8,4144975.0,30525.0,1685.65,1695.4,1685.65,1695.4,1551300.0,4300.0
NIFTY,26-DEC-2024,26000.0,29-11-2024 15:25:00,7.85,7.85,7.85,7.85,4148850.0,24100.0,1696.8,1696.8,1695.9,1695.9,1551300.0,2000.0
NIFTY,26-DEC-2024,26000.0,29-11-2024 15:26:00,7.9,7.9,7.9,7.9,4148850.0,13575.0,1694.9,1694.9,1680.7,1680.7,1551300.0,2075.0
NIFTY,26-DEC-2024,26000.0,29-11-2024 15:27:00,,,,,,,1683.85,1685.7,1683.85,1685.7,1551300.0,600.0
NIFTY,26-DEC-2024,26000.0,29-11-2024 15:28:00,7.85,7.85,7.85,7.85,4151975.0,13750.0,,,,,,
NIFTY,26-DEC-2024,26000.0,29-11-2024 15:29:00,7.75,7.75,7.75,7.75,4151975.0,8850.0,1684.9,1686.0,1675.0,1675.0,1551450.0,1100.0
NIFTY,26-DEC-2024,26000.0,02-12-2024 09:15:00,,,,,,,1650.0,1782.35,1650.0,1764.85,1551575.0,1900.0
NIFTY,26-DEC-2024,26000.0,02-12-2024 09:16:00,7.8,9.6,6.7,7.1,4151150.0,28225.0,,,,,,
NIFTY,26-DEC-2024,26000.0,02-12-2024 09:17:00,7.0,7.0,7.0,7.0,4151150.0,28025.0,1780.3,1788.0,1770.65,1788.0,1551575.0,1000.0
NIFTY,26-DEC-2024,26000.0,02-12-2024 09:18:00,6.9,6.9,6.9,6.9,4141550.0,16475.0,1791.0,1791.0,1791.0,1791.0,1551575.0,425.0
NIFTY,26-DEC-2024,26000.0,02-12-2024 09:19:00,,,,,,,1788.0,1788.0,1788.0,1788.0,1550350.0,50.0
NIFTY,26-DEC-2024,26000.0,02-12-2024 09:20:00,6.6,6.8,6.6,6.8,4141550.0,13350.0,1782.85,1795.0,1782.85,1795.0,1550350.0,625.0
NIFTY,26-DEC-2024,26000.0,02-12-2024 09:21:00,6.7,6.7,6.7,6.7,4141550.0,10700.0,1800.0,1804.8,1800.0,1800.4,1550625.0,850.0
NIFTY,26-DEC-2024,26000.0,02-12-2024 09:22:00,6.55,6.65,6.55,6.65,4147150.0,18875.0,1800.4,1800.4,1796.25,1796.25,1550625.0,200.0
NIFTY,26-DEC-2024,26000.0,02-12-2024 09:23:00,6.6,6.6,6.6,6.6,4147150.0,12925.0,1788.0,1788.0,1780.0,1788.0,1550625.0,75.0
NIFTY,26-DEC-2024,26000.0,02-12-2024 09:24:00,6.95,6.95,6.95,6.95,4163275.0,28500.0,1790.15,1800.0,1790.15,1800.0,1549975.0,125.0
NIFTY,26-DEC-2024,26000.0,02-12-2024 09:25:00,6.9,6.9,6.9,6.9,4163275.0,59275.0,1795.5,1808.0,1795.5,1808.0,1549975.0,275.0
NIFTY,26-DEC-2024,26000.0,02-12-2024 09:26:00,,,,,,,1815.0,1815.05,1812.6,1815.0,1549975.0,200.0
NIFTY,26-DEC-2024,26000.0,02-12-2024 09:27:00,6.9,6.9,6.9,6.9,4163275.0,34100.0,,,,,,
NIFTY,26-DEC-2024,26000.0,02-12-2024 09:28:00,6.65,6.65,6.65,6.65,4229825.0,27300.0,1805.45,1810.65,1805.45,1810.25,1550350.0,125.0
NIFTY,26-DEC-2024,26000.0,02-12-2024 09:29:00,6.85,6.85,6.85,6.85,4229825.0,17625.0,1803.25,1803.25,1803.25,1803.25,1550350.0,50.0
NIFTY,26-DEC-2024,26000.0,02-12-2024 09:30:00,6.8,6.8,6.8,6.8,4229825.0,13325.0,1771.95,1771.95,1771.95,1771.95,1550350.0,600.0
NIFTY,26-DEC-2024,26000.0,02-12-2024 09:31:00,6.8,6.8,6.8,6.8,4233375.0,8600.0,1782.2,1782.2,1774.0,1774.0,1550350.0,200.0
NIFTY,26-DEC-2024,26000.0,02-12-2024 09:32:00,6.9,6.9,6.9,6.9,4233375.0,10925.0,1764.3,1764.3,1764.3,1764.3,1550350.0,50.0
NIFTY,26-DEC-2024,26000.0,02-12-2024 09:33:00,6.85,6.85,6.85,6.85,4242050.0,7525.0,1779.95,1779.95,1779.95,1779.95,1551000.0,100.0
NIFTY,26-DEC-2024,26000.0,02-12-2024 09:34:00,7.15,7.15,7.15,7.15,4242050.0,10325.0,1760.0,1760.0,1760.0,1760.0,1551000.0,25.0
NIFTY,26-DEC-2024,26000.0,02-12-2024 09:35:00,,,,,,,1740.0,1740.0,1734.0,1734.0,1551000.0,75.0
NIFTY,26-DEC-2024,26000.0,02-12-2024 09:36:00,7.25,7.25,7.25,7.25,4242050.0,13100.0,1743.5,1743.5,1743.5,1743.5,1551000.0,25.0
NIFTY,26-DEC-2024,26000.0,02-12-2024 09:37:00,7.3,7.3,7.3,7.3,4246075.0,8625.0,1743.5,1744.35,1743.5,1744.35,1551050.0,50.0
NIFTY,26-DEC-2024,26000.0,02-12-2024 09:38:00,7.45,7.45,7.45,7.45,4246075.0,25725.0,1740.0,1740.0,1719.6,1719.85,1551050.0,400.0
NIFTY,26-DEC-2024,26000.0,02-12-2024 09:39:00,7.45,7.45,7.45,7.45,4240925.0,19250.0,1715.9,1719.0,1715.7,1718.95,1551050.0,400.0
NIFTY,26-DEC-2024,26000.0,02-12-2024 09:40:00,7.4,7.4,7.4,7.4,4240925.0,13150.0,1721.05,1721.05,1711.0,1711.0,1550825.0,225.0
NIFTY,26-DEC-2024,26000.0,02-12-2024 09:41:00,,,,,,,1700.0,1704.95,1700.0,1704.95,1550825.0,275.0
NIFTY,26-DEC-2024,26000.0,02-12-2024 09:42:00,7.5,7.5,7.5,7.5,4240925.0,5000.0,1704.95,1704.95,1704.95,1704.95,1550825.0,25.0
NIFTY,26-DEC-2024,26000.0,02-12-2024 09:43:00,7.35,7.35,7.35,7.35,4247375.0,9300.0,1730.55,1740.3,1730.55,1739.8,1550675.0,325.0
NIFTY,26-DEC-2024,26000.0,02-12-2024 09:44:00,7.15,7.15,7.15,7.15,4247375.0,12775.0,1730.55,1730.55,1715.4,1715.4,1550675.0,75.0
NIFTY,26-DEC-2024,26000.0,02-12-2024 09:45:00,7.3,7.3,7.3,7.3,4247375.0,8325.0,1707.15,1707.15,1690.0,1690.0,1550500.0,200.0
NIFTY,26-DEC-2024,26000.0,02-12-2024 09:46:00,7.5,7.5,7.5,7.5,4249125.0,6125.0,,,,,,
NIFTY,26-DEC-2024,26000.0,02-12-2024 09:47:00,7.45,7.45,7.45,7.45,4249125.0,10450.0,1694.5,1694.5,1694.5,1694.5,1550500.0,25.0
NIFTY,26-DEC-2024,26000.0,02-12-2024 09:48:00,7.55,7.55,7.55,7.55,4248050.0,7975.0,1694.55,1694.55,1694.55,1694.55,1550500.0,150.0
NIFTY,26-DEC-2024,26000.0,02-12-2024 09:49:00,7.65,7.65,7.65,7.65,4248050.0,10650.0,1694.25,1700.9,1694.25,1700.9,1550525.0,50.0
NIFTY,26-DEC-2024,26000.0,02-12-2024 09:51:00,7.5,7.5,7.5,7.5,4248050.0,11800.0,1703.0,1703.0,1700.0,1700.0,1550525.0,50.0
NIFTY,26-DEC-2024,26000.0,02-12-2024 09:52:00,7.55,7.55,7.55,7.55,4254875.0,4300.0,1700.6,1700.6,1700.6,1700.6,1550525.0,25.0
NIFTY,26-DEC-2024,26000.0,02-12-2024 09:53:00,7.5,7.5,7.5,7.5,4254875.0,1650.0,1699.8,1701.65,1699.8,1701.65,1550525.0,100.0
NIFTY,26-DEC-2024,26000.0,02-12-2024 09:54:00,7.4,7.4,7.4,7.4,4254875.0,2525.0,1706.95,1706.95,1706.95,1706.95,1550525.0,50.0
NIFTY,26-DEC-2024,26000.0,02-12-2024 09:55:00,7.25,7.25,7.25,7.25,4256500.0,6750.0,,,,,,
NIFTY,26-DEC-2024,26000.0,02-12-2024 09:56:00,7.4,7.4,7.4,7.4,4256500.0,1375.0,,,,,,
NIFTY,26-DEC-2024,26000.0,02-12-2024 09:57:00,7.55,7.55,7.55,7.55,4256500.0,4650.0,1699.75,1699.75,1695.4,1695.4,1550700.0,175.0
NIFTY,26-DEC-2024,26000.0,02-12-2024 09:58:00,7.5,7.5,7.5,7.5,4254725.0,750.0,,,,,,
NIFTY,26-DEC-2024,26000.0,02-12-2024 09:59:00,7.6,7.6,7.6,7.6,4254725.0,4200.0,1690.0,1690.0,1690.0,1690.0,1550675.0,100.0
NIFTY,26-DEC-2024,26000.0,02-12-2024 10:00:00,7.55,7.55,7.55,7.55,4260850.0,7000.0,1688.0,1688.0,1688.0,1688.0,1550675.0,25.0
NIFTY,26-DEC-2024,26000.0,02-12-2024 10:01:00,7.5,7.5,7.5,7.5,4260850.0,4225.0,,,,,,
NIFTY,26-DEC-2024,26000.0,02-12-2024 10:02:00,7.4,7.4,7.4,7.4,4260850.0,2525.0,1701.05,1701.05,1700.0,1701.0,1550725.0,2075.0
NIFTY,26-DEC-2024,26000.0,02-12-2024 10:03:00,7.35,7.35,7.35,7.35,4263925.0,5200.0,,,,,,
NIFTY,26-DEC-2024,26000.0,02-12-2024 10:04:00,,,,,,,1699.0,1699.0,1698.7,1698.7,1551025.0,125.0
NIFTY,26-DEC-2024,26000.0,02-12-2024 10:05:00,7.4,7.4,7.4,7.4,4263925.0,5850.0,1693.4,1693.4,1686.5,1686.5,1551025.0,100.0
NIFTY,26-DEC-2024,26000.0,02-12-2024 10:06:00,7.5,7.5,7.5,7.5,4263925.0,9700.0,1689.5,1689.5,1688.05,1688.05,1551025.0,175.0
NIFTY,26-DEC-2024,26000.0,02-12-2024 10:07:00,7.35,7.35,7.35,7.35,4264225.0,7025.0,,,,,,
NIFTY,26-DEC-2024,26000.0,02-12-2024 10:08:00,7.4,7.4,7.4,7.4,4264225.0,13275.0,,,,,,
NIFTY,26-DEC-2024,26000.0,02-12-2024 10:09:00,7.35,7.35,7.35,7.35,4264225.0,7150.0,1701.65,1701.65,1701.65,1701.65,1551250.0,25.0
NIFTY,26-DEC-2024,26000.0,02-12-2024 10:10:00,7.15,7.15,7.15,7.15,4263500.0,5875.0,,,,,,
NIFTY,26-DEC-2024,26000.0,02-12-2024 10:11:00,7.3,7.3,7.3,7.3,4263500.0,5075.0,,,,,,
NIFTY,26-DEC-2024,26000.0,02-12-2024 10:12:00,7.2,7.2,7.2,7.2,4263500.0,5425.0,,,,,,
NIFTY,26-DEC-2024,26000.0,02-12-2024 10:13:00,7.35,7.35,7.35,7.35,4261600.0,12900.0,,,,,,
NIFTY,26-DEC-2024,26000.0,02-12-2024 10:14:00,7.3,7.3,7.3,7.3,4261600.0,600.0,1711.45,1711.45,1711.45,1711.45,1551250.0,25.0
NIFTY,26-DEC-2024,26000.0,02-12-2024 10:15:00,7.65,7.65,7.65,7.65,4265650.0,15600.0,1700.85,1700.85,1660.05,1660.05,1551250.0,200.0
NIFTY,26-DEC-2024,26000.0,02-12-2024 10:16:00,,,,,,,1658.7,1659.65,1643.5,1644.7,1551175.0,775.0
NIFTY,26-DEC-2024,26000.0,02-12-2024 10:17:00,7.65,7.65,7.65,7.65,4265650.0,8300.0,1649.35,1649.35,1637.3,1648.95,1551175.0,600.0
NIFTY,26-DEC-2024,26000.0,02-12-2024 10:18:00,7.6,7.6,7.6,7.6,4265650.0,2625.0,1648.9,1648.9,1648.9,1648.9,1551850.0,25.0
NIFTY,26-DEC-2024,26000.0,02-12-2024 10:19:00,7.6,7.6,7.6,7.6,4268325.0,1725.0,1651.45,1653.3,1650.6,1653.3,1551850.0,100.0
NIFTY,26-DEC-2024,26000.0,02-12-2024 10:20:00,7.7,7.7,7.7,7.7,4268325.0,5325.0,1649.3,1649.3,1645.0,1645.0,1551850.0,150.0
NIFTY,26-DEC-2024,26000.0,02-12-2024 10:21:00,7.65,7.65,7.65,7.65,4268325.0,9825.0,,,,,,
NIFTY,26-DEC-2024,26000.0,02-12-2024 10:22:00,7.6,7.6,7.6,7.6,4267275.0,700.0,1660.0,1660.0,1660.0,1660.0,1551725.0,200.0
NIFTY,26-DEC-2024,26000.0,02-12-2024 10:23:00,7.6,7.6,7.6,7.6,4267275.0,2775.0,1660.0,1665.1,1660.0,1660.0,1551725.0,375.0
NIFTY,26-DEC-2024,26000.0,02-12-2024 10:24:00,7.7,7.7,7.7,7.7,4267275.0,1850.0,1660.45,1660.45,1660.45,1660.45,1551725.0,450.0
NIFTY,26-DEC-2024,26000.0,02-12-2024 10:25:00,7.6,7.6,7.6,7.6,4266850.0,3975.0,,,,,,
NIFTY,26-DEC-2024,26000.0,02-12-2024 10:26:00,7.5,7.5,7.5,7.5,4266850.0,3325.0,,,,,,
NIFTY,26-DEC-2024,26000.0,02-12-2024 10:27:00,7.75,7.75,7.75,7.75,4266850.0,1425.0,,,,,,
NIFTY,26-DEC-2024,26000.0,02-12-2024 10:28:00,7.85,7.85,7.85,7.85,4269050.0,6600.0,1667.15,1667.15,1667.15,1667.15,1551175.0,150.0
NIFTY,26-DEC-2024,26000.0,02-12-2024 10:29:00,7.9,7.9,7.9,7.9,4269050.0,7150.0,1662.0,1662.0,1656.0,1656.0,1551175.0,50.0
NIFTY,26-DEC-2024,26000.0,02-12-2024 10:30:00,,,,,,,1654.6,1660.0,1654.6,1660.0,1551150.0,125.0
NIFTY,26-DEC-2024,26000.0,02-12-2024 10:31:00,8.0,8.0,8.0,8.0,4294825.0,41075.0,1668.85,1668.85,1668.85,1668.85,1551150.0,75.0
NIFTY,26-DEC-2024,26000.0,02-12-2024 10:32:00,7.7,7.7,7.7,7.7,4294825.0,14975.0,,,,,,
NIFTY,26-DEC-2024,26000.0,02-12-2024 10:33:00,7.5,7.5,7.5,7.5,4294825.0,31475.0,,,,,,
NIFTY,26-DEC-2024,26000.0,02-12-2024 10:34:00,7.7,7.7,7.7,7.7,4326600.0,13400.0,1679.6,1680.3,1671.8,1678.1,1551175.0,150.0
NIFTY,26-DEC-2024,26000.0,02-12-2024 10:35:00,7.5,7.5,7.5,7.5,4326600.0,4550.0,1679.9,1690.4,1679.9,1690.4,1551175.0,75.0
NIFTY,26-DEC-2024,26000.0,02-12-2024 10:36:00,7.45,7.45,7.45,7.45,4326600.0,9600.0,1691.6,1691.6,1691.6,1691.6,1551175.0,100.0
NIFTY,26-DEC-2024,26000.0,02-12-2024 10:37:00,7.3,7.3,7.3,7.3,4332525.0,6825.0,,,,,,
NIFTY,26-DEC-2024,26000.0,02-12-2024 10:39:00,7.4,7.4,7.4,7.4,4332525.0,4950.0,,,,,,
NIFTY,26-DEC-2024,26000.0,02-12-2024 10:40:00,7.3,7.3,7.3,7.3,4327225.0,7025.0,1702.3,1702.65,1702.3,1702.65,1551125.0,150.0
NIFTY,26-DEC-2024,26000.0,02-12-2024 10:41:00,7.4,7.4,7.4,7.4,4327225.0,4650.0,1693.7,1693.7,1688.45,1688.45,1551125.0,50.0
NIFTY,26-DEC-2024,26000.0,02-12-2024 10:42:00,7.45,7.45,7.45,7.45,4327225.0,925.0,1715.0,1732.95,1715.0,1732.95,1551125.0,50.0
NIFTY,26-DEC-2024,26000.0,02-12-2024 10:43:00,7.25,7.25,7.25,7.25,4330475.0,14250.0,1737.8,1737.8,1725.0,1725.0,1551125.0,100.0
NIFTY,26-DEC-2024,26000.0,02-12-2024 10:44:00,7.35,7.35,7.35,7.35,4330475.0,11200.0,,,,,,
NIFTY,26-DEC-2024,26000.0,02-12-2024 10:45:00,7.3,7.3,7.3,7.3,4330475.0,1000.0,1714.85,1714.85,1714.85,1714.85,1551125.0,50.0
NIFTY,26-DEC-2024,26000.0,02-12-2024 10:47:00,7.25,7.25,7.25,7.25,4334500.0,1475.0,1720.0,1720.0,1720.0,1720.0,1551125.0,100.0
NIFTY,26-DEC-2024,26000.0,02-12-2024 10:48:00,7.3,7.3,7.3,7.3,4334500.0,2350.0,,,,,,
NIFTY,26-DEC-2024,26000.0,02-12-2024 10:49:00,7.05,7.05,7.05,7.05,4337425.0,6950.0,1704.25,1712.3,1704.25,1712.3,1551225.0,400.0
NIFTY,26-DEC-2024,26000.0,02-12-2024 10:50:00,7.25,7.25,7.25,7.25,4337425.0,1900.0,1710.0,1710.0,1710.0,1710.0,1551225.0,900.0
NIFTY,26-DEC-2024,26000.0,02-12-2024 10:51:00,7.15,7.15,7.15,7.15,4337425.0,2075.0,,,,,,
NIFTY,26-DEC-2024,26000.0,02-12-2024 10:52:00,7.1,7.1,7.1,7.1,4338875.0,8250.0,1718.95,1718.95,1718.05,1718.05,1550325.0,200.0
NIFTY,26-DEC-2024,26000.0,02-12-2024 10:53:00,7.15,7.15,7.15,7.15,4338875.0,1100.0,,,,,,
NIFTY,26-DEC-2024,26000.0,02-12-2024 10:54:00,7.1,7.1,7.1,7.1,4338875.0,150.0,,,,,,
NIFTY,26-DEC-2024,26000.0,02-12-2024 10:55:00,7.0,7.0,7.0,7.0,4339200.0,2150.0,1725.0,1729.45,1725.0,1729.45,1550325.0,125.0
NIFTY,26-DEC-2024,26000.0,02-12-2024 10:56:00,7.15,7.15,7.15,7.15,4339200.0,1175.0,,,,,,
NIFTY,26-DEC-2024,26000.0,02-12-2024 10:57:00,7.2,7.2,7.2,7.2,4339200.0,3825.0,1721.0,1721.0,1721.0,1721.0,1550375.0,300.0
NIFTY,26-DEC-2024,26000.0,02-12-2024 10:58:00,7.05,7.05,7.05,7.05,4337250.0,10550.0,1720.0,1720.0,1720.0,1720.0,1550375.0,100.0
NIFTY,26-DEC-2024,26000.0,02-12-2024 10:59:00,7.0,7.0,7.0,7.0,4337250.0,9975.0,1715.0,1715.0,1715.0,1715.0,1550375.0,100.0
NIFTY,26-DEC-2024,26000.0,02-12-2024 11:00:00,7.05,7.05,7.05,7.05,4337250.0,4850.0,1710.0,1710.0,1710.0,1710.0,1550375.0,100.0
NIFTY,26-DEC-2024,26000.0,02-12-2024 11:01:00,7.05,7.05,7.05,7.05,4331850.0,2175.0,,,,,,
NIFTY,26-DEC-2024,26000.0,02-12-2024 11:02:00,7.05,7.05,7.05,7.05,4331850.0,3300.0,1715.0,1715.0,1715.0,1715.0,1550375.0,750.0
NIFTY,26-DEC-2024,26000.0,02-12-2024 11:03:00,7.05,7.05,7.05,7.05,4331850.0,2775.0,,,,,,
NIFTY,26-DEC-2024,26000.0,02-12-2024 11:04:00,7.0,7.0,7.0,7.0,4333875.0,1125.0,1705.0,1705.0,1700.0,1700.0,1550375.0,125.0
NIFTY,26-DEC-2024,26000.0,02-12-2024 11:05:00,7.0,7.0,7.0,7.0,4333875.0,4575.0,1700.0,1700.0,1700.0,1700.0,1550375.0,75.0
NIFTY,26-DEC-2024,26000.0,02-12-2024 11:06:00,,,,,,,1702.2,1702.2,1702.2,1702.2,1550375.0,300.0
NIFTY,26-DEC-2024,26000.0,02-12-2024 11:07:00,7.0,7.0,7.0,7.0,4333825.0,2275.0,1710.0,1710.0,1710.0,1710.0,1550375.0,175.0
NIFTY,26-DEC-2024,26000.0,02-12-2024 11:08:00,7.05,7.05,7.05,7.05,4333825.0,550.0,1705.0,1705.0,1691.35,1691.35,1550475.0,225.0
NIFTY,26-DEC-2024,26000.0,02-12-2024 11:09:00,7.0,7.0,7.0,7.0,4333825.0,2350.0,,,,,,
NIFTY,26-DEC-2024,26000.0,02-12-2024 11:10:00,7.1,7.1,7.1,7.1,4336300.0,4450.0,,,,,,
NIFTY,26-DEC-2024,26000.0,02-12-2024 11:11:00,7.0,7.0,7.0,7.0,4336300.0,2300.0,1700.0,1700.0,1700.0,1700.0,1550475.0,25.0
NIFTY,26-DEC-2024,26000.0,02-12-2024 11:12:00,7.05,7.05,7.05,7.05,4336300.0,250.0,1699.95,1700.0,1699.95,1700.0,1550125.0,100.0
NIFTY,26-DEC-2024,26000.0,02-12-2024 11:13:00,7.05,7.05,7.05,7.05,4336850.0,3150.0,1695.0,1695.0,1695.0,1695.0,1550125.0,50.0
NIFTY,26-DEC-2024,26000.0,02-12-2024 11:14:00,6.9,6.9,6.9,6.9,4336850.0,8875.0,1702.85,1702.85,1689.95,1689.95,1550125.0,275.0
NIFTY,26-DEC-2024,26000.0,02-12-2024 11:15:00,6.95,6.95,6.95,6.95,4336850.0,3225.0,1689.9,1694.7,1689.9,1694.7,1550125.0,50.0
NIFTY,26-DEC-2024,26000.0,02-12-2024 11:16:00,7.1,7.1,7.1,7.1,4339275.0,600.0,,,,,,
NIFTY,26-DEC-2024,26000.0,02-12-2024 11:17:00,7.15,7.15,7.15,7.15,4339275.0,8700.0,,,,,,
NIFTY,26-DEC-2024,26000.0,02-12-2024 11:18:00,7.15,7.15,7.15,7.15,4339275.0,3275.0,1675.0,1675.0,1675.0,1675.0,1550075.0,150.0
NIFTY,26-DEC-2024,26000.0,02-12-2024 11:19:00,7.15,7.15,7.15,7.15,4346400.0,3225.0,,,,,,
NIFTY,26-DEC-2024,26000.0,02-12-2024 11:20:00,7.1,7.1,7.1,7.1,4346400.0,4475.0,,,,,,
NIFTY,26-DEC-2024,26000.0,02-12-2024 11:21:00,7.0,7.0,7.0,7.0,4346400.0,1100.0,1662.35,1662.35,1662.35,1662.35,1550025.0,75.0
NIFTY,26-DEC-2024,26000.0,02-12-2024 11:22:00,,,,,,,1680.95,1685.05,1680.95,1685.05,1550025.0,175.0
NIFTY,26-DEC-2024,26000.0,02-12-2024 11:23:00,7.1,7.1,7.1,7.1,4350250.0,2650.0,1684.9,1684.9,1683.3,1683.3,1550025.0,100.0
NIFTY,26-DEC-2024,26000.0,02-12-2024 11:24:00,7.1,7.1,7.1,7.1,4350250.0,3525.0,1686.65,1686.65,1685.7,1685.7,1550025.0,100.0
NIFTY,26-DEC-2024,26000.0,02-12-2024 11:25:00,7.05,7.1,7.05,7.1,4350725.0,750.0,1683.55,1683.55,1683.55,1683.55,1549800.0,25.0
NIFTY,26-DEC-2024,26000.0,02-12-2024 11:26:00,7.05,7.05,7.05,7.05,4350725.0,1100.0,1683.55,1683.55,1681.8,1681.8,1549800.0,1075.0
NIFTY,26-DEC-2024,26000.0,02-12-2024 11:27:00,7.15,7.15,7.15,7.15,4350725.0,3100.0,1675.0,1675.0,1675.0,1675.0,1548625.0,125.0
NIFTY,26-DEC-2024,26000.0,02-12-2024 11:28:00,7.25,7.25,7.25,7.25,4351975.0,1925.0,1671.75,1673.35,1671.75,1673.35,1548625.0,200.0
NIFTY,26-DEC-2024,26000.0,02-12-2024 11:29:00,7.2,7.2,7.2,7.2,4351975.0,1875.0,1680.5,1685.0,1680.5,1685.0,1548625.0,75.0
NIFTY,26-DEC-2024,26000.0,02-12-2024 11:30:00,,,,,,,1679.4,1679.4,1679.4,1679.4,1548625.0,25.0
NIFTY,26-DEC-2024,26000.0,02-12-2024 11:31:00,7.1,7.1,7.1,7.1,4351975.0,1375.0,1675.05,1675.05,1675.05,1675.05,1548600.0,200.0
NIFTY,26-DEC-2024,26000.0,02-12-2024 11:32:00,7.2,7.2,7.2,7.2,4353300.0,2925.0,1684.6,1684.6,1684.6,1684.6,1548600.0,25.0
NIFTY,26-DEC-2024,26000.0,02-12-2024 11:33:00,7.25,7.25,7.25,7.25,4353300.0,3725.0,1678.15,1678.15,1678.15,1678.15,1548600.0,25.0
NIFTY,26-DEC-2024,26000.0,02-12-2024 11:34:00,7.2,7.2,7.2,7.2,4356550.0,5100.0,,,,,,
NIFTY,26-DEC-2024,26000.0,02-12-2024 11:35:00,7.25,7.25,7.25,7.25,4356550.0,5300.0,,,,,,
NIFTY,26-DEC-2024,26000.0,02-12-2024 11:36:00,7.1,7.1,7.1,7.1,4356550.0,675.0,,,,,,
NIFTY,26-DEC-2024,26000.0,02-12-2024 11:37:00,7.1,7.1,7.1,7.1,4357075.0,200.0,,,,,,
NIFTY,26-DEC-2024,26000.0,02-12-2024 11:38:00,7.15,7.15,7.15,7.15,4357075.0,125.0,,,,,,
NIFTY,26-DEC-2024,26000.0,02-12-2024 11:39:00,7.2,7.2,7.2,7.2,4357075.0,1050.0,,,,,,
NIFTY,26-DEC-2024,26000.0,02-12-2024 11:40:00,7.15,7.15,7.15,7.15,4357525.0,400.0,1692.35,1692.35,1692.35,1692.35,1548375.0,150.0
NIFTY,26-DEC-2024,26000.0,02-12-2024 11:41:00,7.1,7.1,7.1,7.1,4357525.0,3275.0,,,,,,
NIFTY,26-DEC-2024,26000.0,02-12-2024 11:42:00,7.1,7.1,7.1,7.1,4357525.0,150.0,1686.8,1686.8,1686.8,1686.8,1548375.0,25.0
NIFTY,26-DEC-2024,26000.0,02-12-2024 11:43:00,7.15,7.15,7.15,7.15,4358075.0,1650.0,,,,,,
NIFTY,26-DEC-2024,26000.0,02-12-2024 11:44:00,7.25,7.25,7.25,7.25,4358075.0,1475.0,1670.2,1670.2,1670.2,1670.2,1548375.0,25.0
NIFTY,26-DEC-2024,26000.0,02-12-2024 11:45:00,7.35,7.35,7.35,7.35,4358075.0,10525.0,1669.45,1674.8,1669.45,1674.8,1548375.0,975.0
NIFTY,26-DEC-2024,26000.0,02-12-2024 11:46:00,7.35,7.35,7.35,7.35,4360900.0,1300.0,,,,,,
NIFTY,26-DEC-2024,26000.0,02-12-2024 11:47:00,7.3,7.3,7.3,7.3,4360900.0,1450.0,1681.75,1683.4,1681.75,1683.4,1549350.0,150.0
NIFTY,26-DEC-2024,26000.0,02-12-2024 11:48:00,7.2,7.2,7.2,7.2,4360900.0,800.0,1687.85,1687.85,1687.85,1687.85,1549350.0,25.0
NIFTY,26-DEC-2024,26000.0,02-12-2024 11:49:00,,,,,,,1698.7,1700.0,1698.7,1700.0,1549375.0,250.0
NIFTY,26-DEC-2024,26000.0,02-12-2024 11:50:00,7.1,7.1,7.1,7.1,4361200.0,1800.0,1700.0,1709.55,1700.0,1706.2,1549375.0,325.0
NIFTY,26-DEC-2024,26000.0,02-12-2024 11:51:00,7.05,7.05,7.05,7.05,4361200.0,2675.0,1711.6,1711.6,1701.7,1701.7,1549375.0,225.0
NIFTY,26-DEC-2024,26000.0,02-12-2024 11:52:00,7.1,7.1,7.1,7.1,4363050.0,1500.0,1697.8,1697.8,1693.0,1693.0,1549750.0,325.0
NIFTY,26-DEC-2024,26000.0,02-12-2024 11:53:00,7.15,7.15,7.15,7.15,4363050.0,600.0,1693.0,1693.0,1693.0,1693.0,1549750.0,50.0
NIFTY,26-DEC-2024,26000.0,02-12-2024 11:54:00,7.2,7.2,7.2,7.2,4363050.0,100.0,,,,,,
NIFTY,26-DEC-2024,26000.0,02-12-2024 11:55:00,7.05,7.05,7.05,7.05,4363500.0,1400.0,1699.3,1699.95,1699.3,1699.95,1549950.0,125.0
NIFTY,26-DEC-2024,26000.0,02-12-2024 11:56:00,7.1,7.1,7.1,7.1,4363500.0,600.0,1697.1,1697.95,1697.1,1697.95,1549950.0,125.0
NIFTY,26-DEC-2024,26000.0,02-12-2024 11:57:00,7.15,7.15,7.15,7.15,4363500.0,775.0,1700.0,1700.0,1696.95,1697.3,1549950.0,175.0
NIFTY,26-DEC-2024,26000.0,02-12-2024 11:58:00,7.2,7.2,7.2,7.2,4363925.0,1150.0,,,,,,
NIFTY,26-DEC-2024,26000.0,02-12-2024 12:00:00,7.15,7.15,7.15,7.15,4363925.0,4425.0,1687.4,1687.4,1687.4,1687.4,1549975.0,25.0
NIFTY,26-DEC-2024,26000.0,02-12-2024 12:01:00,7.15,7.15,7.15,7.15,4364450.0,2050.0,1695.0,1695.0,1695.0,1695.0,1549950.0,25.0
NIFTY,26-DEC-2024,26000.0,02-12-2024 12:02:00,,,,,,,1694.6,1694.6,1694.6,1694.6,1549950.0,250.0
NIFTY,26-DEC-2024,26000.0,02-12-2024 12:03:00,7.1,7.1,7.1,7.1,4364450.0,525.0,1694.6,1694.6,1694.6,1694.6,1549950.0,25.0
NIFTY,26-DEC-2024,26000.0,02-12-2024 12:04:00,7.1,7.1,7.1,7.1,4364000.0,825.0,1697.75,1697.75,1694.55,1694.55,1550000.0,150.0
NIFTY,26-DEC-2024,26000.0,02-12-2024 12:05:00,7.2,7.2,7.2,7.2,4364000.0,400.0,1689.5,1702.0,1689.5,1702.0,1550000.0,50.0
NIFTY,26-DEC-2024,26000.0,02-12-2024 12:06:00,7.1,7.1,7.1,7.1,4364000.0,5275.0,,,,,,
NIFTY,26-DEC-2024,26000.0,02-12-2024 12:07:00,7.1,7.1,7.1,7.1,4364750.0,2200.0,,,,,,
NIFTY,26-DEC-2024,26000.0,02-12-2024 12:08:00,7.05,7.05,7.05,7.05,4364750.0,600.0,,,,,,
NIFTY,26-DEC-2024,26000.0,02-12-2024 12:09:00,7.2,7.2,7.2,7.2,4364750.0,5300.0,1686.0,1688.7,1686.0,1688.7,1549950.0,50.0
NIFTY,26-DEC-2024,26000.0,02-12-2024 12:10:00,7.2,7.2,7.2,7.2,4365525.0,275.0,1685.0,1685.0,1678.45,1678.45,1549950.0,175.0
NIFTY,26-DEC-2024,26000.0,02-12-2024 12:11:00,7.2,7.2,7.2,7.2,4365525.0,9250.0,1680.25,1683.95,1673.85,1677.2,1549950.0,675.0
NIFTY,26-DEC-2024,26000.0,02-12-2024 12:12:00,7.25,7.25,7.25,7.25,4365525.0,375.0,1680.0,1683.8,1680.0,1680.45,1549950.0,100.0
NIFTY,26-DEC-2024,26000.0,02-12-2024 12:13:00,7.05,7.05,7.05,7.05,4373900.0,2700.0,1685.0,1685.0,1685.0,1685.0,1550425.0,25.0
NIFTY,26-DEC-2024,26000.0,02-12-2024 12:14:00,7.1,7.1,7.1,7.1,4373900.0,3325.0,1685.0,1692.0,1685.0,1690.9,1550425.0,150.0
NIFTY,26-DEC-2024,26000.0,02-12-2024 12:15:00,7.05,7.05,7.05,7.05,4373900.0,650.0,,,,,,
NIFTY,26-DEC-2024,26000.0,02-12-2024 12:16:00,7.1,7.1,7.1,7.1,4374675.0,2575.0,1689.75,1689.75,1681.0,1681.0,1550425.0,225.0
NIFTY,26-DEC-2024,26000.0,02-12-2024 12:17:00,7.1,7.1,7.1,7.1,4374675.0,2750.0,1678.4,1681.7,1675.9,1676.05,1550425.0,825.0
NIFTY,26-DEC-2024,26000.0,02-12-2024 12:18:00,7.15,7.15,7.15,7.15,4374675.0,2150.0,1676.0,1676.65,1675.85,1676.0,1550425.0,800.0
NIFTY,26-DEC-2024,26000.0,02-12-2024 12:19:00,7.1,7.1,7.1,7.1,4375125.0,1050.0,1676.0,1676.0,1676.0,1676.0,1550600.0,50.0
NIFTY,26-DEC-2024,26000.0,02-12-2024 12:20:00,,,,,,,1675.0,1675.0,1675.0,1675.0,1550600.0,400.0
NIFTY,26-DEC-2024,26000.0,02-12-2024 12:21:00,7.1,7.1,7.1,7.1,4375125.0,2375.0,1674.9,1675.85,1672.0,1673.5,1550600.0,400.0
NIFTY,26-DEC-2024,26000.0,02-12-2024 12:22:00,7.1,7.1,7.1,7.1,4375125.0,1300.0,,,,,,
NIFTY,26-DEC-2024,26000.0,02-12-2024 12:23:00,7.1,7.1,7.1,7.1,4375575.0,575.0,1675.0,1675.0,1672.1,1672.1,1548700.0,100.0
NIFTY,26-DEC-2024,26000.0,02-12-2024 12:24:00,7.1,7.1,7.1,7.1,4375575.0,3250.0,,,,,,
NIFTY,26-DEC-2024,26000.0,02-12-2024 12:25:00,7.1,7.1,7.1,7.1,4375575.0,3125.0,,,,,,
NIFTY,26-DEC-2024,26000.0,02-12-2024 12:26:00,7.1,7.1,7.1,7.1,4377225.0,4025.0,1677.15,1677.15,1668.0,1668.0,1548600.0,550.0
NIFTY,26-DEC-2024,26000.0,02-12-2024 12:27:00,7.2,7.2,7.2,7.2,4377225.0,1250.0,1670.0,1670.0,1670.0,1670.0,1548600.0,50.0
NIFTY,26-DEC-2024,26000.0,02-12-2024 12:28:00,7.3,7.3,7.3,7.3,4375050.0,13625.0,1665.0,1665.0,1647.75,1654.8,1548375.0,575.0
NIFTY,26-DEC-2024,26000.0,02-12-2024 12:29:00,7.55,7.55,7.55,7.55,4375050.0,12250.0,1636.6,1637.0,1629.8,1629.8,1548375.0,225.0
NIFTY,26-DEC-2024,26000.0,02-12-2024 12:30:00,7.4,7.4,7.4,7.4,4375050.0,7675.0,,,,,,
NIFTY,26-DEC-2024,26000.0,02-12-2024 12:31:00,,,,,,,1643.55,1643.55,1643.55,1643.55,1547850.0,25.0
NIFTY,26-DEC-2024,26000.0,02-12-2024 12:32:00,7.45,7.45,7.45,7.45,4364625.0,1225.0,,,,,,
NIFTY,26-DEC-2024,26000.0,02-12-2024 12:33:00,7.55,7.55,7.55,7.55,4364625.0,3350.0,,,,,,
NIFTY,26-DEC-2024,26000.0,02-12-2024 12:34:00,7.55,7.55,7.55,7.55,4364625.0,3825.0,1643.0,1649.1,1643.0,1645.85,1547850.0,575.0
NIFTY,26-DEC-2024,26000.0,02-12-2024 12:35:00,7.6,7.6,7.6,7.6,4365025.0,13825.0,1643.9,1645.85,1641.65,1641.7,1547850.0,175.0
NIFTY,26-DEC-2024,26000.0,02-12-2024 12:36:00,7.7,7.7,7.7,7.7,4365025.0,20225.0,1643.45,1650.15,1643.45,1650.15,1547850.0,100.0
NIFTY,26-DEC-2024,26000.0,02-12-2024 12:37:00,7.55,7.55,7.55,7.55,4360750.0,6850.0,1646.75,1662.55,1646.75,1662.55,1547600.0,150.0
NIFTY,26-DEC-2024,26000.0,02-12-2024 12:38:00,7.45,7.45,7.45,7.45,4360750.0,5925.0,1666.2,1666.2,1661.1,1661.1,1547600.0,225.0
NIFTY,26-DEC-2024,26000.0,02-12-2024 12:39:00,7.45,7.45,7.45,7.45,4360750.0,2350.0,,,,,,
NIFTY,26-DEC-2024,26000.0,02-12-2024 12:40:00,7.5,7.5,7.5,7.5,4361475.0,6825.0,1660.6,1660.6,1657.0,1660.2,1547025.0,1150.0
NIFTY,26-DEC-2024,26000.0,02-12-2024 12:41:00,7.45,7.45,7.45,7.45,4361475.0,6025.0,,,,,,
NIFTY,26-DEC-2024,26000.0,02-12-2024 12:42:00,7.55,7.55,7.55,7.55,4361475.0,6500.0,1668.6,1668.6,1660.0,1660.95,1547025.0,675.0
NIFTY,26-DEC-2024,26000.0,02-12-2024 12:43:00,7.55,7.55,7.55,7.55,4358875.0,1725.0,1650.85,1650.85,1650.1,1650.1,1546225.0,75.0
NIFTY,26-DEC-2024,26000.0,02-12-2024 12:44:00,7.75,7.75,7.75,7.75,4358875.0,3225.0,,,,,,
NIFTY,26-DEC-2024,26000.0,02-12-2024 12:46:00,7.7,7.7,7.7,7.7,4358300.0,2775.0,1662.0,1662.0,1662.0,1662.0,1546225.0,50.0
NIFTY,26-DEC-2024,26000.0,02-12-2024 12:47:00,7.7,7.7,7.7,7.7,4358300.0,25.0,1661.85,1661.85,1661.85,1661.85,1546225.0,25.0
NIFTY,26-DEC-2024,26000.0,02-12-2024 12:48:00,7.65,7.65,7.65,7.65,4358300.0,2550.0,,,,,,
NIFTY,26-DEC-2024,26000.0,02-12-2024 12:49:00,7.8,7.8,7.8,7.8,4358500.0,1375.0,1646.15,1646.15,1646.15,1646.15,1546225.0,100.0
NIFTY,26-DEC-2024,26000.0,02-12-2024 12:50:00,7.8,7.8,7.8,7.8,4358500.0,2675.0,1653.15,1653.15,1648.0,1648.0,1546150.0,50.0
NIFTY,26-DEC-2024,26000.0,02-12-2024 12:52:00,7.65,7.65,7.65,7.65,4358500.0,1250.0,,,,,,
NIFTY,26-DEC-2024,26000.0,02-12-2024 12:53:00,7.95,7.95,7.95,7.95,4358250.0,46200.0,,,,,,
NIFTY,26-DEC-2024,26000.0,02-12-2024 12:54:00,8.0,8.0,8.0,8.0,4358250.0,3525.0,1648.0,1656.8,1648.0,1655.35,1546000.0,125.0
NIFTY,26-DEC-2024,26000.0,02-12-2024 12:55:00,8.0,8.0,8.0,8.0,4398825.0,4050.0,1656.0,1660.05,1651.05,1657.05,1546025.0,275.0
NIFTY,26-DEC-2024,26000.0,02-12-2024 12:56:00,8.0,8.0,8.0,8.0,4398825.0,2700.0,1648.0,1659.6,1648.0,1654.2,1546025.0,400.0
NIFTY,26-DEC-2024,26000.0,02-12-2024 12:57:00,8.0,8.0,8.0,8.0,4398825.0,1475.0,1650.6,1652.25,1650.6,1652.25,1546025.0,625.0
NIFTY,26-DEC-2024,26000.0,02-12-2024 12:58:00,8.05,8.05,8.05,8.05,4398800.0,1525.0,1645.3,1645.3,1645.15,1645.15,1545500.0,50.0
NIFTY,26-DEC-2024,26000.0,02-12-2024 12:59:00,8.0,8.0,8.0,8.0,4398800.0,4225.0,1647.25,1647.25,1642.0,1642.0,1545500.0,325.0
NIFTY,26-DEC-2024,26000.0,02-12-2024 13:00:00,8.05,8.05,8.05,8.05,4398800.0,2800.0,1646.85,1650.95,1646.85,1647.65,1545500.0,175.0
NIFTY,26-DEC-2024,26000.0,02-12-2024 13:01:00,8.05,8.05,8.05,8.05,4398900.0,1525.0,1640.2,1641.85,1640.2,1641.85,1545475.0,125.0
NIFTY,26-DEC-2024,26000.0,02-12-2024 13:02:00,,,,,,,1645.0,1648.5,1645.0,1648.5,1545475.0,150.0
NIFTY,26-DEC-2024,26000.0,02-12-2024 13:03:00,7.95,7.95,7.95,7.95,4398900.0,2075.0,,,,,,
NIFTY,26-DEC-2024,26000.0,02-12-2024 13:04:00,7.95,7.95,7.95,7.95,4398900.0,31300.0,,,,,,
NIFTY,26-DEC-2024,26000.0,02-12-2024 13:05:00,8.05,8.05,8.05,8.05,4397025.0,2225.0,1665.0,1665.0,1665.0,1665.0,1545550.0,100.0
NIFTY,26-DEC-2024,26000.0,02-12-2024 13:06:00,7.9,7.9,7.9,7.9,4397025.0,750.0,,,,,,
NIFTY,26-DEC-2024,26000.0,02-12-2024 13:07:00,7.95,7.95,7.95,7.95,4397025.0,850.0,,,,,,
NIFTY,26-DEC-2024,26000.0,02-12-2024 13:08:00,8.05,8.05,8.05,8.05,4397200.0,1325.0,1650.1,1650.1,1650.1,1650.1,1545650.0,500.0
NIFTY,26-DEC-2024,26000.0,02-12-2024 13:09:00,7.9,7.9,7.9,7.9,4397200.0,1350.0,,,,,,
NIFTY,26-DEC-2024,26000.0,02-12-2024 13:10:00,7.9,7.9,7.9,7.9,4398325.0,425.0,,,,,,
NIFTY,26-DEC-2024,26000.0,02-12-2024 13:11:00,7.95,7.95,7.95,7.95,4398325.0,600.0,,,,,,
NIFTY,26-DEC-2024,26000.0,02-12-2024 13:12:00,7.9,7.9,7.9,7.9,4398325.0,3325.0,1657.65,1657.65,1657.6,1657.6,1545150.0,75.0
NIFTY,26-DEC-2024,26000.0,02-12-2024 13:13:00,,,,,,,1668.05,1675.0,1668.05,1675.0,1545175.0,250.0
NIFTY,26-DEC-2024,26000.0,02-12-2024 13:14:00,7.7,7.7,7.7,7.7,4400900.0,3125.0,1673.35,1673.35,1669.65,1669.65,1545175.0,150.0
NIFTY,26-DEC-2024,26000.0,02-12-2024 13:15:00,7.8,7.8,7.8,7.8,4400900.0,600.0,1675.2,1675.2,1666.65,1666.65,1545175.0,150.0
NIFTY,26-DEC-2024,26000.0,02-12-2024 13:16:00,7.8,7.8,7.8,7.8,4402225.0,1900.0,,,,,,
NIFTY,26-DEC-2024,26000.0,02-12-2024 13:17:00,8.0,8.0,8.0,8.0,4402225.0,275.0,,,,,,
NIFTY,26-DEC-2024,26000.0,02-12-2024 13:18:00,7.85,7.85,7.85,7.85,4402225.0,1650.0,1655.15,1655.15,1655.15,1655.15,1544825.0,100.0
NIFTY,26-DEC-2024,26000.0,02-12-2024 13:19:00,7.85,7.85,7.85,7.85,4402475.0,675.0,,,,,,
NIFTY,26-DEC-2024,26000.0,02-12-2024 13:21:00,7.7,7.7,7.7,7.7,4402475.0,1950.0,,,,,,
NIFTY,26-DEC-2024,26000.0,02-12-2024 13:22:00,7.85,7.85,7.85,7.85,4402475.0,1050.0,1671.45,1671.45,1671.45,1671.45,1544725.0,25.0
NIFTY,26-DEC-2024,26000.0,02-12-2024 13:23:00,7.8,7.8,7.8,7.8,4401000.0,350.0,1679.5,1679.5,1678.65,1678.65,1544725.0,125.0
NIFTY,26-DEC-2024,26000.0,02-12-2024 13:24:00,7.75,7.75,7.75,7.75,4401000.0,2325.0,1673.65,1673.65,1670.85,1671.3,1544725.0,225.0
NIFTY,26-DEC-2024,26000.0,02-12-2024 13:25:00,7.7,7.7,7.7,7.7,4400100.0,1075.0,1671.85,1671.85,1666.3,1670.5,1544700.0,450.0
NIFTY,26-DEC-2024,26000.0,02-12-2024 13:26:00,7.75,7.75,7.75,7.75,4400100.0,1700.0,1670.95,1674.05,1664.85,1672.75,1544700.0,775.0
NIFTY,26-DEC-2024,26000.0,02-12-2024 13:27:00,,,,,,,1672.0,1674.4,1672.0,1674.4,1544700.0,100.0
NIFTY,26-DEC-2024,26000.0,02-12-2024 13:28:00,7.8,7.8,7.8,7.8,4400100.0,2975.0,1680.0,1686.0,1680.0,1686.0,1544900.0,200.0
NIFTY,26-DEC-2024,26000.0,02-12-2024 13:29:00,7.55,7.55,7.55,7.55,4401675.0,8100.0,1683.0,1683.0,1683.0,1683.0,1544900.0,25.0
NIFTY,26-DEC-2024,26000.0,02-12-2024 13:30:00,7.55,7.55,7.55,7.55,4401675.0,3825.0,1680.0,1680.0,1677.15,1677.15,1544900.0,75.0
NIFTY,26-DEC-2024,26000.0,02-12-2024 13:31:00,7.8,7.8,7.8,7.8,4392850.0,650.0,1673.4,1673.4,1673.4,1673.4,1544900.0,50.0
NIFTY,26-DEC-2024,26000.0,02-12-2024 13:32:00,7.8,7.8,7.8,7.8,4392850.0,125.0,1670.0,1670.0,1670.0,1670.0,1544900.0,25.0
NIFTY,26-DEC-2024,26000.0,02-12-2024 13:33:00,7.6,7.6,7.6,7.6,4392850.0,1625.0,1674.0,1674.0,1674.0,1674.0,1544825.0,25.0
NIFTY,26-DEC-2024,26000.0,02-12-2024 13:34:00,7.6,7.6,7.6,7.6,4392850.0,50.0,,,,,,
NIFTY,26-DEC-2024,26000.0,02-12-2024 13:35:00,7.8,7.8,7.8,7.8,4393075.0,225.0,1665.85,1665.85,1665.85,1665.85,1544775.0,500.0
NIFTY,26-DEC-2024,26000.0,02-12-2024 13:36:00,7.8,7.8,7.8,7.8,4393075.0,150.0,1653.5,1655.0,1653.5,1655.0,1544775.0,100.0
NIFTY,26-DEC-2024,26000.0,02-12-2024 13:37:00,7.8,7.8,7.8,7.8,4393150.0,100.0,1649.65,1649.65,1649.65,1649.65,1544350.0,250.0
NIFTY,26-DEC-2024,26000.0,02-12-2024 13:38:00,7.9,7.9,7.9,7.9,4393150.0,25.0,1649.75,1649.75,1649.75,1649.75,1544350.0,250.0
NIFTY,26-DEC-2024,26000.0,02-12-2024 13:39:00,7.85,7.85,7.85,7.85,4393150.0,200.0,1650.0,1650.0,1650.0,1650.0,1544350.0,100.0
NIFTY,26-DEC-2024,26000.0,02-12-2024 13:40:00,7.85,7.85,7.85,7.85,4393725.0,525.0,1650.0,1650.0,1647.25,1647.25,1544300.0,675.0
NIFTY,26-DEC-2024,26000.0,02-12-2024 13:41:00,8.0,8.0,8.0,8.0,4393725.0,1675.0,1646.0,1646.0,1641.85,1642.85,1544300.0,525.0
NIFTY,26-DEC-2024,26000.0,02-12-2024 13:42:00,8.0,8.0,8.0,8.0,4393725.0,2575.0,1649.25,1649.25,1649.25,1649.25,1544300.0,25.0
NIFTY,26-DEC-2024,26000.0,02-12-2024 13:43:00,7.95,7.95,7.95,7.95,4393275.0,425.0,1645.6,1648.3,1642.55,1642.55,1545025.0,300.0
NIFTY,26-DEC-2024,26000.0,02-12-2024 13:44:00,8.05,8.05,8.05,8.05,4393275.0,2525.0,1642.6,1648.25,1642.25,1642.55,1545025.0,425.0
NIFTY,26-DEC-2024,26000.0,02-12-2024 13:45:00,7.9,7.9,7.9,7.9,4393275.0,6425.0,1641.3,1650.75,1638.35,1645.5,1545025.0,2200.0
NIFTY,26-DEC-2024,26000.0,02-12-2024 13:46:00,7.9,7.9,7.9,7.9,4394850.0,7150.0,1646.3,1654.9,1646.3,1654.9,1545975.0,850.0
NIFTY,26-DEC-2024,26000.0,02-12-2024 13:47:00,,,,,,,1653.95,1661.4,1652.45,1653.45,1545975.0,550.0
NIFTY,26-DEC-2024,26000.0,02-12-2024 13:48:00,8.0,8.0,8.0,8.0,4394850.0,4750.0,1650.7,1650.7,1642.25,1644.4,1545975.0,775.0
NIFTY,26-DEC-2024,26000.0,02-12-2024 13:49:00,7.95,7.95,7.95,7.95,4394850.0,2400.0,1649.5,1649.5,1640.8,1644.25,1545875.0,775.0
NIFTY,26-DEC-2024,26000.0,02-12-2024 13:50:00,8.0,8.0,8.0,8.0,4403550.0,3475.0,1642.35,1648.1,1642.35,1643.75,1545875.0,900.0
NIFTY,26-DEC-2024,26000.0,02-12-2024 13:51:00,8.0,8.0,8.0,8.0,4403550.0,950.0,1644.7,1656.7,1644.7,1655.75,1545875.0,1300.0
NIFTY,26-DEC-2024,26000.0,02-12-2024 13:52:00,7.9,7.9,7.9,7.9,4403550.0,1275.0,1656.0,1656.0,1656.0,1656.0,1545750.0,25.0
NIFTY,26-DEC-2024,26000.0,02-12-2024 13:53:00,7.9,7.9,7.9,7.9,4402675.0,75.0,1650.0,1650.0,1650.0,1650.0,1545750.0,25.0
NIFTY,26-DEC-2024,26000.0,02-12-2024 13:54:00,7.9,7.9,7.9,7.9,4402675.0,275.0,1640.8,1640.8,1640.8,1640.8,1545750.0,500.0
NIFTY,26-DEC-2024,26000.0,02-12-2024 13:55:00,8.0,8.0,8.0,8.0,4402675.0,600.0,1636.15,1636.15,1636.15,1636.15,1545750.0,400.0
NIFTY,26-DEC-2024,26000.0,02-12-2024 13:56:00,7.95,7.95,7.95,7.95,4402600.0,250.0,,,,,,
NIFTY,26-DEC-2024,26000.0,02-12-2024 13:57:00,8.0,8.0,8.0,8.0,4402600.0,1350.0,1641.0,1641.0,1641.0,1641.0,1545750.0,50.0
NIFTY,26-DEC-2024,26000.0,02-12-2024 13:58:00,8.3,8.3,8.3,8.3,4403375.0,28100.0,1635.0,1635.0,1593.65,1594.9,1546100.0,1625.0
NIFTY,26-DEC-2024,26000.0,02-12-2024 13:59:00,8.45,8.45,8.45,8.45,4403375.0,11450.0,1600.0,1600.0,1585.0,1585.0,1546100.0,1200.0
NIFTY,26-DEC-2024,26000.0,02-12-2024 14:00:00,8.5,8.5,8.5,8.5,4403375.0,18025.0,1585.0,1585.0,1577.1,1577.1,1546100.0,125.0
NIFTY,26-DEC-2024,26000.0,02-12-2024 14:01:00,,,,,,,1570.15,1576.0,1560.6,1560.6,1545525.0,375.0
NIFTY,26-DEC-2024,26000.0,02-12-2024 14:02:00,8.8,8.8,8.8,8.8,4397775.0,53000.0,1568.1,1571.65,1564.45,1571.65,1545525.0,200.0
NIFTY,26-DEC-2024,26000.0,02-12-2024 14:03:00,8.9,8.9,8.9,8.9,4397775.0,24325.0,1564.7,1571.5,1561.05,1571.5,1545525.0,125.0
NIFTY,26-DEC-2024,26000.0,02-12-2024 14:04:00,8.85,8.85,8.85,8.85,4435000.0,14725.0,1570.65,1573.65,1564.75,1564.75,1545525.0,150.0
NIFTY,26-DEC-2024,26000.0,02-12-2024 14:05:00,8.95,8.95,8.95,8.95,4435000.0,16650.0,1557.7,1557.7,1550.0,1551.9,1545525.0,550.0
NIFTY,26-DEC-2024,26000.0,02-12-2024 14:06:00,9.1,9.1,9.1,9.1,4435000.0,35925.0,1552.2,1552.2,1550.3,1551.5,1545525.0,150.0
NIFTY,26-DEC-2024,26000.0,02-12-2024 14:07:00,9.3,9.3,9.3,9.3,4438575.0,42400.0,1551.5,1565.0,1551.5,1565.0,1545500.0,325.0
NIFTY,26-DEC-2024,26000.0,02-12-2024 14:08:00,9.65,9.65,9.5,9.5,4438575.0,47350.0,1569.0,1570.6,1565.3,1570.6,1545500.0,1450.0
NIFTY,26-DEC-2024,26000.0,02-12-2024 14:09:00,,,,,,,1570.25,1573.9,1565.25,1573.9,1545500.0,325.0
NIFTY,26-DEC-2024,26000.0,02-12-2024 14:10:00,9.7,9.7,9.55,9.55,4438575.0,11950.0,,,,,,
NIFTY,26-DEC-2024,26000.0,02-12-2024 14:11:00,9.4,9.4,9.4,9.4,4455325.0,9800.0,1569.5,1569.5,1569.5,1569.5,1544575.0,25.0
NIFTY,26-DEC-2024,26000.0,02-12-2024 14:12:00,9.45,9.45,9.45,9.45,4455325.0,8450.0,,,,,,
NIFTY,26-DEC-2024,26000.0,02-12-2024 14:13:00,9.5,9.5,9.5,9.5,4459425.0,9475.0,1574.05,1574.05,1570.0,1570.0,1544575.0,275.0
NIFTY,26-DEC-2024,26000.0,02-12-2024 14:14:00,9.65,9.65,9.65,9.65,4459425.0,25350.0,1569.3,1569.3,1569.3,1569.3,1544575.0,25.0
NIFTY,26-DEC-2024,26000.0,02-12-2024 14:15:00,9.6,9.6,9.6,9.6,4459425.0,10600.0,1561.55,1561.55,1561.55,1561.55,1544575.0,100.0
NIFTY,26-DEC-2024,26000.0,02-12-2024 14:16:00,9.6,9.6,9.6,9.6,4462950.0,9575.0,1560.0,1563.35,1555.35,1563.35,1544175.0,400.0
NIFTY,26-DEC-2024,26000.0,02-12-2024 14:17:00,9.65,9.65,9.65,9.65,4462950.0,10550.0,1556.15,1562.3,1555.35,1555.35,1544175.0,2600.0
NIFTY,26-DEC-2024,26000.0,02-12-2024 14:18:00,10.0,10.0,9.9,9.9,4462950.0,16225.0,1552.0,1552.0,1540.0,1540.0,1544175.0,300.0
NIFTY,26-DEC-2024,26000.0,02-12-2024 14:19:00,,,,,,,1538.05,1539.95,1534.0,1534.0,1544150.0,150.0
NIFTY,26-DEC-2024,26000.0,02-12-2024 14:20:00,10.25,10.25,10.1,10.1,4459975.0,26175.0,1544.4,1544.4,1544.4,1544.4,1544150.0,125.0
NIFTY,26-DEC-2024,26000.0,02-12-2024 14:21:00,10.15,10.15,10.15,10.15,4459975.0,12700.0,,,,,,
NIFTY,26-DEC-2024,26000.0,02-12-2024 14:22:00,10.1,10.15,10.1,10.15,4461575.0,12675.0,1548.25,1556.9,1548.25,1556.9,1544200.0,125.0
NIFTY,26-DEC-2024,26000.0,02-12-2024 14:23:00,10.05,10.05,10.05,10.05,4461575.0,16000.0,1556.15,1559.55,1556.15,1557.95,1544200.0,225.0
NIFTY,26-DEC-2024,26000.0,02-12-2024 14:24:00,10.25,10.25,10.25,10.25,4461575.0,5125.0,1554.5,1555.0,1553.9,1553.9,1544200.0,250.0
NIFTY,26-DEC-2024,26000.0,02-12-2024 14:25:00,10.35,10.35,10.15,10.15,4478275.0,14900.0,,,,,,
NIFTY,26-DEC-2024,26000.0,02-12-2024 14:26:00,10.15,10.15,10.15,10.15,4478275.0,9200.0,1557.5,1557.5,1557.45,1557.45,1544050.0,150.0
NIFTY,26-DEC-2024,26000.0,02-12-2024 14:27:00,10.0,10.0,10.0,10.0,4478275.0,3000.0,1559.45,1559.45,1559.45,1559.45,1544050.0,25.0
NIFTY,26-DEC-2024,26000.0,02-12-2024 14:28:00,10.1,10.1,10.1,10.1,4467400.0,6850.0,1563.05,1563.05,1553.3,1553.5,1543325.0,275.0
NIFTY,26-DEC-2024,26000.0,02-12-2024 14:29:00,10.3,10.3,10.3,10.3,4467400.0,11950.0,1556.9,1557.05,1548.9,1556.2,1543325.0,500.0
NIFTY,26-DEC-2024,26000.0,02-12-2024 14:30:00,10.5,10.5,10.5,10.5,4467400.0,7225.0,1552.95,1553.4,1545.85,1552.7,1543325.0,825.0
NIFTY,26-DEC-2024,26000.0,02-12-2024 14:31:00,10.6,10.6,10.5,10.5,4470725.0,9525.0,1552.7,1560.8,1550.35,1555.8,1543325.0,800.0
NIFTY,26-DEC-2024,26000.0,02-12-2024 14:32:00,10.7,10.7,10.7,10.7,4470725.0,7450.0,1549.3,1549.3,1549.3,1549.3,1543325.0,75.0
NIFTY,26-DEC-2024,26000.0,02-12-2024 14:33:00,10.8,10.8,10.7,10.7,4470725.0,8275.0,1549.3,1549.3,1543.0,1543.0,1543325.0,100.0
NIFTY,26-DEC-2024,26000.0,02-12-2024 14:34:00,10.7,10.7,10.7,10.7,4475225.0,9950.0,1542.95,1542.95,1534.0,1534.0,1543175.0,75.0
NIFTY,26-DEC-2024,26000.0,02-12-2024 14:35:00,10.5,10.5,10.5,10.5,4475225.0,7825.0,1535.95,1544.95,1535.95,1544.95,1543175.0,75.0
NIFTY,26-DEC-2024,26000.0,02-12-2024 14:36:00,,,,,,,1538.15,1545.0,1538.15,1545.0,1543175.0,150.0
NIFTY,26-DEC-2024,26000.0,02-12-2024 14:37:00,10.25,10.25,10.25,10.25,4475225.0,4550.0,1543.3,1546.95,1542.3,1546.95,1543000.0,150.0
NIFTY,26-DEC-2024,26000.0,02-12-2024 14:38:00,10.5,10.5,10.5,10.5,4472325.0,10075.0,1541.05,1541.45,1536.0,1540.05,1543000.0,675.0
NIFTY,26-DEC-2024,26000.0,02-12-2024 14:39:00,10.4,10.4,10.4,10.4,4472325.0,9075.0,1543.55,1545.5,1543.55,1543.75,1543000.0,375.0
NIFTY,26-DEC-2024,26000.0,02-12-2024 14:40:00,10.15,10.15,10.15,10.15,4472325.0,12900.0,1544.25,1544.25,1533.15,1533.15,1542975.0,825.0
NIFTY,26-DEC-2024,26000.0,02-12-2024 14:41:00,10.25,10.25,10.25,10.25,4476975.0,3850.0,1534.6,1536.3,1531.8,1536.3,1542975.0,500.0
NIFTY,26-DEC-2024,26000.0,02-12-2024 14:42:00,10.0,10.0,10.0,10.0,4476975.0,42150.0,1535.0,1535.0,1530.0,1532.55,1542975.0,250.0
NIFTY,26-DEC-2024,26000.0,02-12-2024 14:43:00,10.2,10.2,10.2,10.2,4476975.0,3150.0,1525.0,1525.0,1522.55,1522.55,1542600.0,50.0
NIFTY,26-DEC-2024,26000.0,02-12-2024 14:44:00,10.1,10.1,10.1,10.1,4480500.0,7950.0,1530.0,1530.0,1530.0,1530.0,1542600.0,200.0
NIFTY,26-DEC-2024,26000.0,02-12-2024 14:45:00,10.25,10.25,10.25,10.25,4480500.0,13425.0,1521.0,1521.0,1521.0,1521.0,1542600.0,75.0
NIFTY,26-DEC-2024,26000.0,02-12-2024 14:46:00,10.2,10.2,10.2,10.2,4486850.0,2700.0,,,,,,
NIFTY,26-DEC-2024,26000.0,02-12-2024 14:47:00,10.1,10.1,10.1,10.1,4486850.0,3900.0,1530.6,1547.45,1530.6,1547.45,1542825.0,625.0
NIFTY,26-DEC-2024,26000.0,02-12-2024 14:48:00,10.0,10.0,10.0,10.0,4486850.0,3600.0,1545.85,1545.85,1545.85,1545.85,1542825.0,150.0
NIFTY,26-DEC-2024,26000.0,02-12-2024 14:49:00,10.0,10.0,10.0,10.0,4484650.0,3150.0,,,,,,
NIFTY,26-DEC-2024,26000.0,02-12-2024 14:50:00,10.0,10.0,10.0,10.0,4484650.0,4800.0,1537.1,1544.0,1537.1,1540.0,1542525.0,950.0
NIFTY,26-DEC-2024,26000.0,02-12-2024 14:51:00,9.75,9.75,9.75,9.75,4484650.0,1650.0,1546.05,1546.05,1546.05,1546.05,1542525.0,25.0
NIFTY,26-DEC-2024,26000.0,02-12-2024 14:53:00,9.7,9.7,9.7,9.7,4481000.0,6500.0,,,,,,
NIFTY,26-DEC-2024,26000.0,02-12-2024 14:54:00,9.6,9.6,9.6,9.6,4481000.0,4675.0,,,,,,
NIFTY,26-DEC-2024,26000.0,02-12-2024 14:55:00,9.55,9.55,9.55,9.55,4481000.0,5175.0,1565.0,1565.0,1555.65,1556.25,1541950.0,875.0
NIFTY,26-DEC-2024,26000.0,02-12-2024 14:56:00,9.55,9.55,9.55,9.55,4477550.0,10775.0,1556.25,1557.0,1555.0,1556.25,1541950.0,300.0
NIFTY,26-DEC-2024,26000.0,02-12-2024 14:57:00,9.6,9.6,9.6,9.6,4477550.0,35500.0,1559.0,1559.0,1559.0,1559.0,1541950.0,25.0
NIFTY,26-DEC-2024,26000.0,02-12-2024 14:58:00,9.65,9.65,9.65,9.65,4500875.0,14375.0,,,,,,
NIFTY,26-DEC-2024,26000.0,02-12-2024 14:59:00,9.7,9.7,9.7,9.7,4500875.0,8825.0,,,,,,
NIFTY,26-DEC-2024,26000.0,02-12-2024 15:00:00,,,,,,,1547.0,1547.0,1547.0,1547.0,1542500.0,275.0
NIFTY,26-DEC-2024,26000.0,02-12-2024 15:01:00,9.6,9.6,9.6,9.6,4500875.0,32325.0,1547.0,1547.0,1547.0,1547.0,1542500.0,25.0
NIFTY,26-DEC-2024,26000.0,02-12-2024 15:02:00,9.8,9.8,9.8,9.8,4495000.0,8350.0,,,,,,
NIFTY,26-DEC-2024,26000.0,02-12-2024 15:03:00,9.8,9.8,9.8,9.8,4495000.0,3425.0,1544.65,1544.65,1544.65,1544.65,1542600.0,25.0
NIFTY,26-DEC-2024,26000.0,02-12-2024 15:04:00,9.7,9.7,9.7,9.7,4495000.0,4125.0,1556.6,1556.6,1556.6,1556.6,1542600.0,225.0
NIFTY,26-DEC-2024,26000.0,02-12-2024 15:05:00,9.4,9.4,9.4,9.4,4495375.0,7900.0,1556.6,1556.6,1556.6,1556.6,1542600.0,25.0
NIFTY,26-DEC-2024,26000.0,02-12-2024 15:06:00,9.35,9.35,9.35,9.35,4495375.0,3875.0,1556.6,1556.6,1556.6,1556.6,1542600.0,225.0
NIFTY,26-DEC-2024,26000.0,02-12-2024 15:07:00,9.25,9.25,9.25,9.25,4492925.0,7200.0,1559.95,1567.25,1559.95,1567.0,1547475.0,5275.0
NIFTY,26-DEC-2024,26000.0,02-12-2024 15:08:00,9.45,9.45,9.45,9.45,4492925.0,10400.0,1551.65,1551.65,1551.65,1551.65,1547475.0,25.0
NIFTY,26-DEC-2024,26000.0,02-12-2024 15:09:00,9.45,9.45,9.45,9.45,4492925.0,2025.0,,,,,,
NIFTY,26-DEC-2024,26000.0,02-12-2024 15:10:00,,,,,,,1555.6,1555.6,1548.7,1548.7,1547400.0,150.0
NIFTY,26-DEC-2024,26000.0,02-12-2024 15:11:00,9.6,9.6,9.6,9.6,4491300.0,6650.0,1553.75,1555.6,1547.7,1555.6,1547400.0,550.0
NIFTY,26-DEC-2024,26000.0,02-12-2024 15:12:00,9.45,9.45,9.45,9.45,4491300.0,4750.0,1555.6,1556.55,1555.6,1555.85,1547400.0,1475.0
NIFTY,26-DEC-2024,26000.0,02-12-2024 15:13:00,9.3,9.3,9.3,9.3,4491300.0,13825.0,1557.3,1557.4,1556.05,1556.05,1549225.0,125.0
NIFTY,26-DEC-2024,26000.0,02-12-2024 15:14:00,9.4,9.4,9.4,9.4,4490875.0,4100.0,1561.45,1561.45,1561.45,1561.45,1549225.0,100.0
NIFTY,26-DEC-2024,26000.0,02-12-2024 15:15:00,9.25,9.25,9.25,9.25,4490875.0,1450.0,1561.45,1563.95,1561.0,1563.95,1549225.0,175.0
NIFTY,26-DEC-2024,26000.0,02-12-2024 15:16:00,9.5,9.5,9.5,9.5,4490875.0,29075.0,1563.0,1563.0,1563.0,1563.0,1549200.0,25.0
NIFTY,26-DEC-2024,26000.0,02-12-2024 15:17:00,9.3,9.3,9.3,9.3,4472125.0,3900.0,,,,,,
NIFTY,26-DEC-2024,26000.0,02-12-2024 15:18:00,9.35,9.35,9.35,9.35,4472125.0,5650.0,1569.0,1576.0,1569.0,1570.0,1549200.0,725.0
NIFTY,26-DEC-2024,26000.0,02-12-2024 15:19:00,9.2,9.2,9.2,9.2,4472125.0,6200.0,1577.0,1577.0,1577.0,1577.0,1549200.0,50.0
NIFTY,26-DEC-2024,26000.0,02-12-2024 15:20:00,9.2,9.2,9.2,9.2,4480975.0,8800.0,1579.85,1579.85,1573.85,1573.85,1549500.0,275.0
NIFTY,26-DEC-2024,26000.0,02-12-2024 15:21:00,9.2,9.2,9.2,9.2,4480975.0,12825.0,1573.85,1577.8,1573.85,1577.8,1549500.0,850.0
NIFTY,26-DEC-2024,26000.0,02-12-2024 15:22:00,9.3,9.3,9.3,9.3,4491300.0,5900.0,1569.8,1574.6,1567.5,1569.05,1550500.0,2475.0
NIFTY,26-DEC-2024,26000.0,02-12-2024 15:23:00,9.25,9.25,9.25,9.25,4491300.0,2875.0,1569.05,1569.4,1569.0,1569.0,1550500.0,575.0
NIFTY,26-DEC-2024,26000.0,02-12-2024 15:24:00,9.4,9.4,9.4,9.4,4491300.0,35675.0,1569.0,1573.65,1568.95,1573.65,1550500.0,400.0
NIFTY,26-DEC-2024,26000.0,02-12-2024 15:25:00,9.45,9.45,9.45,9.45,4534975.0,36875.0,1569.75,1574.6,1569.75,1572.0,1551450.0,75.0
NIFTY,26-DEC-2024,26000.0,02-12-2024 15:26:00,9.55,9.55,9.55,9.55,4534975.0,7900.0,1573.95,1573.95,1570.0,1570.0,1551450.0,75.0
NIFTY,26-DEC-2024,26000.0,02-12-2024 15:27:00,9.65,9.65,9.65,9.65,4534975.0,15825.0,1569.8,1573.55,1569.8,1573.55,1551450.0,50.0
NIFTY,26-DEC-2024,26000.0,02-12-2024 15:28:00,,,,,,,1567.0,1567.0,1566.4,1566.4,1551450.0,50.0
NIFTY,26-DEC-2024,26000.0,02-12-2024 15:29:00,9.85,9.85,9.85,9.85,4539775.0,16125.0,1569.85,1570.0,1567.35,1570.0,1551450.0,275.0
NIFTY,26-DEC-2024,26000.0,03-12-2024 09:15:00,,,,,,,1522.15,1540.0,1522.15,1538.4,1550750.0,275.0
NIFTY,26-DEC-2024,26000.0,03-12-2024 09:16:00,11.0,11.05,9.8,10.0,4547525.0,21350.0,1532.15,1535.7,1532.15,1535.7,1550750.0,525.0
NIFTY,26-DEC-2024,26000.0,03-12-2024 09:17:00,9.65,10.0,9.65,10.0,4547525.0,26500.0,1550.4,1550.4,1542.1,1542.1,1550750.0,425.0
NIFTY,26-DEC-2024,26000.0,03-12-2024 09:18:00,,,,,,,1549.4,1559.1,1549.4,1559.1,1551525.0,75.0
NIFTY,26-DEC-2024,26000.0,03-12-2024 09:19:00,9.8,9.8,9.8,9.8,4552400.0,8300.0,1562.7,1562.7,1549.45,1549.45,1551525.0,325.0
NIFTY,26-DEC-2024,26000.0,03-12-2024 09:20:00,9.95,9.95,9.95,9.95,4552400.0,16000.0,1554.4,1562.55,1554.4,1562.55,1551525.0,325.0
NIFTY,26-DEC-2024,26000.0,03-12-2024 09:21:00,9.9,9.9,9.9,9.9,4555850.0,6475.0,1579.25,1579.25,1579.25,1579.25,1551525.0,25.0
NIFTY,26-DEC-2024,26000.0,03-12-2024 09:22:00,,,,,,,1570.0,1570.0,1570.0,1570.0,1551350.0,400.0
NIFTY,26-DEC-2024,26000.0,03-12-2024 09:23:00,9.85,9.85,9.85,9.85,4555850.0,14475.0,1570.1,1571.45,1570.1,1571.45,1551350.0,225.0
NIFTY,26-DEC-2024,26000.0,03-12-2024 09:24:00,9.6,9.65,9.6,9.65,4555850.0,18500.0,1575.0,1575.0,1572.9,1572.9,1551350.0,50.0
NIFTY,26-DEC-2024,26000.0,03-12-2024 09:25:00,9.9,9.9,9.9,9.9,4552800.0,13025.0,1570.05,1570.05,1570.0,1570.0,1551600.0,50.0
NIFTY,26-DEC-2024,26000.0,03-12-2024 09:26:00,9.9,9.9,9.9,9.9,4552800.0,10700.0,1580.0,1580.0,1580.0,1580.0,1551600.0,75.0
NIFTY,26-DEC-2024,26000.0,03-12-2024 09:27:00,,,,,,,1593.85,1593.85,1590.0,1590.7,1551600.0,75.0
NIFTY,26-DEC-2024,26000.0,03-12-2024 09:28:00,9.8,9.8,9.8,9.8,4551550.0,8800.0,,,,,,
NIFTY,26-DEC-2024,26000.0,03-12-2024 09:29:00,9.65,9.65,9.65,9.65,4551550.0,21275.0,1580.0,1580.0,1580.0,1580.0,1551625.0,50.0
NIFTY,26-DEC-2024,26000.0,03-12-2024 09:30:00,10.0,10.0,10.0,10.0,4547400.0,16575.0,1570.0,1570.0,1570.0,1570.0,1551625.0,300.0
NIFTY,26-DEC-2024,26000.0,03-12-2024 09:31:00,9.85,9.85,9.85,9.85,4547400.0,12025.0,1576.0,1584.3,1576.0,1584.3,1551850.0,475.0
NIFTY,26-DEC-2024,26000.0,03-12-2024 09:32:00,,,,,,,1600.0,1600.0,1600.0,1600.0,1551850.0,125.0
NIFTY,26-DEC-2024,26000.0,03-12-2024 09:33:00,9.9,9.9,9.9,9.9,4547400.0,6925.0,1576.25,1576.25,1576.15,1576.15,1552400.0,100.0
NIFTY,26-DEC-2024,26000.0,03-12-2024 09:34:00,10.1,10.1,10.1,10.1,4554425.0,4925.0,1574.4,1574.4,1570.0,1570.0,1552400.0,225.0
NIFTY,26-DEC-2024,26000.0,03-12-2024 09:35:00,10.1,10.1,10.1,10.1,4554425.0,5800.0,,,,,,
NIFTY,26-DEC-2024,26000.0,03-12-2024 09:36:00,10.25,10.25,10.25,10.25,4566475.0,12025.0,1579.55,1579.55,1573.4,1573.4,1552400.0,525.0
NIFTY,26-DEC-2024,26000.0,03-12-2024 09:37:00,10.15,10.15,10.15,10.15,4566475.0,5300.0,,,,,,
NIFTY,26-DEC-2024,26000.0,03-12-2024 09:39:00,10.3,10.3,10.3,10.3,4566475.0,14925.0,,,,,,
NIFTY,26-DEC-2024,26000.0,03-12-2024 09:40:00,10.25,10.25,10.25,10.25,4582550.0,9275.0,1575.0,1575.0,1570.0,1570.0,1552150.0,6875.0
NIFTY,26-DEC-2024,26000.0,03-12-2024 09:41:00,10.35,10.35,10.35,10.35,4582550.0,11350.0,1566.3,1568.05,1558.0,1568.05,1552150.0,950.0
NIFTY,26-DEC-2024,26000.0,03-12-2024 09:42:00,,,,,,,1565.0,1565.0,1565.0,1565.0,1552150.0,50.0
NIFTY,26-DEC-2024,26000.0,03-12-2024 09:43:00,10.3,10.3,10.3,10.3,4586900.0,12100.0,1563.65,1563.65,1555.8,1555.8,1546150.0,75.0
NIFTY,26-DEC-2024,26000.0,03-12-2024 09:44:00,10.3,10.3,10.3,10.3,4586900.0,11225.0,1566.6,1566.6,1566.6,1566.6,1546150.0,25.0
NIFTY,26-DEC-2024,26000.0,03-12-2024 09:45:00,10.15,10.15,10.15,10.15,4586900.0,2725.0,1574.7,1574.7,1574.4,1574.4,1546100.0,150.0
NIFTY,26-DEC-2024,26000.0,03-12-2024 09:46:00,10.15,10.15,10.15,10.15,4590025.0,7350.0,1579.85,1581.65,1575.0,1577.3,1546100.0,175.0
NIFTY,26-DEC-2024,26000.0,03-12-2024 09:47:00,,,,,,,1563.45,1563.45,1563.45,1563.45,1546100.0,25.0
NIFTY,26-DEC-2024,26000.0,03-12-2024 09:48:00,10.15,10.15,10.15,10.15,4590025.0,10200.0,1552.0,1552.0,1552.0,1552.0,1546100.0,50.0
NIFTY,26-DEC-2024,26000.0,03-12-2024 09:49:00,10.2,10.2,10.2,10.2,4590650.0,10275.0,,,,,,
NIFTY,26-DEC-2024,26000.0,03-12-2024 09:50:00,10.05,10.05,10.05,10.05,4590650.0,17975.0,1560.0,1560.0,1558.55,1558.55,1545950.0,125.0
NIFTY,26-DEC-2024,26000.0,03-12-2024 09:51:00,10.1,10.1,10.1,10.1,4590650.0,5525.0,1550.0,1550.0,1548.95,1548.95,1545825.0,125.0
NIFTY,26-DEC-2024,26000.0,03-12-2024 09:52:00,10.1,10.1,10.1,10.1,4585350.0,8500.0,,,,,,
NIFTY,26-DEC-2024,26000.0,03-12-2024 09:54:00,10.05,10.05,10.05,10.05,4585350.0,5875.0,,,,,,
NIFTY,26-DEC-2024,26000.0,03-12-2024 09:55:00,10.05,10.05,10.05,10.05,4590500.0,4100.0,,,,,,
NIFTY,26-DEC-2024,26000.0,03-12-2024 09:56:00,9.95,9.95,9.95,9.95,4590500.0,7375.0,1555.0,1555.0,1555.0,1555.0,1545775.0,1125.0
NIFTY,26-DEC-2024,26000.0,03-12-2024 09:57:00,9.95,9.95,9.95,9.95,4590500.0,3025.0,,,,,,
NIFTY,26-DEC-2024,26000.0,03-12-2024 09:58:00,,,,,,,1555.0,1565.0,1555.0,1565.0,1544825.0,125.0
NIFTY,26-DEC-2024,26000.0,03-12-2024 09:59:00,9.9,9.9,9.9,9.9,4589525.0,6250.0,1563.5,1563.5,1563.5,1563.5,1544825.0,25.0
NIFTY,26-DEC-2024,26000.0,03-12-2024 10:00:00,10.05,10.05,10.05,10.05,4589525.0,5200.0,1545.0,1545.0,1545.0,1545.0,1544825.0,275.0
NIFTY,26-DEC-2024,26000.0,03-12-2024 10:01:00,9.9,9.9,9.9,9.9,4592375.0,3175.0,1547.25,1547.25,1545.0,1545.0,1544550.0,50.0
NIFTY,26-DEC-2024,26000.0,03-12-2024 10:02:00,9.95,9.95,9.95,9.95,4592375.0,17350.0,1545.0,1545.0,1540.0,1540.0,1544550.0,125.0
NIFTY,26-DEC-2024,26000.0,03-12-2024 10:04:00,10.0,10.0,10.0,10.0,4600200.0,7700.0,1542.85,1542.85,1542.85,1542.85,1544425.0,100.0
NIFTY,26-DEC-2024,26000.0,03-12-2024 10:05:00,9.95,9.95,9.95,9.95,4600200.0,11025.0,1547.0,1547.0,1547.0,1547.0,1544425.0,100.0
NIFTY,26-DEC-2024,26000.0,03-12-2024 10:06:00,9.85,9.85,9.85,9.85,4600200.0,6250.0,,,,,,
NIFTY,26-DEC-2024,26000.0,03-12-2024 10:07:00,9.9,9.9,9.9,9.9,4599150.0,4975.0,1558.0,1558.0,1550.0,1550.0,1544500.0,325.0
NIFTY,26-DEC-2024,26000.0,03-12-2024 10:08:00,9.9,9.9,9.9,9.9,4599150.0,4025.0,,,,,,
NIFTY,26-DEC-2024,26000.0,03-12-2024 10:09:00,,,,,,,1547.0,1547.0,1547.0,1547.0,1544500.0,100.0
NIFTY,26-DEC-2024,26000.0,03-12-2024 10:10:00,9.85,9.85,9.85,9.85,4596150.0,3450.0,,,,,,
NIFTY,26-DEC-2024,26000.0,03-12-2024 10:11:00,9.75,9.75,9.75,9.75,4596150.0,6300.0,1540.0,1540.0,1535.25,1538.6,1544450.0,200.0
NIFTY,26-DEC-2024,26000.0,03-12-2024 10:12:00,9.8,9.8,9.8,9.8,4596150.0,3975.0,,,,,,
NIFTY,26-DEC-2024,26000.0,03-12-2024 10:13:00,9.9,9.9,9.9,9.9,4600825.0,5850.0,1545.0,1545.0,1542.2,1542.2,1544525.0,1850.0
NIFTY,26-DEC-2024,26000.0,03-12-2024 10:14:00,9.7,9.7,9.7,9.7,4600825.0,1675.0,1545.05,1545.05,1545.05,1545.05,1544525.0,150.0
NIFTY,26-DEC-2024,26000.0,03-12-2024 10:15:00,,,,,,,1545.0,1548.05,1545.0,1548.05,1543000.0,2425.0
NIFTY,26-DEC-2024,26000.0,03-12-2024 10:16:00,9.8,9.8,9.8,9.8,4600650.0,1725.0,1535.0,1535.0,1530.0,1530.0,1543000.0,375.0
NIFTY,26-DEC-2024,26000.0,03-12-2024 10:17:00,9.8,9.8,9.8,9.8,4600650.0,3000.0,,,,,,
NIFTY,26-DEC-2024,26000.0,03-12-2024 10:18:00,9.85,9.85,9.85,9.85,4600650.0,4800.0,1520.0,1520.5,1515.05,1515.05,1541025.0,575.0
NIFTY,26-DEC-2024,26000.0,03-12-2024 10:19:00,9.8,9.8,9.8,9.8,4599225.0,2900.0,1518.45,1518.45,1511.15,1512.35,1541025.0,1550.0
NIFTY,26-DEC-2024,26000.0,03-12-2024 10:20:00,,,,,,,1517.7,1517.7,1505.15,1505.15,1541025.0,250.0
NIFTY,26-DEC-2024,26000.0,03-12-2024 10:21:00,9.9,9.9,9.9,9.9,4599225.0,1600.0,1515.0,1515.0,1515.0,1515.0,1541025.0,50.0
NIFTY,26-DEC-2024,26000.0,03-12-2024 10:22:00,10.0,10.0,10.0,10.0,4599625.0,2375.0,1510.05,1510.05,1506.0,1506.0,1540225.0,425.0
NIFTY,26-DEC-2024,26000.0,03-12-2024 10:23:00,10.0,10.0,10.0,10.0,4599625.0,13950.0,1506.0,1506.0,1500.0,1500.0,1540225.0,350.0
NIFTY,26-DEC-2024,26000.0,03-12-2024 10:24:00,10.1,10.1,10.1,10.1,4599625.0,2725.0,1506.25,1509.0,1506.25,1509.0,1539725.0,175.0
NIFTY,26-DEC-2024,26000.0,03-12-2024 10:25:00,10.05,10.05,10.05,10.05,4591725.0,2800.0,1503.9,1503.9,1501.0,1501.0,1539725.0,75.0
NIFTY,26-DEC-2024,26000.0,03-12-2024 10:26:00,10.3,10.3,10.3,10.3,4591725.0,22400.0,1500.0,1503.75,1500.0,1503.75,1539725.0,375.0
NIFTY,26-DEC-2024,26000.0,03-12-2024 10:28:00,10.1,10.1,10.1,10.1,4608400.0,4625.0,1500.0,1500.0,1496.45,1496.45,1539550.0,125.0
NIFTY,26-DEC-2024,26000.0,03-12-2024 10:29:00,10.45,10.45,10.45,10.45,4608400.0,3300.0,1497.25,1497.25,1476.0,1478.7,1539550.0,900.0
NIFTY,26-DEC-2024,26000.0,03-12-2024 10:30:00,10.5,10.5,10.5,10.5,4608400.0,23750.0,1478.0,1480.0,1470.0,1473.95,1539550.0,950.0
NIFTY,26-DEC-2024,26000.0,03-12-2024 10:31:00,,,,,,,1470.05,1472.0,1470.05,1472.0,1538475.0,475.0
NIFTY,26-DEC-2024,26000.0,03-12-2024 10:32:00,10.45,10.45,10.45,10.45,4600725.0,2425.0,1472.0,1474.4,1472.0,1472.05,1538475.0,250.0
NIFTY,26-DEC-2024,26000.0,03-12-2024 10:33:00,10.3,10.3,10.3,10.3,4600725.0,2475.0,,,,,,
NIFTY,26-DEC-2024,26000.0,03-12-2024 10:34:00,10.2,10.2,10.2,10.2,4599525.0,13700.0,1476.0,1476.0,1476.0,1476.0,1537800.0,25.0
NIFTY,26-DEC-2024,26000.0,03-12-2024 10:35:00,10.1,10.1,10.1,10.1,4599525.0,11550.0,1486.9,1486.9,1486.9,1486.9,1537800.0,25.0
NIFTY,26-DEC-2024,26000.0,03-12-2024 10:36:00,10.3,10.3,10.3,10.3,4597975.0,5650.0,1477.0,1477.0,1477.0,1477.0,1537800.0,75.0
NIFTY,26-DEC-2024,26000.0,03-12-2024 10:38:00,10.2,10.2,10.2,10.2,4597975.0,20525.0,1468.0,1468.0,1468.0,1468.0,1537700.0,100.0
NIFTY,26-DEC-2024,26000.0,03-12-2024 10:39:00,10.2,10.2,10.2,10.2,4597975.0,31850.0,1466.15,1466.15,1466.15,1466.15,1537700.0,100.0
NIFTY,26-DEC-2024,26000.0,03-12-2024 10:40:00,10.5,10.5,10.5,10.5,4572350.0,18050.0,1456.0,1456.0,1456.0,1456.0,1537400.0,950.0
NIFTY,26-DEC-2024,26000.0,03-12-2024 10:41:00,10.4,10.4,10.4,10.4,4572350.0,6875.0,1456.1,1462.0,1456.1,1462.0,1537400.0,125.0
NIFTY,26-DEC-2024,26000.0,03-12-2024 10:42:00,,,,,,,1466.85,1466.85,1466.85,1466.85,1537400.0,25.0
NIFTY,26-DEC-2024,26000.0,03-12-2024 10:43:00,10.35,10.35,10.35,10.35,4568375.0,4250.0,1466.0,1466.0,1466.0,1466.0,1537150.0,75.0
NIFTY,26-DEC-2024,26000.0,03-12-2024 10:44:00,10.4,10.4,10.4,10.4,4568375.0,5950.0,1463.05,1463.05,1463.05,1463.05,1537150.0,125.0
NIFTY,26-DEC-2024,26000.0,03-12-2024 10:45:00,10.3,10.3,10.3,10.3,4568375.0,9075.0,1460.05,1460.05,1460.05,1460.05,1537150.0,250.0
NIFTY,26-DEC-2024,26000.0,03-12-2024 10:46:00,10.45,10.45,10.45,10.45,4567425.0,10250.0,1457.9,1457.9,1457.9,1457.9,1536700.0,250.0
NIFTY,26-DEC-2024,26000.0,03-12-2024 10:47:00,10.45,10.45,10.45,10.45,4567425.0,3450.0,1466.9,1466.9,1466.9,1466.9,1536700.0,75.0
NIFTY,26-DEC-2024,26000.0,03-12-2024 10:48:00,,,,,,,1463.25,1472.8,1461.3,1468.0,1537125.0,1100.0
NIFTY,26-DEC-2024,26000.0,03-12-2024 10:49:00,10.3,10.3,10.3,10.3,4564175.0,9975.0,1467.7,1468.45,1459.7,1468.45,1537125.0,300.0
NIFTY,26-DEC-2024,26000.0,03-12-2024 10:50:00,10.4,10.4,10.4,10.4,4564175.0,7025.0,1467.8,1473.2,1466.0,1469.5,1537125.0,625.0
NIFTY,26-DEC-2024,26000.0,03-12-2024 10:51:00,10.4,10.4,10.4,10.4,4564175.0,3000.0,1468.45,1474.95,1467.95,1468.2,1535900.0,575.0
NIFTY,26-DEC-2024,26000.0,03-12-2024 10:52:00,10.25,10.25,10.25,10.25,4563625.0,7325.0,1476.55,1476.55,1476.55,1476.55,1535900.0,50.0
NIFTY,26-DEC-2024,26000.0,03-12-2024 10:53:00,10.2,10.2,10.2,10.2,4563625.0,3900.0,1475.95,1475.95,1469.35,1469.35,1535900.0,975.0
NIFTY,26-DEC-2024,26000.0,03-12-2024 10:55:00,10.2,10.2,10.2,10.2,4557325.0,6375.0,1470.0,1470.0,1468.0,1469.0,1535925.0,475.0
NIFTY,26-DEC-2024,26000.0,03-12-2024 10:56:00,10.2,10.2,10.2,10.2,4557325.0,5325.0,1474.7,1474.7,1474.7,1474.7,1535925.0,50.0
NIFTY,26-DEC-2024,26000.0,03-12-2024 10:57:00,10.2,10.2,10.2,10.2,4557325.0,3600.0,1465.9,1465.9,1465.9,1465.9,1535975.0,525.0
NIFTY,26-DEC-2024,26000.0,03-12-2024 10:58:00,10.15,10.15,10.15,10.15,4564425.0,4200.0,1464.65,1468.0,1464.65,1468.0,1535975.0,50.0
NIFTY,26-DEC-2024,26000.0,03-12-2024 10:59:00,,,,,,,1467.5,1467.5,1467.5,1467.5,1535975.0,125.0
NIFTY,26-DEC-2024,26000.0,03-12-2024 11:00:00,10.3,10.3,10.3,10.3,4564425.0,1750.0,1459.35,1459.35,1456.65,1456.65,1535975.0,250.0
NIFTY,26-DEC-2024,26000.0,03-12-2024 11:01:00,10.35,10.35,10.35,10.35,4564025.0,21700.0,1446.0,1446.0,1446.0,1446.0,1536500.0,475.0
NIFTY,26-DEC-2024,26000.0,03-12-2024 11:02:00,10.35,10.35,10.35,10.35,4564025.0,3825.0,1450.45,1454.55,1450.0,1450.0,1536500.0,200.0
NIFTY,26-DEC-2024,26000.0,03-12-2024 11:03:00,10.25,10.25,10.25,10.25,4564025.0,1425.0,1450.8,1450.8,1450.8,1450.8,1536500.0,25.0
NIFTY,26-DEC-2024,26000.0,03-12-2024 11:04:00,,,,,,,1450.8,1450.8,1450.8,1450.8,1536575.0,25.0
NIFTY,26-DEC-2024,26000.0,03-12-2024 11:05:00,10.25,10.25,10.25,10.25,4564525.0,4125.0,1454.25,1454.25,1454.25,1454.25,1536575.0,25.0
NIFTY,26-DEC-2024,26000.0,03-12-2024 11:06:00,10.35,10.35,10.35,10.35,4564525.0,11900.0,1453.0,1453.0,1453.0,1453.0,1536575.0,100.0
NIFTY,26-DEC-2024,26000.0,03-12-2024 11:07:00,10.4,10.4,10.4,10.4,4566050.0,11500.0,,,,,,
NIFTY,26-DEC-2024,26000.0,03-12-2024 11:08:00,10.2,10.2,10.2,10.2,4566050.0,8250.0,1450.0,1450.0,1450.0,1450.0,1536550.0,150.0
NIFTY,26-DEC-2024,26000.0,03-12-2024 11:09:00,,,,,,,1448.2,1450.55,1448.2,1450.55,1536550.0,375.0
NIFTY,26-DEC-2024,26000.0,03-12-2024 11:10:00,10.2,10.2,10.2,10.2,4570200.0,1575.0,,,,,,
NIFTY,26-DEC-2024,26000.0,03-12-2024 11:11:00,10.05,10.05,10.05,10.05,4570200.0,650.0,1455.05,1460.45,1455.05,1458.0,1536825.0,475.0
NIFTY,26-DEC-2024,26000.0,03-12-2024 11:12:00,10.1,10.1,10.1,10.1,4570200.0,2950.0,1451.0,1451.0,1451.0,1451.0,1536825.0,25.0
NIFTY,26-DEC-2024,26000.0,03-12-2024 11:13:00,10.1,10.1,10.1,10.1,4570825.0,3725.0,,,,,,
NIFTY,26-DEC-2024,26000.0,03-12-2024 11:14:00,10.1,10.1,10.1,10.1,4570825.0,3850.0,1458.0,1458.0,1458.0,1458.0,1536325.0,50.0
NIFTY,26-DEC-2024,26000.0,03-12-2024 11:15:00,10.25,10.25,10.25,10.25,4570825.0,475.0,1450.0,1450.0,1450.0,1450.0,1536325.0,50.0
NIFTY,26-DEC-2024,26000.0,03-12-2024 11:16:00,,,,,,,1440.0,1443.15,1440.0,1443.15,1536200.0,200.0
NIFTY,26-DEC-2024,26000.0,03-12-2024 11:17:00,10.3,10.3,10.3,10.3,4571975.0,5850.0,1446.25,1446.25,1446.25,1446.25,1536200.0,25.0
NIFTY,26-DEC-2024,26000.0,03-12-2024 11:18:00,10.4,10.4,10.4,10.4,4571975.0,2000.0,1437.0,1437.05,1437.0,1437.05,1536200.0,75.0
NIFTY,26-DEC-2024,26000.0,03-12-2024 11:19:00,10.25,10.25,10.25,10.25,4570775.0,4175.0,,,,,,
NIFTY,26-DEC-2024,26000.0,03-12-2024 11:20:00,10.25,10.25,10.25,10.25,4570775.0,11675.0,,,,,,
NIFTY,26-DEC-2024,26000.0,03-12-2024 11:21:00,10.25,10.25,10.25,10.25,4570775.0,4100.0,1442.0,1444.4,1442.0,1444.4,1536100.0,75.0
NIFTY,26-DEC-2024,26000.0,03-12-2024 11:23:00,10.4,10.4,10.4,10.4,4571800.0,6600.0,1435.0,1435.0,1435.0,1435.0,1536075.0,125.0
NIFTY,26-DEC-2024,26000.0,03-12-2024 11:24:00,10.4,10.4,10.4,10.4,4571800.0,5925.0,,,,,,
NIFTY,26-DEC-2024,26000.0,03-12-2024 11:25:00,10.35,10.35,10.35,10.35,4572750.0,7725.0,1440.95,1442.0,1438.0,1442.0,1535950.0,100.0
NIFTY,26-DEC-2024,26000.0,03-12-2024 11:26:00,10.0,10.0,10.0,10.0,4572750.0,19025.0,1443.4,1443.4,1442.9,1442.9,1535950.0,150.0
NIFTY,26-DEC-2024,26000.0,03-12-2024 11:27:00,9.9,9.9,9.9,9.9,4572750.0,17600.0,1447.9,1449.95,1447.9,1449.95,1535950.0,350.0
NIFTY,26-DEC-2024,26000.0,03-12-2024 11:28:00,,,,,,,1453.55,1453.55,1453.55,1453.55,1535600.0,450.0
NIFTY,26-DEC-2024,26000.0,03-12-2024 11:29:00,10.0,10.0,10.0,10.0,4565375.0,4975.0,,,,,,
NIFTY,26-DEC-2024,26000.0,03-12-2024 11:30:00,10.05,10.05,10.05,10.05,4565375.0,3725.0,1449.4,1449.4,1449.4,1449.4,1535600.0,25.0
NIFTY,26-DEC-2024,26000.0,03-12-2024 11:31:00,10.05,10.05,10.05,10.05,4565225.0,975.0,1440.0,1440.0,1440.0,1440.0,1535500.0,75.0
NIFTY,26-DEC-2024,26000.0,03-12-2024 11:32:00,10.2,10.2,10.2,10.2,4565225.0,4075.0,1437.85,1437.85,1437.85,1437.85,1535500.0,25.0
NIFTY,26-DEC-2024,26000.0,03-12-2024 11:33:00,10.2,10.2,10.2,10.2,4565225.0,1050.0,1444.35,1444.35,1444.35,1444.35,1535500.0,300.0
NIFTY,26-DEC-2024,26000.0,03-12-2024 11:34:00,,,,,,,1438.45,1440.0,1435.85,1439.4,1535525.0,475.0
NIFTY,26-DEC-2024,26000.0,03-12-2024 11:35:00,10.15,10.15,10.15,10.15,4564325.0,1125.0,1441.0,1441.0,1438.0,1438.0,1535525.0,925.0
NIFTY,26-DEC-2024,26000.0,03-12-2024 11:36:00,10.15,10.15,10.15,10.15,4564325.0,18650.0,1436.7,1436.7,1436.7,1436.7,1535525.0,100.0
NIFTY,26-DEC-2024,26000.0,03-12-2024 11:37:00,10.2,10.2,10.2,10.2,4554425.0,800.0,,,,,,
NIFTY,26-DEC-2024,26000.0,03-12-2024 11:38:00,10.2,10.2,10.2,10.2,4554425.0,4125.0,,,,,,
NIFTY,26-DEC-2024,26000.0,03-12-2024 11:39:00,10.0,10.0,10.0,10.0,4554425.0,375.0,1454.5,1454.5,1454.5,1454.5,1535450.0,250.0
NIFTY,26-DEC-2024,26000.0,03-12-2024 11:40:00,10.0,10.0,10.0,10.0,4554425.0,1675.0,1453.95,1453.95,1453.95,1453.95,1535125.0,975.0
NIFTY,26-DEC-2024,26000.0,03-12-2024 11:42:00,9.85,9.85,9.85,9.85,4554425.0,16125.0,1455.0,1455.0,1455.0,1455.0,1535125.0,175.0
NIFTY,26-DEC-2024,26000.0,03-12-2024 11:43:00,9.85,9.85,9.85,9.85,4552525.0,21050.0,1462.45,1462.45,1453.55,1453.55,1535250.0,175.0
NIFTY,26-DEC-2024,26000.0,03-12-2024 11:44:00,9.95,9.95,9.95,9.95,4552525.0,8725.0,1453.55,1453.55,1450.0,1450.0,1535250.0,75.0
NIFTY,26-DEC-2024,26000.0,03-12-2024 11:45:00,9.9,9.9,9.9,9.9,4552525.0,9450.0,,,,,,
NIFTY,26-DEC-2024,26000.0,03-12-2024 11:46:00,9.95,9.95,9.95,9.95,4552700.0,3325.0,1448.0,1448.0,1448.0,1448.0,1535275.0,25.0
NIFTY,26-DEC-2024,26000.0,03-12-2024 11:47:00,10.1,10.1,10.1,10.1,4552700.0,8325.0,1455.7,1455.7,1455.7,1455.7,1535275.0,300.0
NIFTY,26-DEC-2024,26000.0,03-12-2024 11:49:00,10.05,10.05,10.05,10.05,4552700.0,1675.0,1455.55,1455.55,1455.55,1455.55,1535000.0,500.0
NIFTY,26-DEC-2024,26000.0,03-12-2024 11:50:00,10.05,10.05,10.05,10.05,4552975.0,6450.0,1461.15,1461.15,1461.15,1461.15,1535000.0,100.0
NIFTY,26-DEC-2024,26000.0,03-12-2024 11:51:00,10.0,10.0,10.0,10.0,4552975.0,3925.0,1464.95,1464.95,1464.95,1464.95,1535000.0,125.0
NIFTY,26-DEC-2024,26000.0,03-12-2024 11:52:00,9.95,9.95,9.95,9.95,4551450.0,4750.0,1465.0,1465.0,1465.0,1465.0,1534800.0,600.0
NIFTY,26-DEC-2024,26000.0,03-12-2024 11:53:00,9.9,9.9,9.9,9.9,4551450.0,12400.0,1456.55,1459.8,1456.55,1459.8,1534800.0,825.0
NIFTY,26-DEC-2024,26000.0,03-12-2024 11:54:00,9.9,9.9,9.9,9.9,4551450.0,1950.0,1466.6,1466.6,1466.6,1466.6,1534800.0,175.0
NIFTY,26-DEC-2024,26000.0,03-12-2024 11:56:00,9.8,9.8,9.8,9.8,4552875.0,3750.0,1460.85,1460.85,1460.85,1460.85,1534675.0,850.0
NIFTY,26-DEC-2024,26000.0,03-12-2024 11:57:00,10.05,10.05,10.05,10.05,4552875.0,4675.0,1462.95,1462.95,1462.95,1462.95,1534675.0,50.0
NIFTY,26-DEC-2024,26000.0,03-12-2024 11:58:00,10.25,10.25,10.25,10.25,4551425.0,7800.0,1444.3,1449.05,1444.3,1449.05,1534450.0,375.0
NIFTY,26-DEC-2024,26000.0,03-12-2024 11:59:00,10.2,10.2,10.2,10.2,4551425.0,3175.0,1441.55,1448.5,1441.55,1448.5,1534450.0,125.0
NIFTY,26-DEC-2024,26000.0,03-12-2024 12:00:00,,,,,,,1442.25,1443.0,1442.25,1443.0,1534450.0,1225.0
NIFTY,26-DEC-2024,26000.0,03-12-2024 12:01:00,10.35,10.35,10.35,10.35,4551425.0,1650.0,1441.0,1441.0,1441.0,1441.0,1534300.0,25.0
NIFTY,26-DEC-2024,26000.0,03-12-2024 12:02:00,10.2,10.2,10.2,10.2,4552050.0,4025.0,1448.95,1450.0,1448.95,1450.0,1534300.0,150.0
NIFTY,26-DEC-2024,26000.0,03-12-2024 12:03:00,10.05,10.05,10.05,10.05,4552050.0,600.0,1450.0,1450.7,1450.0,1450.7,1534300.0,375.0
NIFTY,26-DEC-2024,26000.0,03-12-2024 12:04:00,10.15,10.15,10.15,10.15,4552600.0,625.0,1454.4,1454.4,1454.4,1454.4,1534450.0,50.0
NIFTY,26-DEC-2024,26000.0,03-12-2024 12:05:00,10.05,10.05,10.05,10.05,4552600.0,775.0,,,,,,
NIFTY,26-DEC-2024,26000.0,03-12-2024 12:06:00,10.0,10.0,10.0,10.0,4552600.0,2925.0,,,,,,
NIFTY,26-DEC-2024,26000.0,03-12-2024 12:07:00,,,,,,,1465.3,1465.3,1464.8,1464.8,1534475.0,225.0
NIFTY,26-DEC-2024,26000.0,03-12-2024 12:08:00,10.0,10.0,10.0,10.0,4555625.0,425.0,,,,,,
NIFTY,26-DEC-2024,26000.0,03-12-2024 12:09:00,10.0,10.0,10.0,10.0,4555625.0,1025.0,,,,,,
NIFTY,26-DEC-2024,26000.0,03-12-2024 12:10:00,10.05,10.05,10.05,10.05,4556375.0,2375.0,1456.5,1456.5,1456.5,1456.5,1534475.0,175.0
NIFTY,26-DEC-2024,26000.0,03-12-2024 12:11:00,10.1,10.1,10.1,10.1,4556375.0,3775.0,1467.1,1467.1,1467.1,1467.1,1534700.0,175.0
NIFTY,26-DEC-2024,26000.0,03-12-2024 12:12:00,10.05,10.05,10.05,10.05,4556375.0,1325.0,1471.5,1471.5,1471.5,1471.5,1534700.0,400.0
NIFTY,26-DEC-2024,26000.0,03-12-2024 12:13:00,10.1,10.1,10.1,10.1,4558350.0,8325.0,1468.8,1468.8,1468.8,1468.8,1534725.0,50.0
NIFTY,26-DEC-2024,26000.0,03-12-2024 12:14:00,10.05,10.05,10.05,10.05,4558350.0,20300.0,1461.8,1461.8,1461.8,1461.8,1534725.0,350.0
NIFTY,26-DEC-2024,26000.0,03-12-2024 12:15:00,,,,,,,1455.0,1455.0,1455.0,1455.0,1534725.0,1325.0
NIFTY,26-DEC-2024,26000.0,03-12-2024 12:16:00,10.05,10.05,10.05,10.05,4566650.0,32975.0,1456.25,1460.1,1456.0,1459.6,1534500.0,150.0
NIFTY,26-DEC-2024,26000.0,03-12-2024 12:17:00,9.95,9.95,9.95,9.95,4566650.0,6600.0,,,,,,
NIFTY,26-DEC-2024,26000.0,03-12-2024 12:18:00,10.0,10.0,10.0,10.0,4566650.0,3550.0,,,,,,
NIFTY,26-DEC-2024,26000.0,03-12-2024 12:19:00,9.95,9.95,9.95,9.95,4566825.0,1550.0,1463.95,1463.95,1463.95,1463.95,1534500.0,225.0
NIFTY,26-DEC-2024,26000.0,03-12-2024 12:20:00,9.7,9.7,9.7,9.7,4566825.0,17850.0,1466.0,1466.0,1466.0,1466.0,1534225.0,150.0
NIFTY,26-DEC-2024,26000.0,03-12-2024 12:21:00,9.75,9.75,9.75,9.75,4566825.0,7675.0,1473.0,1473.0,1473.0,1473.0,1534225.0,1175.0
NIFTY,26-DEC-2024,26000.0,03-12-2024 12:22:00,,,,,,,1475.0,1475.0,1475.0,1475.0,1534925.0,75.0
NIFTY,26-DEC-2024,26000.0,03-12-2024 12:23:00,9.65,9.65,9.65,9.65,4567450.0,11675.0,1468.65,1468.65,1467.6,1467.6,1534925.0,100.0
NIFTY,26-DEC-2024,26000.0,03-12-2024 12:24:00,9.5,9.6,9.5,9.6,4567450.0,5875.0,1481.0,1481.0,1481.0,1481.0,1534925.0,25.0
NIFTY,26-DEC-2024,26000.0,03-12-2024 12:25:00,9.3,9.3,9.3,9.3,4569975.0,8550.0,1488.0,1488.0,1488.0,1488.0,1535075.0,100.0
NIFTY,26-DEC-2024,26000.0,03-12-2024 12:26:00,9.35,9.35,9.35,9.35,4569975.0,2375.0,,,,,,
NIFTY,26-DEC-2024,26000.0,03-12-2024 12:27:00,9.45,9.45,9.45,9.45,4569975.0,2500.0,1477.35,1477.35,1477.35,1477.35,1535075.0,50.0
NIFTY,26-DEC-2024,26000.0,03-12-2024 12:29:00,9.55,9.55,9.55,9.55,4569100.0,800.0,,,,,,
NIFTY,26-DEC-2024,26000.0,03-12-2024 12:30:00,9.6,9.6,9.6,9.6,4569100.0,8400.0,1477.0,1477.0,1477.0,1477.0,1535050.0,325.0
NIFTY,26-DEC-2024,26000.0,03-12-2024 12:31:00,9.65,9.65,9.65,9.65,4569100.0,1375.0,1475.0,1475.0,1475.0,1475.0,1535350.0,25.0
NIFTY,26-DEC-2024,26000.0,03-12-2024 12:32:00,9.65,9.65,9.65,9.65,4570400.0,3075.0,,,,,,
NIFTY,26-DEC-2024,26000.0,03-12-2024 12:33:00,9.8,9.8,9.8,9.8,4570400.0,4400.0,1470.0,1470.0,1468.25,1468.25,1535350.0,75.0
NIFTY,26-DEC-2024,26000.0,03-12-2024 12:34:00,9.75,9.75,9.75,9.75,4570400.0,3225.0,,,,,,
NIFTY,26-DEC-2024,26000.0,03-12-2024 12:35:00,9.9,9.9,9.9,9.9,4572225.0,4175.0,,,,,,
NIFTY,26-DEC-2024,26000.0,03-12-2024 12:36:00,9.8,9.8,9.8,9.8,4572225.0,3925.0,1468.25,1468.25,1460.0,1460.0,1535325.0,1450.0
NIFTY,26-DEC-2024,26000.0,03-12-2024 12:37:00,9.9,9.9,9.9,9.9,4577350.0,1225.0,1459.1,1459.1,1455.45,1455.45,1535175.0,500.0
NIFTY,26-DEC-2024,26000.0,03-12-2024 12:38:00,9.85,9.85,9.85,9.85,4577350.0,2800.0,1455.0,1455.0,1455.0,1455.0,1535175.0,200.0
NIFTY,26-DEC-2024,26000.0,03-12-2024 12:39:00,,,,,,,1455.0,1455.0,1455.0,1455.0,1535175.0,100.0
NIFTY,26-DEC-2024,26000.0,03-12-2024 12:40:00,9.75,9.75,9.75,9.75,4577350.0,2350.0,1454.4,1454.4,1448.85,1448.85,1535900.0,75.0
NIFTY,26-DEC-2024,26000.0,03-12-2024 12:41:00,9.85,9.85,9.85,9.85,4577900.0,3950.0,1451.85,1451.85,1445.7,1445.7,1535900.0,50.0
NIFTY,26-DEC-2024,26000.0,03-12-2024 12:42:00,9.9,9.9,9.9,9.9,4577900.0,4400.0,1446.45,1446.45,1446.45,1446.45,1535900.0,50.0
NIFTY,26-DEC-2024,26000.0,03-12-2024 12:43:00,9.9,9.9,9.9,9.9,4581325.0,2150.0,1450.0,1450.0,1450.0,1450.0,1535900.0,75.0
NIFTY,26-DEC-2024,26000.0,03-12-2024 12:44:00,9.9,9.9,9.9,9.9,4581325.0,3450.0,1445.0,1445.0,1438.25,1445.0,1535900.0,200.0
NIFTY,26-DEC-2024,26000.0,03-12-2024 12:45:00,9.95,9.95,9.95,9.95,4581325.0,2700.0,1443.7,1443.7,1443.7,1443.7,1535900.0,25.0
NIFTY,26-DEC-2024,26000.0,03-12-2024 12:46:00,,,,,,,1438.0,1438.0,1438.0,1438.0,1535625.0,50.0
NIFTY,26-DEC-2024,26000.0,03-12-2024 12:47:00,10.0,10.0,10.0,10.0,4580650.0,6375.0,1445.0,1445.0,1445.0,1445.0,1535625.0,25.0
NIFTY,26-DEC-2024,26000.0,03-12-2024 12:48:00,10.0,10.0,10.0,10.0,4580650.0,9275.0,1443.2,1443.2,1443.2,1443.2,1535625.0,25.0
NIFTY,26-DEC-2024,26000.0,03-12-2024 12:49:00,10.05,10.05,10.05,10.05,4581525.0,11150.0,1438.3,1443.2,1438.3,1443.2,1535575.0,625.0
NIFTY,26-DEC-2024,26000.0,03-12-2024 12:50:00,9.9,9.9,9.9,9.9,4581525.0,11325.0,1447.0,1450.75,1447.0,1450.75,1535575.0,1775.0
NIFTY,26-DEC-2024,26000.0,03-12-2024 12:51:00,9.9,9.9,9.9,9.9,4581525.0,2075.0,,,,,,
NIFTY,26-DEC-2024,26000.0,03-12-2024 12:52:00,9.9,9.9,9.9,9.9,4584200.0,1050.0,1450.25,1450.25,1450.25,1450.25,1536550.0,25.0
NIFTY,26-DEC-2024,26000.0,03-12-2024 12:53:00,10.0,10.0,10.0,10.0,4584200.0,4425.0,,,,,,
NIFTY,26-DEC-2024,26000.0,03-12-2024 12:54:00,,,,,,,1439.2,1439.2,1439.15,1439.15,1536550.0,50.0
NIFTY,26-DEC-2024,26000.0,03-12-2024 12:55:00,10.0,10.0,10.0,10.0,4584200.0,2150.0,1437.0,1440.55,1436.8,1440.55,1536525.0,150.0
NIFTY,26-DEC-2024,26000.0,03-12-2024 12:56:00,10.0,10.0,10.0,10.0,4586900.0,5500.0,1442.4,1444.85,1442.0,1444.65,1536525.0,675.0
NIFTY,26-DEC-2024,26000.0,03-12-2024 12:57:00,10.05,10.05,10.05,10.05,4586900.0,2500.0,1444.55,1446.15,1444.55,1445.3,1536525.0,75.0
NIFTY,26-DEC-2024,26000.0,03-12-2024 12:58:00,10.0,10.0,10.0,10.0,4588250.0,2075.0,1444.8,1445.75,1444.8,1445.7,1536725.0,125.0
NIFTY,26-DEC-2024,26000.0,03-12-2024 12:59:00,10.0,10.0,10.0,10.0,4588250.0,575.0,1443.3,1447.25,1443.3,1446.25,1536725.0,300.0
NIFTY,26-DEC-2024,26000.0,03-12-2024 13:00:00,9.85,9.85,9.85,9.85,4588250.0,900.0,,,,,,
NIFTY,26-DEC-2024,26000.0,03-12-2024 13:02:00,9.8,9.8,9.8,9.8,4588300.0,3100.0,1453.9,1453.9,1452.2,1452.2,1536725.0,125.0
NIFTY,26-DEC-2024,26000.0,03-12-2024 13:03:00,9.95,9.95,9.95,9.95,4588300.0,575.0,,,,,,
NIFTY,26-DEC-2024,26000.0,03-12-2024 13:04:00,9.8,9.8,9.8,9.8,4588300.0,5125.0,1460.1,1461.85,1460.1,1461.85,1536475.0,150.0
NIFTY,26-DEC-2024,26000.0,03-12-2024 13:05:00,9.85,9.85,9.85,9.85,4589375.0,1100.0,,,,,,
NIFTY,26-DEC-2024,26000.0,03-12-2024 13:06:00,10.0,10.0,10.0,10.0,4589375.0,1925.0,,,,,,
NIFTY,26-DEC-2024,26000.0,03-12-2024 13:07:00,9.9,9.9,9.9,9.9,4586175.0,2075.0,1465.25,1465.25,1462.65,1462.65,1536450.0,225.0
NIFTY,26-DEC-2024,26000.0,03-12-2024 13:08:00,9.9,9.9,9.9,9.9,4586175.0,2550.0,1460.0,1460.0,1460.0,1460.0,1536450.0,25.0
NIFTY,26-DEC-2024,26000.0,03-12-2024 13:09:00,10.05,10.05,10.05,10.05,4586175.0,5375.0,1457.75,1457.75,1457.75,1457.75,1536450.0,25.0
NIFTY,26-DEC-2024,26000.0,03-12-2024 13:10:00,9.8,9.8,9.8,9.8,4592000.0,8000.0,1458.7,1458.7,1458.7,1458.7,1536450.0,25.0
NIFTY,26-DEC-2024,26000.0,03-12-2024 13:12:00,9.85,9.85,9.85,9.85,4592000.0,175.0,,,,,,
NIFTY,26-DEC-2024,26000.0,03-12-2024 13:13:00,9.95,9.95,9.95,9.95,4592000.0,3950.0,,,,,,
NIFTY,26-DEC-2024,26000.0,03-12-2024 13:14:00,9.9,9.9,9.9,9.9,4592750.0,5000.0,,,,,,
NIFTY,26-DEC-2024,26000.0,03-12-2024 13:15:00,9.9,9.9,9.9,9.9,4592750.0,850.0,1465.0,1465.0,1465.0,1465.0,1536450.0,125.0
NIFTY,26-DEC-2024,26000.0,03-12-2024 13:16:00,9.85,9.85,9.85,9.85,4592300.0,4275.0,1470.0,1473.7,1470.0,1473.7,1536525.0,250.0
NIFTY,26-DEC-2024,26000.0,03-12-2024 13:17:00,9.8,9.8,9.8,9.8,4592300.0,650.0,1472.8,1472.8,1472.8,1472.8,1536525.0,50.0
NIFTY,26-DEC-2024,26000.0,03-12-2024 13:18:00,9.75,9.75,9.75,9.75,4592300.0,625.0,,,,,,
NIFTY,26-DEC-2024,26000.0,03-12-2024 13:19:00,9.85,9.85,9.85,9.85,4593250.0,9550.0,1467.0,1467.0,1467.0,1467.0,1536675.0,25.0
NIFTY,26-DEC-2024,26000.0,03-12-2024 13:20:00,,,,,,,1460.35,1460.35,1460.35,1460.35,1536675.0,100.0
NIFTY,26-DEC-2024,26000.0,03-12-2024 13:21:00,9.8,9.8,9.8,9.8,4593250.0,2525.0,1466.85,1466.85,1466.85,1466.85,1536675.0,25.0
NIFTY,26-DEC-2024,26000.0,03-12-2024 13:22:00,9.8,9.8,9.8,9.8,4593250.0,8550.0,,,,,,
NIFTY,26-DEC-2024,26000.0,03-12-2024 13:23:00,9.7,9.7,9.7,9.7,4594625.0,8275.0,1456.0,1456.0,1456.0,1456.0,1536725.0,75.0
NIFTY,26-DEC-2024,26000.0,03-12-2024 13:24:00,9.75,9.75,9.75,9.75,4594625.0,4525.0,1460.35,1460.35,1460.35,1460.35,1536725.0,100.0
NIFTY,26-DEC-2024,26000.0,03-12-2024 13:25:00,9.65,9.65,9.65,9.65,4597100.0,13075.0,,,,,,
NIFTY,26-DEC-2024,26000.0,03-12-2024 13:26:00,9.6,9.6,9.6,9.6,4597100.0,7975.0,1453.65,1453.65,1451.9,1451.9,1536650.0,50.0
NIFTY,26-DEC-2024,26000.0,03-12-2024 13:27:00,9.6,9.6,9.6,9.6,4597100.0,2250.0,1453.0,1453.0,1450.9,1450.9,1536650.0,150.0
NIFTY,26-DEC-2024,26000.0,03-12-2024 13:28:00,9.65,9.65,9.65,9.65,4596000.0,2775.0,,,,,,
NIFTY,26-DEC-2024,26000.0,03-12-2024 13:29:00,9.6,9.6,9.6,9.6,4596000.0,3400.0,1455.0,1455.0,1455.0,1455.0,1536825.0,25.0
NIFTY,26-DEC-2024,26000.0,03-12-2024 13:30:00,9.6,9.6,9.6,9.6,4596000.0,5800.0,,,,,,
NIFTY,26-DEC-2024,26000.0,03-12-2024 13:32:00,9.65,9.65,9.65,9.65,4595600.0,4825.0,1447.0,1447.0,1444.65,1444.65,1536850.0,75.0
NIFTY,26-DEC-2024,26000.0,03-12-2024 13:33:00,9.75,9.75,9.75,9.75,4595600.0,5875.0,1435.0,1435.0,1419.95,1420.0,1536850.0,475.0
NIFTY,26-DEC-2024,26000.0,03-12-2024 13:34:00,10.15,10.15,10.15,10.15,4592975.0,16800.0,1418.0,1420.7,1418.0,1420.0,1536775.0,100.0
NIFTY,26-DEC-2024,26000.0,03-12-2024 13:35:00,10.0,10.0,10.0,10.0,4592975.0,8625.0,1424.95,1424.95,1424.95,1424.95,1536775.0,25.0
NIFTY,26-DEC-2024,26000.0,03-12-2024 13:36:00,,,,,,,1430.15,1430.3,1430.0,1430.3,1536775.0,575.0
NIFTY,26-DEC-2024,26000.0,03-12-2024 13:37:00,9.9,9.9,9.9,9.9,4592975.0,5425.0,1422.9,1422.9,1422.9,1422.9,1536925.0,50.0
NIFTY,26-DEC-2024,26000.0,03-12-2024 13:38:00,9.95,9.95,9.95,9.95,4597875.0,5025.0,1425.3,1425.3,1425.3,1425.3,1536925.0,25.0
NIFTY,26-DEC-2024,26000.0,03-12-2024 13:39:00,10.0,10.0,10.0,10.0,4597875.0,1050.0,1430.0,1430.0,1425.0,1426.55,1536925.0,1425.0
NIFTY,26-DEC-2024,26000.0,03-12-2024 13:40:00,10.1,10.1,10.1,10.1,4596350.0,2775.0,,,,,,
NIFTY,26-DEC-2024,26000.0,03-12-2024 13:41:00,10.15,10.15,10.15,10.15,4596350.0,5975.0,1422.0,1422.0,1415.0,1418.0,1535775.0,200.0
NIFTY,26-DEC-2024,26000.0,03-12-2024 13:42:00,10.1,10.1,10.1,10.1,4596350.0,21875.0,1410.7,1414.75,1410.7,1414.6,1535775.0,725.0
NIFTY,26-DEC-2024,26000.0,03-12-2024 13:43:00,,,,,,,1426.8,1426.8,1426.8,1426.8,1536025.0,425.0
NIFTY,26-DEC-2024,26000.0,03-12-2024 13:44:00,9.95,9.95,9.95,9.95,4602700.0,16425.0,1433.7,1433.7,1433.7,1433.7,1536025.0,25.0
NIFTY,26-DEC-2024,26000.0,03-12-2024 13:45:00,10.0,10.0,10.0,10.0,4602700.0,17450.0,1424.0,1424.0,1424.0,1424.0,1536025.0,325.0
NIFTY,26-DEC-2024,26000.0,03-12-2024 13:46:00,10.0,10.0,10.0,10.0,4589050.0,9675.0,1424.05,1424.05,1422.6,1422.6,1536025.0,250.0
NIFTY,26-DEC-2024,26000.0,03-12-2024 13:47:00,10.0,10.0,10.0,10.0,4589050.0,8850.0,,,,,,
NIFTY,26-DEC-2024,26000.0,03-12-2024 13:48:00,10.05,10.05,10.05,10.05,4589050.0,8125.0,,,,,,
NIFTY,26-DEC-2024,26000.0,03-12-2024 13:50:00,10.1,10.1,10.1,10.1,4589250.0,5975.0,1417.0,1418.1,1416.2,1416.2,1535750.0,1225.0
NIFTY,26-DEC-2024,26000.0,03-12-2024 13:51:00,10.1,10.1,10.1,10.1,4589250.0,23450.0,1415.0,1417.9,1414.4,1417.9,1535750.0,200.0
NIFTY,26-DEC-2024,26000.0,03-12-2024 13:52:00,10.15,10.15,10.15,10.15,4586475.0,13825.0,1422.2,1422.2,1422.2,1422.2,1536625.0,75.0
NIFTY,26-DEC-2024,26000.0,03-12-2024 13:53:00,10.2,10.2,10.2,10.2,4586475.0,10875.0,,,,,,
NIFTY,26-DEC-2024,26000.0,03-12-2024 13:54:00,10.3,10.3,10.3,10.3,4586475.0,4475.0,,,,,,
NIFTY,26-DEC-2024,26000.0,03-12-2024 13:55:00,10.3,10.3,10.3,10.3,4583225.0,5325.0,1416.0,1416.0,1416.0,1416.0,1536650.0,150.0
NIFTY,26-DEC-2024,26000.0,03-12-2024 13:56:00,10.0,10.0,10.0,10.0,4583225.0,24275.0,1413.0,1413.0,1413.0,1413.0,1536650.0,150.0
NIFTY,26-DEC-2024,26000.0,03-12-2024 13:57:00,,,,,,,1412.0,1412.0,1412.0,1412.0,1536650.0,425.0
NIFTY,26-DEC-2024,26000.0,03-12-2024 13:58:00,9.95,9.95,9.95,9.95,4583225.0,10075.0,,,,,,
NIFTY,26-DEC-2024,26000.0,03-12-2024 13:59:00,10.1,10.1,10.1,10.1,4593400.0,12850.0,,,,,,
NIFTY,26-DEC-2024,26000.0,03-12-2024 14:00:00,10.1,10.1,10.1,10.1,4593400.0,2125.0,1421.75,1421.75,1421.75,1421.75,1536100.0,75.0
NIFTY,26-DEC-2024,26000.0,03-12-2024 14:01:00,10.0,10.0,10.0,10.0,4591450.0,10350.0,1422.0,1422.0,1418.15,1418.15,1535975.0,200.0
NIFTY,26-DEC-2024,26000.0,03-12-2024 14:02:00,10.2,10.2,10.2,10.2,4591450.0,15525.0,1422.0,1422.0,1419.15,1419.15,1535975.0,175.0
NIFTY,26-DEC-2024,26000.0,03-12-2024 14:04:00,10.2,10.2,10.2,10.2,4591450.0,8600.0,,,,,,
NIFTY,26-DEC-2024,26000.0,03-12-2024 14:05:00,10.15,10.15,10.15,10.15,4587375.0,7225.0,,,,,,
NIFTY,26-DEC-2024,26000.0,03-12-2024 14:06:00,10.25,10.25,10.25,10.25,4587375.0,1600.0,1417.2,1417.2,1417.2,1417.2,1535900.0,50.0
NIFTY,26-DEC-2024,26000.0,03-12-2024 14:07:00,10.0,10.0,10.0,10.0,4578150.0,10800.0,,,,,,
NIFTY,26-DEC-2024,26000.0,03-12-2024 14:08:00,10.2,10.2,10.2,10.2,4578150.0,16775.0,1419.0,1419.0,1419.0,1419.0,1535925.0,100.0
NIFTY,26-DEC-2024,26000.0,03-12-2024 14:09:00,,,,,,,1412.25,1412.25,1411.75,1411.75,1535925.0,625.0
NIFTY,26-DEC-2024,26000.0,03-12-2024 14:10:00,10.2,10.2,10.2,10.2,4578150.0,5300.0,1405.2,1411.5,1405.0,1406.45,1535825.0,1350.0
NIFTY,26-DEC-2024,26000.0,03-12-2024 14:11:00,10.35,10.35,10.35,10.35,4564300.0,5325.0,1414.9,1414.9,1414.9,1414.9,1535825.0,25.0
NIFTY,26-DEC-2024,26000.0,03-12-2024 14:12:00,10.3,10.3,10.3,10.3,4564300.0,9875.0,1415.0,1415.0,1415.0,1415.0,1535825.0,225.0
NIFTY,26-DEC-2024,26000.0,03-12-2024 14:13:00,10.25,10.25,10.25,10.25,4564275.0,1800.0,1417.0,1417.0,1417.0,1417.0,1535825.0,75.0
NIFTY,26-DEC-2024,26000.0,03-12-2024 14:15:00,10.2,10.2,10.2,10.2,4564275.0,17500.0,,,,,,
NIFTY,26-DEC-2024,26000.0,03-12-2024 14:16:00,10.35,10.35,10.35,10.35,4564275.0,3225.0,,,,,,
NIFTY,26-DEC-2024,26000.0,03-12-2024 14:17:00,10.45,10.45,10.45,10.45,4560000.0,2975.0,1416.0,1416.0,1416.0,1416.0,1535375.0,450.0
NIFTY,26-DEC-2024,26000.0,03-12-2024 14:18:00,10.5,10.5,10.5,10.5,4560000.0,8800.0,1409.0,1409.0,1409.0,1409.0,1535375.0,550.0
NIFTY,26-DEC-2024,26000.0,03-12-2024 14:19:00,10.55,10.55,10.55,10.55,4560000.0,3150.0,1410.9,1410.9,1410.9,1410.9,1535600.0,75.0
NIFTY,26-DEC-2024,26000.0,03-12-2024 14:21:00,10.5,10.5,10.5,10.5,4560000.0,4050.0,1414.8,1414.8,1414.8,1414.8,1535600.0,50.0
NIFTY,26-DEC-2024,26000.0,03-12-2024 14:22:00,10.55,10.55,10.55,10.55,4560000.0,10675.0,1410.7,1410.7,1410.7,1410.7,1535600.0,1600.0
NIFTY,26-DEC-2024,26000.0,03-12-2024 14:23:00,10.55,10.55,10.55,10.55,4551300.0,6375.0,1410.0,1410.0,1410.0,1410.0,1535550.0,225.0
NIFTY,26-DEC-2024,26000.0,03-12-2024 14:24:00,10.55,10.55,10.55,10.55,4551300.0,7375.0,1417.45,1417.45,1417.45,1417.45,1535550.0,150.0
NIFTY,26-DEC-2024,26000.0,03-12-2024 14:25:00,,,,,,,1422.8,1422.8,1422.8,1422.8,1535375.0,50.0
NIFTY,26-DEC-2024,26000.0,03-12-2024 14:26:00,10.25,10.25,10.25,10.25,4546050.0,11925.0,1418.0,1418.85,1418.0,1418.1,1535375.0,75.0
NIFTY,26-DEC-2024,26000.0,03-12-2024 14:27:00,10.35,10.35,10.35,10.35,4546050.0,2550.0,,,,,,
NIFTY,26-DEC-2024,26000.0,03-12-2024 14:28:00,10.3,10.3,10.3,10.3,4546050.0,6500.0,,,,,,
NIFTY,26-DEC-2024,26000.0,03-12-2024 14:29:00,10.45,10.45,10.45,10.45,4542825.0,1600.0,1418.0,1418.0,1418.0,1418.0,1535350.0,200.0
NIFTY,26-DEC-2024,26000.0,03-12-2024 14:30:00,10.4,10.4,10.4,10.4,4542825.0,1900.0,1417.0,1417.0,1417.0,1417.0,1535350.0,125.0
NIFTY,26-DEC-2024,26000.0,03-12-2024 14:31:00,10.35,10.35,10.35,10.35,4541850.0,2850.0,1418.85,1418.85,1418.85,1418.85,1535350.0,25.0
NIFTY,26-DEC-2024,26000.0,03-12-2024 14:33:00,10.4,10.4,10.4,10.4,4541850.0,3175.0,,,,,,
NIFTY,26-DEC-2024,26000.0,03-12-2024 14:34:00,10.35,10.35,10.35,10.35,4541850.0,1850.0,1420.0,1420.0,1420.0,1420.0,1535350.0,25.0
NIFTY,26-DEC-2024,26000.0,03-12-2024 14:35:00,9.95,9.95,9.95,9.95,4542875.0,14350.0,1436.5,1439.0,1436.5,1439.0,1535350.0,175.0
NIFTY,26-DEC-2024,26000.0,03-12-2024 14:36:00,10.0,10.0,10.0,10.0,4542875.0,4400.0,1437.0,1437.0,1431.85,1435.0,1535350.0,150.0
NIFTY,26-DEC-2024,26000.0,03-12-2024 14:37:00,9.95,9.95,9.95,9.95,4541525.0,10225.0,1437.25,1442.0,1437.25,1442.0,1535325.0,75.0
NIFTY,26-DEC-2024,26000.0,03-12-2024 14:38:00,,,,,,,1430.4,1436.85,1430.4,1436.85,1535325.0,325.0
NIFTY,26-DEC-2024,26000.0,03-12-2024 14:39:00,9.9,9.9,9.9,9.9,4541525.0,5400.0,1436.4,1437.9,1434.9,1434.9,1535325.0,825.0
NIFTY,26-DEC-2024,26000.0,03-12-2024 14:40:00,10.1,10.1,10.1,10.1,4541525.0,9575.0,1429.6,1429.6,1422.0,1422.0,1535100.0,75.0
NIFTY,26-DEC-2024,26000.0,03-12-2024 14:41:00,10.25,10.25,10.25,10.25,4541100.0,3575.0,1418.95,1423.0,1418.95,1423.0,1535100.0,50.0
NIFTY,26-DEC-2024,26000.0,03-12-2024 14:42:00,10.25,10.25,10.25,10.25,4541100.0,1875.0,1427.9,1428.9,1427.9,1428.9,1535100.0,250.0
NIFTY,26-DEC-2024,26000.0,03-12-2024 14:43:00,10.35,10.35,10.35,10.35,4541675.0,3925.0,1428.9,1428.9,1428.9,1428.9,1534775.0,25.0
NIFTY,26-DEC-2024,26000.0,03-12-2024 14:44:00,10.2,10.2,10.2,10.2,4541675.0,5700.0,1440.0,1440.0,1439.0,1439.0,1534775.0,2225.0
NIFTY,26-DEC-2024,26000.0,03-12-2024 14:45:00,,,,,,,1439.0,1439.4,1435.0,1435.0,1534775.0,2625.0
NIFTY,26-DEC-2024,26000.0,03-12-2024 14:46:00,10.2,10.2,10.2,10.2,4541675.0,3875.0,1435.0,1435.0,1430.5,1435.0,1530275.0,350.0
NIFTY,26-DEC-2024,26000.0,03-12-2024 14:47:00,10.2,10.2,10.2,10.2,4540400.0,1525.0,1435.0,1435.0,1435.0,1435.0,1530275.0,425.0
NIFTY,26-DEC-2024,26000.0,03-12-2024 14:48:00,10.3,10.3,10.3,10.3,4540400.0,5900.0,1432.35,1432.35,1432.35,1432.35,1530275.0,50.0
NIFTY,26-DEC-2024,26000.0,03-12-2024 14:49:00,10.3,10.3,10.3,10.3,4540400.0,1225.0,,,,,,
NIFTY,26-DEC-2024,26000.0,03-12-2024 14:50:00,10.4,10.4,10.4,10.4,4541475.0,375.0,,,,,,
NIFTY,26-DEC-2024,26000.0,03-12-2024 14:51:00,10.35,10.35,10.35,10.35,4541475.0,700.0,1426.95,1426.95,1426.2,1426.2,1530250.0,50.0
NIFTY,26-DEC-2024,26000.0,03-12-2024 14:52:00,10.45,10.45,10.45,10.45,4542000.0,1500.0,1423.85,1423.85,1423.85,1423.85,1530325.0,300.0
NIFTY,26-DEC-2024,26000.0,03-12-2024 14:53:00,10.4,10.4,10.4,10.4,4542000.0,8625.0,1435.25,1435.25,1435.25,1435.25,1530325.0,25.0
NIFTY,26-DEC-2024,26000.0,03-12-2024 14:55:00,10.4,10.4,10.4,10.4,4542000.0,25900.0,1437.0,1437.0,1437.0,1437.0,1530325.0,600.0
NIFTY,26-DEC-2024,26000.0,03-12-2024 14:56:00,10.15,10.15,10.15,10.15,4549775.0,6400.0,1438.0,1438.0,1438.0,1438.0,1529725.0,25.0
NIFTY,26-DEC-2024,26000.0,03-12-2024 14:57:00,10.2,10.2,10.2,10.2,4549775.0,125.0,,,,,,
NIFTY,26-DEC-2024,26000.0,03-12-2024 14:58:00,10.3,10.3,10.3,10.3,4551975.0,3850.0,1443.35,1443.35,1443.35,1443.35,1529725.0,125.0
NIFTY,26-DEC-2024,26000.0,03-12-2024 14:59:00,10.25,10.25,10.25,10.25,4551975.0,7025.0,1437.85,1437.85,1436.95,1436.95,1529725.0,100.0
NIFTY,26-DEC-2024,26000.0,03-12-2024 15:00:00,,,,,,,1434.45,1434.45,1430.8,1430.8,1529725.0,75.0
NIFTY,26-DEC-2024,26000.0,03-12-2024 15:01:00,10.3,10.3,10.3,10.3,4551975.0,1950.0,,,,,,
NIFTY,26-DEC-2024,26000.0,03-12-2024 15:02:00,10.4,10.4,10.4,10.4,4546875.0,2625.0,1432.25,1432.25,1432.25,1432.25,1529800.0,50.0
NIFTY,26-DEC-2024,26000.0,03-12-2024 15:03:00,10.3,10.3,10.3,10.3,4546875.0,2325.0,1430.75,1430.75,1430.75,1430.75,1529800.0,250.0
NIFTY,26-DEC-2024,26000.0,03-12-2024 15:04:00,10.2,10.2,10.2,10.2,4546875.0,2800.0,1433.0,1433.0,1433.0,1433.0,1529800.0,250.0
NIFTY,26-DEC-2024,26000.0,03-12-2024 15:05:00,10.35,10.35,10.35,10.35,4545800.0,1400.0,,,,,,
NIFTY,26-DEC-2024,26000.0,03-12-2024 15:06:00,10.25,10.25,10.25,10.25,4545800.0,1450.0,1433.0,1433.0,1433.0,1433.0,1530250.0,300.0
NIFTY,26-DEC-2024,26000.0,03-12-2024 15:07:00,10.2,10.2,10.2,10.2,4548150.0,3800.0,,,,,,
NIFTY,26-DEC-2024,26000.0,03-12-2024 15:08:00,,,,,,,1438.8,1438.8,1438.8,1438.8,1530500.0,550.0
NIFTY,26-DEC-2024,26000.0,03-12-2024 15:09:00,10.2,10.2,10.2,10.2,4548150.0,2675.0,1440.0,1440.0,1440.0,1440.0,1530500.0,25.0
NIFTY,26-DEC-2024,26000.0,03-12-2024 15:10:00,10.25,10.25,10.25,10.25,4548150.0,2550.0,1440.0,1442.1,1439.65,1439.65,1530500.0,125.0
NIFTY,26-DEC-2024,26000.0,03-12-2024 15:11:00,10.15,10.15,10.15,10.15,4548100.0,4825.0,,,,,,
NIFTY,26-DEC-2024,26000.0,03-12-2024 15:12:00,10.3,10.3,10.3,10.3,4548100.0,7725.0,,,,,,
NIFTY,26-DEC-2024,26000.0,03-12-2024 15:13:00,10.2,10.2,10.2,10.2,4546800.0,10900.0,1436.3,1438.2,1436.3,1438.2,1530625.0,175.0
NIFTY,26-DEC-2024,26000.0,03-12-2024 15:14:00,,,,,,,1443.0,1444.0,1443.0,1444.0,1530625.0,50.0
NIFTY,26-DEC-2024,26000.0,03-12-2024 15:15:00,10.1,10.1,10.1,10.1,4546800.0,6650.0,1440.5,1444.9,1440.5,1444.9,1530625.0,900.0
NIFTY,26-DEC-2024,26000.0,03-12-2024 15:16:00,10.15,10.15,10.15,10.15,4546800.0,18475.0,1449.45,1449.45,1449.45,1449.45,1530625.0,25.0
NIFTY,26-DEC-2024,26000.0,03-12-2024 15:17:00,10.05,10.05,10.05,10.05,4546775.0,6225.0,1444.0,1444.25,1444.0,1444.25,1531325.0,50.0
NIFTY,26-DEC-2024,26000.0,03-12-2024 15:18:00,10.2,10.2,10.2,10.2,4546775.0,3050.0,,,,,,
NIFTY,26-DEC-2024,26000.0,03-12-2024 15:19:00,10.05,10.05,10.05,10.05,4546775.0,2525.0,1446.8,1450.0,1446.8,1450.0,1531400.0,125.0
NIFTY,26-DEC-2024,26000.0,03-12-2024 15:20:00,10.25,10.25,10.25,10.25,4546525.0,16500.0,1452.0,1462.5,1452.0,1462.5,1531400.0,500.0
NIFTY,26-DEC-2024,26000.0,03-12-2024 15:21:00,10.2,10.2,10.2,10.2,4546525.0,15775.0,1462.5,1466.95,1462.5,1466.95,1531400.0,75.0
NIFTY,26-DEC-2024,26000.0,03-12-2024 15:22:00,,,,,,,1463.25,1463.25,1461.3,1461.3,1531550.0,175.0
NIFTY,26-DEC-2024,26000.0,03-12-2024 15:23:00,10.2,10.2,10.2,10.2,4545100.0,2700.0,1458.6,1458.8,1457.15,1458.8,1531550.0,250.0
NIFTY,26-DEC-2024,26000.0,03-12-2024 15:24:00,10.2,10.2,10.2,10.2,4545100.0,5550.0,1457.6,1457.6,1455.95,1456.8,1531550.0,225.0
NIFTY,26-DEC-2024,26000.0,03-12-2024 15:25:00,10.2,10.2,10.2,10.2,4545100.0,10325.0,1458.0,1458.8,1457.75,1457.75,1532250.0,625.0
NIFTY,26-DEC-2024,26000.0,03-12-2024 15:26:00,10.3,10.3,10.3,10.3,4544075.0,18350.0,1458.0,1458.0,1458.0,1458.0,1532250.0,500.0
NIFTY,26-DEC-2024,26000.0,03-12-2024 15:27:00,10.15,10.15,10.15,10.15,4544075.0,14950.0,1457.1,1457.1,1457.1,1457.1,1532250.0,250.0
NIFTY,26-DEC-2024,26000.0,03-12-2024 15:28:00,,,,,,,1456.4,1456.4,1456.4,1456.4,1532250.0,100.0
NIFTY,26-DEC-2024,26000.0,03-12-2024 15:29:00,10.25,10.25,10.25,10.25,4528825.0,5975.0,1455.0,1461.2,1455.0,1461.2,1533100.0,950.0
NIFTY,26-DEC-2024,26000.0,04-12-2024 09:15:00,11.45,11.45,10.45,10.75,4529425.0,0.0,1461.2,1461.2,1441.25,1441.25,0.0,125.0
NIFTY,26-DEC-2024,26000.0,04-12-2024 09:16:00,10.6,10.8,10.4,10.7,4529425.0,14150.0,1441.25,1441.25,1426.25,1426.25,1533800.0,25.0
NIFTY,26-DEC-2024,26000.0,04-12-2024 09:17:00,10.65,10.65,10.4,10.6,4529425.0,10550.0,1426.25,1440.0,1426.25,1436.0,1533800.0,4125.0
NIFTY,26-DEC-2024,26000.0,04-12-2024 09:18:00,10.3,10.55,10.3,10.45,4519300.0,0.0,1436.0,1436.0,1423.3,1423.3,1535825.0,175.0
NIFTY,26-DEC-2024,26000.0,04-12-2024 09:19:00,10.5,10.7,10.3,10.7,4519300.0,24150.0,1423.3,1423.3,1423.3,1423.3,1535825.0,0.0
NIFTY,26-DEC-2024,26000.0,04-12-2024 09:20:00,10.75,10.75,10.6,10.65,4519300.0,8425.0,1423.3,1436.0,1423.3,1436.0,1535825.0,50.0
NIFTY,26-DEC-2024,26000.0,04-12-2024 09:21:00,10.55,10.6,10.4,10.6,4503400.0,0.0,1436.0,1436.0,1436.0,1436.0,1535825.0,0.0
NIFTY,26-DEC-2024,26000.0,04-12-2024 09:22:00,10.55,10.7,10.45,10.65,4503400.0,0.0,1436.0,1436.0,1415.85,1415.85,1535850.0,125.0
NIFTY,26-DEC-2024,26000.0,04-12-2024 09:23:00,10.65,10.7,10.6,10.7,4503400.0,0.0,1417.95,1420.5,1417.95,1418.1,1535850.0,0.0
NIFTY,26-DEC-2024,26000.0,04-12-2024 09:24:00,10.7,10.75,10.65,10.75,4481550.0,75025.0,1418.2,1419.0,1418.2,1419.0,1535850.0,350.0
NIFTY,26-DEC-2024,26000.0,04-12-2024 09:25:00,10.65,10.8,10.6,10.7,4481550.0,5925.0,1419.0,1419.0,1412.1,1415.0,1535850.0,100.0
NIFTY,26-DEC-2024,26000.0,04-12-2024 09:26:00,10.65,10.7,10.55,10.65,4481550.0,0.0,1415.0,1420.0,1415.0,1417.0,1536025.0,750.0
NIFTY,26-DEC-2024,26000.0,04-12-2024 09:27:00,10.65,10.8,10.65,10.7,4486825.0,0.0,1418.4,1418.4,1412.0,1412.0,1535725.0,200.0
NIFTY,26-DEC-2024,26000.0,04-12-2024 09:28:00,10.7,10.95,10.7,10.95,4486825.0,0.0,1412.0,1412.0,1400.0,1400.0,1535725.0,250.0
NIFTY,26-DEC-2024,26000.0,04-12-2024 09:29:00,10.9,11.1,10.9,11.05,4486825.0,37650.0,1400.0,1402.5,1395.55,1395.55,1535725.0,150.0
NIFTY,26-DEC-2024,26000.0,04-12-2024 09:30:00,11.0,11.1,10.9,11.1,4499400.0,12575.0,1395.55,1400.0,1395.55,1400.0,1535725.0,200.0
NIFTY,26-DEC-2024,26000.0,04-12-2024 09:31:00,11.1,11.7,11.1,11.55,4499400.0,0.0,1395.0,1395.0,1380.0,1380.0,1535750.0,225.0
NIFTY,26-DEC-2024,26000.0,04-12-2024 09:32:00,11.6,12.0,11.6,11.75,4499400.0,0.0,1380.0,1383.45,1380.0,1383.45,1535750.0,75.0
NIFTY,26-DEC-2024,26000.0,04-12-2024 09:33:00,11.65,11.95,11.65,11.8,4551875.0,0.0,1383.45,1386.0,1375.45,1375.45,1535725.0,350.0
NIFTY,26-DEC-2024,26000.0,04-12-2024 09:34:00,11.85,12.0,11.65,11.95,4551875.0,117600.0,1375.45,1376.0,1375.0,1376.0,1535725.0,525.0
NIFTY,26-DEC-2024,26000.0,04-12-2024 09:35:00,11.95,12.2,11.75,11.95,4551875.0,54475.0,1376.0,1376.0,1375.55,1375.55,1535725.0,175.0
NIFTY,26-DEC-2024,26000.0,04-12-2024 09:36:00,12.0,12.15,11.8,11.95,4604575.0,0.0,1375.55,1380.0,1375.55,1375.55,1535725.0,850.0
NIFTY,26-DEC-2024,26000.0,04-12-2024 09:37:00,11.9,12.1,11.75,11.95,4604575.0,0.0,1375.55,1381.35,1370.0,1370.0,1535275.0,275.0
NIFTY,26-DEC-2024,26000.0,04-12-2024 09:38:00,12.05,12.2,11.95,12.2,4604575.0,0.0,1370.0,1370.0,1366.6,1370.0,1535275.0,475.0
NIFTY,26-DEC-2024,26000.0,04-12-2024 09:39:00,12.1,12.1,11.95,12.05,4612075.0,44050.0,1370.0,1375.0,1370.0,1374.0,1535275.0,250.0
NIFTY,26-DEC-2024,26000.0,04-12-2024 09:40:00,12.0,12.05,11.9,11.95,4612075.0,10675.0,1374.0,1377.15,1374.0,1374.0,1535400.0,125.0
NIFTY,26-DEC-2024,26000.0,04-12-2024 09:41:00,11.95,12.0,11.9,11.9,4612075.0,0.0,1374.0,1374.0,1374.0,1374.0,1535400.0,25.0
NIFTY,26-DEC-2024,26000.0,04-12-2024 09:42:00,11.9,11.95,11.6,11.65,4610525.0,0.0,1374.0,1384.4,1374.0,1384.4,1535400.0,50.0
NIFTY,26-DEC-2024,26000.0,04-12-2024 09:43:00,11.6,11.7,11.55,11.7,4610525.0,0.0,1384.4,1385.0,1382.4,1384.45,1535350.0,1000.0
NIFTY,26-DEC-2024,26000.0,04-12-2024 09:44:00,11.75,12.15,11.75,12.15,4610525.0,0.0,1384.45,1384.45,1350.15,1350.15,1535350.0,375.0
NIFTY,26-DEC-2024,26000.0,04-12-2024 09:45:00,12.1,12.2,11.8,11.9,4613625.0,0.0,1350.15,1352.0,1348.85,1348.85,1535350.0,225.0
NIFTY,26-DEC-2024,26000.0,04-12-2024 09:46:00,11.8,11.8,11.6,11.7,4613625.0,0.0,1348.85,1348.85,1348.85,1348.85,1535350.0,0.0
NIFTY,26-DEC-2024,26000.0,04-12-2024 09:47:00,11.7,11.75,11.6,11.75,4613625.0,0.0,1348.85,1363.0,1348.85,1363.0,1535750.0,300.0
NIFTY,26-DEC-2024,26000.0,04-12-2024 09:48:00,11.65,11.8,11.6,11.8,4613625.0,79125.0,1363.0,1363.0,1358.45,1358.45,1535750.0,300.0
NIFTY,26-DEC-2024,26000.0,04-12-2024 09:49:00,11.8,12.05,11.8,11.95,4615350.0,4350.0,1358.45,1358.45,1358.45,1358.45,1535750.0,0.0
NIFTY,26-DEC-2024,26000.0,04-12-2024 09:50:00,11.9,11.95,11.8,11.85,4615350.0,9250.0,1358.45,1362.45,1358.45,1362.45,1535775.0,25.0
NIFTY,26-DEC-2024,26000.0,04-12-2024 09:51:00,11.95,12.1,11.95,12.0,4616750.0,0.0,1364.55,1364.55,1358.75,1360.0,1535875.0,425.0
NIFTY,26-DEC-2024,26000.0,04-12-2024 09:52:00,11.95,12.0,11.9,11.95,4616750.0,0.0,1360.0,1365.0,1360.0,1365.0,1535875.0,200.0
NIFTY,26-DEC-2024,26000.0,04-12-2024 09:53:00,12.0,12.05,11.9,12.0,4616750.0,6325.0,1365.0,1365.0,1363.65,1363.65,1535875.0,0.0
NIFTY,26-DEC-2024,26000.0,04-12-2024 09:54:00,12.0,12.05,11.9,12.0,4617600.0,0.0,1363.65,1363.65,1353.0,1353.0,1535875.0,400.0
NIFTY,26-DEC-2024,26000.0,04-12-2024 09:55:00,12.0,12.05,12.0,12.05,4617600.0,0.0,1353.0,1357.0,1353.0,1357.0,1535525.0,25.0
NIFTY,26-DEC-2024,26000.0,04-12-2024 09:56:00,12.05,12.05,11.9,11.9,4617600.0,0.0,1357.0,1368.0,1357.0,1363.15,1535525.0,175.0
NIFTY,26-DEC-2024,26000.0,04-12-2024 09:57:00,12.0,12.0,11.75,11.9,4624550.0,17050.0,1363.15,1375.0,1363.15,1375.0,1535525.0,125.0
NIFTY,26-DEC-2024,26000.0,04-12-2024 09:58:00,12.0,12.1,12.0,12.1,4624550.0,0.0,1375.0,1375.0,1361.0,1362.55,1535550.0,575.0
NIFTY,26-DEC-2024,26000.0,04-12-2024 09:59:00,12.05,12.05,11.9,11.9,4624550.0,0.0,1362.55,1362.55,1362.55,1362.55,1535550.0,25.0
NIFTY,26-DEC-2024,26000.0,04-12-2024 10:00:00,12.0,12.1,11.95,12.05,4623775.0,0.0,1362.55,1371.8,1362.55,1371.8,1535550.0,50.0
NIFTY,26-DEC-2024,26000.0,04-12-2024 10:01:00,12.1,12.1,11.95,12.05,4623775.0,0.0,1371.8,1371.8,1367.0,1368.9,1535450.0,100.0
NIFTY,26-DEC-2024,26000.0,04-12-2024 10:02:00,12.05,12.2,12.05,12.1,4623775.0,0.0,1367.0,1367.0,1365.0,1365.0,1535450.0,100.0
NIFTY,26-DEC-2024,26000.0,04-12-2024 10:03:00,12.15,12.3,12.15,12.2,4619125.0,0.0,1365.0,1365.0,1364.0,1364.0,1535450.0,125.0
NIFTY,26-DEC-2024,26000.0,04-12-2024 10:04:00,12.35,12.4,12.25,12.4,4619125.0,0.0,1364.0,1364.0,1363.3,1363.3,1535450.0,50.0
NIFTY,26-DEC-2024,26000.0,04-12-2024 10:05:00,12.25,12.45,12.25,12.3,4619125.0,46950.0,1363.3,1363.8,1356.0,1356.0,1535275.0,150.0
NIFTY,26-DEC-2024,26000.0,04-12-2024 10:06:00,12.35,12.7,12.1,12.7,4619125.0,13825.0,1356.0,1356.0,1340.0,1340.0,1535275.0,625.0
NIFTY,26-DEC-2024,26000.0,04-12-2024 10:07:00,12.6,12.75,12.55,12.7,4618575.0,6225.0,1340.0,1340.0,1340.0,1340.0,1535275.0,0.0
NIFTY,26-DEC-2024,26000.0,04-12-2024 10:08:00,12.5,12.65,12.5,12.5,4618575.0,0.0,1346.0,1356.45,1346.0,1356.45,1534625.0,200.0
NIFTY,26-DEC-2024,26000.0,04-12-2024 10:09:00,12.55,12.65,12.45,12.45,4618575.0,0.0,1356.45,1356.45,1350.35,1354.75,1534625.0,700.0
NIFTY,26-DEC-2024,26000.0,04-12-2024 10:10:00,12.55,12.6,12.5,12.55,4626100.0,24425.0,1359.85,1359.85,1357.0,1357.0,1534650.0,225.0
NIFTY,26-DEC-2024,26000.0,04-12-2024 10:11:00,12.55,12.65,12.5,12.65,4626100.0,0.0,1357.0,1357.5,1354.0,1357.5,1534650.0,550.0
NIFTY,26-DEC-2024,26000.0,04-12-2024 10:12:00,12.5,12.6,12.15,12.3,4629325.0,0.0,1358.3,1371.3,1358.3,1370.0,1534650.0,375.0
NIFTY,26-DEC-2024,26000.0,04-12-2024 10:13:00,12.15,12.25,12.1,12.2,4629325.0,18350.0,1370.0,1375.7,1370.0,1375.7,1534000.0,50.0
NIFTY,26-DEC-2024,26000.0,04-12-2024 10:14:00,12.25,12.3,12.2,12.3,4629325.0,0.0,,,,,,
NIFTY,26-DEC-2024,26000.0,04-12-2024 10:15:00,12.3,12.5,12.3,12.5,4629325.0,0.0,1375.7,1375.7,1375.7,1375.7,1534000.0,0.0
NIFTY,26-DEC-2024,26000.0,04-12-2024 10:16:00,12.45,12.45,12.3,12.45,4622100.0,0.0,1367.45,1367.45,1367.45,1367.45,1534000.0,0.0
NIFTY,26-DEC-2024,26000.0,04-12-2024 10:17:00,12.4,12.55,12.4,12.5,4622100.0,0.0,1368.0,1368.0,1368.0,1368.0,1534000.0,0.0
NIFTY,26-DEC-2024,26000.0,04-12-2024 10:18:00,12.55,12.6,12.4,12.6,4622100.0,0.0,1368.0,1368.0,1362.5,1363.0,1534000.0,3250.0
NIFTY,26-DEC-2024,26000.0,04-12-2024 10:19:00,12.6,12.6,12.5,12.5,4634950.0,47125.0,1363.0,1365.0,1362.05,1362.05,1532000.0,975.0
NIFTY,26-DEC-2024,26000.0,04-12-2024 10:20:00,12.45,12.45,12.15,12.2,4634950.0,4875.0,1362.05,1385.0,1362.05,1385.0,1532000.0,250.0
NIFTY,26-DEC-2024,26000.0,04-12-2024 10:21:00,12.15,12.2,11.85,11.95,4634950.0,0.0,1385.0,1391.15,1385.0,1391.15,1532000.0,175.0
NIFTY,26-DEC-2024,26000.0,04-12-2024 10:22:00,11.85,12.15,11.85,12.0,4651725.0,33600.0,1400.0,1400.0,1398.55,1400.0,1531625.0,400.0
NIFTY,26-DEC-2024,26000.0,04-12-2024 10:23:00,11.9,12.4,11.9,12.2,4651725.0,9975.0,1400.0,1400.0,1386.6,1390.0,1531625.0,7475.0
NIFTY,26-DEC-2024,26000.0,04-12-2024 10:24:00,12.3,12.3,12.2,12.25,4651725.0,0.0,1390.0,1393.0,1390.0,1393.0,1531625.0,25.0
NIFTY,26-DEC-2024,26000.0,04-12-2024 10:25:00,12.2,12.2,12.15,12.15,4649550.0,7700.0,1393.0,1393.0,1385.0,1385.0,1527275.0,425.0
NIFTY,26-DEC-2024,26000.0,04-12-2024 10:26:00,12.15,12.2,11.95,12.0,4649550.0,3650.0,1385.0,1385.0,1385.0,1385.0,1527275.0,0.0
NIFTY,26-DEC-2024,26000.0,04-12-2024 10:27:00,11.85,12.15,11.85,12.1,4649550.0,9700.0,1385.0,1385.45,1385.0,1385.45,1527275.0,0.0
NIFTY,26-DEC-2024,26000.0,04-12-2024 10:28:00,12.1,12.2,11.9,12.05,4649600.0,3925.0,1388.0,1388.05,1388.0,1388.0,1527125.0,150.0
NIFTY,26-DEC-2024,26000.0,04-12-2024 10:29:00,12.1,12.4,12.1,12.3,4649600.0,8850.0,1385.0,1385.0,1375.2,1375.2,1527125.0,5575.0
NIFTY,26-DEC-2024,26000.0,04-12-2024 10:30:00,12.5,12.5,12.3,12.3,4649600.0,8525.0,1375.2,1377.15,1375.2,1377.15,1527125.0,25.0
NIFTY,26-DEC-2024,26000.0,04-12-2024 10:31:00,12.25,12.4,12.25,12.35,4653750.0,5300.0,1377.05,1377.05,1377.05,1377.05,1523800.0,25.0
NIFTY,26-DEC-2024,26000.0,04-12-2024 10:32:00,12.35,12.4,12.35,12.4,4653750.0,4800.0,1377.05,1377.05,1377.0,1377.0,1523800.0,50.0
NIFTY,26-DEC-2024,26000.0,04-12-2024 10:33:00,12.4,12.6,12.4,12.6,4653750.0,9500.0,1377.0,1377.0,1365.8,1365.8,1523800.0,150.0
NIFTY,26-DEC-2024,26000.0,04-12-2024 10:34:00,12.65,12.7,12.6,12.6,4654525.0,0.0,1365.8,1365.8,1365.35,1365.35,1523650.0,25.0
NIFTY,26-DEC-2024,26000.0,04-12-2024 10:35:00,12.7,12.8,12.55,12.65,4654525.0,10175.0,1365.35,1369.45,1365.35,1365.35,1523650.0,225.0
NIFTY,26-DEC-2024,26000.0,04-12-2024 10:36:00,12.65,12.7,12.6,12.7,4654525.0,4150.0,1365.35,1365.35,1365.35,1365.35,1523650.0,0.0
NIFTY,26-DEC-2024,26000.0,04-12-2024 10:37:00,12.7,12.7,12.45,12.5,4665300.0,6950.0,1361.2,1362.0,1361.2,1362.0,1523775.0,375.0
NIFTY,26-DEC-2024,26000.0,04-12-2024 10:38:00,12.45,12.5,12.35,12.5,4665300.0,16800.0,1369.85,1369.85,1369.85,1369.85,1523775.0,25.0
NIFTY,26-DEC-2024,26000.0,04-12-2024 10:39:00,12.5,12.65,12.4,12.5,4665300.0,3125.0,1369.85,1369.85,1368.85,1369.85,1523775.0,950.0
NIFTY,26-DEC-2024,26000.0,04-12-2024 10:40:00,12.4,12.45,12.4,12.45,4669250.0,0.0,1373.3,1379.8,1373.3,1379.8,1523850.0,0.0
NIFTY,26-DEC-2024,26000.0,04-12-2024 10:41:00,12.45,12.55,12.4,12.4,4669250.0,0.0,,,,,,
NIFTY,26-DEC-2024,26000.0,04-12-2024 10:42:00,12.45,12.55,12.4,12.5,4669250.0,17575.0,1371.6,1375.0,1371.6,1375.0,1523850.0,950.0
NIFTY,26-DEC-2024,26000.0,04-12-2024 10:43:00,12.55,12.55,12.45,12.45,4670850.0,0.0,,,,,,
NIFTY,26-DEC-2024,26000.0,04-12-2024 10:44:00,12.45,12.5,12.4,12.4,4670850.0,2800.0,1376.35,1376.35,1376.35,1376.35,1523650.0,0.0
NIFTY,26-DEC-2024,26000.0,04-12-2024 10:45:00,12.45,12.45,12.2,12.2,4670850.0,0.0,1386.0,1386.0,1386.0,1386.0,1523650.0,0.0
NIFTY,26-DEC-2024,26000.0,04-12-2024 10:46:00,12.2,12.25,12.05,12.25,4675175.0,0.0,1388.0,1393.75,1388.0,1393.75,1523675.0,75.0
NIFTY,26-DEC-2024,26000.0,04-12-2024 10:47:00,12.35,12.35,12.25,12.25,4675175.0,17600.0,1393.75,1393.75,1388.0,1388.0,1523675.0,150.0
NIFTY,26-DEC-2024,26000.0,04-12-2024 10:48:00,12.3,12.4,12.2,12.25,4675175.0,1525.0,1385.0,1385.0,1385.0,1385.0,1523675.0,325.0
NIFTY,26-DEC-2024,26000.0,04-12-2024 10:49:00,12.1,12.1,12.05,12.1,4677275.0,8025.0,1385.0,1385.0,1385.0,1385.0,1523675.0,0.0
NIFTY,26-DEC-2024,26000.0,04-12-2024 10:50:00,12.15,12.15,12.1,12.1,4677275.0,6500.0,1385.0,1385.0,1385.0,1385.0,1523675.0,0.0
NIFTY,26-DEC-2024,26000.0,04-12-2024 10:51:00,12.2,12.45,12.2,12.4,4677275.0,3875.0,1385.0,1385.0,1385.0,1385.0,1523675.0,0.0
NIFTY,26-DEC-2024,26000.0,04-12-2024 10:52:00,12.45,12.6,12.45,12.6,4678175.0,0.0,1379.05,1379.05,1379.05,1379.05,1523850.0,0.0
NIFTY,26-DEC-2024,26000.0,04-12-2024 10:53:00,12.6,12.6,12.45,12.5,4678175.0,8550.0,1370.0,1374.2,1370.0,1374.2,1523850.0,425.0
NIFTY,26-DEC-2024,26000.0,04-12-2024 10:54:00,12.6,12.6,12.55,12.6,4678175.0,2450.0,1374.2,1374.2,1374.2,1374.2,1523850.0,25.0
NIFTY,26-DEC-2024,26000.0,04-12-2024 10:55:00,12.55,12.7,12.55,12.7,4681725.0,950.0,1374.2,1374.2,1374.2,1374.2,1523850.0,0.0
NIFTY,26-DEC-2024,26000.0,04-12-2024 10:56:00,12.65,12.65,12.55,12.6,4681725.0,5475.0,1368.0,1372.85,1368.0,1372.85,1523525.0,75.0
NIFTY,26-DEC-2024,26000.0,04-12-2024 10:57:00,12.6,12.7,12.45,12.5,4681725.0,5625.0,1377.45,1377.45,1377.2,1377.2,1523525.0,75.0
NIFTY,26-DEC-2024,26000.0,04-12-2024 10:58:00,12.5,12.55,12.5,12.55,4679375.0,5450.0,1377.2,1377.2,1377.2,1377.2,1523525.0,0.0
NIFTY,26-DEC-2024,26000.0,04-12-2024 10:59:00,12.5,12.6,12.4,12.4,4679375.0,4900.0,1380.0,1380.0,1380.0,1380.0,1523450.0,50.0
NIFTY,26-DEC-2024,26000.0,04-12-2024 11:00:00,12.4,12.5,12.2,12.3,4679375.0,0.0,1380.0,1390.0,1380.0,1390.0,1523450.0,125.0
NIFTY,26-DEC-2024,26000.0,04-12-2024 11:01:00,12.3,12.5,12.3,12.5,4680050.0,9875.0,1390.0,1390.0,1383.85,1383.85,1523400.0,50.0
NIFTY,26-DEC-2024,26000.0,04-12-2024 11:02:00,12.5,12.65,12.5,12.65,4680050.0,8600.0,1383.85,1383.85,1379.2,1379.2,1523400.0,25.0
NIFTY,26-DEC-2024,26000.0,04-12-2024 11:03:00,12.7,12.7,12.5,12.7,4680050.0,4300.0,1379.0,1379.0,1379.0,1379.0,1523400.0,50.0
NIFTY,26-DEC-2024,26000.0,04-12-2024 11:04:00,12.6,12.65,12.55,12.55,4674750.0,6425.0,1379.0,1379.0,1378.95,1378.95,1523375.0,25.0
NIFTY,26-DEC-2024,26000.0,04-12-2024 11:05:00,12.7,12.7,12.5,12.5,4674750.0,0.0,1378.95,1378.95,1378.95,1378.95,1523375.0,0.0
NIFTY,26-DEC-2024,26000.0,04-12-2024 11:06:00,12.5,12.6,12.5,12.55,4674750.0,11925.0,1378.95,1378.95,1378.95,1378.95,1523375.0,0.0
NIFTY,26-DEC-2024,26000.0,04-12-2024 11:07:00,12.65,12.65,12.4,12.45,4674250.0,2225.0,1378.95,1378.95,1378.95,1378.95,1523375.0,0.0
NIFTY,26-DEC-2024,26000.0,04-12-2024 11:08:00,12.4,12.45,12.25,12.45,4674250.0,9300.0,1390.35,1390.35,1390.35,1390.35,1523400.0,25.0
NIFTY,26-DEC-2024,26000.0,04-12-2024 11:09:00,12.35,12.4,12.25,12.25,4674250.0,10450.0,1390.35,1390.35,1387.05,1387.05,1523400.0,25.0
NIFTY,26-DEC-2024,26000.0,04-12-2024 11:10:00,12.35,12.4,12.25,12.25,4662025.0,0.0,1387.05,1387.05,1381.35,1381.35,1523350.0,25.0
NIFTY,26-DEC-2024,26000.0,04-12-2024 11:11:00,12.4,12.4,12.2,12.3,4662025.0,0.0,1380.3,1380.3,1380.3,1380.3,1523350.0,25.0
NIFTY,26-DEC-2024,26000.0,04-12-2024 11:12:00,12.3,12.35,12.2,12.3,4662025.0,24625.0,1380.3,1380.3,1380.3,1380.3,1523350.0,0.0
NIFTY,26-DEC-2024,26000.0,04-12-2024 11:13:00,12.3,12.3,12.25,12.25,4651925.0,1225.0,1380.3,1380.3,1380.3,1380.3,1523350.0,0.0
NIFTY,26-DEC-2024,26000.0,04-12-2024 11:14:00,12.2,12.25,12.1,12.25,4651925.0,8700.0,1388.2,1388.7,1388.2,1388.7,1523375.0,50.0
NIFTY,26-DEC-2024,26000.0,04-12-2024 11:15:00,12.25,12.4,12.2,12.4,4651925.0,2750.0,1388.7,1388.7,1388.7,1388.7,1523375.0,0.0
NIFTY,26-DEC-2024,26000.0,04-12-2024 11:16:00,12.25,12.3,12.25,12.3,4650875.0,0.0,1388.7,1388.7,1385.0,1385.0,1523375.0,100.0
NIFTY,26-DEC-2024,26000.0,04-12-2024 11:17:00,12.3,12.4,12.25,12.4,4650875.0,7575.0,1385.0,1390.05,1385.0,1390.05,1523375.0,200.0
NIFTY,26-DEC-2024,26000.0,04-12-2024 11:18:00,12.4,12.5,12.4,12.5,4650875.0,0.0,1390.05,1390.05,1380.0,1380.0,1523375.0,325.0
NIFTY,26-DEC-2024,26000.0,04-12-2024 11:19:00,12.5,12.5,12.35,12.35,4652100.0,8350.0,1380.0,1380.0,1376.0,1376.0,1523075.0,200.0
NIFTY,26-DEC-2024,26000.0,04-12-2024 11:20:00,12.4,12.5,12.4,12.4,4652100.0,0.0,1378.0,1378.0,1378.0,1378.0,1523075.0,0.0
NIFTY,26-DEC-2024,26000.0,04-12-2024 11:21:00,12.4,12.6,12.4,12.6,4652100.0,11875.0,1378.0,1382.2,1378.0,1382.2,1523075.0,25.0
NIFTY,26-DEC-2024,26000.0,04-12-2024 11:22:00,12.6,12.6,12.4,12.4,4654675.0,5000.0,1382.2,1382.2,1379.0,1379.0,1523050.0,325.0
NIFTY,26-DEC-2024,26000.0,04-12-2024 11:23:00,12.4,12.45,12.2,12.4,4654675.0,3925.0,1379.0,1380.1,1375.0,1375.0,1523050.0,550.0
NIFTY,26-DEC-2024,26000.0,04-12-2024 11:24:00,12.25,12.4,12.2,12.2,4654675.0,5400.0,1380.0,1380.0,1380.0,1380.0,1523050.0,0.0
NIFTY,26-DEC-2024,26000.0,04-12-2024 11:25:00,12.2,12.35,12.2,12.3,4658950.0,0.0,1375.85,1375.85,1375.85,1375.85,1522950.0,0.0
NIFTY,26-DEC-2024,26000.0,04-12-2024 11:26:00,12.3,12.35,12.25,12.25,4658950.0,4275.0,1375.85,1380.45,1375.85,1379.7,1522950.0,375.0
NIFTY,26-DEC-2024,26000.0,04-12-2024 11:27:00,12.35,12.35,12.3,12.3,4658950.0,1425.0,1379.7,1380.0,1379.7,1380.0,1522950.0,600.0
NIFTY,26-DEC-2024,26000.0,04-12-2024 11:28:00,12.35,12.35,12.2,12.2,4660875.0,0.0,1380.0,1380.0,1380.0,1380.0,1522950.0,0.0
NIFTY,26-DEC-2024,26000.0,04-12-2024 11:29:00,12.2,12.45,12.15,12.35,4660875.0,5900.0,1380.0,1380.95,1375.0,1377.1,1522900.0,275.0
NIFTY,26-DEC-2024,26000.0,04-12-2024 11:30:00,12.3,12.4,12.25,12.25,4660875.0,0.0,1377.1,1377.1,1374.8,1376.75,1522900.0,650.0
NIFTY,26-DEC-2024,26000.0,04-12-2024 11:31:00,12.3,12.35,12.25,12.25,4670675.0,13375.0,,,,,,
NIFTY,26-DEC-2024,26000.0,04-12-2024 11:32:00,12.2,12.3,12.2,12.25,4670675.0,1350.0,1376.75,1376.75,1376.75,1376.75,1522900.0,0.0
NIFTY,26-DEC-2024,26000.0,04-12-2024 11:33:00,12.25,12.25,12.15,12.15,4670675.0,0.0,,,,,,
NIFTY,26-DEC-2024,26000.0,04-12-2024 11:34:00,12.15,12.25,12.15,12.25,4673150.0,3950.0,1376.75,1376.75,1376.75,1376.75,1522900.0,0.0
NIFTY,26-DEC-2024,26000.0,04-12-2024 11:35:00,12.15,12.25,12.05,12.25,4673150.0,0.0,1375.0,1375.0,1375.0,1375.0,1522075.0,0.0
NIFTY,26-DEC-2024,26000.0,04-12-2024 11:36:00,12.2,12.4,12.15,12.3,4673150.0,17525.0,1375.0,1375.0,1371.65,1371.8,1522075.0,100.0
NIFTY,26-DEC-2024,26000.0,04-12-2024 11:37:00,12.3,12.3,12.15,12.2,4669825.0,2175.0,1368.8,1369.25,1368.8,1369.25,1521800.0,0.0
NIFTY,26-DEC-2024,26000.0,04-12-2024 11:38:00,12.3,12.3,12.1,12.1,4669825.0,3125.0,1368.9,1368.9,1368.9,1368.9,1521800.0,400.0
NIFTY,26-DEC-2024,26000.0,04-12-2024 11:39:00,12.2,12.2,12.1,12.15,4669825.0,1700.0,1368.9,1368.9,1368.9,1368.9,1521800.0,0.0
NIFTY,26-DEC-2024,26000.0,04-12-2024 11:40:00,12.1,12.75,12.1,12.55,4671125.0,0.0,1375.15,1375.15,1369.4,1369.4,1521650.0,0.0
NIFTY,26-DEC-2024,26000.0,04-12-2024 11:41:00,12.6,12.65,12.5,12.5,4671125.0,14475.0,1369.4,1369.4,1369.4,1369.4,1521650.0,75.0
NIFTY,26-DEC-2024,26000.0,04-12-2024 11:42:00,12.5,12.75,12.5,12.75,4671125.0,2100.0,1369.4,1371.0,1369.4,1370.0,1521650.0,50.0
NIFTY,26-DEC-2024,26000.0,04-12-2024 11:43:00,12.7,12.7,12.6,12.65,4664825.0,0.0,1370.0,1370.0,1368.0,1368.0,1521600.0,50.0
NIFTY,26-DEC-2024,26000.0,04-12-2024 11:44:00,12.6,12.65,12.5,12.65,4664825.0,0.0,1368.0,1378.6,1368.0,1378.6,1521600.0,150.0
NIFTY,26-DEC-2024,26000.0,04-12-2024 11:45:00,12.6,12.65,12.55,12.55,4664825.0,6275.0,1377.55,1377.55,1377.55,1377.55,1521600.0,50.0
NIFTY,26-DEC-2024,26000.0,04-12-2024 11:46:00,12.6,12.65,12.55,12.55,4664625.0,0.0,1377.55,1377.55,1377.55,1377.55,1521600.0,0.0
NIFTY,26-DEC-2024,26000.0,04-12-2024 11:47:00,12.6,12.6,12.45,12.5,4664625.0,2950.0,1377.55,1377.55,1377.55,1377.55,1521600.0,0.0
NIFTY,26-DEC-2024,26000.0,04-12-2024 11:48:00,12.5,12.5,12.45,12.45,4664625.0,175.0,1377.55,1377.55,1377.55,1377.55,1521600.0,0.0
NIFTY,26-DEC-2024,26000.0,04-12-2024 11:49:00,12.2,12.35,12.2,12.35,4664800.0,5750.0,1377.55,1377.55,1377.55,1377.55,1521600.0,0.0
NIFTY,26-DEC-2024,26000.0,04-12-2024 11:50:00,12.35,12.45,12.35,12.45,4664800.0,75.0,1377.55,1377.55,1377.55,1377.55,1521600.0,0.0
NIFTY,26-DEC-2024,26000.0,04-12-2024 11:51:00,12.5,12.55,12.4,12.5,4664800.0,5825.0,1377.55,1382.2,1377.55,1381.45,1521625.0,150.0
NIFTY,26-DEC-2024,26000.0,04-12-2024 11:52:00,12.5,12.5,12.4,12.4,4666300.0,2250.0,1379.3,1379.3,1379.3,1379.3,1521625.0,25.0
NIFTY,26-DEC-2024,26000.0,04-12-2024 11:53:00,12.4,12.4,12.25,12.35,4666300.0,6600.0,1379.3,1382.9,1379.3,1382.9,1521525.0,50.0
NIFTY,26-DEC-2024,26000.0,04-12-2024 11:54:00,12.3,12.35,12.2,12.3,4666300.0,2925.0,1382.9,1389.15,1382.9,1389.15,1521525.0,1400.0
NIFTY,26-DEC-2024,26000.0,04-12-2024 11:55:00,12.3,12.6,11.6,11.65,4669025.0,14025.0,1389.15,1462.7,1389.15,1462.7,1520325.0,825.0
NIFTY,26-DEC-2024,26000.0,04-12-2024 11:56:00,11.45,11.5,10.1,10.1,4669025.0,0.0,1462.7,1499.95,1441.8,1489.0,1520325.0,3025.0
NIFTY,26-DEC-2024,26000.0,04-12-2024 11:57:00,10.25,10.7,9.85,9.85,4669025.0,40625.0,1500.0,1553.65,1500.0,1551.0,1520325.0,1400.0
NIFTY,26-DEC-2024,26000.0,04-12-2024 11:58:00,9.7,10.1,9.65,10.1,4683325.0,105275.0,1551.0,1553.2,1527.25,1527.25,1518225.0,1400.0
NIFTY,26-DEC-2024,26000.0,04-12-2024 11:59:00,10.1,10.55,10.1,10.35,4683325.0,0.0,1527.25,1527.25,1491.4,1491.4,1518225.0,25.0
NIFTY,26-DEC-2024,26000.0,04-12-2024 12:00:00,10.35,10.35,9.95,10.1,4683325.0,35350.0,1491.4,1534.0,1491.4,1530.05,1518225.0,650.0
NIFTY,26-DEC-2024,26000.0,04-12-2024 12:01:00,10.15,10.25,10.1,10.25,4693700.0,16525.0,1530.05,1530.05,1508.0,1508.0,1517775.0,275.0
NIFTY,26-DEC-2024,26000.0,04-12-2024 12:02:00,10.3,10.4,9.9,10.05,4693700.0,37225.0,1508.0,1530.0,1508.0,1525.0,1517775.0,150.0
NIFTY,26-DEC-2024,26000.0,04-12-2024 12:03:00,9.9,10.05,9.85,9.85,4693700.0,0.0,1534.0,1534.0,1517.7,1517.7,1517775.0,75.0
NIFTY,26-DEC-2024,26000.0,04-12-2024 12:04:00,10.1,10.35,10.1,10.3,4723350.0,21250.0,1517.7,1517.7,1517.7,1517.7,1517775.0,0.0
NIFTY,26-DEC-2024,26000.0,04-12-2024 12:05:00,10.3,10.5,10.3,10.45,4723350.0,29275.0,1500.0,1500.1,1500.0,1500.1,1517925.0,175.0
NIFTY,26-DEC-2024,26000.0,04-12-2024 12:06:00,10.4,10.45,10.25,10.4,4723350.0,8525.0,1492.0,1498.15,1492.0,1498.15,1517925.0,0.0
NIFTY,26-DEC-2024,26000.0,04-12-2024 12:07:00,10.35,10.4,10.2,10.2,4725650.0,6850.0,1498.15,1506.2,1498.15,1506.2,1517750.0,325.0
NIFTY,26-DEC-2024,26000.0,04-12-2024 12:08:00,10.25,10.75,10.2,10.75,4725650.0,0.0,1506.2,1506.2,1482.4,1482.4,1517750.0,175.0
NIFTY,26-DEC-2024,26000.0,04-12-2024 12:09:00,10.75,11.1,10.6,10.95,4725650.0,16275.0,1482.4,1510.8,1455.95,1455.95,1517750.0,300.0
NIFTY,26-DEC-2024,26000.0,04-12-2024 12:10:00,10.9,10.95,10.55,10.6,4724150.0,23275.0,1455.95,1455.95,1455.95,1455.95,1517750.0,0.0
NIFTY,26-DEC-2024,26000.0,04-12-2024 12:11:00,10.7,10.75,10.6,10.7,4724150.0,12175.0,1483.4,1483.4,1482.7,1482.7,1517700.0,300.0
NIFTY,26-DEC-2024,26000.0,04-12-2024 12:12:00,10.8,11.0,10.8,10.9,4724150.0,0.0,1482.7,1482.7,1482.7,1482.7,1517700.0,0.0
NIFTY,26-DEC-2024,26000.0,04-12-2024 12:13:00,10.95,11.2,10.75,10.75,4723750.0,4475.0,1482.7,1482.7,1470.0,1470.0,1517925.0,25.0
NIFTY,26-DEC-2024,26000.0,04-12-2024 12:14:00,10.85,10.9,10.7,10.8,4723750.0,5675.0,1470.0,1470.0,1470.0,1470.0,1517925.0,0.0
NIFTY,26-DEC-2024,26000.0,04-12-2024 12:15:00,10.8,10.9,10.7,10.85,4723750.0,6625.0,1470.0,1470.0,1463.4,1463.4,1517925.0,25.0
NIFTY,26-DEC-2024,26000.0,04-12-2024 12:16:00,11.0,11.05,10.95,11.05,4722050.0,10225.0,1463.4,1463.4,1451.1,1451.1,1517925.0,250.0
NIFTY,26-DEC-2024,26000.0,04-12-2024 12:17:00,11.05,11.05,10.65,10.65,4722050.0,6675.0,1455.0,1467.0,1453.3,1467.0,1517925.0,2050.0
NIFTY,26-DEC-2024,26000.0,04-12-2024 12:18:00,10.8,10.8,10.6,10.65,4722050.0,10050.0,1467.0,1472.0,1467.0,1467.9,1517925.0,550.0
NIFTY,26-DEC-2024,26000.0,04-12-2024 12:19:00,10.6,10.7,10.5,10.6,4728225.0,0.0,1467.9,1467.9,1467.9,1467.9,1517925.0,0.0
NIFTY,26-DEC-2024,26000.0,04-12-2024 12:20:00,10.6,10.9,10.6,10.9,4728225.0,27075.0,,,,,,
NIFTY,26-DEC-2024,26000.0,04-12-2024 12:21:00,10.9,11.15,10.6,10.65,4728225.0,0.0,,,,,,
NIFTY,26-DEC-2024,26000.0,04-12-2024 12:22:00,10.7,11.1,10.7,11.0,4726375.0,0.0,1460.7,1460.7,1447.15,1447.15,1518050.0,25.0
NIFTY,26-DEC-2024,26000.0,04-12-2024 12:23:00,11.15,11.15,11.0,11.0,4726375.0,21125.0,1447.15,1447.15,1438.0,1438.0,1518050.0,650.0
NIFTY,26-DEC-2024,26000.0,04-12-2024 12:24:00,11.1,11.1,10.85,10.9,4726375.0,3750.0,1442.4,1442.4,1442.4,1442.4,1518050.0,0.0
NIFTY,26-DEC-2024,26000.0,04-12-2024 12:25:00,10.8,11.0,10.8,11.0,4726825.0,2050.0,1447.3,1447.3,1443.55,1443.55,1517325.0,0.0
NIFTY,26-DEC-2024,26000.0,04-12-2024 12:26:00,10.9,10.95,10.8,10.8,4726825.0,0.0,1443.55,1452.45,1442.9,1442.9,1517325.0,1075.0
NIFTY,26-DEC-2024,26000.0,04-12-2024 12:27:00,10.7,11.0,10.7,10.95,4726825.0,1425.0,1455.0,1455.0,1455.0,1455.0,1517325.0,50.0
NIFTY,26-DEC-2024,26000.0,04-12-2024 12:28:00,11.0,11.2,10.95,11.1,4727100.0,11000.0,1455.0,1455.0,1455.0,1455.0,1517325.0,0.0
NIFTY,26-DEC-2024,26000.0,04-12-2024 12:29:00,11.15,11.2,11.1,11.15,4727100.0,4300.0,1425.0,1425.0,1425.0,1425.0,1516875.0,0.0
NIFTY,26-DEC-2024,26000.0,04-12-2024 12:30:00,11.15,11.15,10.9,11.05,4727100.0,0.0,1430.1,1432.4,1430.1,1432.4,1516875.0,0.0
NIFTY,26-DEC-2024,26000.0,04-12-2024 12:31:00,11.0,11.0,10.9,11.0,4726950.0,5050.0,1432.4,1439.0,1432.4,1439.0,1517200.0,800.0
NIFTY,26-DEC-2024,26000.0,04-12-2024 12:32:00,11.05,11.2,11.05,11.15,4726950.0,2600.0,1439.0,1439.0,1425.3,1428.85,1517200.0,0.0
NIFTY,26-DEC-2024,26000.0,04-12-2024 12:33:00,11.2,11.2,11.1,11.1,4726950.0,0.0,1427.0,1427.55,1426.75,1427.55,1517200.0,0.0
NIFTY,26-DEC-2024,26000.0,04-12-2024 12:34:00,11.2,11.2,11.1,11.15,4727600.0,5550.0,1427.65,1434.5,1427.65,1434.5,1517200.0,2100.0
NIFTY,26-DEC-2024,26000.0,04-12-2024 12:35:00,11.15,11.15,11.0,11.1,4727600.0,0.0,1427.8,1427.8,1427.8,1427.8,1517200.0,50.0
NIFTY,26-DEC-2024,26000.0,04-12-2024 12:36:00,11.15,11.2,10.9,11.05,4727600.0,10450.0,1427.8,1427.8,1427.8,1427.8,1517200.0,0.0
NIFTY,26-DEC-2024,26000.0,04-12-2024 12:37:00,11.15,11.2,11.0,11.1,4730175.0,8600.0,1446.75,1446.75,1446.75,1446.75,1517200.0,25.0
NIFTY,26-DEC-2024,26000.0,04-12-2024 12:38:00,11.0,11.1,11.0,11.0,4730175.0,0.0,1446.75,1446.75,1446.75,1446.75,1517200.0,0.0
NIFTY,26-DEC-2024,26000.0,04-12-2024 12:39:00,10.95,11.0,10.8,10.9,4730175.0,4675.0,1446.75,1451.65,1446.75,1449.2,1518900.0,0.0
NIFTY,26-DEC-2024,26000.0,04-12-2024 12:40:00,11.0,11.15,11.0,11.15,4729800.0,3150.0,1446.0,1446.0,1446.0,1446.0,1519375.0,0.0
NIFTY,26-DEC-2024,26000.0,04-12-2024 12:41:00,11.15,11.25,11.05,11.15,4729800.0,1525.0,1446.0,1450.0,1446.0,1450.0,1519375.0,700.0
NIFTY,26-DEC-2024,26000.0,04-12-2024 12:42:00,11.25,11.25,11.05,11.05,4729800.0,2050.0,1450.0,1450.0,1450.0,1450.0,1519375.0,100.0
NIFTY,26-DEC-2024,26000.0,04-12-2024 12:43:00,10.95,11.2,10.95,11.15,4730575.0,4200.0,1450.0,1459.6,1450.0,1459.6,1519375.0,25.0
NIFTY,26-DEC-2024,26000.0,04-12-2024 12:44:00,11.0,11.0,10.8,11.0,4730575.0,9350.0,1459.6,1479.0,1459.6,1479.0,1519375.0,275.0
NIFTY,26-DEC-2024,26000.0,04-12-2024 12:45:00,11.0,11.2,11.0,11.2,4730575.0,0.0,1471.2,1471.2,1471.2,1471.2,1519375.0,25.0
NIFTY,26-DEC-2024,26000.0,04-12-2024 12:46:00,11.05,11.15,11.05,11.1,4729025.0,1475.0,1471.2,1471.2,1470.65,1470.65,1519375.0,50.0
NIFTY,26-DEC-2024,26000.0,04-12-2024 12:47:00,11.15,11.35,11.15,11.25,4729025.0,0.0,1470.65,1470.65,1464.85,1464.85,1519375.0,50.0
NIFTY,26-DEC-2024,26000.0,04-12-2024 12:48:00,11.3,11.45,11.3,11.4,4729025.0,8675.0,1464.85,1464.85,1452.6,1452.6,1519375.0,25.0
NIFTY,26-DEC-2024,26000.0,04-12-2024 12:49:00,11.35,11.5,11.35,11.4,4735850.0,5850.0,1452.6,1452.6,1452.6,1452.6,1519375.0,0.0
NIFTY,26-DEC-2024,26000.0,04-12-2024 12:50:00,11.4,11.45,11.3,11.3,4735850.0,5350.0,1452.6,1452.6,1449.6,1449.6,1519300.0,25.0
NIFTY,26-DEC-2024,26000.0,04-12-2024 12:51:00,11.3,11.5,11.3,11.5,4735850.0,2775.0,1449.6,1449.6,1449.6,1449.6,1519300.0,0.0
NIFTY,26-DEC-2024,26000.0,04-12-2024 12:52:00,11.45,11.5,11.25,11.5,4756500.0,21450.0,1449.6,1449.6,1449.6,1449.6,1519300.0,0.0
NIFTY,26-DEC-2024,26000.0,04-12-2024 12:53:00,11.45,11.5,11.4,11.45,4756500.0,9025.0,1445.8,1445.8,1445.8,1445.8,1519300.0,25.0
NIFTY,26-DEC-2024,26000.0,04-12-2024 12:54:00,11.45,11.5,11.4,11.45,4756500.0,15100.0,1445.8,1445.8,1443.7,1443.7,1519300.0,0.0
NIFTY,26-DEC-2024,26000.0,04-12-2024 12:55:00,11.45,11.55,11.4,11.55,4772800.0,8025.0,1443.7,1443.7,1443.7,1443.7,1519300.0,25.0
NIFTY,26-DEC-2024,26000.0,04-12-2024 12:56:00,11.4,11.5,11.3,11.45,4772800.0,0.0,1443.7,1453.15,1443.7,1453.15,1519300.0,25.0
NIFTY,26-DEC-2024,26000.0,04-12-2024 12:57:00,11.45,11.5,11.45,11.5,4772800.0,5700.0,1453.15,1453.15,1453.15,1453.15,1519300.0,0.0
NIFTY,26-DEC-2024,26000.0,04-12-2024 12:58:00,11.5,11.55,11.4,11.55,4772800.0,2325.0,1453.15,1453.15,1453.15,1453.15,1519300.0,0.0
NIFTY,26-DEC-2024,26000.0,04-12-2024 12:59:00,11.5,11.55,11.5,11.55,4777350.0,0.0,,,,,,
NIFTY,26-DEC-2024,26000.0,04-12-2024 13:00:00,11.5,11.65,11.5,11.65,4777350.0,0.0,1439.5,1439.5,1439.5,1439.5,1519300.0,0.0
NIFTY,26-DEC-2024,26000.0,04-12-2024 13:01:00,11.7,11.7,11.6,11.65,4777525.0,0.0,1439.0,1439.0,1439.0,1439.0,1519300.0,150.0
NIFTY,26-DEC-2024,26000.0,04-12-2024 13:02:00,11.7,11.7,11.55,11.55,4777525.0,20300.0,1439.0,1444.1,1439.0,1444.1,1519300.0,0.0
NIFTY,26-DEC-2024,26000.0,04-12-2024 13:03:00,11.6,11.7,11.6,11.7,4777525.0,0.0,1444.1,1444.1,1444.1,1444.1,1519300.0,100.0
NIFTY,26-DEC-2024,26000.0,04-12-2024 13:04:00,11.7,11.7,11.65,11.65,4778975.0,0.0,1444.1,1444.1,1441.05,1441.05,1519275.0,50.0
NIFTY,26-DEC-2024,26000.0,04-12-2024 13:05:00,11.55,11.75,11.55,11.75,4778975.0,5600.0,1441.05,1443.35,1441.05,1443.35,1519275.0,0.0
NIFTY,26-DEC-2024,26000.0,04-12-2024 13:06:00,11.65,11.75,11.65,11.75,4778975.0,325.0,1443.35,1447.35,1443.35,1447.35,1519275.0,225.0
NIFTY,26-DEC-2024,26000.0,04-12-2024 13:07:00,11.75,11.75,11.7,11.7,4779275.0,3775.0,1447.35,1447.35,1447.35,1447.35,1519275.0,0.0
NIFTY,26-DEC-2024,26000.0,04-12-2024 13:08:00,11.7,11.8,11.7,11.8,4779275.0,0.0,1447.35,1447.35,1447.35,1447.35,1519275.0,0.0
NIFTY,26-DEC-2024,26000.0,04-12-2024 13:09:00,11.5,11.55,11.45,11.45,4779275.0,5650.0,1450.0,1450.0,1450.0,1450.0,1519125.0,25.0
NIFTY,26-DEC-2024,26000.0,04-12-2024 13:10:00,11.55,11.75,11.5,11.65,4777550.0,12125.0,1450.0,1450.0,1438.95,1438.95,1519000.0,325.0
NIFTY,26-DEC-2024,26000.0,04-12-2024 13:11:00,11.65,11.7,11.5,11.5,4777550.0,6900.0,1438.95,1445.0,1429.2,1445.0,1519000.0,525.0
NIFTY,26-DEC-2024,26000.0,04-12-2024 13:12:00,11.5,11.6,11.5,11.55,4777550.0,5300.0,1445.0,1445.0,1445.0,1445.0,1519000.0,0.0
NIFTY,26-DEC-2024,26000.0,04-12-2024 13:13:00,11.6,11.6,11.6,11.6,4777550.0,0.0,1440.45,1440.45,1440.45,1440.45,1519050.0,0.0
NIFTY,26-DEC-2024,26000.0,04-12-2024 13:14:00,11.65,11.7,11.55,11.6,4778375.0,1125.0,1440.45,1440.45,1433.9,1433.9,1519050.0,650.0
NIFTY,26-DEC-2024,26000.0,04-12-2024 13:15:00,11.55,11.7,11.55,11.65,4778375.0,5775.0,1433.9,1433.9,1433.9,1433.9,1519050.0,250.0
NIFTY,26-DEC-2024,26000.0,04-12-2024 13:16:00,11.5,11.5,11.5,11.5,4778375.0,4025.0,1435.9,1435.9,1432.4,1432.4,1519050.0,25.0
NIFTY,26-DEC-2024,26000.0,04-12-2024 13:17:00,11.6,11.65,11.5,11.5,4776875.0,1350.0,1432.4,1432.4,1432.4,1432.4,1519050.0,25.0
NIFTY,26-DEC-2024,26000.0,04-12-2024 13:18:00,11.7,11.75,11.6,11.65,4776875.0,0.0,1432.4,1441.8,1432.4,1441.8,1519050.0,75.0
NIFTY,26-DEC-2024,26000.0,04-12-2024 13:19:00,11.65,11.7,11.6,11.6,4776900.0,12575.0,1441.8,1441.8,1441.8,1441.8,1519050.0,0.0
NIFTY,26-DEC-2024,26000.0,04-12-2024 13:20:00,11.6,11.6,11.55,11.55,4776900.0,3775.0,1428.75,1428.75,1428.75,1428.75,1519050.0,300.0
NIFTY,26-DEC-2024,26000.0,04-12-2024 13:21:00,11.4,11.45,11.3,11.45,4776900.0,3975.0,1440.65,1440.65,1440.65,1440.65,1519050.0,475.0
NIFTY,26-DEC-2024,26000.0,04-12-2024 13:22:00,11.35,11.45,11.35,11.45,4774575.0,875.0,1440.65,1440.65,1440.65,1440.65,1519050.0,0.0
NIFTY,26-DEC-2024,26000.0,04-12-2024 13:23:00,11.35,11.4,11.35,11.4,4774575.0,0.0,1443.95,1443.95,1443.95,1443.95,1519450.0,0.0
NIFTY,26-DEC-2024,26000.0,04-12-2024 13:24:00,11.4,11.4,11.4,11.4,4774575.0,1175.0,1443.95,1443.95,1443.95,1443.95,1519450.0,25.0
NIFTY,26-DEC-2024,26000.0,04-12-2024 13:25:00,11.5,11.5,11.5,11.5,4774575.0,0.0,1443.95,1443.95,1435.85,1436.55,1519475.0,400.0
NIFTY,26-DEC-2024,26000.0,04-12-2024 13:26:00,11.45,11.5,11.4,11.4,4774600.0,0.0,1438.9,1438.9,1436.0,1436.0,1519475.0,125.0
NIFTY,26-DEC-2024,26000.0,04-12-2024 13:27:00,11.45,11.55,11.45,11.45,4774600.0,0.0,1436.0,1436.0,1431.15,1434.2,1519475.0,2700.0
NIFTY,26-DEC-2024,26000.0,04-12-2024 13:28:00,11.6,11.65,11.45,11.45,4775925.0,0.0,,,,,,
NIFTY,26-DEC-2024,26000.0,04-12-2024 13:29:00,11.45,11.45,11.45,11.45,4775925.0,0.0,1423.25,1428.55,1423.25,1428.55,1519650.0,0.0
NIFTY,26-DEC-2024,26000.0,04-12-2024 13:30:00,11.35,11.35,11.35,11.35,4775925.0,0.0,,,,,,
NIFTY,26-DEC-2024,26000.0,04-12-2024 13:31:00,11.25,11.35,11.15,11.35,4774975.0,17650.0,1428.55,1428.55,1428.55,1428.55,1519650.0,100.0
NIFTY,26-DEC-2024,26000.0,04-12-2024 13:32:00,11.45,12.05,11.45,12.05,4774975.0,18000.0,1402.85,1402.85,1389.05,1389.05,1519650.0,0.0
NIFTY,26-DEC-2024,26000.0,04-12-2024 13:33:00,11.95,12.2,11.8,12.05,4774975.0,0.0,1389.05,1389.05,1388.6,1388.6,1519650.0,525.0
NIFTY,26-DEC-2024,26000.0,04-12-2024 13:34:00,11.85,11.9,11.65,11.65,4766675.0,10975.0,1388.6,1390.0,1388.6,1390.0,1519650.0,50.0
NIFTY,26-DEC-2024,26000.0,04-12-2024 13:35:00,11.75,11.9,11.65,11.9,4766675.0,0.0,1390.4,1390.4,1390.4,1390.4,1519750.0,0.0
NIFTY,26-DEC-2024,26000.0,04-12-2024 13:36:00,11.85,12.0,11.8,11.95,4766675.0,15100.0,1383.75,1383.75,1383.75,1383.75,1519750.0,50.0
NIFTY,26-DEC-2024,26000.0,04-12-2024 13:37:00,11.9,12.05,11.85,12.0,4768675.0,4800.0,1384.1,1384.1,1384.1,1384.1,1519775.0,50.0
NIFTY,26-DEC-2024,26000.0,04-12-2024 13:38:00,12.1,12.15,11.85,11.95,4768675.0,0.0,1380.85,1392.95,1380.85,1392.95,1519775.0,0.0
NIFTY,26-DEC-2024,26000.0,04-12-2024 13:39:00,11.9,11.9,11.9,11.9,4768675.0,0.0,,,,,,
NIFTY,26-DEC-2024,26000.0,04-12-2024 13:40:00,12.1,12.15,11.95,12.0,4768325.0,0.0,1381.15,1386.3,1381.15,1386.3,1519775.0,0.0
NIFTY,26-DEC-2024,26000.0,04-12-2024 13:41:00,12.15,12.15,12.0,12.05,4768325.0,0.0,1386.3,1386.3,1386.3,1386.3,1520025.0,0.0
NIFTY,26-DEC-2024,26000.0,04-12-2024 13:42:00,12.1,12.1,11.9,11.9,4768325.0,27200.0,1386.3,1386.3,1386.3,1386.3,1520025.0,750.0
NIFTY,26-DEC-2024,26000.0,04-12-2024 13:43:00,12.05,12.05,11.8,11.85,4766400.0,3650.0,1399.9,1399.9,1399.9,1399.9,1520025.0,50.0
NIFTY,26-DEC-2024,26000.0,04-12-2024 13:44:00,11.8,12.0,11.8,11.9,4766400.0,0.0,1397.9,1397.9,1397.9,1397.9,1520050.0,125.0
NIFTY,26-DEC-2024,26000.0,04-12-2024 13:45:00,11.85,11.9,11.85,11.85,4766400.0,0.0,,,,,,
NIFTY,26-DEC-2024,26000.0,04-12-2024 13:46:00,11.85,11.85,11.8,11.8,4765900.0,7100.0,1397.9,1397.9,1397.9,1397.9,1520050.0,0.0
NIFTY,26-DEC-2024,26000.0,04-12-2024 13:47:00,11.8,11.8,11.7,11.75,4765900.0,0.0,,,,,,
NIFTY,26-DEC-2024,26000.0,04-12-2024 13:48:00,11.8,12.0,11.8,11.85,4765900.0,0.0,1397.9,1397.9,1397.9,1397.9,1520050.0,0.0
NIFTY,26-DEC-2024,26000.0,04-12-2024 13:49:00,11.85,12.0,11.85,11.9,4773600.0,9200.0,1397.9,1397.9,1391.7,1396.15,1520000.0,0.0
NIFTY,26-DEC-2024,26000.0,04-12-2024 13:50:00,11.9,11.95,11.9,11.9,4773600.0,1325.0,1392.6,1392.6,1392.6,1392.6,1520000.0,0.0
NIFTY,26-DEC-2024,26000.0,04-12-2024 13:51:00,11.9,12.0,11.85,12.0,4773600.0,1350.0,,,,,,
NIFTY,26-DEC-2024,26000.0,04-12-2024 13:52:00,12.0,12.0,11.9,11.9,4773600.0,475.0,1392.6,1392.6,1392.6,1392.6,1520000.0,350.0
NIFTY,26-DEC-2024,26000.0,04-12-2024 13:53:00,11.9,11.9,11.8,11.8,4773175.0,150.0,1392.6,1397.0,1392.6,1392.8,1519975.0,0.0
NIFTY,26-DEC-2024,26000.0,04-12-2024 13:54:00,11.8,11.95,11.8,11.8,4773175.0,2600.0,1392.8,1392.8,1392.8,1392.8,1519975.0,100.0
NIFTY,26-DEC-2024,26000.0,04-12-2024 13:55:00,11.8,11.85,11.75,11.85,4768050.0,3950.0,1397.0,1397.0,1391.95,1391.95,1519875.0,125.0
NIFTY,26-DEC-2024,26000.0,04-12-2024 13:56:00,11.85,11.95,11.85,11.95,4768050.0,0.0,1389.0,1389.0,1389.0,1389.0,1519875.0,0.0
NIFTY,26-DEC-2024,26000.0,04-12-2024 13:57:00,11.9,12.2,11.8,12.2,4768050.0,8975.0,1389.0,1389.0,1373.7,1373.7,1519875.0,175.0
NIFTY,26-DEC-2024,26000.0,04-12-2024 13:58:00,12.25,12.25,12.1,12.15,4764775.0,7675.0,1373.9,1377.95,1373.55,1374.55,1519650.0,1275.0
NIFTY,26-DEC-2024,26000.0,04-12-2024 13:59:00,12.2,12.2,12.05,12.1,4764775.0,2700.0,1375.0,1377.0,1375.0,1377.0,1519650.0,150.0
NIFTY,26-DEC-2024,26000.0,04-12-2024 14:00:00,12.1,12.1,11.95,11.95,4764775.0,3200.0,1377.0,1377.0,1377.0,1377.0,1519650.0,75.0
NIFTY,26-DEC-2024,26000.0,04-12-2024 14:01:00,11.9,12.0,11.8,11.8,4764950.0,525.0,1377.0,1377.0,1377.0,1377.0,1519650.0,0.0
NIFTY,26-DEC-2024,26000.0,04-12-2024 14:02:00,11.85,12.0,11.85,12.0,4764950.0,0.0,,,,,,
NIFTY,26-DEC-2024,26000.0,04-12-2024 14:03:00,11.95,12.0,11.95,11.95,4764950.0,2825.0,1376.3,1378.0,1376.3,1378.0,1519700.0,75.0
NIFTY,26-DEC-2024,26000.0,04-12-2024 14:04:00,11.9,11.95,11.9,11.95,4764950.0,1725.0,1376.7,1377.55,1376.7,1377.55,1519725.0,0.0
NIFTY,26-DEC-2024,26000.0,04-12-2024 14:05:00,11.9,12.0,11.9,11.9,4763375.0,0.0,1378.75,1378.75,1378.75,1378.75,1519725.0,0.0
NIFTY,26-DEC-2024,26000.0,04-12-2024 14:06:00,12.0,12.0,11.9,11.95,4763375.0,3100.0,1378.75,1387.35,1378.75,1387.35,1519725.0,350.0
NIFTY,26-DEC-2024,26000.0,04-12-2024 14:07:00,11.9,12.25,11.9,12.25,4759100.0,4700.0,1385.0,1385.0,1385.0,1385.0,1519725.0,150.0
NIFTY,26-DEC-2024,26000.0,04-12-2024 14:08:00,12.25,12.25,12.05,12.25,4759100.0,5175.0,1375.0,1375.0,1368.55,1368.55,1519625.0,25.0
NIFTY,26-DEC-2024,26000.0,04-12-2024 14:09:00,12.2,12.2,12.1,12.1,4759100.0,3175.0,1375.0,1375.0,1375.0,1375.0,1519625.0,150.0
NIFTY,26-DEC-2024,26000.0,04-12-2024 14:10:00,12.15,12.2,12.15,12.2,4760800.0,2275.0,1375.0,1375.0,1375.0,1375.0,1519625.0,0.0
NIFTY,26-DEC-2024,26000.0,04-12-2024 14:11:00,12.2,12.2,12.05,12.2,4760800.0,0.0,,,,,,
NIFTY,26-DEC-2024,26000.0,04-12-2024 14:12:00,12.05,12.2,12.05,12.2,4760800.0,0.0,1375.0,1376.1,1375.0,1376.1,1519725.0,650.0
NIFTY,26-DEC-2024,26000.0,04-12-2024 14:13:00,12.1,12.2,12.1,12.15,4759550.0,5725.0,1376.1,1376.1,1376.1,1376.1,1519725.0,0.0
NIFTY,26-DEC-2024,26000.0,04-12-2024 14:14:00,12.15,12.15,12.15,12.15,4759550.0,0.0,,,,,,
NIFTY,26-DEC-2024,26000.0,04-12-2024 14:15:00,12.15,12.15,12.0,12.05,4759550.0,3025.0,1376.1,1376.1,1376.1,1376.1,1519725.0,0.0
NIFTY,26-DEC-2024,26000.0,04-12-2024 14:16:00,12.05,12.15,12.05,12.15,4756850.0,0.0,,,,,,
NIFTY,26-DEC-2024,26000.0,04-12-2024 14:17:00,12.05,12.1,11.95,12.1,4756850.0,0.0,,,,,,
NIFTY,26-DEC-2024,26000.0,04-12-2024 14:18:00,12.1,12.1,12.1,12.1,4756850.0,0.0,,,,,,
NIFTY,26-DEC-2024,26000.0,04-12-2024 14:19:00,12.05,12.05,11.25,11.25,4748125.0,0.0,1411.0,1424.0,1411.0,1424.0,1519750.0,0.0
NIFTY,26-DEC-2024,26000.0,04-12-2024 14:20:00,11.25,11.9,11.05,11.3,4748125.0,48500.0,1424.0,1451.85,1424.0,1449.3,1519750.0,250.0
NIFTY,26-DEC-2024,26000.0,04-12-2024 14:21:00,11.3,11.65,11.1,11.35,4748125.0,0.0,1449.3,1449.3,1431.55,1431.55,1519750.0,525.0
NIFTY,26-DEC-2024,26000.0,04-12-2024 14:22:00,11.35,11.45,11.3,11.4,4744850.0,0.0,1431.55,1435.0,1418.7,1418.7,1519850.0,400.0
NIFTY,26-DEC-2024,26000.0,04-12-2024 14:23:00,11.35,11.45,11.3,11.4,4744850.0,0.0,1418.7,1425.75,1408.95,1421.8,1519850.0,875.0
NIFTY,26-DEC-2024,26000.0,04-12-2024 14:24:00,11.5,11.5,11.25,11.3,4744850.0,0.0,1421.8,1439.0,1421.8,1438.0,1519850.0,1250.0
NIFTY,26-DEC-2024,26000.0,04-12-2024 14:25:00,11.3,11.4,11.25,11.25,4742000.0,75125.0,1438.0,1438.0,1427.85,1432.1,1519925.0,425.0
NIFTY,26-DEC-2024,26000.0,04-12-2024 14:26:00,11.2,11.35,11.2,11.35,4742000.0,0.0,1432.1,1435.0,1427.85,1427.85,1519925.0,225.0
NIFTY,26-DEC-2024,26000.0,04-12-2024 14:27:00,11.3,11.65,11.15,11.55,4742000.0,0.0,1435.0,1435.0,1435.0,1435.0,1519925.0,0.0
NIFTY,26-DEC-2024,26000.0,04-12-2024 14:28:00,11.55,11.55,11.35,11.5,4729350.0,29550.0,1441.4,1441.4,1429.45,1433.85,1520375.0,225.0
NIFTY,26-DEC-2024,26000.0,04-12-2024 14:29:00,11.4,11.5,11.4,11.4,4729350.0,7050.0,1433.85,1433.85,1433.85,1433.85,1520375.0,100.0
NIFTY,26-DEC-2024,26000.0,04-12-2024 14:30:00,11.45,11.45,11.3,11.3,4729350.0,9050.0,1433.85,1438.5,1433.85,1437.15,1520375.0,300.0
NIFTY,26-DEC-2024,26000.0,04-12-2024 14:31:00,11.4,11.45,11.25,11.4,4729225.0,3725.0,1436.4,1445.1,1436.4,1445.1,1520350.0,1550.0
NIFTY,26-DEC-2024,26000.0,04-12-2024 14:32:00,11.25,11.4,11.1,11.4,4729225.0,0.0,1445.1,1459.7,1445.1,1459.55,1520350.0,1425.0
NIFTY,26-DEC-2024,26000.0,04-12-2024 14:33:00,11.35,11.4,11.15,11.25,4729225.0,11425.0,1456.55,1467.2,1453.9,1459.85,1520350.0,2725.0
NIFTY,26-DEC-2024,26000.0,04-12-2024 14:34:00,11.35,11.45,11.25,11.45,4732100.0,5075.0,1459.85,1459.85,1447.15,1447.15,1522525.0,300.0
NIFTY,26-DEC-2024,26000.0,04-12-2024 14:35:00,11.4,11.45,11.3,11.4,4732100.0,5100.0,1445.6,1446.65,1445.6,1446.65,1522525.0,75.0
NIFTY,26-DEC-2024,26000.0,04-12-2024 14:36:00,11.35,11.5,11.2,11.35,4732100.0,9325.0,1449.0,1449.0,1444.8,1444.8,1522525.0,150.0
NIFTY,26-DEC-2024,26000.0,04-12-2024 14:37:00,11.3,11.3,11.15,11.2,4731275.0,0.0,,,,,,
NIFTY,26-DEC-2024,26000.0,04-12-2024 14:38:00,11.2,11.2,11.15,11.2,4731275.0,3975.0,1444.8,1453.4,1444.8,1453.4,1522650.0,50.0
NIFTY,26-DEC-2024,26000.0,04-12-2024 14:39:00,11.25,11.35,11.25,11.3,4731275.0,2125.0,1447.0,1451.2,1444.55,1444.55,1522650.0,75.0
NIFTY,26-DEC-2024,26000.0,04-12-2024 14:40:00,11.35,11.4,11.2,11.2,4732200.0,1975.0,1444.55,1444.55,1433.8,1436.15,1522650.0,325.0
NIFTY,26-DEC-2024,26000.0,04-12-2024 14:41:00,11.3,11.4,11.1,11.1,4732200.0,51525.0,1440.0,1440.0,1435.9,1435.9,1522775.0,250.0
NIFTY,26-DEC-2024,26000.0,04-12-2024 14:42:00,11.05,11.25,11.0,11.15,4732200.0,0.0,,,,,,
NIFTY,26-DEC-2024,26000.0,04-12-2024 14:43:00,11.15,11.15,10.75,10.8,4695475.0,46675.0,1430.0,1430.0,1430.0,1430.0,1522775.0,50.0
NIFTY,26-DEC-2024,26000.0,04-12-2024 14:44:00,10.8,10.8,10.75,10.75,4695475.0,30875.0,1430.0,1430.0,1430.0,1430.0,1522775.0,25.0
NIFTY,26-DEC-2024,26000.0,04-12-2024 14:45:00,10.75,10.8,10.65,10.7,4695475.0,7750.0,1430.0,1436.55,1430.0,1436.55,1523025.0,0.0
NIFTY,26-DEC-2024,26000.0,04-12-2024 14:46:00,10.8,10.85,10.7,10.8,4695275.0,16225.0,1426.3,1430.0,1426.3,1428.0,1523500.0,225.0
NIFTY,26-DEC-2024,26000.0,04-12-2024 14:47:00,10.8,10.85,10.7,10.8,4695275.0,3650.0,1428.0,1428.0,1428.0,1428.0,1523500.0,375.0
NIFTY,26-DEC-2024,26000.0,04-12-2024 14:48:00,10.8,10.8,10.75,10.75,4695275.0,3400.0,1441.65,1441.65,1441.65,1441.65,1523500.0,0.0
NIFTY,26-DEC-2024,26000.0,04-12-2024 14:49:00,10.7,10.85,10.7,10.7,4697075.0,0.0,,,,,,
NIFTY,26-DEC-2024,26000.0,04-12-2024 14:50:00,10.75,10.85,10.7,10.8,4697075.0,8625.0,,,,,,
NIFTY,26-DEC-2024,26000.0,04-12-2024 14:51:00,10.85,10.85,10.55,10.55,4697075.0,0.0,1450.0,1453.0,1450.0,1453.0,1524225.0,1075.0
NIFTY,26-DEC-2024,26000.0,04-12-2024 14:52:00,10.65,10.65,10.65,10.65,4697075.0,3075.0,1454.7,1454.7,1454.7,1454.7,1524225.0,50.0
NIFTY,26-DEC-2024,26000.0,04-12-2024 14:53:00,10.7,10.7,10.7,10.7,4696525.0,0.0,1448.2,1448.2,1446.15,1446.15,1524200.0,0.0
NIFTY,26-DEC-2024,26000.0,04-12-2024 14:54:00,10.85,10.85,10.75,10.8,4696525.0,0.0,1445.9,1452.0,1445.9,1452.0,1524200.0,375.0
NIFTY,26-DEC-2024,26000.0,04-12-2024 14:55:00,10.85,10.85,10.55,10.75,4699675.0,4225.0,1451.9,1477.1,1451.9,1477.1,1524200.0,1475.0
NIFTY,26-DEC-2024,26000.0,04-12-2024 14:56:00,10.7,10.75,10.55,10.55,4699675.0,3800.0,1477.1,1483.0,1466.1,1466.1,1526300.0,275.0
NIFTY,26-DEC-2024,26000.0,04-12-2024 14:57:00,10.6,10.65,10.55,10.55,4699675.0,8150.0,1466.1,1470.0,1466.1,1468.45,1526300.0,575.0
NIFTY,26-DEC-2024,26000.0,04-12-2024 14:58:00,10.5,10.65,10.5,10.65,4706375.0,3300.0,1462.35,1463.95,1461.4,1461.4,1527000.0,300.0
NIFTY,26-DEC-2024,26000.0,04-12-2024 14:59:00,10.55,10.6,10.15,10.15,4706375.0,0.0,1464.25,1464.25,1464.25,1464.25,1527000.0,0.0
NIFTY,26-DEC-2024,26000.0,04-12-2024 15:00:00,10.15,10.15,9.85,9.9,4706375.0,0.0,1464.25,1472.25,1450.0,1453.0,1527000.0,2125.0
NIFTY,26-DEC-2024,26000.0,04-12-2024 15:01:00,9.85,9.95,9.5,9.75,4521600.0,200175.0,1453.0,1456.2,1440.8,1440.8,1527000.0,425.0
NIFTY,26-DEC-2024,26000.0,04-12-2024 15:02:00,9.75,9.9,9.6,9.9,4521600.0,101375.0,1443.45,1443.45,1440.35,1441.8,1527750.0,575.0
NIFTY,26-DEC-2024,26000.0,04-12-2024 15:03:00,9.95,9.95,9.6,9.8,4521600.0,54825.0,1438.55,1441.95,1437.2,1441.95,1527750.0,625.0
NIFTY,26-DEC-2024,26000.0,04-12-2024 15:04:00,9.8,9.95,9.7,9.95,4512825.0,13100.0,1437.85,1437.85,1432.05,1433.85,1527750.0,600.0
NIFTY,26-DEC-2024,26000.0,04-12-2024 15:05:00,9.9,9.95,9.9,9.95,4512825.0,0.0,,,,,,
NIFTY,26-DEC-2024,26000.0,04-12-2024 15:06:00,10.0,10.05,9.95,9.95,4512825.0,0.0,1435.05,1435.05,1435.05,1435.05,1527750.0,25.0
NIFTY,26-DEC-2024,26000.0,04-12-2024 15:07:00,9.95,10.0,9.9,9.95,4512825.0,9800.0,1435.05,1435.05,1435.05,1435.05,1527750.0,0.0
NIFTY,26-DEC-2024,26000.0,04-12-2024 15:08:00,10.0,10.0,9.95,10.0,4523250.0,6925.0,1445.0,1446.45,1445.0,1446.45,1528850.0,225.0
NIFTY,26-DEC-2024,26000.0,04-12-2024 15:09:00,10.0,10.15,10.0,10.1,4523250.0,10850.0,1446.45,1446.45,1446.45,1446.45,1528850.0,0.0
NIFTY,26-DEC-2024,26000.0,04-12-2024 15:10:00,10.05,10.15,9.9,10.0,4531600.0,0.0,1446.45,1447.85,1441.75,1447.2,1528700.0,25.0
NIFTY,26-DEC-2024,26000.0,04-12-2024 15:11:00,10.0,10.1,9.9,10.1,4531600.0,23525.0,1445.4,1447.3,1443.35,1443.35,1528700.0,500.0
NIFTY,26-DEC-2024,26000.0,04-12-2024 15:12:00,10.0,10.1,10.0,10.05,4531600.0,9250.0,1443.35,1443.35,1443.35,1443.35,1528700.0,50.0
NIFTY,26-DEC-2024,26000.0,04-12-2024 15:13:00,10.05,10.1,9.95,10.1,4542575.0,13225.0,1436.35,1436.35,1436.35,1436.35,1528700.0,475.0
NIFTY,26-DEC-2024,26000.0,04-12-2024 15:14:00,10.05,10.15,10.05,10.15,4542575.0,13400.0,1434.75,1441.05,1434.75,1441.05,1528000.0,925.0
NIFTY,26-DEC-2024,26000.0,04-12-2024 15:15:00,10.15,10.2,10.1,10.2,4542575.0,10050.0,1441.05,1441.05,1434.2,1434.2,1528000.0,100.0
NIFTY,26-DEC-2024,26000.0,04-12-2024 15:16:00,10.15,10.3,10.15,10.25,4542575.0,4500.0,1434.2,1434.2,1434.2,1434.2,1528000.0,0.0
NIFTY,26-DEC-2024,26000.0,04-12-2024 15:17:00,10.35,10.35,10.25,10.3,4544725.0,0.0,,,,,,
NIFTY,26-DEC-2024,26000.0,04-12-2024 15:18:00,10.35,10.4,10.35,10.4,4544725.0,0.0,1434.2,1435.35,1434.2,1435.35,1527375.0,0.0
NIFTY,26-DEC-2024,26000.0,04-12-2024 15:19:00,10.35,10.35,10.35,10.35,4546250.0,0.0,1432.0,1432.0,1432.0,1432.0,1527375.0,0.0
NIFTY,26-DEC-2024,26000.0,04-12-2024 15:20:00,10.35,10.4,10.3,10.3,4546250.0,22475.0,1430.0,1435.4,1426.9,1435.4,1527375.0,300.0
NIFTY,26-DEC-2024,26000.0,04-12-2024 15:21:00,10.45,10.8,10.35,10.65,4546250.0,23250.0,1435.4,1435.4,1428.0,1428.4,1527375.0,50.0
NIFTY,26-DEC-2024,26000.0,04-12-2024 15:22:00,10.7,10.7,10.55,10.55,4540400.0,0.0,1430.75,1430.75,1430.75,1430.75,1527350.0,0.0
NIFTY,26-DEC-2024,26000.0,04-12-2024 15:23:00,10.55,10.65,10.55,10.6,4540400.0,5200.0,1430.75,1432.0,1427.1,1430.0,1527350.0,175.0
NIFTY,26-DEC-2024,26000.0,04-12-2024 15:24:00,10.65,10.7,10.65,10.65,4540400.0,0.0,,,,,,
NIFTY,26-DEC-2024,26000.0,04-12-2024 15:25:00,10.7,10.7,10.6,10.7,4540400.0,0.0,1430.0,1430.0,1430.0,1430.0,1527350.0,0.0
NIFTY,26-DEC-2024,26000.0,04-12-2024 15:26:00,10.65,10.7,10.65,10.65,4537375.0,21675.0,1432.75,1432.8,1432.75,1432.8,1527350.0,50.0
NIFTY,26-DEC-2024,26000.0,04-12-2024 15:27:00,10.7,10.7,10.5,10.5,4537375.0,0.0,1432.8,1434.7,1432.75,1433.85,1527350.0,275.0
NIFTY,26-DEC-2024,26000.0,04-12-2024 15:28:00,10.4,10.55,10.4,10.55,4532350.0,26125.0,1433.85,1439.9,1431.8,1433.9,1527350.0,4125.0
NIFTY,26-DEC-2024,26000.0,04-12-2024 15:29:00,10.5,10.65,10.3,10.3,4532350.0,16800.0,1433.9,1437.0,1433.9,1434.1,1530475.0,225.0
NIFTY,26-DEC-2024,26000.0,05-12-2024 09:15:00,11.0,11.7,10.65,11.0,4536875.0,0.0,1434.1,1434.1,1422.85,1422.95,1530475.0,50.0
NIFTY,26-DEC-2024,26000.0,05-12-2024 09:16:00,11.1,11.45,11.05,11.25,4536875.0,45375.0,1422.95,1422.95,1402.5,1402.5,1530475.0,175.0
NIFTY,26-DEC-2024,26000.0,05-12-2024 09:17:00,11.3,11.35,11.25,11.25,4536875.0,0.0,1402.5,1404.45,1402.5,1404.45,1530475.0,25.0
NIFTY,26-DEC-2024,26000.0,05-12-2024 09:18:00,11.2,11.35,11.15,11.2,4532000.0,10825.0,1404.45,1416.85,1404.45,1413.4,1530475.0,100.0
NIFTY,26-DEC-2024,26000.0,05-12-2024 09:19:00,11.35,11.45,11.25,11.45,4532000.0,0.0,1413.4,1413.4,1410.0,1410.0,1530375.0,75.0
NIFTY,26-DEC-2024,26000.0,05-12-2024 09:20:00,11.55,11.9,11.45,11.6,4532000.0,39175.0,1410.0,1419.0,1404.0,1404.0,1530375.0,525.0
NIFTY,26-DEC-2024,26000.0,05-12-2024 09:21:00,11.55,11.7,11.5,11.6,4557300.0,0.0,1404.0,1406.5,1404.0,1406.5,1530200.0,25.0
NIFTY,26-DEC-2024,26000.0,05-12-2024 09:22:00,11.7,11.85,11.55,11.7,4557300.0,59475.0,1406.5,1406.5,1406.5,1406.5,1530200.0,0.0
NIFTY,26-DEC-2024,26000.0,05-12-2024 09:23:00,11.75,12.0,11.7,11.8,4557300.0,15700.0,1406.5,1406.5,1398.6,1398.6,1530200.0,225.0
NIFTY,26-DEC-2024,26000.0,05-12-2024 09:24:00,11.95,12.1,11.85,11.95,4568200.0,26425.0,1398.6,1406.4,1398.6,1401.2,1530200.0,100.0
NIFTY,26-DEC-2024,26000.0,05-12-2024 09:25:00,11.95,12.1,11.95,11.95,4568200.0,14850.0,1401.2,1405.65,1401.2,1405.65,1530400.0,25.0
NIFTY,26-DEC-2024,26000.0,05-12-2024 09:26:00,12.0,12.05,11.8,11.8,4568200.0,0.0,1405.65,1408.2,1405.0,1408.2,1530400.0,50.0
NIFTY,26-DEC-2024,26000.0,05-12-2024 09:27:00,11.8,11.85,11.65,11.7,4573825.0,15550.0,1408.2,1414.8,1408.2,1414.8,1530400.0,25.0
NIFTY,26-DEC-2024,26000.0,05-12-2024 09:28:00,11.65,11.9,11.65,11.9,4573825.0,27600.0,1414.8,1414.8,1414.8,1414.8,1530400.0,0.0
NIFTY,26-DEC-2024,26000.0,05-12-2024 09:29:00,11.75,11.85,11.65,11.85,4573825.0,0.0,1414.8,1414.8,1400.0,1400.0,1530350.0,100.0
NIFTY,26-DEC-2024,26000.0,05-12-2024 09:30:00,11.75,11.9,11.7,11.9,4599675.0,0.0,1400.0,1400.0,1400.0,1400.0,1530350.0,0.0
NIFTY,26-DEC-2024,26000.0,05-12-2024 09:31:00,11.85,11.95,11.7,11.8,4599675.0,34975.0,1400.0,1400.0,1400.0,1400.0,1530350.0,125.0
NIFTY,26-DEC-2024,26000.0,05-12-2024 09:32:00,11.9,11.95,11.8,11.8,4599675.0,0.0,1400.0,1400.0,1400.0,1400.0,1530350.0,0.0
NIFTY,26-DEC-2024,26000.0,05-12-2024 09:33:00,11.85,12.1,11.85,12.0,4604425.0,0.0,1400.0,1400.0,1384.45,1392.4,1530575.0,350.0
NIFTY,26-DEC-2024,26000.0,05-12-2024 09:34:00,11.95,11.95,11.7,11.8,4604425.0,0.0,1392.4,1400.0,1392.4,1395.0,1530575.0,450.0
NIFTY,26-DEC-2024,26000.0,05-12-2024 09:35:00,11.7,11.8,11.6,11.7,4604425.0,0.0,1397.05,1397.05,1393.95,1393.95,1530575.0,375.0
NIFTY,26-DEC-2024,26000.0,05-12-2024 09:36:00,11.7,11.95,11.7,11.8,4600625.0,25150.0,1393.95,1393.95,1393.95,1393.95,1530575.0,0.0
NIFTY,26-DEC-2024,26000.0,05-12-2024 09:37:00,11.95,11.95,11.8,11.9,4600625.0,26550.0,1393.95,1393.95,1393.95,1393.95,1530575.0,0.0
NIFTY,26-DEC-2024,26000.0,05-12-2024 09:38:00,11.85,11.9,11.5,11.65,4600625.0,20375.0,1393.95,1450.0,1393.95,1450.0,1530550.0,575.0
NIFTY,26-DEC-2024,26000.0,05-12-2024 09:39:00,11.5,11.65,11.4,11.55,4609575.0,0.0,1450.0,1450.0,1432.4,1435.5,1530825.0,100.0
NIFTY,26-DEC-2024,26000.0,05-12-2024 09:40:00,11.6,11.7,11.55,11.7,4609575.0,0.0,1435.5,1442.35,1435.5,1442.35,1530825.0,50.0
NIFTY,26-DEC-2024,26000.0,05-12-2024 09:41:00,11.7,11.8,11.65,11.65,4609575.0,0.0,1442.35,1442.35,1421.25,1423.5,1530825.0,50.0
NIFTY,26-DEC-2024,26000.0,05-12-2024 09:42:00,11.9,12.0,11.9,12.0,4609575.0,0.0,1423.5,1423.5,1423.5,1423.5,1530825.0,0.0
NIFTY,26-DEC-2024,26000.0,05-12-2024 09:43:00,12.05,12.1,11.9,12.0,4597300.0,0.0,1423.5,1423.5,1423.5,1423.5,1530825.0,0.0
NIFTY,26-DEC-2024,26000.0,05-12-2024 09:44:00,12.0,12.0,11.85,12.0,4597300.0,0.0,1423.5,1439.05,1423.5,1439.05,1530775.0,200.0
NIFTY,26-DEC-2024,26000.0,05-12-2024 09:45:00,11.95,12.1,11.95,12.1,4596025.0,72750.0,1439.05,1439.5,1439.05,1439.5,1530775.0,25.0
NIFTY,26-DEC-2024,26000.0,05-12-2024 09:46:00,12.2,12.2,11.85,12.0,4596025.0,14325.0,1439.5,1450.0,1439.5,1450.0,1530925.0,25.0
NIFTY,26-DEC-2024,26000.0,05-12-2024 09:47:00,11.9,12.0,11.8,12.0,4596025.0,0.0,1450.0,1462.1,1450.0,1462.1,1530925.0,1025.0
NIFTY,26-DEC-2024,26000.0,05-12-2024 09:48:00,11.9,12.0,11.75,11.9,4591275.0,0.0,1462.1,1487.0,1462.1,1486.25,1530925.0,275.0
NIFTY,26-DEC-2024,26000.0,05-12-2024 09:49:00,11.85,12.0,11.7,11.85,4591275.0,0.0,1486.25,1499.0,1482.75,1489.2,1530100.0,125.0
NIFTY,26-DEC-2024,26000.0,05-12-2024 09:50:00,11.8,11.9,11.5,11.5,4591275.0,0.0,1489.2,1500.0,1489.2,1498.15,1530100.0,400.0
NIFTY,26-DEC-2024,26000.0,05-12-2024 09:51:00,11.55,11.65,11.4,11.55,4580975.0,0.0,1498.15,1498.15,1489.2,1489.2,1530100.0,25.0
NIFTY,26-DEC-2024,26000.0,05-12-2024 09:52:00,11.4,11.6,11.3,11.4,4580975.0,113225.0,1489.2,1489.2,1489.2,1489.2,1530100.0,0.0
NIFTY,26-DEC-2024,26000.0,05-12-2024 09:53:00,11.3,11.6,11.3,11.55,4580975.0,37750.0,1489.2,1489.95,1489.2,1489.95,1530325.0,500.0
NIFTY,26-DEC-2024,26000.0,05-12-2024 09:54:00,11.55,11.6,11.25,11.35,4589200.0,39400.0,1489.95,1503.0,1489.95,1503.0,1530900.0,1100.0
NIFTY,26-DEC-2024,26000.0,05-12-2024 09:55:00,11.3,11.65,11.25,11.25,4589200.0,0.0,1503.0,1503.0,1488.35,1488.35,1530900.0,50.0
NIFTY,26-DEC-2024,26000.0,05-12-2024 09:56:00,11.25,11.5,11.25,11.4,4589200.0,19975.0,1488.35,1495.9,1488.35,1495.9,1530900.0,125.0
NIFTY,26-DEC-2024,26000.0,05-12-2024 09:57:00,11.35,11.6,11.35,11.55,4594925.0,6625.0,1495.9,1495.9,1481.9,1481.9,1530900.0,75.0
NIFTY,26-DEC-2024,26000.0,05-12-2024 09:58:00,11.3,11.3,11.3,11.3,4594925.0,0.0,1481.9,1491.8,1481.9,1491.8,1530900.0,25.0
NIFTY,26-DEC-2024,26000.0,05-12-2024 09:59:00,11.3,11.5,11.25,11.45,4594925.0,12425.0,1490.0,1491.8,1480.0,1480.0,1530850.0,75.0
NIFTY,26-DEC-2024,26000.0,05-12-2024 10:00:00,11.45,11.65,11.3,11.65,4592650.0,0.0,1480.0,1481.55,1480.0,1481.55,1530850.0,150.0
NIFTY,26-DEC-2024,26000.0,05-12-2024 10:01:00,11.65,11.75,11.6,11.75,4592650.0,0.0,1481.55,1481.55,1481.55,1481.55,1530850.0,0.0
NIFTY,26-DEC-2024,26000.0,05-12-2024 10:02:00,11.65,11.8,11.6,11.7,4592650.0,0.0,1481.55,1481.55,1481.55,1481.55,1530850.0,0.0
NIFTY,26-DEC-2024,26000.0,05-12-2024 10:03:00,11.6,11.6,11.5,11.55,4600225.0,27050.0,1481.55,1485.0,1481.55,1485.0,1530975.0,150.0
NIFTY,26-DEC-2024,26000.0,05-12-2024 10:04:00,11.45,11.7,11.45,11.65,4600225.0,0.0,1485.0,1492.5,1485.0,1492.5,1531125.0,50.0
NIFTY,26-DEC-2024,26000.0,05-12-2024 10:05:00,11.55,11.65,11.55,11.65,4600225.0,8425.0,1492.5,1492.5,1477.9,1477.9,1531125.0,50.0
NIFTY,26-DEC-2024,26000.0,05-12-2024 10:06:00,11.7,11.75,11.65,11.65,4600225.0,1825.0,1477.9,1482.0,1477.9,1482.0,1531175.0,25.0
NIFTY,26-DEC-2024,26000.0,05-12-2024 10:07:00,11.75,11.85,11.6,11.65,4599775.0,4175.0,1482.0,1484.25,1478.8,1478.8,1531175.0,1325.0
NIFTY,26-DEC-2024,26000.0,05-12-2024 10:08:00,11.6,11.65,11.45,11.55,4599775.0,10750.0,1478.8,1478.8,1478.8,1478.8,1531175.0,0.0
NIFTY,26-DEC-2024,26000.0,05-12-2024 10:09:00,11.5,11.55,11.35,11.55,4599775.0,4700.0,1478.8,1500.0,1478.8,1500.0,1531425.0,325.0
NIFTY,26-DEC-2024,26000.0,05-12-2024 10:10:00,11.6,11.6,11.35,11.4,4602350.0,0.0,1500.0,1505.75,1499.0,1505.75,1531425.0,225.0
NIFTY,26-DEC-2024,26000.0,05-12-2024 10:11:00,11.5,11.7,11.5,11.6,4602350.0,9850.0,1505.75,1505.75,1489.2,1490.6,1531425.0,125.0
NIFTY,26-DEC-2024,26000.0,05-12-2024 10:12:00,11.55,11.55,11.2,11.25,4600125.0,9650.0,1490.6,1497.9,1488.5,1497.9,1531425.0,350.0
NIFTY,26-DEC-2024,26000.0,05-12-2024 10:13:00,11.2,11.35,11.05,11.25,4600125.0,18025.0,1497.9,1505.0,1497.9,1500.0,1531550.0,350.0
NIFTY,26-DEC-2024,26000.0,05-12-2024 10:14:00,11.15,11.25,10.95,10.95,4600125.0,0.0,1500.0,1502.95,1500.0,1502.95,1531550.0,200.0
NIFTY,26-DEC-2024,26000.0,05-12-2024 10:15:00,10.95,11.25,10.95,11.2,4586500.0,12250.0,1502.95,1511.75,1502.95,1510.0,1531550.0,300.0
NIFTY,26-DEC-2024,26000.0,05-12-2024 10:16:00,11.25,11.45,11.2,11.4,4586500.0,7350.0,1499.15,1499.15,1498.8,1498.85,1531600.0,250.0
NIFTY,26-DEC-2024,26000.0,05-12-2024 10:17:00,11.4,11.4,11.25,11.3,4586500.0,2550.0,1498.85,1515.0,1498.85,1515.0,1531600.0,125.0
NIFTY,26-DEC-2024,26000.0,05-12-2024 10:18:00,11.35,11.4,11.1,11.3,4588400.0,0.0,1515.0,1532.75,1515.0,1532.75,1531600.0,325.0
NIFTY,26-DEC-2024,26000.0,05-12-2024 10:19:00,11.3,11.35,11.1,11.3,4588400.0,11775.0,1532.75,1532.75,1532.75,1532.75,1531600.0,0.0
NIFTY,26-DEC-2024,26000.0,05-12-2024 10:20:00,11.25,11.25,11.0,11.2,4588400.0,27850.0,1532.75,1532.75,1513.15,1513.15,1531550.0,50.0
NIFTY,26-DEC-2024,26000.0,05-12-2024 10:21:00,11.15,11.2,10.9,11.1,4598225.0,87725.0,1513.15,1513.15,1500.9,1500.9,1531550.0,300.0
NIFTY,26-DEC-2024,26000.0,05-12-2024 10:22:00,11.15,11.25,11.0,11.15,4598225.0,0.0,1500.9,1500.9,1494.45,1494.45,1531550.0,25.0
NIFTY,26-DEC-2024,26000.0,05-12-2024 10:23:00,11.15,11.3,11.0,11.25,4598225.0,0.0,1494.45,1494.45,1494.45,1494.45,1531550.0,0.0
NIFTY,26-DEC-2024,26000.0,05-12-2024 10:24:00,11.35,11.4,11.2,11.3,4609900.0,101750.0,1494.45,1494.45,1480.0,1480.0,1531550.0,125.0
NIFTY,26-DEC-2024,26000.0,05-12-2024 10:25:00,11.2,11.3,11.2,11.3,4609900.0,7700.0,1480.0,1480.0,1480.0,1480.0,1531550.0,0.0
NIFTY,26-DEC-2024,26000.0,05-12-2024 10:26:00,11.3,11.3,11.2,11.25,4609900.0,11825.0,1480.0,1480.0,1480.0,1480.0,1531550.0,0.0
NIFTY,26-DEC-2024,26000.0,05-12-2024 10:27:00,11.35,11.35,11.1,11.15,4611050.0,26175.0,1493.0,1493.0,1493.0,1493.0,1531575.0,100.0
NIFTY,26-DEC-2024,26000.0,05-12-2024 10:28:00,11.15,11.25,11.1,11.25,4611050.0,0.0,1499.0,1502.4,1496.0,1499.0,1531575.0,475.0
NIFTY,26-DEC-2024,26000.0,05-12-2024 10:29:00,11.1,11.2,11.1,11.15,4611050.0,11025.0,1502.0,1502.0,1502.0,1502.0,1531575.0,200.0
NIFTY,26-DEC-2024,26000.0,05-12-2024 10:30:00,11.2,11.3,11.15,11.2,4611050.0,6150.0,1502.0,1502.0,1502.0,1502.0,1531575.0,0.0
NIFTY,26-DEC-2024,26000.0,05-12-2024 10:31:00,11.2,11.3,11.2,11.25,4608425.0,0.0,1502.0,1502.0,1491.0,1491.0,1531625.0,0.0
NIFTY,26-DEC-2024,26000.0,05-12-2024 10:32:00,11.25,11.25,11.2,11.25,4608425.0,0.0,1491.0,1491.0,1491.0,1491.0,1531625.0,100.0
NIFTY,26-DEC-2024,26000.0,05-12-2024 10:33:00,11.4,11.4,11.25,11.25,4598100.0,31775.0,1491.0,1500.2,1491.0,1497.0,1531625.0,650.0
NIFTY,26-DEC-2024,26000.0,05-12-2024 10:34:00,11.25,11.3,11.2,11.25,4598100.0,0.0,1497.0,1499.0,1497.0,1498.0,1531800.0,525.0
NIFTY,26-DEC-2024,26000.0,05-12-2024 10:35:00,11.25,11.3,11.2,11.3,4598100.0,2575.0,1498.0,1500.05,1498.0,1500.0,1531800.0,200.0
NIFTY,26-DEC-2024,26000.0,05-12-2024 10:36:00,11.3,11.3,11.2,11.25,4598100.0,0.0,1500.0,1500.0,1495.0,1495.0,1531800.0,100.0
NIFTY,26-DEC-2024,26000.0,05-12-2024 10:37:00,11.25,11.25,11.0,11.2,4597550.0,0.0,1495.0,1495.0,1495.0,1495.0,1531800.0,0.0
NIFTY,26-DEC-2024,26000.0,05-12-2024 10:38:00,11.0,11.15,11.0,11.0,4597550.0,15675.0,1495.0,1495.0,1495.0,1495.0,1531800.0,0.0
NIFTY,26-DEC-2024,26000.0,05-12-2024 10:39:00,11.0,11.2,11.0,11.1,4597550.0,8250.0,1495.0,1495.0,1495.0,1495.0,1531800.0,0.0
NIFTY,26-DEC-2024,26000.0,05-12-2024 10:40:00,11.15,11.2,11.1,11.2,4608150.0,0.0,1495.0,1495.0,1495.0,1495.0,1531800.0,0.0
NIFTY,26-DEC-2024,26000.0,05-12-2024 10:41:00,11.2,11.3,11.2,11.2,4608150.0,0.0,1495.0,1500.0,1495.0,1500.0,1531625.0,250.0
NIFTY,26-DEC-2024,26000.0,05-12-2024 10:42:00,11.3,11.35,11.3,11.3,4608150.0,0.0,1500.0,1500.0,1500.0,1500.0,1531625.0,0.0
NIFTY,26-DEC-2024,26000.0,05-12-2024 10:43:00,11.3,11.5,11.3,11.45,4606525.0,0.0,1500.0,1500.0,1488.8,1492.65,1531875.0,50.0
NIFTY,26-DEC-2024,26000.0,05-12-2024 10:44:00,11.6,11.7,11.6,11.7,4606525.0,28125.0,1492.65,1492.65,1492.65,1492.65,1531875.0,0.0
NIFTY,26-DEC-2024,26000.0,05-12-2024 10:45:00,11.7,11.75,11.6,11.6,4621200.0,12400.0,1492.65,1500.0,1492.65,1500.0,1531875.0,25.0
NIFTY,26-DEC-2024,26000.0,05-12-2024 10:46:00,11.65,11.65,11.6,11.65,4621200.0,9575.0,1500.0,1502.0,1500.0,1502.0,1531925.0,250.0
NIFTY,26-DEC-2024,26000.0,05-12-2024 10:47:00,11.6,11.75,11.55,11.75,4621200.0,0.0,1502.0,1515.2,1502.0,1515.0,1531925.0,550.0
NIFTY,26-DEC-2024,26000.0,05-12-2024 10:48:00,11.75,11.9,11.7,11.75,4622975.0,18100.0,1515.0,1515.0,1515.0,1515.0,1531925.0,0.0
NIFTY,26-DEC-2024,26000.0,05-12-2024 10:49:00,11.8,11.8,11.65,11.7,4622975.0,26450.0,1515.0,1515.0,1515.0,1515.0,1531925.0,0.0
NIFTY,26-DEC-2024,26000.0,05-12-2024 10:50:00,11.7,11.75,11.6,11.6,4622975.0,11650.0,1515.0,1515.0,1495.0,1495.0,1532225.0,0.0
NIFTY,26-DEC-2024,26000.0,05-12-2024 10:51:00,11.65,11.7,11.55,11.6,4622975.0,6975.0,1495.0,1495.0,1495.0,1495.0,1532225.0,25.0
NIFTY,26-DEC-2024,26000.0,05-12-2024 10:52:00,11.9,11.9,11.65,11.9,4626650.0,0.0,1495.0,1495.0,1474.25,1474.25,1532225.0,75.0
NIFTY,26-DEC-2024,26000.0,05-12-2024 10:53:00,11.75,11.8,11.65,11.7,4626650.0,19750.0,1474.25,1474.25,1474.25,1474.25,1532225.0,0.0
NIFTY,26-DEC-2024,26000.0,05-12-2024 10:54:00,11.6,11.75,11.6,11.7,4626650.0,3075.0,1474.25,1485.0,1474.25,1485.0,1532200.0,25.0
NIFTY,26-DEC-2024,26000.0,05-12-2024 10:55:00,11.75,11.9,11.7,11.85,4625900.0,0.0,1500.0,1502.0,1500.0,1502.0,1532200.0,300.0
NIFTY,26-DEC-2024,26000.0,05-12-2024 10:56:00,11.85,11.95,11.8,11.95,4625900.0,0.0,1502.0,1509.0,1502.0,1509.0,1532200.0,175.0
NIFTY,26-DEC-2024,26000.0,05-12-2024 10:57:00,12.0,12.0,11.85,12.0,4625900.0,24300.0,1509.0,1509.0,1509.0,1509.0,1532200.0,100.0
NIFTY,26-DEC-2024,26000.0,05-12-2024 10:58:00,11.95,12.0,11.6,11.95,4618450.0,0.0,1509.0,1579.3,1509.0,1579.3,1532450.0,1200.0
NIFTY,26-DEC-2024,26000.0,05-12-2024 10:59:00,11.85,12.4,11.65,12.2,4618450.0,0.0,1579.3,1605.0,1579.3,1594.0,1532450.0,825.0
NIFTY,26-DEC-2024,26000.0,05-12-2024 11:00:00,12.15,12.5,12.15,12.15,4618450.0,115250.0,1594.0,1594.0,1560.0,1560.0,1532450.0,850.0
NIFTY,26-DEC-2024,26000.0,05-12-2024 11:01:00,12.05,12.05,11.4,11.6,4602250.0,29550.0,1560.0,1560.0,1552.15,1552.15,1532450.0,175.0
NIFTY,26-DEC-2024,26000.0,05-12-2024 11:02:00,11.35,11.5,11.25,11.4,4602250.0,8350.0,1552.15,1552.15,1544.7,1544.7,1532925.0,100.0
NIFTY,26-DEC-2024,26000.0,05-12-2024 11:03:00,11.45,11.55,11.4,11.4,4602250.0,9250.0,1544.7,1544.7,1544.7,1544.7,1532925.0,0.0
NIFTY,26-DEC-2024,26000.0,05-12-2024 11:04:00,11.3,12.0,11.3,11.6,4608950.0,0.0,1544.7,1544.7,1544.7,1544.7,1532925.0,0.0
NIFTY,26-DEC-2024,26000.0,05-12-2024 11:05:00,11.65,11.75,11.3,11.35,4608950.0,34800.0,1544.7,1544.7,1544.7,1544.7,1532925.0,0.0
NIFTY,26-DEC-2024,26000.0,05-12-2024 11:06:00,11.4,11.4,11.25,11.25,4608950.0,26600.0,1544.7,1544.7,1539.05,1539.05,1532850.0,0.0
NIFTY,26-DEC-2024,26000.0,05-12-2024 11:07:00,11.3,11.5,11.25,11.4,4608075.0,11500.0,1539.05,1539.05,1539.0,1539.0,1532850.0,50.0
NIFTY,26-DEC-2024,26000.0,05-12-2024 11:08:00,11.4,11.4,11.3,11.4,4608075.0,0.0,1539.0,1539.0,1531.95,1538.7,1532875.0,125.0
NIFTY,26-DEC-2024,26000.0,05-12-2024 11:09:00,11.4,11.4,11.25,11.35,4608075.0,7675.0,1538.7,1543.55,1538.2,1538.2,1532875.0,275.0
NIFTY,26-DEC-2024,26000.0,05-12-2024 11:10:00,11.25,11.4,11.2,11.25,4613425.0,5700.0,1538.2,1548.8,1538.2,1548.8,1532800.0,75.0
NIFTY,26-DEC-2024,26000.0,05-12-2024 11:11:00,11.35,11.4,11.25,11.4,4613425.0,2625.0,1548.8,1550.45,1545.3,1550.45,1532800.0,50.0
NIFTY,26-DEC-2024,26000.0,05-12-2024 11:12:00,11.45,11.45,11.15,11.3,4613425.0,5900.0,1550.45,1550.45,1539.5,1539.5,1532800.0,75.0
NIFTY,26-DEC-2024,26000.0,05-12-2024 11:13:00,11.15,11.4,11.1,11.25,4613900.0,0.0,1539.5,1546.25,1539.5,1543.0,1532700.0,150.0
NIFTY,26-DEC-2024,26000.0,05-12-2024 11:14:00,11.3,11.45,11.2,11.3,4613900.0,1875.0,1538.15,1538.15,1538.15,1538.15,1532700.0,25.0
NIFTY,26-DEC-2024,26000.0,05-12-2024 11:15:00,11.4,11.4,11.2,11.3,4613900.0,3500.0,1538.15,1547.1,1538.15,1547.1,1532700.0,325.0
NIFTY,26-DEC-2024,26000.0,05-12-2024 11:16:00,11.35,11.4,11.2,11.3,4615025.0,0.0,1547.1,1551.5,1547.1,1551.5,1532400.0,25.0
NIFTY,26-DEC-2024,26000.0,05-12-2024 11:17:00,11.3,11.4,11.2,11.4,4615025.0,3900.0,1551.5,1551.5,1551.5,1551.5,1532400.0,0.0
NIFTY,26-DEC-2024,26000.0,05-12-2024 11:18:00,11.35,11.45,11.25,11.3,4615025.0,3700.0,1551.5,1556.0,1550.0,1556.0,1532400.0,50.0
NIFTY,26-DEC-2024,26000.0,05-12-2024 11:19:00,11.3,11.5,11.3,11.5,4612250.0,975.0,1556.0,1558.0,1556.0,1558.0,1532400.0,275.0
NIFTY,26-DEC-2024,26000.0,05-12-2024 11:20:00,11.5,11.6,11.5,11.5,4612250.0,0.0,1558.0,1558.0,1558.0,1558.0,1532400.0,0.0
NIFTY,26-DEC-2024,26000.0,05-12-2024 11:21:00,11.5,11.55,11.4,11.4,4612250.0,4175.0,1558.0,1558.0,1555.35,1556.0,1532400.0,50.0
NIFTY,26-DEC-2024,26000.0,05-12-2024 11:22:00,11.55,11.55,11.4,11.55,4613750.0,575.0,1556.0,1564.8,1556.0,1564.8,1532400.0,125.0
NIFTY,26-DEC-2024,26000.0,05-12-2024 11:23:00,11.55,11.55,11.5,11.5,4613750.0,2150.0,1564.8,1564.8,1560.0,1560.0,1532400.0,50.0
NIFTY,26-DEC-2024,26000.0,05-12-2024 11:24:00,11.7,11.7,11.6,11.65,4613750.0,0.0,1560.0,1563.75,1560.0,1563.75,1532400.0,300.0
NIFTY,26-DEC-2024,26000.0,05-12-2024 11:25:00,11.7,11.85,11.6,11.7,4613125.0,2250.0,1563.75,1563.75,1549.65,1549.65,1532600.0,50.0
NIFTY,26-DEC-2024,26000.0,05-12-2024 11:26:00,11.7,11.7,11.6,11.6,4613125.0,5275.0,1549.65,1549.65,1541.1,1544.0,1532600.0,250.0
NIFTY,26-DEC-2024,26000.0,05-12-2024 11:27:00,11.65,11.7,11.6,11.6,4613125.0,0.0,1544.0,1544.0,1544.0,1544.0,1532600.0,0.0
NIFTY,26-DEC-2024,26000.0,05-12-2024 11:28:00,11.6,11.7,11.6,11.6,4610825.0,0.0,1544.0,1549.9,1544.0,1549.9,1532800.0,25.0
NIFTY,26-DEC-2024,26000.0,05-12-2024 11:29:00,11.75,11.75,11.65,11.7,4610825.0,2450.0,1549.9,1549.9,1549.9,1549.9,1532800.0,0.0
NIFTY,26-DEC-2024,26000.0,05-12-2024 11:30:00,11.6,11.6,11.5,11.55,4610825.0,525.0,1549.9,1549.9,1549.9,1549.9,1532800.0,0.0
NIFTY,26-DEC-2024,26000.0,05-12-2024 11:31:00,11.65,11.65,11.55,11.55,4611550.0,1450.0,1549.9,1549.9,1549.9,1549.9,1532800.0,0.0
NIFTY,26-DEC-2024,26000.0,05-12-2024 11:32:00,11.45,11.7,11.45,11.6,4611550.0,4475.0,1549.9,1566.25,1549.9,1555.2,1532775.0,100.0
NIFTY,26-DEC-2024,26000.0,05-12-2024 11:33:00,11.6,11.65,11.5,11.55,4611550.0,0.0,1560.35,1560.35,1560.35,1560.35,1532775.0,125.0
NIFTY,26-DEC-2024,26000.0,05-12-2024 11:34:00,11.65,11.65,11.5,11.55,4610425.0,11750.0,1560.35,1568.4,1560.35,1568.4,1532675.0,600.0
NIFTY,26-DEC-2024,26000.0,05-12-2024 11:35:00,11.5,11.6,11.45,11.55,4610425.0,5575.0,1568.7,1571.75,1565.45,1567.95,1532675.0,2450.0
NIFTY,26-DEC-2024,26000.0,05-12-2024 11:36:00,11.55,11.6,11.5,11.55,4610425.0,3800.0,1567.95,1569.45,1564.4,1567.3,1532675.0,1300.0
NIFTY,26-DEC-2024,26000.0,05-12-2024 11:37:00,11.5,11.55,11.4,11.55,4612025.0,6450.0,1567.3,1572.1,1567.3,1571.5,1530350.0,875.0
NIFTY,26-DEC-2024,26000.0,05-12-2024 11:38:00,11.5,11.55,11.45,11.45,4612025.0,0.0,1571.5,1571.5,1561.3,1561.3,1530350.0,875.0
NIFTY,26-DEC-2024,26000.0,05-12-2024 11:39:00,11.45,11.6,11.4,11.6,4612025.0,8600.0,1561.3,1561.3,1560.05,1560.6,1530350.0,225.0
NIFTY,26-DEC-2024,26000.0,05-12-2024 11:40:00,11.65,11.65,11.4,11.4,4612450.0,0.0,1560.6,1575.25,1560.6,1575.25,1530700.0,425.0
NIFTY,26-DEC-2024,26000.0,05-12-2024 11:41:00,11.4,11.45,11.35,11.4,4612450.0,3575.0,1575.25,1575.6,1574.45,1574.45,1530700.0,75.0
NIFTY,26-DEC-2024,26000.0,05-12-2024 11:42:00,11.4,11.55,11.35,11.5,4612450.0,7700.0,1574.45,1574.45,1568.0,1569.15,1530700.0,275.0
NIFTY,26-DEC-2024,26000.0,05-12-2024 11:43:00,11.55,11.6,11.45,11.5,4610700.0,17775.0,1569.15,1569.15,1568.0,1568.0,1530100.0,3750.0
NIFTY,26-DEC-2024,26000.0,05-12-2024 11:44:00,11.7,11.7,11.65,11.65,4610700.0,0.0,1568.0,1568.0,1554.3,1554.3,1530100.0,25.0
NIFTY,26-DEC-2024,26000.0,05-12-2024 11:45:00,11.65,11.65,11.5,11.6,4610700.0,3300.0,1554.3,1554.3,1552.95,1552.95,1530100.0,25.0
NIFTY,26-DEC-2024,26000.0,05-12-2024 11:46:00,11.5,11.65,11.5,11.55,4608300.0,5525.0,1552.95,1552.95,1552.95,1552.95,1530100.0,0.0
NIFTY,26-DEC-2024,26000.0,05-12-2024 11:47:00,11.55,11.6,11.45,11.5,4608300.0,8025.0,1552.95,1552.95,1552.6,1552.6,1526350.0,25.0
NIFTY,26-DEC-2024,26000.0,05-12-2024 11:48:00,11.5,11.55,11.5,11.55,4608300.0,4475.0,1552.6,1552.6,1552.6,1552.6,1526350.0,0.0
NIFTY,26-DEC-2024,26000.0,05-12-2024 11:49:00,11.5,11.65,11.5,11.65,4612950.0,3750.0,1552.6,1552.6,1552.6,1552.6,1526350.0,0.0
NIFTY,26-DEC-2024,26000.0,05-12-2024 11:50:00,11.7,11.7,11.55,11.6,4612950.0,0.0,1552.6,1552.6,1545.25,1545.25,1526325.0,25.0
NIFTY,26-DEC-2024,26000.0,05-12-2024 11:51:00,11.7,11.8,11.65,11.8,4612950.0,5125.0,1545.25,1545.25,1540.8,1540.8,1526325.0,25.0
NIFTY,26-DEC-2024,26000.0,05-12-2024 11:52:00,11.75,11.9,11.6,11.85,4619250.0,8875.0,1540.8,1540.8,1533.8,1538.25,1526325.0,250.0
NIFTY,26-DEC-2024,26000.0,05-12-2024 11:53:00,11.65,11.8,11.65,11.8,4619250.0,3050.0,1538.25,1539.5,1536.1,1538.0,1526300.0,325.0
NIFTY,26-DEC-2024,26000.0,05-12-2024 11:54:00,11.8,11.85,11.8,11.8,4619250.0,0.0,1538.0,1538.0,1538.0,1538.0,1526300.0,0.0
NIFTY,26-DEC-2024,26000.0,05-12-2024 11:55:00,11.65,11.8,11.65,11.7,4619850.0,1850.0,1538.0,1538.0,1538.0,1538.0,1526300.0,0.0
NIFTY,26-DEC-2024,26000.0,05-12-2024 11:56:00,11.75,11.8,11.65,11.8,4619850.0,3450.0,1538.0,1541.0,1538.0,1541.0,1526625.0,0.0
NIFTY,26-DEC-2024,26000.0,05-12-2024 11:57:00,11.75,11.85,11.65,11.75,4619850.0,7300.0,1541.0,1541.0,1541.0,1541.0,1526625.0,100.0
NIFTY,26-DEC-2024,26000.0,05-12-2024 11:58:00,11.85,11.9,11.8,11.85,4620175.0,1575.0,1541.0,1541.0,1541.0,1541.0,1526625.0,0.0
NIFTY,26-DEC-2024,26000.0,05-12-2024 11:59:00,11.9,11.9,11.85,11.9,4620175.0,0.0,1541.0,1542.0,1537.95,1537.95,1526625.0,650.0
NIFTY,26-DEC-2024,26000.0,05-12-2024 12:00:00,11.9,12.05,11.9,12.05,4620175.0,3750.0,1537.95,1537.95,1537.95,1537.95,1526625.0,0.0
NIFTY,26-DEC-2024,26000.0,05-12-2024 12:01:00,12.0,12.2,11.9,11.95,4617050.0,0.0,1537.95,1537.95,1537.95,1537.95,1526625.0,0.0
NIFTY,26-DEC-2024,26000.0,05-12-2024 12:02:00,11.95,12.15,11.95,12.15,4617050.0,0.0,1537.95,1537.95,1537.95,1537.95,1526625.0,0.0
NIFTY,26-DEC-2024,26000.0,05-12-2024 12:03:00,12.15,12.2,11.9,12.0,4617050.0,0.0,1537.95,1537.95,1537.95,1537.95,1526625.0,0.0
NIFTY,26-DEC-2024,26000.0,05-12-2024 12:04:00,12.15,12.3,12.15,12.2,4616600.0,0.0,1512.1,1512.1,1500.0,1500.0,1526625.0,150.0
NIFTY,26-DEC-2024,26000.0,05-12-2024 12:05:00,12.2,12.65,12.2,12.4,4616600.0,38875.0,1500.0,1500.0,1480.0,1480.0,1526125.0,25.0
NIFTY,26-DEC-2024,26000.0,05-12-2024 12:06:00,12.55,13.0,12.55,12.65,4616600.0,50850.0,1480.0,1480.0,1411.75,1414.6,1526125.0,800.0
NIFTY,26-DEC-2024,26000.0,05-12-2024 12:07:00,12.75,12.95,12.65,12.7,4605250.0,0.0,1414.6,1414.6,1390.6,1410.15,1526125.0,750.0
NIFTY,26-DEC-2024,26000.0,05-12-2024 12:08:00,12.7,13.0,12.5,13.0,4605250.0,28200.0,1410.15,1411.75,1379.35,1381.6,1526125.0,225.0
NIFTY,26-DEC-2024,26000.0,05-12-2024 12:09:00,13.05,13.4,12.65,12.8,4605250.0,30075.0,1371.6,1388.95,1367.0,1388.7,1526125.0,325.0
NIFTY,26-DEC-2024,26000.0,05-12-2024 12:10:00,12.7,13.3,12.7,13.2,4597150.0,0.0,1388.7,1389.65,1363.4,1370.0,1525900.0,1150.0
NIFTY,26-DEC-2024,26000.0,05-12-2024 12:11:00,13.15,14.1,13.15,14.1,4597150.0,76600.0,1370.25,1370.25,1325.0,1325.0,1525900.0,2850.0
NIFTY,26-DEC-2024,26000.0,05-12-2024 12:12:00,14.05,14.65,14.0,14.5,4597150.0,0.0,1325.0,1325.0,1306.0,1306.0,1525900.0,175.0
NIFTY,26-DEC-2024,26000.0,05-12-2024 12:13:00,14.35,14.7,14.15,14.25,4577050.0,32575.0,1306.0,1311.75,1304.15,1304.15,1525175.0,675.0
NIFTY,26-DEC-2024,26000.0,05-12-2024 12:14:00,14.25,14.25,13.95,14.0,4577050.0,0.0,1304.15,1318.2,1304.15,1318.0,1525175.0,450.0
NIFTY,26-DEC-2024,26000.0,05-12-2024 12:15:00,14.2,14.95,14.1,14.95,4577050.0,0.0,1318.0,1318.0,1271.15,1271.15,1525175.0,2325.0
NIFTY,26-DEC-2024,26000.0,05-12-2024 12:16:00,15.0,15.5,15.0,15.35,4552350.0,0.0,1266.85,1270.0,1266.85,1268.4,1523625.0,2300.0
NIFTY,26-DEC-2024,26000.0,05-12-2024 12:17:00,15.55,16.3,15.55,15.65,4552350.0,0.0,1268.4,1268.4,1260.0,1263.1,1523625.0,1275.0
NIFTY,26-DEC-2024,26000.0,05-12-2024 12:18:00,15.65,15.85,15.3,15.85,4552350.0,170925.0,1275.85,1275.85,1270.0,1270.0,1523625.0,175.0
NIFTY,26-DEC-2024,26000.0,05-12-2024 12:19:00,16.05,16.2,15.75,15.8,4563525.0,0.0,1270.0,1270.0,1270.0,1270.0,1522200.0,0.0
NIFTY,26-DEC-2024,26000.0,05-12-2024 12:20:00,15.75,16.0,15.7,16.0,4563525.0,56925.0,1275.0,1275.0,1275.0,1275.0,1522200.0,75.0
NIFTY,26-DEC-2024,26000.0,05-12-2024 12:21:00,16.2,16.2,15.0,15.2,4563525.0,26375.0,1279.1,1300.0,1279.1,1300.0,1522200.0,125.0
NIFTY,26-DEC-2024,26000.0,05-12-2024 12:22:00,15.2,15.3,14.55,14.95,4587000.0,0.0,1300.0,1315.0,1299.6,1315.0,1522125.0,275.0
NIFTY,26-DEC-2024,26000.0,05-12-2024 12:23:00,14.9,15.55,14.9,15.55,4587000.0,0.0,1313.25,1313.25,1300.9,1300.9,1522125.0,100.0
NIFTY,26-DEC-2024,26000.0,05-12-2024 12:24:00,15.6,16.3,15.55,16.2,4587000.0,0.0,1307.0,1307.0,1307.0,1307.0,1522125.0,475.0
NIFTY,26-DEC-2024,26000.0,05-12-2024 12:25:00,16.05,16.65,16.05,16.45,4582925.0,97825.0,1302.4,1305.3,1301.0,1301.0,1521625.0,150.0
NIFTY,26-DEC-2024,26000.0,05-12-2024 12:26:00,16.4,16.5,16.2,16.35,4582925.0,0.0,1301.0,1310.0,1301.0,1309.35,1521625.0,175.0
NIFTY,26-DEC-2024,26000.0,05-12-2024 12:27:00,16.25,16.4,15.8,16.2,4582925.0,0.0,1309.35,1313.95,1309.35,1313.95,1521625.0,150.0
NIFTY,26-DEC-2024,26000.0,05-12-2024 12:28:00,16.25,16.5,16.15,16.35,4581600.0,0.0,1313.95,1313.95,1306.65,1306.65,1521300.0,50.0
NIFTY,26-DEC-2024,26000.0,05-12-2024 12:29:00,16.5,16.95,16.5,16.8,4581600.0,0.0,1306.65,1306.65,1295.0,1301.7,1521300.0,350.0
NIFTY,26-DEC-2024,26000.0,05-12-2024 12:30:00,16.6,16.7,16.3,16.3,4581600.0,0.0,1306.75,1306.75,1302.0,1302.0,1521300.0,225.0
NIFTY,26-DEC-2024,26000.0,05-12-2024 12:31:00,16.5,16.7,16.1,16.4,4573350.0,0.0,1302.0,1302.0,1288.0,1288.0,1521350.0,25.0
NIFTY,26-DEC-2024,26000.0,05-12-2024 12:32:00,16.25,16.65,16.2,16.65,4573350.0,0.0,1288.0,1293.0,1288.0,1293.0,1521350.0,0.0
NIFTY,26-DEC-2024,26000.0,05-12-2024 12:33:00,16.55,16.8,16.4,16.5,4573350.0,0.0,1293.0,1293.0,1282.15,1286.9,1521350.0,175.0
NIFTY,26-DEC-2024,26000.0,05-12-2024 12:34:00,16.5,16.65,16.4,16.5,4571150.0,0.0,1286.75,1292.15,1286.75,1292.15,1521225.0,25.0
NIFTY,26-DEC-2024,26000.0,05-12-2024 12:35:00,16.6,16.8,16.5,16.5,4571150.0,183425.0,1292.0,1297.3,1292.0,1295.95,1521225.0,475.0
NIFTY,26-DEC-2024,26000.0,05-12-2024 12:36:00,16.55,16.55,16.2,16.45,4571150.0,22425.0,1295.95,1295.95,1295.95,1295.95,1521225.0,300.0
NIFTY,26-DEC-2024,26000.0,05-12-2024 12:37:00,16.4,16.5,16.2,16.35,4572800.0,9850.0,1295.95,1303.9,1295.95,1298.0,1521075.0,275.0
NIFTY,26-DEC-2024,26000.0,05-12-2024 12:38:00,16.35,16.4,16.2,16.35,4572800.0,0.0,1305.0,1308.75,1305.0,1305.0,1521075.0,350.0
NIFTY,26-DEC-2024,26000.0,05-12-2024 12:39:00,16.2,16.3,16.0,16.0,4572800.0,0.0,1305.0,1312.75,1305.0,1312.75,1521075.0,125.0
NIFTY,26-DEC-2024,26000.0,05-12-2024 12:40:00,16.15,16.35,16.05,16.25,4567550.0,12150.0,1313.5,1313.5,1305.35,1306.0,1520975.0,300.0
NIFTY,26-DEC-2024,26000.0,05-12-2024 12:41:00,16.3,16.55,16.2,16.55,4567550.0,11850.0,1306.0,1306.1,1303.7,1303.7,1520975.0,125.0
NIFTY,26-DEC-2024,26000.0,05-12-2024 12:42:00,16.45,16.5,16.2,16.4,4567550.0,4650.0,1303.7,1308.3,1301.4,1308.3,1520975.0,150.0
NIFTY,26-DEC-2024,26000.0,05-12-2024 12:43:00,16.35,16.35,15.85,15.85,4552250.0,0.0,1308.3,1323.5,1308.3,1323.5,1520775.0,100.0
NIFTY,26-DEC-2024,26000.0,05-12-2024 12:44:00,15.85,16.3,15.85,15.85,4552250.0,0.0,1323.5,1329.4,1323.5,1327.25,1520775.0,50.0
NIFTY,26-DEC-2024,26000.0,05-12-2024 12:45:00,16.25,16.4,16.0,16.1,4552250.0,63975.0,1327.25,1327.25,1320.05,1320.05,1520775.0,100.0
NIFTY,26-DEC-2024,26000.0,05-12-2024 12:46:00,16.1,16.1,15.9,15.9,4516125.0,10275.0,1320.05,1329.25,1320.05,1329.25,1520850.0,25.0
NIFTY,26-DEC-2024,26000.0,05-12-2024 12:47:00,15.9,16.05,15.7,15.75,4516125.0,9100.0,1329.25,1330.0,1323.65,1330.0,1520850.0,125.0
NIFTY,26-DEC-2024,26000.0,05-12-2024 12:48:00,15.85,15.85,15.55,15.6,4516125.0,0.0,1330.0,1334.8,1327.9,1334.8,1520850.0,1150.0
NIFTY,26-DEC-2024,26000.0,05-12-2024 12:49:00,15.7,15.9,15.55,15.9,4512125.0,10625.0,1334.8,1334.8,1322.35,1322.35,1521025.0,350.0
NIFTY,26-DEC-2024,26000.0,05-12-2024 12:50:00,15.85,16.0,15.7,15.7,4512125.0,6125.0,1322.35,1322.35,1317.95,1321.05,1521025.0,100.0
NIFTY,26-DEC-2024,26000.0,05-12-2024 12:51:00,15.7,15.7,15.35,15.35,4512125.0,4625.0,1321.05,1340.0,1321.05,1340.0,1521025.0,100.0
NIFTY,26-DEC-2024,26000.0,05-12-2024 12:52:00,15.15,15.5,15.15,15.5,4508400.0,6900.0,1340.0,1341.3,1327.25,1329.25,1521025.0,225.0
NIFTY,26-DEC-2024,26000.0,05-12-2024 12:53:00,15.5,15.6,15.45,15.6,4508400.0,7200.0,1329.25,1329.25,1317.05,1319.55,1521025.0,100.0
NIFTY,26-DEC-2024,26000.0,05-12-2024 12:54:00,15.5,15.7,15.5,15.7,4508400.0,0.0,1325.0,1328.75,1313.9,1316.5,1521025.0,650.0
NIFTY,26-DEC-2024,26000.0,05-12-2024 12:55:00,15.6,15.65,15.5,15.55,4516425.0,11925.0,1316.5,1326.45,1316.5,1322.1,1521425.0,350.0
NIFTY,26-DEC-2024,26000.0,05-12-2024 12:56:00,15.65,15.65,15.5,15.5,4516425.0,5725.0,1322.1,1322.95,1322.1,1322.95,1521425.0,50.0
NIFTY,26-DEC-2024,26000.0,05-12-2024 12:57:00,15.55,15.6,15.5,15.5,4516425.0,6425.0,1322.95,1324.0,1322.95,1324.0,1521425.0,75.0
NIFTY,26-DEC-2024,26000.0,05-12-2024 12:58:00,15.5,16.2,15.5,16.2,4512675.0,0.0,1324.0,1324.0,1315.0,1315.0,1521725.0,25.0
NIFTY,26-DEC-2024,26000.0,05-12-2024 12:59:00,16.35,16.4,16.15,16.4,4512675.0,9975.0,1315.0,1315.0,1309.5,1309.5,1521725.0,75.0
NIFTY,26-DEC-2024,26000.0,05-12-2024 13:00:00,16.15,16.15,15.9,16.1,4512675.0,11100.0,1310.0,1315.15,1310.0,1315.15,1521725.0,300.0
NIFTY,26-DEC-2024,26000.0,05-12-2024 13:01:00,16.35,16.45,16.2,16.45,4514275.0,7875.0,1315.15,1315.15,1312.0,1312.0,1522075.0,50.0
NIFTY,26-DEC-2024,26000.0,05-12-2024 13:02:00,16.5,16.5,16.1,16.3,4514275.0,0.0,1312.0,1315.0,1312.0,1315.0,1522075.0,25.0
NIFTY,26-DEC-2024,26000.0,05-12-2024 13:03:00,16.2,16.5,16.2,16.35,4514275.0,13550.0,1315.0,1315.0,1315.0,1315.0,1522075.0,175.0
NIFTY,26-DEC-2024,26000.0,05-12-2024 13:04:00,16.7,16.7,16.5,16.55,4503675.0,6700.0,1315.0,1315.0,1307.65,1310.0,1522150.0,175.0
NIFTY,26-DEC-2024,26000.0,05-12-2024 13:05:00,16.65,16.75,16.55,16.55,4503675.0,3625.0,1310.0,1310.0,1307.4,1310.0,1522150.0,300.0
NIFTY,26-DEC-2024,26000.0,05-12-2024 13:06:00,16.75,16.85,16.55,16.85,4503675.0,0.0,1310.0,1310.0,1304.95,1307.45,1522150.0,250.0
NIFTY,26-DEC-2024,26000.0,05-12-2024 13:07:00,16.85,16.9,16.65,16.9,4496250.0,14050.0,1306.65,1309.5,1303.9,1306.0,1522525.0,450.0
NIFTY,26-DEC-2024,26000.0,05-12-2024 13:08:00,16.85,16.9,16.7,16.9,4496250.0,3975.0,1306.0,1310.0,1305.0,1305.0,1522525.0,750.0
NIFTY,26-DEC-2024,26000.0,05-12-2024 13:09:00,16.9,16.9,16.7,16.75,4496250.0,5800.0,1305.0,1308.0,1301.0,1307.4,1522525.0,525.0
NIFTY,26-DEC-2024,26000.0,05-12-2024 13:10:00,16.75,17.0,16.75,16.9,4494775.0,0.0,1307.4,1311.5,1306.0,1306.0,1521975.0,900.0
NIFTY,26-DEC-2024,26000.0,05-12-2024 13:11:00,16.9,17.1,16.75,17.1,4494775.0,11950.0,1306.0,1313.2,1306.0,1313.2,1521975.0,575.0
NIFTY,26-DEC-2024,26000.0,05-12-2024 13:12:00,17.1,17.3,17.0,17.3,4494775.0,11025.0,1313.2,1313.2,1306.0,1306.0,1521975.0,350.0
NIFTY,26-DEC-2024,26000.0,05-12-2024 13:13:00,17.3,18.0,17.2,18.0,4495700.0,0.0,1306.0,1306.0,1273.25,1273.25,1521250.0,975.0
NIFTY,26-DEC-2024,26000.0,05-12-2024 13:14:00,17.95,18.55,17.95,18.5,4495700.0,0.0,1273.25,1281.0,1273.25,1278.55,1521250.0,475.0
NIFTY,26-DEC-2024,26000.0,05-12-2024 13:15:00,18.4,19.0,18.3,18.7,4495700.0,68500.0,1270.75,1271.45,1255.0,1264.2,1521250.0,975.0
NIFTY,26-DEC-2024,26000.0,05-12-2024 13:16:00,18.7,18.8,18.3,18.4,4504650.0,17450.0,1264.2,1288.85,1264.2,1286.0,1521250.0,275.0
NIFTY,26-DEC-2024,26000.0,05-12-2024 13:17:00,18.4,18.7,18.3,18.7,4504650.0,0.0,1286.0,1286.0,1280.0,1280.0,1521250.0,50.0
NIFTY,26-DEC-2024,26000.0,05-12-2024 13:18:00,18.7,18.9,18.35,18.5,4504650.0,27250.0,1280.0,1280.0,1270.0,1270.0,1521225.0,25.0
NIFTY,26-DEC-2024,26000.0,05-12-2024 13:19:00,18.3,18.3,18.15,18.3,4487225.0,21200.0,1270.0,1280.0,1270.0,1277.65,1520950.0,50.0
NIFTY,26-DEC-2024,26000.0,05-12-2024 13:20:00,18.2,18.3,18.1,18.2,4487225.0,0.0,1277.65,1283.55,1277.65,1280.0,1520950.0,75.0
NIFTY,26-DEC-2024,26000.0,05-12-2024 13:21:00,18.0,18.0,17.5,17.6,4487225.0,0.0,1282.0,1285.05,1282.0,1285.05,1520950.0,225.0
NIFTY,26-DEC-2024,26000.0,05-12-2024 13:22:00,17.7,17.7,17.15,17.5,4482925.0,0.0,1285.05,1293.0,1285.05,1293.0,1520950.0,75.0
NIFTY,26-DEC-2024,26000.0,05-12-2024 13:23:00,17.25,17.5,17.15,17.15,4482925.0,29950.0,1297.2,1297.2,1297.2,1297.2,1520950.0,100.0
NIFTY,26-DEC-2024,26000.0,05-12-2024 13:24:00,17.2,17.35,17.1,17.2,4482925.0,4800.0,1297.2,1299.15,1297.0,1299.15,1520950.0,50.0
NIFTY,26-DEC-2024,26000.0,05-12-2024 13:25:00,17.1,17.4,17.0,17.4,4483600.0,11100.0,1299.15,1302.85,1299.15,1302.85,1520525.0,100.0
NIFTY,26-DEC-2024,26000.0,05-12-2024 13:26:00,17.2,17.4,17.2,17.3,4483600.0,9300.0,1302.85,1305.2,1299.0,1305.2,1520525.0,175.0
NIFTY,26-DEC-2024,26000.0,05-12-2024 13:27:00,17.25,17.3,16.5,16.8,4483600.0,0.0,1305.2,1325.0,1305.2,1318.4,1520525.0,150.0
NIFTY,26-DEC-2024,26000.0,05-12-2024 13:28:00,16.85,17.45,16.85,17.4,4491275.0,30400.0,1318.4,1321.6,1315.55,1315.55,1520400.0,100.0
NIFTY,26-DEC-2024,26000.0,05-12-2024 13:29:00,17.2,17.35,16.7,16.95,4491275.0,8400.0,1315.55,1315.55,1315.55,1315.55,1520400.0,25.0
NIFTY,26-DEC-2024,26000.0,05-12-2024 13:30:00,16.85,17.2,16.6,17.2,4491275.0,14950.0,1315.55,1315.55,1313.4,1315.0,1520400.0,50.0
NIFTY,26-DEC-2024,26000.0,05-12-2024 13:31:00,17.15,17.25,17.0,17.1,4493725.0,0.0,1315.0,1318.2,1306.65,1307.35,1520400.0,175.0
NIFTY,26-DEC-2024,26000.0,05-12-2024 13:32:00,17.2,17.35,17.0,17.35,4493725.0,0.0,1307.35,1308.25,1304.6,1307.3,1520275.0,175.0
NIFTY,26-DEC-2024,26000.0,05-12-2024 13:33:00,17.2,17.65,17.2,17.55,4493725.0,29775.0,1303.5,1303.5,1292.5,1292.5,1520275.0,5100.0
NIFTY,26-DEC-2024,26000.0,05-12-2024 13:34:00,17.55,17.8,17.45,17.75,4482775.0,12925.0,1292.5,1292.5,1288.1,1288.1,1520275.0,125.0
NIFTY,26-DEC-2024,26000.0,05-12-2024 13:35:00,17.75,17.75,17.4,17.75,4482775.0,6475.0,1288.1,1296.8,1288.1,1296.8,1520275.0,25.0
NIFTY,26-DEC-2024,26000.0,05-12-2024 13:36:00,17.6,17.6,17.35,17.4,4482775.0,5250.0,1296.8,1303.8,1296.8,1303.8,1520275.0,25.0
NIFTY,26-DEC-2024,26000.0,05-12-2024 13:37:00,17.3,17.55,17.3,17.5,4479400.0,0.0,1303.8,1310.4,1300.0,1300.0,1524575.0,50.0
NIFTY,26-DEC-2024,26000.0,05-12-2024 13:38:00,17.65,18.3,17.65,18.25,4479400.0,2825.0,1300.0,1300.0,1275.0,1275.0,1524575.0,1150.0
NIFTY,26-DEC-2024,26000.0,05-12-2024 13:39:00,18.35,18.9,18.15,18.7,4479400.0,0.0,1275.0,1275.0,1270.0,1270.0,1524575.0,500.0
NIFTY,26-DEC-2024,26000.0,05-12-2024 13:40:00,18.7,19.55,18.7,19.25,4501425.0,0.0,1270.0,1270.0,1259.1,1259.1,1525200.0,2650.0
NIFTY,26-DEC-2024,26000.0,05-12-2024 13:41:00,19.3,19.55,19.0,19.0,4501425.0,0.0,1259.1,1268.4,1251.0,1256.05,1525200.0,900.0
NIFTY,26-DEC-2024,26000.0,05-12-2024 13:42:00,18.6,18.7,18.05,18.4,4501425.0,0.0,1276.25,1276.25,1260.0,1260.0,1525200.0,100.0
NIFTY,26-DEC-2024,26000.0,05-12-2024 13:43:00,18.05,18.5,17.1,17.1,4514725.0,171475.0,1260.0,1260.0,1260.0,1260.0,1525200.0,0.0
NIFTY,26-DEC-2024,26000.0,05-12-2024 13:44:00,17.1,17.7,17.1,17.65,4514725.0,24025.0,1260.0,1280.05,1260.0,1280.05,1523975.0,375.0
NIFTY,26-DEC-2024,26000.0,05-12-2024 13:45:00,17.6,17.85,17.3,17.6,4514725.0,0.0,1280.05,1280.05,1280.05,1280.05,1523975.0,0.0
NIFTY,26-DEC-2024,26000.0,05-12-2024 13:46:00,17.5,17.6,17.45,17.5,4520575.0,9300.0,1280.05,1280.05,1271.05,1271.05,1523600.0,175.0
NIFTY,26-DEC-2024,26000.0,05-12-2024 13:47:00,17.3,17.6,17.2,17.6,4520575.0,12050.0,1271.05,1285.0,1271.05,1281.0,1523600.0,425.0
NIFTY,26-DEC-2024,26000.0,05-12-2024 13:48:00,17.65,18.0,17.5,17.9,4520575.0,10250.0,1281.0,1281.0,1270.0,1270.0,1523600.0,50.0
NIFTY,26-DEC-2024,26000.0,05-12-2024 13:49:00,18.0,18.25,17.9,18.25,4530225.0,13400.0,1270.0,1270.0,1260.0,1260.0,1523000.0,50.0
NIFTY,26-DEC-2024,26000.0,05-12-2024 13:50:00,18.0,18.25,17.95,18.0,4530225.0,13475.0,1260.0,1260.0,1257.1,1257.1,1523000.0,250.0
NIFTY,26-DEC-2024,26000.0,05-12-2024 13:51:00,17.9,18.0,17.6,17.9,4530225.0,0.0,1257.1,1275.0,1257.1,1275.0,1523000.0,325.0
NIFTY,26-DEC-2024,26000.0,05-12-2024 13:52:00,17.8,18.1,17.65,17.8,4537675.0,0.0,1275.0,1275.0,1270.0,1270.0,1523000.0,425.0
NIFTY,26-DEC-2024,26000.0,05-12-2024 13:53:00,17.85,18.05,17.85,18.0,4537675.0,16425.0,1270.0,1273.5,1270.0,1273.5,1523000.0,25.0
NIFTY,26-DEC-2024,26000.0,05-12-2024 13:54:00,18.05,18.3,17.95,18.15,4537675.0,15425.0,1273.5,1276.65,1270.0,1276.65,1523000.0,650.0
NIFTY,26-DEC-2024,26000.0,05-12-2024 13:55:00,18.2,18.5,18.05,18.2,4546825.0,0.0,1276.65,1276.65,1262.8,1263.75,1524400.0,5525.0
NIFTY,26-DEC-2024,26000.0,05-12-2024 13:56:00,18.3,18.55,18.0,18.55,4546825.0,21950.0,1263.75,1271.0,1262.05,1271.0,1524400.0,400.0
NIFTY,26-DEC-2024,26000.0,05-12-2024 13:57:00,18.4,19.25,18.25,19.05,4546825.0,0.0,1270.0,1270.75,1250.0,1250.0,1524400.0,1100.0
NIFTY,26-DEC-2024,26000.0,05-12-2024 13:58:00,19.1,19.4,19.0,19.3,4549350.0,13775.0,1250.0,1250.6,1243.05,1243.05,1524400.0,1850.0
NIFTY,26-DEC-2024,26000.0,05-12-2024 13:59:00,19.15,19.35,18.7,18.8,4549350.0,0.0,1243.05,1255.5,1242.2,1251.0,1528225.0,375.0
NIFTY,26-DEC-2024,26000.0,05-12-2024 14:00:00,18.75,19.0,18.55,18.8,4549350.0,60000.0,1253.55,1256.2,1251.0,1251.0,1528225.0,975.0
NIFTY,26-DEC-2024,26000.0,05-12-2024 14:01:00,18.75,18.9,17.7,18.05,4554875.0,0.0,1251.0,1263.05,1251.0,1263.05,1528975.0,425.0
NIFTY,26-DEC-2024,26000.0,05-12-2024 14:02:00,18.05,18.7,18.0,18.7,4554875.0,24625.0,1263.05,1263.05,1263.05,1263.05,1528975.0,0.0
NIFTY,26-DEC-2024,26000.0,05-12-2024 14:03:00,18.6,18.7,18.1,18.2,4554875.0,20525.0,1263.05,1263.05,1260.0,1260.0,1528975.0,200.0
NIFTY,26-DEC-2024,26000.0,05-12-2024 14:04:00,18.25,18.25,17.9,17.95,4568375.0,9150.0,1260.0,1260.0,1260.0,1260.0,1528975.0,0.0
NIFTY,26-DEC-2024,26000.0,05-12-2024 14:05:00,18.0,18.6,18.0,18.05,4568375.0,10550.0,1260.0,1260.0,1250.0,1257.3,1529150.0,0.0
NIFTY,26-DEC-2024,26000.0,05-12-2024 14:06:00,18.1,18.4,18.1,18.4,4568375.0,0.0,1257.15,1257.15,1252.6,1255.7,1529150.0,225.0
NIFTY,26-DEC-2024,26000.0,05-12-2024 14:07:00,18.25,18.7,18.25,18.5,4572725.0,0.0,1255.7,1255.7,1255.7,1255.7,1529150.0,0.0
NIFTY,26-DEC-2024,26000.0,05-12-2024 14:08:00,18.55,18.7,18.3,18.3,4572725.0,0.0,1255.7,1258.0,1255.7,1258.0,1529250.0,25.0
NIFTY,26-DEC-2024,26000.0,05-12-2024 14:09:00,18.3,18.55,18.15,18.5,4572725.0,38875.0,1258.0,1272.1,1258.0,1264.95,1529250.0,275.0
NIFTY,26-DEC-2024,26000.0,05-12-2024 14:10:00,18.5,18.75,18.35,18.75,4561075.0,10175.0,1264.95,1264.95,1260.0,1260.0,1529250.0,400.0
NIFTY,26-DEC-2024,26000.0,05-12-2024 14:11:00,18.85,19.25,18.8,19.25,4561075.0,0.0,1260.0,1260.0,1251.2,1251.2,1528925.0,25.0
NIFTY,26-DEC-2024,26000.0,05-12-2024 14:12:00,19.2,21.9,19.1,21.2,4561075.0,0.0,1251.2,1251.2,1180.0,1180.0,1528925.0,1350.0
NIFTY,26-DEC-2024,26000.0,05-12-2024 14:13:00,20.95,21.65,20.0,21.5,4519925.0,200050.0,1180.0,1199.2,1160.0,1168.85,1528925.0,450.0
NIFTY,26-DEC-2024,26000.0,05-12-2024 14:14:00,21.55,21.75,20.5,20.65,4519925.0,37200.0,1170.0,1183.55,1165.0,1183.55,1528175.0,450.0
NIFTY,26-DEC-2024,26000.0,05-12-2024 14:15:00,20.55,21.35,20.05,20.9,4519925.0,0.0,1185.0,1187.45,1170.0,1187.45,1528175.0,825.0
NIFTY,26-DEC-2024,26000.0,05-12-2024 14:16:00,20.75,21.15,20.6,20.85,4506825.0,0.0,1186.0,1186.0,1183.0,1183.0,1528175.0,225.0
NIFTY,26-DEC-2024,26000.0,05-12-2024 14:17:00,21.15,21.6,20.9,21.6,4506825.0,95525.0,1184.0,1184.0,1173.45,1183.15,1527875.0,100.0
NIFTY,26-DEC-2024,26000.0,05-12-2024 14:18:00,21.75,21.95,21.45,21.95,4506825.0,28875.0,1183.15,1183.15,1165.0,1166.0,1527875.0,1000.0
NIFTY,26-DEC-2024,26000.0,05-12-2024 14:19:00,22.0,22.2,21.7,22.0,4494150.0,39275.0,1165.0,1173.45,1165.0,1167.6,1527875.0,1525.0
NIFTY,26-DEC-2024,26000.0,05-12-2024 14:20:00,22.15,22.9,22.05,22.25,4494150.0,31800.0,1167.6,1168.7,1161.0,1168.7,1526825.0,325.0
NIFTY,26-DEC-2024,26000.0,05-12-2024 14:21:00,22.25,22.8,22.1,22.7,4494150.0,26650.0,1169.15,1172.2,1169.15,1172.2,1526825.0,500.0
NIFTY,26-DEC-2024,26000.0,05-12-2024 14:22:00,22.8,23.35,22.7,23.0,4479150.0,0.0,1165.85,1171.6,1165.85,1170.85,1526375.0,750.0
NIFTY,26-DEC-2024,26000.0,05-12-2024 14:23:00,23.4,23.4,22.2,22.2,4479150.0,60875.0,1170.85,1173.5,1169.55,1173.5,1526375.0,325.0
NIFTY,26-DEC-2024,26000.0,05-12-2024 14:24:00,22.25,22.35,21.95,22.0,4479150.0,14400.0,1173.5,1175.0,1170.0,1175.0,1526375.0,800.0
NIFTY,26-DEC-2024,26000.0,05-12-2024 14:25:00,22.1,22.45,21.95,22.2,4456875.0,17375.0,1175.0,1178.45,1174.75,1178.45,1526375.0,550.0
NIFTY,26-DEC-2024,26000.0,05-12-2024 14:26:00,22.15,22.65,22.0,22.65,4456875.0,0.0,1178.45,1178.45,1172.0,1172.0,1526325.0,25.0
NIFTY,26-DEC-2024,26000.0,05-12-2024 14:27:00,22.4,22.65,22.15,22.65,4456875.0,0.0,1172.0,1183.2,1172.0,1179.1,1526325.0,1975.0
NIFTY,26-DEC-2024,26000.0,05-12-2024 14:28:00,22.5,24.8,22.5,24.65,4442425.0,33250.0,1179.1,1179.1,1140.0,1140.0,1526325.0,1950.0
NIFTY,26-DEC-2024,26000.0,05-12-2024 14:29:00,24.8,26.65,24.8,26.6,4442425.0,85450.0,1121.75,1125.6,1098.5,1100.75,1525225.0,800.0
NIFTY,26-DEC-2024,26000.0,05-12-2024 14:30:00,26.6,26.6,26.05,26.5,4442425.0,114450.0,1109.6,1120.8,1105.15,1118.7,1525225.0,7900.0
NIFTY,26-DEC-2024,26000.0,05-12-2024 14:31:00,26.5,27.2,26.35,26.95,4400225.0,0.0,1118.7,1120.0,1107.3,1111.55,1525075.0,825.0
NIFTY,26-DEC-2024,26000.0,05-12-2024 14:32:00,26.9,27.2,26.7,27.0,4400225.0,0.0,1111.55,1117.85,1111.55,1112.3,1525075.0,1100.0
NIFTY,26-DEC-2024,26000.0,05-12-2024 14:33:00,27.1,28.2,27.0,28.2,4400225.0,0.0,1112.3,1115.0,1106.0,1113.8,1525075.0,1975.0
NIFTY,26-DEC-2024,26000.0,05-12-2024 14:34:00,28.0,29.25,28.0,29.25,4366975.0,229275.0,1107.7,1107.7,1091.5,1099.75,1524050.0,1150.0
NIFTY,26-DEC-2024,26000.0,05-12-2024 14:35:00,29.05,29.15,28.4,28.45,4366975.0,62200.0,1100.8,1103.0,1099.7,1099.7,1524050.0,2200.0
NIFTY,26-DEC-2024,26000.0,05-12-2024 14:36:00,28.45,29.3,28.35,29.0,4366975.0,0.0,1097.0,1099.8,1090.0,1093.85,1524050.0,3825.0
NIFTY,26-DEC-2024,26000.0,05-12-2024 14:37:00,29.2,29.65,28.25,28.25,4334200.0,39350.0,1093.85,1105.05,1092.05,1105.05,1525800.0,1100.0
NIFTY,26-DEC-2024,26000.0,05-12-2024 14:38:00,28.45,28.6,26.8,26.8,4334200.0,108475.0,1108.45,1110.0,1108.45,1109.0,1525800.0,1875.0
NIFTY,26-DEC-2024,26000.0,05-12-2024 14:39:00,26.95,27.35,25.1,25.15,4334200.0,55050.0,1110.9,1139.3,1110.9,1139.3,1525800.0,900.0
NIFTY,26-DEC-2024,26000.0,05-12-2024 14:40:00,25.05,25.05,22.95,23.15,4294275.0,0.0,1133.6,1162.8,1133.6,1152.55,1526125.0,250.0
NIFTY,26-DEC-2024,26000.0,05-12-2024 14:41:00,23.25,23.4,22.55,23.0,4294275.0,61525.0,1163.0,1165.0,1159.4,1161.0,1526125.0,300.0
NIFTY,26-DEC-2024,26000.0,05-12-2024 14:42:00,23.0,25.0,22.95,24.95,4294275.0,33825.0,1161.0,1161.0,1139.6,1139.6,1526125.0,775.0
NIFTY,26-DEC-2024,26000.0,05-12-2024 14:43:00,25.1,25.5,24.7,25.3,4305525.0,37600.0,1139.6,1139.6,1136.3,1136.3,1526125.0,1750.0
NIFTY,26-DEC-2024,26000.0,05-12-2024 14:44:00,25.3,25.85,24.9,25.05,4305525.0,0.0,1127.5,1136.1,1119.8,1130.4,1525900.0,0.0
NIFTY,26-DEC-2024,26000.0,05-12-2024 14:45:00,25.05,25.25,23.55,24.0,4305525.0,34800.0,1128.9,1140.45,1124.8,1140.45,1525900.0,1850.0
NIFTY,26-DEC-2024,26000.0,05-12-2024 14:46:00,24.1,25.0,24.0,24.65,4307875.0,30200.0,1140.45,1140.45,1135.0,1135.0,1526125.0,275.0
NIFTY,26-DEC-2024,26000.0,05-12-2024 14:47:00,24.9,25.0,24.45,24.8,4307875.0,13600.0,1130.0,1131.0,1128.05,1128.05,1526125.0,925.0
NIFTY,26-DEC-2024,26000.0,05-12-2024 14:48:00,24.95,25.0,24.0,24.2,4307875.0,0.0,1128.05,1137.85,1128.05,1137.85,1526125.0,650.0
NIFTY,26-DEC-2024,26000.0,05-12-2024 14:49:00,24.2,24.2,22.8,22.9,4309975.0,23850.0,1137.85,1157.75,1137.85,1148.6,1525850.0,25.0
NIFTY,26-DEC-2024,26000.0,05-12-2024 14:50:00,22.9,23.2,21.85,21.9,4309975.0,27775.0,1148.05,1172.2,1142.3,1172.2,1525850.0,4450.0
NIFTY,26-DEC-2024,26000.0,05-12-2024 14:51:00,21.45,21.45,18.6,18.6,4309975.0,45100.0,1172.2,1227.25,1172.2,1227.25,1525850.0,625.0
NIFTY,26-DEC-2024,26000.0,05-12-2024 14:52:00,19.55,20.8,18.65,20.7,4301175.0,67950.0,1234.6,1238.9,1186.4,1210.0,1527525.0,2675.0
NIFTY,26-DEC-2024,26000.0,05-12-2024 14:53:00,20.7,21.15,19.15,19.7,4301175.0,7750.0,1214.65,1244.05,1187.8,1244.05,1527525.0,900.0
NIFTY,26-DEC-2024,26000.0,05-12-2024 14:54:00,19.25,20.9,19.25,19.65,4301175.0,43500.0,1244.05,1269.8,1244.05,1269.8,1527525.0,2075.0
NIFTY,26-DEC-2024,26000.0,05-12-2024 14:55:00,19.6,20.25,18.95,19.5,4310075.0,39225.0,1269.8,1279.3,1249.95,1250.0,1528650.0,1925.0
NIFTY,26-DEC-2024,26000.0,05-12-2024 14:56:00,19.5,20.85,16.25,16.25,4310075.0,45050.0,1250.0,1331.05,1250.0,1325.85,1528650.0,1300.0
NIFTY,26-DEC-2024,26000.0,05-12-2024 14:57:00,15.9,16.15,15.2,15.9,4310075.0,115000.0,1325.85,1369.25,1325.85,1369.25,1528650.0,750.0
NIFTY,26-DEC-2024,26000.0,05-12-2024 14:58:00,16.1,16.8,15.8,16.25,4314225.0,48875.0,1369.25,1369.25,1313.05,1316.45,1528650.0,425.0
NIFTY,26-DEC-2024,26000.0,05-12-2024 14:59:00,16.0,18.0,16.0,17.45,4314225.0,0.0,1316.45,1325.35,1268.65,1325.35,1529600.0,700.0
NIFTY,26-DEC-2024,26000.0,05-12-2024 15:00:00,17.35,18.0,17.0,17.75,4314225.0,67375.0,1325.35,1325.35,1304.0,1315.0,1529600.0,600.0
NIFTY,26-DEC-2024,26000.0,05-12-2024 15:01:00,17.7,18.55,17.5,18.45,4345100.0,68925.0,1315.0,1315.0,1312.45,1312.45,1530075.0,0.0
NIFTY,26-DEC-2024,26000.0,05-12-2024 15:02:00,18.5,19.35,18.05,18.65,4345100.0,28800.0,1308.75,1314.8,1280.3,1290.25,1530075.0,450.0
NIFTY,26-DEC-2024,26000.0,05-12-2024 15:03:00,18.9,19.0,18.0,18.05,4345100.0,27100.0,1289.95,1302.6,1281.9,1281.9,1530075.0,1025.0
NIFTY,26-DEC-2024,26000.0,05-12-2024 15:04:00,18.0,18.25,17.6,17.95,4369675.0,37975.0,1281.05,1281.05,1281.0,1281.0,1530075.0,0.0
NIFTY,26-DEC-2024,26000.0,05-12-2024 15:05:00,17.95,18.4,17.75,18.1,4369675.0,4225.0,1281.0,1281.0,1237.65,1255.25,1530525.0,50.0
NIFTY,26-DEC-2024,26000.0,05-12-2024 15:06:00,18.15,18.3,17.8,18.05,4369675.0,45250.0,1260.0,1264.45,1250.4,1254.6,1530525.0,725.0
NIFTY,26-DEC-2024,26000.0,05-12-2024 15:07:00,17.95,17.95,17.2,17.2,4411450.0,0.0,1257.2,1273.15,1257.2,1273.15,1530525.0,0.0
NIFTY,26-DEC-2024,26000.0,05-12-2024 15:08:00,17.2,17.3,16.75,16.9,4411450.0,0.0,1265.2,1265.2,1241.2,1241.2,1530725.0,0.0
NIFTY,26-DEC-2024,26000.0,05-12-2024 15:09:00,16.9,17.6,16.75,17.6,4411450.0,92650.0,1240.2,1240.2,1230.05,1233.85,1530725.0,0.0
NIFTY,26-DEC-2024,26000.0,05-12-2024 15:10:00,17.55,18.1,17.55,18.0,4431250.0,0.0,1231.0,1233.85,1222.0,1223.45,1530725.0,3200.0
NIFTY,26-DEC-2024,26000.0,05-12-2024 15:11:00,18.0,18.2,17.8,18.0,4431250.0,0.0,1223.9,1225.0,1223.9,1225.0,1530575.0,0.0
NIFTY,26-DEC-2024,26000.0,05-12-2024 15:12:00,18.05,18.25,17.9,18.15,4431250.0,0.0,1228.9,1228.9,1220.0,1220.0,1530575.0,0.0
NIFTY,26-DEC-2024,26000.0,05-12-2024 15:13:00,18.15,18.3,17.7,18.0,4441600.0,0.0,1220.0,1228.25,1220.0,1220.0,1530575.0,0.0
NIFTY,26-DEC-2024,26000.0,05-12-2024 15:14:00,17.9,18.45,17.9,18.2,4441600.0,0.0,1219.75,1219.75,1212.0,1215.0,1529900.0,0.0
NIFTY,26-DEC-2024,26000.0,05-12-2024 15:15:00,18.3,18.4,17.95,18.15,4441600.0,0.0,1209.65,1219.0,1209.5,1219.0,1529900.0,0.0
NIFTY,26-DEC-2024,26000.0,05-12-2024 15:16:00,18.1,18.3,17.9,17.95,4444200.0,0.0,1215.35,1215.35,1210.65,1213.15,1529900.0,0.0
NIFTY,26-DEC-2024,26000.0,05-12-2024 15:17:00,17.95,19.25,17.95,19.0,4444200.0,167850.0,1210.0,1210.0,1201.85,1201.85,1530225.0,0.0
NIFTY,26-DEC-2024,26000.0,05-12-2024 15:18:00,19.0,19.0,18.8,18.8,4444200.0,0.0,1208.0,1210.0,1208.0,1210.0,1530225.0,0.0
NIFTY,26-DEC-2024,26000.0,05-12-2024 15:19:00,18.45,18.6,17.5,17.8,4437850.0,0.0,1211.0,1223.7,1211.0,1222.45,1530225.0,0.0
NIFTY,26-DEC-2024,26000.0,05-12-2024 15:20:00,17.8,17.95,17.7,17.8,4437850.0,0.0,1222.45,1222.45,1214.8,1214.8,1530125.0,7150.0
NIFTY,26-DEC-2024,26000.0,05-12-2024 15:21:00,17.8,18.0,17.65,17.75,4437850.0,0.0,1214.8,1215.0,1214.8,1215.0,1530125.0,50.0
NIFTY,26-DEC-2024,26000.0,05-12-2024 15:22:00,17.95,17.95,17.0,17.0,4444250.0,0.0,1217.6,1217.6,1217.6,1217.6,1530125.0,0.0
NIFTY,26-DEC-2024,26000.0,05-12-2024 15:23:00,17.05,17.4,17.0,17.25,4444250.0,0.0,1225.5,1225.5,1225.5,1225.5,1529950.0,100.0
NIFTY,26-DEC-2024,26000.0,05-12-2024 15:24:00,17.25,17.4,17.0,17.2,4444250.0,0.0,1225.5,1225.5,1225.5,1225.5,1529950.0,0.0
NIFTY,26-DEC-2024,26000.0,05-12-2024 15:25:00,17.25,17.6,17.25,17.55,4447450.0,215925.0,1225.5,1225.5,1214.8,1214.8,1529950.0,25.0
NIFTY,26-DEC-2024,26000.0,05-12-2024 15:26:00,17.5,17.55,17.1,17.25,4447450.0,0.0,1214.8,1220.75,1214.8,1215.0,1529925.0,825.0
NIFTY,26-DEC-2024,26000.0,05-12-2024 15:27:00,17.3,17.3,17.15,17.25,4447450.0,52925.0,1215.0,1219.0,1212.6,1215.0,1529925.0,1150.0
NIFTY,26-DEC-2024,26000.0,05-12-2024 15:28:00,17.3,17.4,17.2,17.35,4449925.0,0.0,1215.0,1229.8,1215.0,1229.0,1530675.0,275.0
NIFTY,26-DEC-2024,26000.0,05-12-2024 15:29:00,17.35,18.65,17.0,17.0,4449925.0,0.0,1225.65,1229.0,1221.2,1221.2,1530675.0,400.0
NIFTY,26-DEC-2024,26000.0,06-12-2024 09:15:00,17.0,20.3,17.0,19.4,4393150.0,0.0,1221.2,1221.2,1221.2,1221.2,0.0,0.0
NIFTY,26-DEC-2024,26000.0,06-12-2024 09:16:00,19.1,20.7,19.1,20.7,4393150.0,0.0,1221.2,1221.2,1210.5,1211.3,1530525.0,225.0
NIFTY,26-DEC-2024,26000.0,06-12-2024 09:17:00,20.6,20.65,19.8,19.8,4393150.0,0.0,1215.0,1224.7,1215.0,1224.7,1530525.0,250.0
NIFTY,26-DEC-2024,26000.0,06-12-2024 09:18:00,19.8,20.25,19.55,20.25,4397725.0,0.0,1224.7,1230.65,1224.7,1230.65,1530625.0,50.0
NIFTY,26-DEC-2024,26000.0,06-12-2024 09:19:00,20.5,20.8,20.15,20.55,4397725.0,0.0,1230.65,1235.0,1225.0,1235.0,1530625.0,150.0
NIFTY,26-DEC-2024,26000.0,06-12-2024 09:20:00,20.4,21.55,20.3,21.4,4397725.0,245900.0,1236.1,1236.1,1230.55,1233.75,1530625.0,550.0
NIFTY,26-DEC-2024,26000.0,06-12-2024 09:21:00,21.25,22.65,20.9,22.65,4436350.0,32500.0,1233.75,1235.25,1224.65,1226.4,1530275.0,1025.0
NIFTY,26-DEC-2024,26000.0,06-12-2024 09:22:00,22.7,24.7,22.25,24.1,4436350.0,74800.0,1226.4,1226.4,1221.0,1221.0,1530275.0,25.0
NIFTY,26-DEC-2024,26000.0,06-12-2024 09:23:00,24.0,24.3,23.5,23.75,4436350.0,44200.0,1221.0,1221.0,1205.0,1210.0,1530275.0,150.0
NIFTY,26-DEC-2024,26000.0,06-12-2024 09:24:00,23.75,24.85,23.6,23.8,4440400.0,56025.0,1210.0,1210.0,1191.5,1206.65,1530100.0,300.0
NIFTY,26-DEC-2024,26000.0,06-12-2024 09:25:00,23.55,23.55,22.5,22.8,4440400.0,35050.0,1206.65,1216.05,1206.65,1214.0,1530100.0,425.0
NIFTY,26-DEC-2024,26000.0,06-12-2024 09:26:00,22.8,23.2,22.15,23.2,4440400.0,23575.0,1214.0,1224.6,1214.0,1218.75,1530100.0,325.0
NIFTY,26-DEC-2024,26000.0,06-12-2024 09:27:00,23.2,23.95,23.15,23.65,4440250.0,22450.0,1216.0,1216.0,1202.0,1202.0,1530100.0,50.0
NIFTY,26-DEC-2024,26000.0,06-12-2024 09:28:00,23.6,24.7,23.6,24.3,4440250.0,24325.0,1203.2,1204.95,1200.0,1204.95,1530075.0,350.0
NIFTY,26-DEC-2024,26000.0,06-12-2024 09:29:00,24.3,24.6,23.35,23.45,4440250.0,35625.0,1204.95,1220.15,1204.95,1220.15,1530075.0,575.0
NIFTY,26-DEC-2024,26000.0,06-12-2024 09:30:00,23.45,23.6,23.1,23.15,4437625.0,17000.0,1220.15,1226.85,1220.15,1226.85,1530075.0,50.0
NIFTY,26-DEC-2024,26000.0,06-12-2024 09:31:00,23.2,23.65,23.1,23.2,4437625.0,58450.0,1226.85,1226.85,1220.0,1222.3,1530325.0,500.0
NIFTY,26-DEC-2024,26000.0,06-12-2024 09:32:00,23.5,23.5,22.6,22.65,4437625.0,23200.0,1230.0,1233.05,1226.0,1233.0,1530325.0,350.0
NIFTY,26-DEC-2024,26000.0,06-12-2024 09:33:00,22.65,23.1,22.05,23.05,4472875.0,26400.0,1233.0,1242.1,1233.0,1235.35,1530325.0,250.0
NIFTY,26-DEC-2024,26000.0,06-12-2024 09:34:00,23.05,23.05,22.4,22.4,4472875.0,14200.0,1235.35,1235.35,1234.85,1234.85,1530275.0,25.0
NIFTY,26-DEC-2024,26000.0,06-12-2024 09:35:00,22.4,23.05,22.4,22.7,4472875.0,12375.0,1234.85,1240.0,1234.85,1240.0,1530275.0,1800.0
NIFTY,26-DEC-2024,26000.0,06-12-2024 09:36:00,22.7,23.6,22.6,23.1,4481400.0,12050.0,1240.0,1240.65,1235.8,1235.8,1530275.0,100.0
NIFTY,26-DEC-2024,26000.0,06-12-2024 09:37:00,23.1,23.35,22.45,22.6,4481400.0,25325.0,1235.8,1239.55,1228.55,1239.55,1532075.0,125.0
NIFTY,26-DEC-2024,26000.0,06-12-2024 09:38:00,22.75,23.6,22.6,23.05,4481400.0,12575.0,1239.55,1239.55,1225.0,1225.0,1532075.0,175.0
NIFTY,26-DEC-2024,26000.0,06-12-2024 09:39:00,23.05,23.35,22.8,23.35,4480850.0,13600.0,1225.0,1229.0,1225.0,1229.0,1532075.0,100.0
NIFTY,26-DEC-2024,26000.0,06-12-2024 09:40:00,23.45,23.65,22.85,22.95,4480850.0,35400.0,1229.0,1229.0,1214.85,1225.6,1532150.0,575.0
NIFTY,26-DEC-2024,26000.0,06-12-2024 09:41:00,22.85,23.15,22.75,23.0,4480850.0,14075.0,1227.5,1232.15,1226.65,1227.9,1532150.0,1850.0
NIFTY,26-DEC-2024,26000.0,06-12-2024 09:42:00,23.0,23.4,22.55,22.95,4489525.0,13575.0,1227.9,1233.3,1217.15,1217.8,1532275.0,550.0
NIFTY,26-DEC-2024,26000.0,06-12-2024 09:43:00,22.95,23.2,22.75,23.2,4489525.0,7550.0,1217.8,1217.8,1214.25,1214.25,1532275.0,25.0
NIFTY,26-DEC-2024,26000.0,06-12-2024 09:44:00,23.15,23.7,22.85,23.5,4489525.0,6525.0,1214.25,1222.0,1205.0,1205.0,1532275.0,200.0
NIFTY,26-DEC-2024,26000.0,06-12-2024 09:45:00,23.5,23.5,22.7,22.8,4498200.0,31200.0,1205.0,1222.5,1205.0,1215.2,1532275.0,175.0
NIFTY,26-DEC-2024,26000.0,06-12-2024 09:46:00,22.8,23.2,22.65,23.0,4498200.0,15550.0,1215.2,1215.2,1215.2,1215.2,1532275.0,0.0
NIFTY,26-DEC-2024,26000.0,06-12-2024 09:47:00,23.0,23.35,22.65,23.1,4498200.0,33475.0,1215.2,1215.2,1201.0,1201.0,1532450.0,50.0
NIFTY,26-DEC-2024,26000.0,06-12-2024 09:48:00,23.1,23.15,22.7,22.8,4478325.0,14400.0,1201.0,1210.0,1201.0,1210.0,1532450.0,50.0
NIFTY,26-DEC-2024,26000.0,06-12-2024 09:49:00,22.8,23.0,22.7,22.85,4478325.0,14025.0,1201.0,1205.0,1193.1,1205.0,1532525.0,225.0
NIFTY,26-DEC-2024,26000.0,06-12-2024 09:50:00,22.85,22.9,22.5,22.55,4478325.0,14900.0,1198.75,1213.0,1198.75,1213.0,1532525.0,225.0
NIFTY,26-DEC-2024,26000.0,06-12-2024 09:51:00,22.6,22.95,22.5,22.5,4473700.0,7275.0,1209.0,1209.0,1206.0,1206.0,1532525.0,725.0
NIFTY,26-DEC-2024,26000.0,06-12-2024 09:52:00,22.5,22.5,21.9,22.25,4473700.0,23175.0,1206.0,1217.5,1206.0,1217.5,1532300.0,50.0
NIFTY,26-DEC-2024,26000.0,06-12-2024 09:53:00,22.3,22.65,22.15,22.5,4473700.0,8925.0,1217.5,1217.5,1206.0,1206.0,1532300.0,225.0
NIFTY,26-DEC-2024,26000.0,06-12-2024 09:54:00,22.5,22.6,22.25,22.6,4484975.0,4975.0,1206.0,1212.25,1206.0,1212.25,1532300.0,25.0
NIFTY,26-DEC-2024,26000.0,06-12-2024 09:55:00,22.6,22.6,21.95,22.15,4484975.0,18600.0,1212.25,1217.5,1212.25,1217.5,1532300.0,50.0
NIFTY,26-DEC-2024,26000.0,06-12-2024 09:56:00,22.15,22.15,21.1,21.8,4484975.0,25600.0,1217.5,1225.8,1217.5,1225.8,1532100.0,350.0
NIFTY,26-DEC-2024,26000.0,06-12-2024 09:57:00,21.65,21.75,20.5,20.7,4485925.0,16250.0,1225.8,1250.0,1225.8,1250.0,1532150.0,500.0
NIFTY,26-DEC-2024,26000.0,06-12-2024 09:58:00,20.45,21.85,20.15,21.65,4485925.0,15375.0,1255.0,1255.0,1255.0,1255.0,1532150.0,125.0
NIFTY,26-DEC-2024,26000.0,06-12-2024 09:59:00,21.6,21.6,21.15,21.35,4485925.0,13675.0,1255.0,1255.0,1235.1,1235.1,1532150.0,50.0
NIFTY,26-DEC-2024,26000.0,06-12-2024 10:00:00,21.0,21.7,20.55,21.7,4492650.0,13175.0,1235.1,1241.15,1230.15,1230.15,1532775.0,75.0
NIFTY,26-DEC-2024,26000.0,06-12-2024 10:01:00,21.7,22.25,21.6,22.0,4492650.0,18925.0,1226.8,1226.8,1222.45,1225.1,1532775.0,300.0
NIFTY,26-DEC-2024,26000.0,06-12-2024 10:02:00,22.1,22.6,22.0,22.55,4492650.0,7625.0,1225.1,1225.1,1215.95,1217.35,1532775.0,75.0
NIFTY,26-DEC-2024,26000.0,06-12-2024 10:03:00,22.65,23.9,22.0,22.1,4504925.0,50400.0,1211.9,1222.5,1193.3,1222.5,1532825.0,400.0
NIFTY,26-DEC-2024,26000.0,06-12-2024 10:04:00,22.55,23.65,22.2,23.25,4504925.0,16175.0,1222.5,1222.5,1189.65,1191.8,1532825.0,50.0
NIFTY,26-DEC-2024,26000.0,06-12-2024 10:05:00,23.2,23.5,22.2,22.75,4504925.0,28875.0,1191.8,1199.0,1191.4,1199.0,1532825.0,75.0
NIFTY,26-DEC-2024,26000.0,06-12-2024 10:06:00,22.75,22.9,20.7,20.7,4525175.0,35600.0,1199.0,1250.0,1199.0,1250.0,1533425.0,600.0
NIFTY,26-DEC-2024,26000.0,06-12-2024 10:07:00,20.55,20.55,18.3,19.0,4525175.0,80350.0,1255.0,1294.95,1255.0,1285.7,1533425.0,425.0
NIFTY,26-DEC-2024,26000.0,06-12-2024 10:08:00,19.05,19.3,18.2,19.05,4525175.0,53275.0,1294.95,1305.0,1276.7,1286.55,1533425.0,725.0
NIFTY,26-DEC-2024,26000.0,06-12-2024 10:09:00,19.0,19.25,18.5,18.8,4558325.0,41475.0,1290.1,1300.0,1283.3,1287.8,1533900.0,250.0
NIFTY,26-DEC-2024,26000.0,06-12-2024 10:10:00,18.6,20.2,18.6,19.55,4558325.0,45800.0,1287.8,1287.8,1247.35,1274.85,1533900.0,175.0
NIFTY,26-DEC-2024,26000.0,06-12-2024 10:11:00,19.55,20.35,19.05,19.5,4558325.0,60450.0,1274.85,1285.5,1262.0,1262.0,1533900.0,100.0
NIFTY,26-DEC-2024,26000.0,06-12-2024 10:12:00,19.55,20.05,19.25,19.25,4608100.0,13675.0,1262.0,1262.0,1262.0,1262.0,1533900.0,0.0
NIFTY,26-DEC-2024,26000.0,06-12-2024 10:13:00,19.25,19.6,19.15,19.2,4608100.0,10125.0,1262.0,1270.0,1262.0,1270.0,1534000.0,225.0
NIFTY,26-DEC-2024,26000.0,06-12-2024 10:14:00,19.2,19.35,18.95,19.3,4608100.0,9400.0,1270.0,1278.0,1270.0,1278.0,1534000.0,150.0
NIFTY,26-DEC-2024,26000.0,06-12-2024 10:15:00,19.15,19.45,18.4,18.4,4611800.0,3225.0,1278.0,1278.0,1271.2,1273.1,1534150.0,75.0
NIFTY,26-DEC-2024,26000.0,06-12-2024 10:16:00,18.55,18.55,17.0,17.0,4611800.0,72550.0,1273.1,1290.0,1273.1,1287.65,1534150.0,1400.0
NIFTY,26-DEC-2024,26000.0,06-12-2024 10:17:00,17.0,18.0,17.0,18.0,4611800.0,27000.0,1287.65,1300.0,1287.65,1298.6,1534150.0,600.0
NIFTY,26-DEC-2024,26000.0,06-12-2024 10:18:00,17.9,18.2,17.75,17.75,4639825.0,15150.0,1298.6,1298.6,1283.15,1286.75,1534150.0,175.0
NIFTY,26-DEC-2024,26000.0,06-12-2024 10:19:00,18.0,18.2,17.8,17.8,4639825.0,21975.0,1286.75,1286.75,1286.75,1286.75,1535325.0,50.0
NIFTY,26-DEC-2024,26000.0,06-12-2024 10:20:00,17.7,19.05,17.7,19.0,4639825.0,11925.0,1286.75,1286.75,1255.0,1255.0,1535325.0,100.0
NIFTY,26-DEC-2024,26000.0,06-12-2024 10:21:00,18.9,19.85,18.9,19.55,4672300.0,41500.0,1260.0,1265.0,1250.0,1265.0,1535475.0,125.0
NIFTY,26-DEC-2024,26000.0,06-12-2024 10:22:00,19.5,21.35,19.5,20.5,4672300.0,57250.0,1251.0,1251.0,1196.55,1210.0,1535475.0,1675.0
NIFTY,26-DEC-2024,26000.0,06-12-2024 10:23:00,20.5,21.95,20.5,21.55,4672300.0,22425.0,1206.55,1215.0,1191.2,1200.0,1535475.0,1425.0
NIFTY,26-DEC-2024,26000.0,06-12-2024 10:24:00,21.45,21.75,20.0,20.2,4672300.0,17750.0,1200.0,1215.0,1189.55,1215.0,1535475.0,500.0
NIFTY,26-DEC-2024,26000.0,06-12-2024 10:25:00,20.2,21.6,19.95,21.25,4664000.0,19750.0,1215.0,1215.0,1194.85,1194.85,1535075.0,75.0
NIFTY,26-DEC-2024,26000.0,06-12-2024 10:26:00,21.25,21.25,20.8,21.05,4664000.0,13925.0,1194.85,1210.0,1194.85,1210.0,1535075.0,50.0
NIFTY,26-DEC-2024,26000.0,06-12-2024 10:27:00,20.8,21.7,20.5,21.7,4683400.0,37075.0,1210.0,1210.0,1205.0,1207.5,1535075.0,50.0
NIFTY,26-DEC-2024,26000.0,06-12-2024 10:28:00,21.65,21.95,20.45,20.5,4683400.0,34825.0,1207.5,1207.5,1185.2,1195.7,1535200.0,75.0
NIFTY,26-DEC-2024,26000.0,06-12-2024 10:29:00,20.55,20.8,20.45,20.6,4683400.0,17975.0,1195.7,1195.7,1195.7,1195.7,1535200.0,0.0
NIFTY,26-DEC-2024,26000.0,06-12-2024 10:30:00,20.8,20.85,20.0,20.0,4691400.0,20300.0,1195.7,1215.0,1195.7,1215.0,1535500.0,375.0
NIFTY,26-DEC-2024,26000.0,06-12-2024 10:31:00,20.05,20.05,19.0,19.1,4691400.0,30375.0,1215.0,1220.0,1215.0,1220.0,1535500.0,50.0
NIFTY,26-DEC-2024,26000.0,06-12-2024 10:32:00,19.1,19.65,18.5,19.65,4691400.0,25.0,1220.0,1235.0,1220.0,1220.85,1535500.0,225.0
NIFTY,26-DEC-2024,26000.0,06-12-2024 10:33:00,19.85,20.3,19.4,20.3,4676600.0,28875.0,1220.85,1220.85,1208.65,1208.65,1535500.0,150.0
NIFTY,26-DEC-2024,26000.0,06-12-2024 10:34:00,20.3,20.3,19.35,19.65,4676600.0,50.0,1208.65,1213.05,1207.45,1212.8,1535825.0,375.0
NIFTY,26-DEC-2024,26000.0,06-12-2024 10:35:00,19.55,19.55,19.1,19.3,4676600.0,19275.0,1212.8,1220.0,1212.8,1220.0,1535825.0,575.0
NIFTY,26-DEC-2024,26000.0,06-12-2024 10:36:00,19.4,19.8,19.25,19.25,4697875.0,11500.0,1220.0,1220.0,1213.85,1213.85,1535825.0,75.0
NIFTY,26-DEC-2024,26000.0,06-12-2024 10:37:00,19.4,19.4,19.0,19.0,4697875.0,3625.0,1213.85,1224.8,1213.85,1224.8,1536350.0,25.0
NIFTY,26-DEC-2024,26000.0,06-12-2024 10:38:00,18.8,19.0,18.35,18.65,4697875.0,7575.0,1224.8,1237.2,1224.8,1237.2,1536350.0,400.0
NIFTY,26-DEC-2024,26000.0,06-12-2024 10:39:00,18.65,19.05,18.5,18.6,4700600.0,9200.0,1237.2,1238.25,1226.65,1236.35,1536350.0,150.0
NIFTY,26-DEC-2024,26000.0,06-12-2024 10:40:00,18.65,19.0,18.5,18.55,4700600.0,11350.0,1236.35,1236.35,1225.05,1227.55,1536350.0,50.0
NIFTY,26-DEC-2024,26000.0,06-12-2024 10:41:00,18.65,19.1,18.6,18.8,4700600.0,15175.0,1227.55,1227.55,1210.0,1210.0,1536500.0,175.0
NIFTY,26-DEC-2024,26000.0,06-12-2024 10:42:00,19.1,19.25,18.8,19.05,4694425.0,13900.0,1210.0,1210.0,1210.0,1210.0,1536500.0,0.0
NIFTY,26-DEC-2024,26000.0,06-12-2024 10:43:00,19.1,19.1,18.6,18.95,4694425.0,3925.0,1210.0,1210.0,1200.0,1200.0,1536375.0,50.0
NIFTY,26-DEC-2024,26000.0,06-12-2024 10:44:00,18.95,19.45,18.95,19.25,4694425.0,2400.0,1200.0,1202.05,1197.25,1197.55,1536375.0,125.0
NIFTY,26-DEC-2024,26000.0,06-12-2024 10:45:00,19.2,19.7,19.0,19.65,4703100.0,17175.0,1197.55,1197.55,1197.55,1197.55,1536375.0,75.0
NIFTY,26-DEC-2024,26000.0,06-12-2024 10:46:00,19.5,19.6,19.0,19.1,4703100.0,5525.0,1202.0,1210.0,1202.0,1210.0,1536375.0,50.0
NIFTY,26-DEC-2024,26000.0,06-12-2024 10:47:00,19.2,19.5,19.2,19.3,4703100.0,0.0,1210.0,1215.0,1210.0,1214.0,1536375.0,50.0
NIFTY,26-DEC-2024,26000.0,06-12-2024 10:48:00,19.3,19.6,19.3,19.5,4703100.0,10025.0,1214.0,1214.0,1214.0,1214.0,1536375.0,0.0
NIFTY,26-DEC-2024,26000.0,06-12-2024 10:49:00,19.6,19.75,19.55,19.55,4707425.0,0.0,1214.0,1214.0,1208.0,1208.0,1536375.0,50.0
NIFTY,26-DEC-2024,26000.0,06-12-2024 10:50:00,19.5,19.6,19.2,19.6,4707425.0,18375.0,1208.0,1208.0,1208.0,1208.0,1536375.0,0.0
NIFTY,26-DEC-2024,26000.0,06-12-2024 10:51:00,19.5,19.6,19.2,19.2,4707425.0,6950.0,1208.0,1210.0,1208.0,1210.0,1536375.0,150.0
NIFTY,26-DEC-2024,26000.0,06-12-2024 10:52:00,19.4,19.4,18.7,18.95,4711275.0,0.0,1210.0,1210.0,1210.0,1210.0,1536375.0,0.0
NIFTY,26-DEC-2024,26000.0,06-12-2024 10:53:00,18.6,18.6,18.4,18.45,4711275.0,10650.0,1220.0,1225.0,1220.0,1225.0,1536450.0,50.0
NIFTY,26-DEC-2024,26000.0,06-12-2024 10:54:00,18.45,18.8,18.2,18.8,4716325.0,10700.0,1225.0,1230.0,1225.0,1230.0,1536450.0,25.0
NIFTY,26-DEC-2024,26000.0,06-12-2024 10:55:00,18.85,19.2,18.8,19.2,4716325.0,2850.0,1230.0,1230.0,1218.4,1218.5,1536525.0,200.0
NIFTY,26-DEC-2024,26000.0,06-12-2024 10:56:00,19.2,19.3,19.05,19.2,4716325.0,7425.0,1219.95,1221.85,1212.7,1212.7,1536525.0,850.0
NIFTY,26-DEC-2024,26000.0,06-12-2024 10:57:00,19.3,19.4,19.2,19.2,4714875.0,8825.0,1212.7,1221.95,1212.7,1221.95,1535100.0,2550.0
NIFTY,26-DEC-2024,26000.0,06-12-2024 10:58:00,19.0,19.3,19.0,19.3,4714875.0,7350.0,1221.95,1221.95,1217.25,1218.25,1535100.0,175.0
NIFTY,26-DEC-2024,26000.0,06-12-2024 10:59:00,19.3,19.3,19.0,19.1,4714875.0,4975.0,1218.25,1218.25,1218.25,1218.25,1535100.0,0.0
NIFTY,26-DEC-2024,26000.0,06-12-2024 11:00:00,18.95,19.1,18.95,19.0,4718275.0,375.0,1218.25,1218.25,1218.25,1218.25,1535100.0,0.0
NIFTY,26-DEC-2024,26000.0,06-12-2024 11:01:00,19.0,19.65,19.0,19.6,4718275.0,0.0,1218.25,1218.25,1218.25,1218.25,1535100.0,0.0
NIFTY,26-DEC-2024,26000.0,06-12-2024 11:02:00,19.45,19.55,19.25,19.5,4718275.0,6550.0,1218.25,1218.25,1201.5,1202.3,1533950.0,3000.0
NIFTY,26-DEC-2024,26000.0,06-12-2024 11:03:00,19.5,19.5,19.4,19.5,4716350.0,4575.0,1202.3,1202.3,1202.3,1202.3,1533950.0,0.0
NIFTY,26-DEC-2024,26000.0,06-12-2024 11:04:00,19.6,19.6,19.3,19.4,4716350.0,2750.0,1202.3,1202.3,1200.0,1200.0,1533950.0,25.0
NIFTY,26-DEC-2024,26000.0,06-12-2024 11:05:00,19.35,19.5,19.05,19.1,4716350.0,1575.0,1200.0,1204.75,1200.0,1204.75,1531075.0,50.0
NIFTY,26-DEC-2024,26000.0,06-12-2024 11:06:00,19.05,20.05,19.05,19.65,4716350.0,9775.0,1204.75,1204.75,1182.05,1182.05,1531075.0,50.0
NIFTY,26-DEC-2024,26000.0,06-12-2024 11:07:00,19.75,20.45,19.65,20.25,4714975.0,25250.0,1182.05,1182.05,1172.95,1177.45,1531075.0,650.0
NIFTY,26-DEC-2024,26000.0,06-12-2024 11:08:00,20.1,20.35,20.0,20.3,4714975.0,0.0,1177.45,1185.0,1177.45,1182.05,1531075.0,325.0
NIFTY,26-DEC-2024,26000.0,06-12-2024 11:09:00,20.85,20.85,20.45,20.45,4714550.0,0.0,1182.05,1190.0,1182.05,1190.0,1531075.0,75.0
NIFTY,26-DEC-2024,26000.0,06-12-2024 11:10:00,20.4,20.4,19.95,20.05,4714550.0,0.0,1190.0,1195.0,1188.7,1195.0,1531050.0,175.0
NIFTY,26-DEC-2024,26000.0,06-12-2024 11:11:00,20.05,20.05,19.7,19.7,4714550.0,36750.0,1195.0,1200.0,1195.0,1200.0,1531050.0,25.0
NIFTY,26-DEC-2024,26000.0,06-12-2024 11:12:00,19.7,19.8,19.15,19.3,4714550.0,0.0,1200.0,1218.4,1200.0,1217.7,1531275.0,325.0
NIFTY,26-DEC-2024,26000.0,06-12-2024 11:13:00,19.55,19.55,19.0,19.3,4711100.0,0.0,1217.7,1225.0,1215.0,1225.0,1531275.0,125.0
NIFTY,26-DEC-2024,26000.0,06-12-2024 11:14:00,19.1,19.5,19.05,19.5,4711100.0,0.0,1225.0,1225.0,1219.25,1219.25,1531275.0,25.0
NIFTY,26-DEC-2024,26000.0,06-12-2024 11:15:00,19.6,19.6,19.0,19.15,4714250.0,0.0,1210.0,1230.0,1210.0,1230.0,1531275.0,50.0
NIFTY,26-DEC-2024,26000.0,06-12-2024 11:16:00,19.1,19.3,19.05,19.2,4714250.0,0.0,1230.0,1230.0,1222.9,1224.35,1531500.0,200.0
NIFTY,26-DEC-2024,26000.0,06-12-2024 11:17:00,19.0,19.4,19.0,19.35,4714250.0,0.0,1224.35,1225.35,1210.85,1210.85,1531500.0,1025.0
NIFTY,26-DEC-2024,26000.0,06-12-2024 11:18:00,19.3,19.3,19.0,19.0,4713125.0,0.0,1211.0,1211.0,1211.0,1211.0,1531500.0,525.0
NIFTY,26-DEC-2024,26000.0,06-12-2024 11:19:00,19.1,19.2,19.0,19.1,4713125.0,38200.0,1211.0,1222.2,1211.0,1222.2,1531025.0,250.0
NIFTY,26-DEC-2024,26000.0,06-12-2024 11:20:00,19.0,19.3,19.0,19.2,4713125.0,1225.0,1222.2,1229.5,1222.2,1229.5,1531025.0,125.0
NIFTY,26-DEC-2024,26000.0,06-12-2024 11:21:00,19.2,19.3,19.0,19.1,4731100.0,22400.0,1229.5,1229.8,1227.65,1229.5,1531025.0,175.0
NIFTY,26-DEC-2024,26000.0,06-12-2024 11:22:00,19.15,19.15,19.0,19.05,4731100.0,4550.0,1229.5,1229.5,1229.5,1229.5,1531025.0,0.0
NIFTY,26-DEC-2024,26000.0,06-12-2024 11:23:00,18.9,19.15,18.8,18.8,4731100.0,4000.0,1229.5,1230.0,1229.5,1230.0,1531225.0,50.0
NIFTY,26-DEC-2024,26000.0,06-12-2024 11:24:00,18.85,18.9,18.5,18.5,4735450.0,4650.0,1230.0,1235.0,1230.0,1235.0,1531225.0,25.0
NIFTY,26-DEC-2024,26000.0,06-12-2024 11:25:00,18.4,18.8,18.3,18.7,4735450.0,10350.0,1235.0,1240.0,1235.0,1240.0,1531225.0,25.0
NIFTY,26-DEC-2024,26000.0,06-12-2024 11:26:00,18.7,18.8,17.85,18.1,4735450.0,250.0,1240.0,1260.0,1240.0,1260.0,1531300.0,200.0
NIFTY,26-DEC-2024,26000.0,06-12-2024 11:27:00,18.0,18.25,17.9,18.25,4723600.0,26425.0,1260.0,1260.0,1260.0,1260.0,1531300.0,0.0
NIFTY,26-DEC-2024,26000.0,06-12-2024 11:28:00,18.25,18.4,17.95,18.0,4723600.0,2075.0,1260.0,1260.0,1260.0,1260.0,1531300.0,0.0
NIFTY,26-DEC-2024,26000.0,06-12-2024 11:29:00,18.1,18.25,17.95,18.0,4723600.0,12425.0,1260.0,1260.0,1260.0,1260.0,1531300.0,0.0
NIFTY,26-DEC-2024,26000.0,06-12-2024 11:30:00,17.9,18.05,17.9,18.05,4723600.0,7850.0,1260.0,1260.0,1240.0,1240.0,1531300.0,25.0
NIFTY,26-DEC-2024,26000.0,06-12-2024 11:31:00,18.0,18.65,18.0,18.55,4723300.0,6625.0,1241.6,1241.6,1235.0,1235.0,1531425.0,100.0
NIFTY,26-DEC-2024,26000.0,06-12-2024 11:32:00,18.55,18.6,18.0,18.05,4723300.0,11525.0,1235.0,1235.0,1233.0,1233.0,1531425.0,25.0
NIFTY,26-DEC-2024,26000.0,06-12-2024 11:33:00,18.05,18.2,18.0,18.15,4723300.0,1075.0,1233.0,1233.0,1233.0,1233.0,1531425.0,0.0
NIFTY,26-DEC-2024,26000.0,06-12-2024 11:34:00,18.0,18.3,18.0,18.3,4731200.0,0.0,1233.0,1233.0,1233.0,1233.0,1531425.0,0.0
NIFTY,26-DEC-2024,26000.0,06-12-2024 11:35:00,18.3,18.55,18.3,18.5,4731200.0,9650.0,1233.0,1233.0,1230.0,1230.0,1531400.0,75.0
NIFTY,26-DEC-2024,26000.0,06-12-2024 11:36:00,18.5,18.85,18.5,18.8,4731200.0,4875.0,1230.0,1230.0,1224.0,1224.0,1531400.0,25.0
NIFTY,26-DEC-2024,26000.0,06-12-2024 11:37:00,18.75,18.75,18.55,18.6,4728350.0,6025.0,1224.0,1235.0,1224.0,1235.0,1531425.0,125.0
NIFTY,26-DEC-2024,26000.0,06-12-2024 11:38:00,18.85,18.9,18.75,18.75,4728350.0,0.0,1235.0,1235.0,1235.0,1235.0,1531425.0,0.0
NIFTY,26-DEC-2024,26000.0,06-12-2024 11:39:00,18.7,18.8,18.55,18.55,4733450.0,700.0,1235.0,1235.0,1235.0,1235.0,1531425.0,0.0
NIFTY,26-DEC-2024,26000.0,06-12-2024 11:40:00,18.65,18.65,18.5,18.65,4733450.0,3750.0,1235.0,1237.0,1235.0,1237.0,1531550.0,25.0
NIFTY,26-DEC-2024,26000.0,06-12-2024 11:41:00,18.6,18.7,18.5,18.65,4733450.0,0.0,1237.0,1237.0,1237.0,1237.0,1531550.0,0.0
NIFTY,26-DEC-2024,26000.0,06-12-2024 11:42:00,18.5,18.7,18.5,18.65,4735400.0,8100.0,1237.0,1237.0,1227.55,1227.55,1531575.0,0.0
NIFTY,26-DEC-2024,26000.0,06-12-2024 11:43:00,18.75,18.75,18.5,18.55,4735400.0,3525.0,1227.55,1233.0,1227.55,1233.0,1531575.0,150.0
NIFTY,26-DEC-2024,26000.0,06-12-2024 11:44:00,18.7,18.7,18.6,18.7,4735400.0,2725.0,1233.0,1233.0,1233.0,1233.0,1531575.0,0.0
NIFTY,26-DEC-2024,26000.0,06-12-2024 11:45:00,18.75,18.75,18.35,18.65,4735400.0,0.0,1233.0,1233.0,1230.0,1230.0,1531575.0,50.0
NIFTY,26-DEC-2024,26000.0,06-12-2024 11:46:00,18.65,18.9,18.45,18.9,4735700.0,2525.0,1230.0,1240.0,1230.0,1240.0,1531575.0,25.0
NIFTY,26-DEC-2024,26000.0,06-12-2024 11:47:00,18.8,18.85,18.65,18.8,4735700.0,11775.0,1240.0,1240.0,1240.0,1240.0,1531775.0,75.0
NIFTY,26-DEC-2024,26000.0,06-12-2024 11:48:00,18.75,18.75,18.15,18.4,4728050.0,15525.0,1240.0,1248.7,1240.0,1248.7,1531775.0,50.0
NIFTY,26-DEC-2024,26000.0,06-12-2024 11:49:00,18.4,18.5,18.3,18.35,4728050.0,0.0,1248.7,1250.0,1240.0,1250.0,1531800.0,125.0
NIFTY,26-DEC-2024,26000.0,06-12-2024 11:50:00,18.15,18.4,18.15,18.4,4728050.0,14075.0,1250.0,1250.0,1250.0,1250.0,1531800.0,0.0
NIFTY,26-DEC-2024,26000.0,06-12-2024 11:51:00,18.4,18.5,18.4,18.45,4728050.0,0.0,1250.0,1250.0,1250.0,1250.0,1531800.0,0.0
NIFTY,26-DEC-2024,26000.0,06-12-2024 11:52:00,18.45,18.5,18.3,18.5,4726425.0,2050.0,1250.0,1250.0,1250.0,1250.0,1531800.0,0.0
NIFTY,26-DEC-2024,26000.0,06-12-2024 11:53:00,18.5,18.6,18.3,18.55,4726425.0,4400.0,1250.0,1250.0,1239.0,1239.0,1531775.0,150.0
NIFTY,26-DEC-2024,26000.0,06-12-2024 11:54:00,18.55,18.55,18.3,18.3,4726425.0,1000.0,1239.0,1239.0,1239.0,1239.0,1531775.0,0.0
NIFTY,26-DEC-2024,26000.0,06-12-2024 11:55:00,18.5,18.8,18.5,18.8,4725925.0,2525.0,1239.0,1239.0,1233.0,1233.0,1531825.0,125.0
NIFTY,26-DEC-2024,26000.0,06-12-2024 11:56:00,18.8,19.5,18.8,19.5,4725925.0,18450.0,1227.0,1227.0,1220.0,1220.0,1531825.0,125.0
NIFTY,26-DEC-2024,26000.0,06-12-2024 11:57:00,19.5,19.6,19.4,19.6,4725925.0,2650.0,1220.0,1220.0,1215.55,1215.55,1531825.0,75.0
NIFTY,26-DEC-2024,26000.0,06-12-2024 11:58:00,19.6,19.95,19.55,19.7,4726975.0,7250.0,1215.55,1215.55,1205.0,1210.0,1531950.0,100.0
NIFTY,26-DEC-2024,26000.0,06-12-2024 11:59:00,19.7,19.9,19.6,19.9,4726975.0,3525.0,1210.0,1215.0,1210.0,1215.0,1531950.0,25.0
NIFTY,26-DEC-2024,26000.0,06-12-2024 12:00:00,19.9,20.2,19.9,19.9,4726975.0,11800.0,1215.0,1215.0,1209.2,1210.0,1531950.0,225.0
NIFTY,26-DEC-2024,26000.0,06-12-2024 12:01:00,20.05,20.05,19.8,19.85,4730150.0,7375.0,1210.0,1215.0,1210.0,1215.0,1531825.0,50.0
NIFTY,26-DEC-2024,26000.0,06-12-2024 12:02:00,19.85,20.1,19.85,19.95,4730150.0,4475.0,1215.0,1215.0,1215.0,1215.0,1531825.0,0.0
NIFTY,26-DEC-2024,26000.0,06-12-2024 12:03:00,20.0,20.2,19.95,20.2,4730150.0,0.0,1215.0,1215.0,1208.35,1208.35,1531825.0,75.0
NIFTY,26-DEC-2024,26000.0,06-12-2024 12:04:00,20.15,20.15,19.8,19.85,4731675.0,13350.0,1208.35,1210.2,1208.35,1208.95,1531950.0,275.0
NIFTY,26-DEC-2024,26000.0,06-12-2024 12:05:00,19.8,19.85,19.2,19.2,4731675.0,375.0,1208.95,1220.0,1208.95,1220.0,1531950.0,25.0
NIFTY,26-DEC-2024,26000.0,06-12-2024 12:06:00,19.05,19.35,19.05,19.3,4731675.0,7525.0,1220.0,1220.0,1220.0,1220.0,1531950.0,25.0
NIFTY,26-DEC-2024,26000.0,06-12-2024 12:07:00,19.6,19.7,19.2,19.3,4734675.0,1375.0,1220.0,1225.0,1220.0,1225.0,1532025.0,50.0
NIFTY,26-DEC-2024,26000.0,06-12-2024 12:08:00,19.2,19.35,19.0,19.05,4734675.0,5725.0,1225.0,1230.0,1225.0,1230.0,1532025.0,25.0
NIFTY,26-DEC-2024,26000.0,06-12-2024 12:09:00,19.1,19.3,19.05,19.15,4734675.0,4800.0,1230.0,1230.0,1230.0,1230.0,1532025.0,0.0
NIFTY,26-DEC-2024,26000.0,06-12-2024 12:10:00,19.15,19.25,18.9,19.25,4735750.0,2050.0,1230.0,1230.0,1230.0,1230.0,1532025.0,0.0
NIFTY,26-DEC-2024,26000.0,06-12-2024 12:11:00,19.3,19.55,19.3,19.5,4735750.0,750.0,1230.0,1230.0,1220.0,1220.0,1532025.0,25.0
NIFTY,26-DEC-2024,26000.0,06-12-2024 12:12:00,19.5,19.5,19.1,19.3,4735750.0,0.0,1220.0,1220.1,1215.5,1215.5,1532100.0,150.0
NIFTY,26-DEC-2024,26000.0,06-12-2024 12:13:00,19.3,19.5,19.1,19.1,4735900.0,3025.0,1215.5,1215.5,1215.5,1215.5,1532100.0,0.0
NIFTY,26-DEC-2024,26000.0,06-12-2024 12:14:00,18.8,18.8,18.4,18.6,4735900.0,14750.0,1215.5,1215.5,1215.1,1215.1,1532250.0,50.0
NIFTY,26-DEC-2024,26000.0,06-12-2024 12:15:00,18.6,18.8,18.4,18.5,4735900.0,2150.0,1215.1,1225.0,1215.1,1225.0,1532250.0,0.0
NIFTY,26-DEC-2024,26000.0,06-12-2024 12:16:00,18.55,18.55,18.3,18.35,4739175.0,0.0,1225.0,1225.0,1225.0,1225.0,1532250.0,25.0
NIFTY,26-DEC-2024,26000.0,06-12-2024 12:17:00,18.45,18.6,18.1,18.25,4739175.0,3125.0,1225.0,1228.5,1225.0,1228.5,1532250.0,250.0
NIFTY,26-DEC-2024,26000.0,06-12-2024 12:18:00,18.2,18.25,18.15,18.15,4739175.0,8400.0,1228.5,1230.0,1228.5,1230.0,1532325.0,25.0
NIFTY,26-DEC-2024,26000.0,06-12-2024 12:19:00,18.05,18.2,18.0,18.2,4735750.0,7600.0,1230.0,1230.0,1226.1,1226.1,1532350.0,100.0
NIFTY,26-DEC-2024,26000.0,06-12-2024 12:20:00,18.2,18.4,18.15,18.3,4735750.0,5875.0,1226.1,1226.1,1223.75,1223.75,1532350.0,50.0
NIFTY,26-DEC-2024,26000.0,06-12-2024 12:21:00,18.3,18.7,18.3,18.7,4735750.0,4850.0,1223.75,1223.75,1220.0,1220.0,1532350.0,75.0
NIFTY,26-DEC-2024,26000.0,06-12-2024 12:22:00,18.95,18.95,18.8,18.9,4738825.0,0.0,1220.0,1220.0,1218.25,1218.25,1532475.0,25.0
NIFTY,26-DEC-2024,26000.0,06-12-2024 12:23:00,18.8,18.9,18.7,18.75,4738825.0,2450.0,1218.25,1218.25,1212.65,1214.55,1532475.0,50.0
NIFTY,26-DEC-2024,26000.0,06-12-2024 12:24:00,18.7,18.85,18.4,18.75,4738825.0,0.0,1214.55,1214.55,1213.7,1213.7,1532475.0,50.0
NIFTY,26-DEC-2024,26000.0,06-12-2024 12:25:00,18.85,18.9,18.65,18.75,4744250.0,0.0,1210.0,1210.0,1205.0,1205.0,1532450.0,50.0
NIFTY,26-DEC-2024,26000.0,06-12-2024 12:26:00,18.7,19.0,18.7,19.0,4744250.0,23800.0,1205.0,1205.0,1204.8,1204.8,1532450.0,25.0
NIFTY,26-DEC-2024,26000.0,06-12-2024 12:27:00,18.9,18.9,18.8,18.85,4744250.0,0.0,1204.8,1205.0,1204.8,1205.0,1532450.0,25.0
NIFTY,26-DEC-2024,26000.0,06-12-2024 12:28:00,18.7,18.8,18.65,18.8,4745900.0,3675.0,1205.0,1205.6,1205.0,1205.6,1532450.0,250.0
NIFTY,26-DEC-2024,26000.0,06-12-2024 12:29:00,18.8,18.8,18.75,18.75,4745900.0,0.0,1205.6,1208.0,1205.6,1208.0,1532450.0,25.0
NIFTY,26-DEC-2024,26000.0,06-12-2024 12:30:00,18.9,18.95,18.75,18.75,4745900.0,0.0,1208.0,1210.0,1203.9,1203.9,1532525.0,50.0
NIFTY,26-DEC-2024,26000.0,06-12-2024 12:31:00,18.75,18.75,18.45,18.55,4747925.0,8575.0,1203.9,1203.9,1203.9,1203.9,1532525.0,0.0
NIFTY,26-DEC-2024,26000.0,06-12-2024 12:32:00,18.5,18.75,18.5,18.75,4747925.0,5600.0,1203.9,1203.9,1203.9,1203.9,1532525.0,0.0
NIFTY,26-DEC-2024,26000.0,06-12-2024 12:33:00,18.75,18.9,18.7,18.9,4747925.0,2225.0,1203.9,1203.9,1203.9,1203.9,1532525.0,0.0
NIFTY,26-DEC-2024,26000.0,06-12-2024 12:34:00,19.0,19.0,18.75,18.9,4745750.0,900.0,1203.9,1206.3,1203.9,1206.3,1531975.0,550.0
NIFTY,26-DEC-2024,26000.0,06-12-2024 12:35:00,18.8,18.9,18.8,18.9,4745750.0,1125.0,1206.3,1206.3,1206.3,1206.3,1531975.0,0.0
NIFTY,26-DEC-2024,26000.0,06-12-2024 12:36:00,18.9,18.9,18.4,18.55,4745750.0,1400.0,1206.3,1206.3,1204.0,1206.0,1531975.0,50.0
NIFTY,26-DEC-2024,26000.0,06-12-2024 12:37:00,18.55,18.55,18.15,18.15,4746925.0,2100.0,1206.0,1210.0,1206.0,1210.0,1532025.0,25.0
NIFTY,26-DEC-2024,26000.0,06-12-2024 12:38:00,18.15,18.2,18.1,18.1,4746925.0,4500.0,1210.0,1210.0,1210.0,1210.0,1532025.0,0.0
NIFTY,26-DEC-2024,26000.0,06-12-2024 12:39:00,18.2,18.45,18.2,18.45,4746925.0,950.0,1205.0,1205.0,1205.0,1205.0,1532025.0,50.0
NIFTY,26-DEC-2024,26000.0,06-12-2024 12:40:00,18.65,18.7,18.4,18.55,4747725.0,0.0,1205.0,1205.0,1197.0,1198.3,1531975.0,200.0
NIFTY,26-DEC-2024,26000.0,06-12-2024 12:41:00,18.5,18.5,18.5,18.5,4747725.0,4375.0,1198.3,1198.3,1198.3,1198.3,1531975.0,0.0
NIFTY,26-DEC-2024,26000.0,06-12-2024 12:42:00,18.5,18.6,18.4,18.45,4747725.0,2650.0,1198.3,1202.0,1198.3,1202.0,1531975.0,50.0
NIFTY,26-DEC-2024,26000.0,06-12-2024 12:43:00,18.5,18.5,18.3,18.5,4752750.0,2075.0,1202.0,1204.0,1200.0,1200.0,1531975.0,75.0
NIFTY,26-DEC-2024,26000.0,06-12-2024 12:44:00,18.65,19.6,18.55,19.5,4752750.0,17700.0,1200.0,1200.0,1200.0,1200.0,1531975.0,0.0
NIFTY,26-DEC-2024,26000.0,06-12-2024 12:45:00,19.4,19.4,18.9,18.9,4752750.0,3100.0,1200.0,1200.0,1200.0,1200.0,1531975.0,0.0
NIFTY,26-DEC-2024,26000.0,06-12-2024 12:46:00,18.9,18.9,18.7,18.7,4751075.0,650.0,1200.0,1209.75,1200.0,1209.75,1532025.0,75.0
NIFTY,26-DEC-2024,26000.0,06-12-2024 12:47:00,18.65,18.75,18.6,18.6,4751075.0,0.0,1209.75,1209.75,1209.75,1209.75,1532025.0,50.0
NIFTY,26-DEC-2024,26000.0,06-12-2024 12:48:00,18.65,18.65,18.4,18.5,4751075.0,2425.0,1209.75,1210.0,1209.75,1210.0,1532025.0,50.0
NIFTY,26-DEC-2024,26000.0,06-12-2024 12:49:00,18.4,18.85,18.4,18.7,4753550.0,8100.0,1210.0,1210.0,1202.0,1202.0,1532000.0,7175.0
NIFTY,26-DEC-2024,26000.0,06-12-2024 12:50:00,18.8,19.4,18.8,19.4,4753550.0,6300.0,1202.0,1202.0,1190.0,1190.0,1532000.0,25.0
NIFTY,26-DEC-2024,26000.0,06-12-2024 12:51:00,19.3,19.4,19.15,19.35,4753550.0,4625.0,1190.0,1195.55,1186.6,1186.6,1532000.0,125.0
NIFTY,26-DEC-2024,26000.0,06-12-2024 12:52:00,19.3,19.3,19.05,19.3,4745900.0,2075.0,1185.0,1190.95,1185.0,1185.15,1524825.0,225.0
NIFTY,26-DEC-2024,26000.0,06-12-2024 12:53:00,19.3,19.3,19.2,19.2,4745900.0,0.0,1185.15,1188.85,1182.85,1182.85,1524825.0,75.0
NIFTY,26-DEC-2024,26000.0,06-12-2024 12:54:00,19.4,19.4,19.15,19.15,4745900.0,4200.0,1182.85,1190.0,1182.85,1190.0,1524825.0,25.0
NIFTY,26-DEC-2024,26000.0,06-12-2024 12:55:00,19.25,19.4,19.25,19.3,4749750.0,0.0,1190.0,1190.0,1186.65,1186.65,1524825.0,25.0
NIFTY,26-DEC-2024,26000.0,06-12-2024 12:56:00,19.25,19.25,19.15,19.15,4749750.0,0.0,1186.65,1195.0,1186.65,1195.0,1524700.0,25.0
NIFTY,26-DEC-2024,26000.0,06-12-2024 12:57:00,19.25,19.25,19.2,19.25,4749750.0,0.0,1195.0,1195.0,1195.0,1195.0,1524700.0,25.0
NIFTY,26-DEC-2024,26000.0,06-12-2024 12:58:00,19.2,19.25,19.2,19.25,4750475.0,0.0,1195.0,1195.0,1195.0,1195.0,1524700.0,0.0
NIFTY,26-DEC-2024,26000.0,06-12-2024 12:59:00,19.0,19.0,19.0,19.0,4750475.0,9475.0,1195.0,1195.0,1195.0,1195.0,1524700.0,0.0
NIFTY,26-DEC-2024,26000.0,06-12-2024 13:00:00,18.95,18.95,18.5,18.65,4750475.0,2675.0,1195.0,1205.4,1195.0,1205.4,1524775.0,150.0
NIFTY,26-DEC-2024,26000.0,06-12-2024 13:01:00,18.65,18.65,18.5,18.5,4747300.0,4475.0,1205.4,1205.4,1205.4,1205.4,1524775.0,0.0
NIFTY,26-DEC-2024,26000.0,06-12-2024 13:02:00,18.4,18.65,18.3,18.65,4747300.0,1550.0,1205.4,1210.3,1199.35,1199.35,1524925.0,100.0
NIFTY,26-DEC-2024,26000.0,06-12-2024 13:03:00,18.5,18.75,18.5,18.55,4747300.0,7050.0,1199.35,1204.9,1199.1,1204.9,1524925.0,325.0
NIFTY,26-DEC-2024,26000.0,06-12-2024 13:04:00,18.65,18.8,18.6,18.65,4753350.0,0.0,1204.9,1204.9,1204.9,1204.9,1524925.0,0.0
NIFTY,26-DEC-2024,26000.0,06-12-2024 13:05:00,18.7,18.7,18.7,18.7,4753350.0,0.0,1204.9,1204.9,1204.9,1204.9,1524925.0,0.0
NIFTY,26-DEC-2024,26000.0,06-12-2024 13:06:00,18.8,18.95,18.8,18.9,4753350.0,0.0,1204.9,1204.9,1196.45,1196.45,1525125.0,200.0
NIFTY,26-DEC-2024,26000.0,06-12-2024 13:07:00,18.9,18.9,18.85,18.85,4753350.0,6475.0,1196.45,1196.45,1196.45,1196.45,1525125.0,0.0
NIFTY,26-DEC-2024,26000.0,06-12-2024 13:08:00,19.0,19.0,19.0,19.0,4756925.0,0.0,1196.45,1196.45,1196.45,1196.45,1525125.0,0.0
NIFTY,26-DEC-2024,26000.0,06-12-2024 13:09:00,18.9,19.0,18.85,18.95,4756925.0,0.0,1196.45,1196.45,1196.45,1196.45,1525125.0,0.0
NIFTY,26-DEC-2024,26000.0,06-12-2024 13:10:00,18.95,19.05,18.95,19.05,4756250.0,0.0,1196.45,1196.45,1182.8,1182.8,1524975.0,275.0
NIFTY,26-DEC-2024,26000.0,06-12-2024 13:11:00,19.0,19.05,18.85,18.85,4756250.0,0.0,1182.8,1182.8,1182.8,1182.8,1524975.0,0.0
NIFTY,26-DEC-2024,26000.0,06-12-2024 13:12:00,19.0,19.05,18.9,18.9,4756250.0,11375.0,1182.8,1190.0,1182.8,1190.0,1524975.0,75.0
NIFTY,26-DEC-2024,26000.0,06-12-2024 13:13:00,18.9,18.9,18.75,18.9,4755050.0,2175.0,1190.0,1193.5,1190.0,1193.5,1525000.0,200.0
NIFTY,26-DEC-2024,26000.0,06-12-2024 13:14:00,18.75,18.75,18.5,18.6,4755050.0,3050.0,1193.5,1193.5,1193.5,1193.5,1525000.0,0.0
NIFTY,26-DEC-2024,26000.0,06-12-2024 13:15:00,18.85,19.05,18.85,18.95,4755050.0,3175.0,1193.5,1193.5,1193.5,1193.5,1525000.0,0.0
NIFTY,26-DEC-2024,26000.0,06-12-2024 13:16:00,18.75,18.8,18.6,18.8,4754350.0,3125.0,1193.5,1193.5,1193.5,1193.5,1525000.0,0.0
NIFTY,26-DEC-2024,26000.0,06-12-2024 13:17:00,18.75,18.75,18.65,18.65,4754350.0,0.0,1193.5,1197.25,1193.5,1197.25,1525100.0,50.0
NIFTY,26-DEC-2024,26000.0,06-12-2024 13:18:00,19.05,19.35,18.85,19.0,4754350.0,9950.0,1197.25,1200.0,1197.25,1200.0,1525100.0,50.0
NIFTY,26-DEC-2024,26000.0,06-12-2024 13:19:00,19.0,19.0,18.75,18.9,4752550.0,2400.0,1200.0,1205.0,1200.0,1205.0,1525175.0,50.0
NIFTY,26-DEC-2024,26000.0,06-12-2024 13:20:00,18.8,18.9,18.65,18.9,4752550.0,0.0,1205.0,1205.0,1205.0,1205.0,1525175.0,0.0
NIFTY,26-DEC-2024,26000.0,06-12-2024 13:21:00,18.9,18.9,18.7,18.7,4752550.0,0.0,1205.0,1207.5,1205.0,1207.5,1525175.0,50.0
NIFTY,26-DEC-2024,26000.0,06-12-2024 13:22:00,18.6,18.65,18.25,18.35,4751850.0,12400.0,1212.5,1220.0,1212.5,1220.0,1525175.0,125.0
NIFTY,26-DEC-2024,26000.0,06-12-2024 13:23:00,18.3,18.4,18.25,18.4,4751850.0,3825.0,1220.0,1220.0,1220.0,1220.0,1525175.0,0.0
NIFTY,26-DEC-2024,26000.0,06-12-2024 13:24:00,18.3,18.75,18.2,18.75,4751850.0,4550.0,1220.0,1220.0,1220.0,1220.0,1525175.0,0.0
NIFTY,26-DEC-2024,26000.0,06-12-2024 13:25:00,18.7,18.8,18.5,18.8,4756450.0,0.0,1220.0,1220.0,1220.0,1220.0,1525175.0,0.0
NIFTY,26-DEC-2024,26000.0,06-12-2024 13:26:00,18.8,18.9,18.75,18.75,4756450.0,10150.0,1220.0,1220.0,1220.0,1220.0,1525175.0,0.0
NIFTY,26-DEC-2024,26000.0,06-12-2024 13:27:00,18.85,18.85,18.7,18.85,4756450.0,1250.0,1220.0,1220.0,1220.0,1220.0,1525175.0,0.0
NIFTY,26-DEC-2024,26000.0,06-12-2024 13:28:00,18.6,18.65,18.6,18.65,4753925.0,125.0,1220.0,1220.0,1220.0,1220.0,1525175.0,0.0
NIFTY,26-DEC-2024,26000.0,06-12-2024 13:29:00,18.8,18.8,18.6,18.6,4753925.0,2200.0,1220.0,1220.0,1215.0,1215.0,1525300.0,1375.0
NIFTY,26-DEC-2024,26000.0,06-12-2024 13:30:00,18.6,18.75,18.6,18.75,4753925.0,0.0,1215.0,1215.0,1210.0,1211.75,1525300.0,1850.0
NIFTY,26-DEC-2024,26000.0,06-12-2024 13:31:00,18.8,19.0,18.8,19.0,4753000.0,11350.0,1211.75,1211.75,1211.75,1211.75,1525300.0,0.0
NIFTY,26-DEC-2024,26000.0,06-12-2024 13:32:00,18.95,19.1,18.95,19.1,4753000.0,0.0,1211.75,1211.75,1194.35,1194.35,1522200.0,25.0
NIFTY,26-DEC-2024,26000.0,06-12-2024 13:33:00,19.15,19.3,19.15,19.3,4753000.0,0.0,1194.35,1199.0,1194.35,1199.0,1522200.0,25.0
NIFTY,26-DEC-2024,26000.0,06-12-2024 13:34:00,19.3,19.35,19.05,19.25,4743350.0,5350.0,1199.0,1199.25,1199.0,1199.25,1522175.0,75.0
NIFTY,26-DEC-2024,26000.0,06-12-2024 13:35:00,19.05,19.05,19.0,19.05,4743350.0,0.0,1199.25,1205.0,1199.25,1205.0,1522175.0,50.0
NIFTY,26-DEC-2024,26000.0,06-12-2024 13:36:00,18.85,18.95,18.75,18.95,4743350.0,0.0,1207.5,1210.0,1207.5,1210.0,1522175.0,75.0
NIFTY,26-DEC-2024,26000.0,06-12-2024 13:37:00,18.9,18.9,18.7,18.7,4744700.0,0.0,1210.0,1215.0,1210.0,1214.2,1522275.0,150.0
NIFTY,26-DEC-2024,26000.0,06-12-2024 13:38:00,18.7,18.8,18.4,18.7,4744700.0,0.0,1214.2,1227.5,1214.2,1224.0,1522275.0,425.0
NIFTY,26-DEC-2024,26000.0,06-12-2024 13:39:00,18.6,18.75,18.6,18.7,4744700.0,0.0,1224.0,1224.0,1220.0,1220.0,1522275.0,700.0
NIFTY,26-DEC-2024,26000.0,06-12-2024 13:40:00,18.6,18.8,18.6,18.6,4743375.0,18175.0,1220.0,1220.0,1220.0,1220.0,1522275.0,0.0
NIFTY,26-DEC-2024,26000.0,06-12-2024 13:41:00,18.6,18.75,18.6,18.7,4743375.0,1350.0,1220.0,1220.0,1220.0,1220.0,1522275.0,0.0
NIFTY,26-DEC-2024,26000.0,06-12-2024 13:42:00,18.9,18.9,18.8,18.9,4743375.0,2025.0,1220.0,1220.0,1209.0,1209.0,1522575.0,400.0
NIFTY,26-DEC-2024,26000.0,06-12-2024 13:43:00,18.95,19.1,18.8,19.0,4743950.0,950.0,1209.0,1209.0,1205.0,1205.0,1522575.0,300.0
NIFTY,26-DEC-2024,26000.0,06-12-2024 13:44:00,19.0,19.05,18.75,18.75,4743950.0,5950.0,1205.0,1209.55,1202.55,1207.0,1522975.0,950.0
NIFTY,26-DEC-2024,26000.0,06-12-2024 13:45:00,19.0,19.1,18.95,19.05,4743950.0,3125.0,1207.0,1207.95,1207.0,1207.95,1522975.0,250.0
NIFTY,26-DEC-2024,26000.0,06-12-2024 13:46:00,18.95,19.15,18.8,18.8,4746100.0,0.0,1207.95,1207.95,1206.9,1206.9,1522950.0,125.0
NIFTY,26-DEC-2024,26000.0,06-12-2024 13:47:00,18.75,18.95,18.7,18.85,4746100.0,9325.0,1206.9,1206.9,1205.0,1205.0,1522950.0,500.0
NIFTY,26-DEC-2024,26000.0,06-12-2024 13:48:00,19.0,19.1,19.0,19.1,4746100.0,325.0,1205.0,1206.0,1205.0,1206.0,1522950.0,50.0
NIFTY,26-DEC-2024,26000.0,06-12-2024 13:49:00,18.9,18.95,18.8,18.9,4744775.0,0.0,1206.0,1210.0,1206.0,1210.0,1523075.0,25.0
NIFTY,26-DEC-2024,26000.0,06-12-2024 13:50:00,18.75,18.9,18.75,18.9,4744775.0,0.0,1210.0,1210.0,1210.0,1210.0,1523075.0,200.0
NIFTY,26-DEC-2024,26000.0,06-12-2024 13:51:00,18.85,19.0,18.8,18.8,4744775.0,1275.0,1210.0,1215.0,1210.0,1215.0,1523075.0,500.0
NIFTY,26-DEC-2024,26000.0,06-12-2024 13:52:00,18.8,18.8,18.6,18.6,4747775.0,4500.0,1215.0,1220.0,1215.0,1220.0,1523075.0,50.0
NIFTY,26-DEC-2024,26000.0,06-12-2024 13:53:00,18.45,18.6,18.45,18.5,4747775.0,3950.0,1220.0,1225.0,1220.0,1225.0,1523075.0,350.0
NIFTY,26-DEC-2024,26000.0,06-12-2024 13:54:00,18.5,18.5,18.2,18.3,4747775.0,4850.0,1225.0,1232.5,1225.0,1232.5,1523075.0,200.0
NIFTY,26-DEC-2024,26000.0,06-12-2024 13:55:00,18.2,18.4,18.2,18.4,4751625.0,0.0,1232.5,1232.5,1232.5,1232.5,1523075.0,0.0
NIFTY,26-DEC-2024,26000.0,06-12-2024 13:56:00,18.4,18.5,18.4,18.5,4751625.0,2825.0,1232.5,1232.5,1231.0,1231.0,1523625.0,175.0
NIFTY,26-DEC-2024,26000.0,06-12-2024 13:57:00,18.4,18.55,18.4,18.4,4751625.0,2275.0,1230.0,1230.0,1225.0,1225.0,1523625.0,600.0
NIFTY,26-DEC-2024,26000.0,06-12-2024 13:58:00,18.4,18.5,18.4,18.5,4753800.0,0.0,1225.0,1225.0,1225.0,1225.0,1523625.0,0.0
NIFTY,26-DEC-2024,26000.0,06-12-2024 13:59:00,18.5,18.55,18.4,18.5,4753800.0,4325.0,1225.0,1225.0,1225.0,1225.0,1523625.0,0.0
NIFTY,26-DEC-2024,26000.0,06-12-2024 14:00:00,18.5,18.5,18.35,18.4,4753800.0,1000.0,1225.0,1225.0,1221.0,1225.0,1524400.0,325.0
NIFTY,26-DEC-2024,26000.0,06-12-2024 14:01:00,18.25,18.4,18.25,18.25,4751450.0,800.0,1225.0,1228.9,1225.0,1228.9,1524625.0,300.0
NIFTY,26-DEC-2024,26000.0,06-12-2024 14:02:00,18.35,18.35,18.35,18.35,4751450.0,0.0,1228.9,1228.9,1220.0,1220.0,1524625.0,500.0
NIFTY,26-DEC-2024,26000.0,06-12-2024 14:03:00,18.5,18.55,18.4,18.4,4751450.0,1725.0,1220.0,1220.0,1220.0,1220.0,1524625.0,125.0
NIFTY,26-DEC-2024,26000.0,06-12-2024 14:04:00,18.45,18.55,18.35,18.55,4751850.0,525.0,1220.0,1220.0,1217.0,1217.0,1525050.0,1000.0
NIFTY,26-DEC-2024,26000.0,06-12-2024 14:05:00,18.55,18.55,18.3,18.3,4751850.0,825.0,1217.0,1225.0,1210.85,1225.0,1525050.0,225.0
NIFTY,26-DEC-2024,26000.0,06-12-2024 14:06:00,18.4,18.45,18.2,18.4,4751850.0,1400.0,1225.0,1225.0,1220.05,1220.75,1525050.0,250.0
NIFTY,26-DEC-2024,26000.0,06-12-2024 14:07:00,18.3,18.5,18.2,18.45,4754800.0,8050.0,1220.75,1220.75,1220.0,1220.0,1523975.0,1300.0
NIFTY,26-DEC-2024,26000.0,06-12-2024 14:08:00,18.4,18.6,18.4,18.5,4754800.0,4475.0,1220.0,1220.0,1220.0,1220.0,1523975.0,0.0
NIFTY,26-DEC-2024,26000.0,06-12-2024 14:09:00,18.5,18.75,18.5,18.75,4754800.0,0.0,1220.0,1220.0,1220.0,1220.0,1523975.0,0.0
NIFTY,26-DEC-2024,26000.0,06-12-2024 14:10:00,18.75,18.75,18.6,18.7,4756100.0,10500.0,1220.0,1220.0,1220.0,1220.0,1523975.0,0.0
NIFTY,26-DEC-2024,26000.0,06-12-2024 14:11:00,18.55,18.75,18.55,18.7,4756100.0,0.0,1220.0,1220.0,1214.25,1214.25,1524475.0,50.0
NIFTY,26-DEC-2024,26000.0,06-12-2024 14:12:00,18.7,18.7,18.5,18.6,4756100.0,1825.0,1214.25,1219.6,1214.25,1219.6,1524475.0,25.0
NIFTY,26-DEC-2024,26000.0,06-12-2024 14:13:00,18.55,18.65,18.55,18.65,4758350.0,0.0,1219.6,1219.6,1219.6,1219.6,1524475.0,125.0
NIFTY,26-DEC-2024,26000.0,06-12-2024 14:14:00,18.5,18.7,18.5,18.6,4758350.0,1475.0,1219.6,1219.6,1219.6,1219.6,1524475.0,0.0
NIFTY,26-DEC-2024,26000.0,06-12-2024 14:15:00,18.65,19.0,18.65,18.95,4758350.0,0.0,1219.6,1219.6,1205.0,1210.0,1524450.0,175.0
NIFTY,26-DEC-2024,26000.0,06-12-2024 14:16:00,18.7,18.7,18.65,18.65,4760675.0,0.0,1210.0,1215.0,1210.0,1215.0,1524375.0,75.0
NIFTY,26-DEC-2024,26000.0,06-12-2024 14:17:00,18.75,18.8,18.55,18.65,4760675.0,0.0,1215.0,1217.0,1215.0,1217.0,1524375.0,1025.0
NIFTY,26-DEC-2024,26000.0,06-12-2024 14:18:00,18.7,18.7,18.45,18.5,4760675.0,0.0,1217.0,1220.0,1217.0,1220.0,1524375.0,50.0
NIFTY,26-DEC-2024,26000.0,06-12-2024 14:19:00,18.4,18.65,18.4,18.6,4764475.0,0.0,1220.0,1220.0,1219.55,1219.55,1524375.0,25.0
NIFTY,26-DEC-2024,26000.0,06-12-2024 14:20:00,18.45,18.65,18.45,18.65,4764475.0,17225.0,1219.55,1219.55,1219.55,1219.55,1524375.0,0.0
NIFTY,26-DEC-2024,26000.0,06-12-2024 14:21:00,18.65,18.75,18.6,18.7,4764475.0,0.0,1219.55,1219.55,1210.9,1213.0,1523450.0,1500.0
NIFTY,26-DEC-2024,26000.0,06-12-2024 14:22:00,18.7,18.75,18.65,18.7,4764925.0,0.0,1213.0,1213.0,1213.0,1213.0,1523450.0,275.0
NIFTY,26-DEC-2024,26000.0,06-12-2024 14:23:00,18.7,18.9,18.65,18.8,4764925.0,0.0,1213.0,1213.0,1209.65,1209.65,1523450.0,50.0
NIFTY,26-DEC-2024,26000.0,06-12-2024 14:24:00,18.85,18.85,18.8,18.8,4764925.0,0.0,1209.65,1209.65,1209.65,1209.65,1523450.0,0.0
NIFTY,26-DEC-2024,26000.0,06-12-2024 14:25:00,,,,,,,1209.65,1209.65,1209.65,1209.65,1523450.0,0.0
NIFTY,26-DEC-2024,26000.0,06-12-2024 14:26:00,18.75,19.0,18.65,18.7,4766325.0,0.0,1209.65,1215.0,1209.65,1215.0,1523275.0,75.0
NIFTY,26-DEC-2024,26000.0,06-12-2024 14:27:00,18.7,18.7,18.7,18.7,4766325.0,0.0,1215.0,1216.35,1215.0,1216.35,1523275.0,25.0
NIFTY,26-DEC-2024,26000.0,06-12-2024 14:28:00,18.7,18.7,18.55,18.55,4765750.0,18600.0,1216.35,1216.35,1216.35,1216.35,1523275.0,0.0
NIFTY,26-DEC-2024,26000.0,06-12-2024 14:29:00,18.4,18.4,18.0,18.0,4765750.0,0.0,1216.35,1230.0,1216.35,1227.4,1523300.0,575.0
NIFTY,26-DEC-2024,26000.0,06-12-2024 14:30:00,18.15,18.3,18.15,18.3,4765750.0,13625.0,1227.4,1227.4,1226.0,1226.0,1523300.0,550.0
NIFTY,26-DEC-2024,26000.0,06-12-2024 14:31:00,18.2,18.3,18.1,18.1,4765675.0,0.0,1226.0,1229.0,1226.0,1229.0,1523300.0,825.0
NIFTY,26-DEC-2024,26000.0,06-12-2024 14:32:00,18.1,18.3,18.1,18.2,4765675.0,0.0,1229.0,1234.0,1229.0,1234.0,1524600.0,25.0
NIFTY,26-DEC-2024,26000.0,06-12-2024 14:33:00,18.0,18.1,17.8,17.9,4765675.0,0.0,1237.5,1245.0,1237.5,1244.1,1524600.0,725.0
NIFTY,26-DEC-2024,26000.0,06-12-2024 14:34:00,18.8,18.8,18.15,18.15,4767825.0,0.0,1244.1,1244.1,1235.75,1239.45,1525925.0,1025.0
NIFTY,26-DEC-2024,26000.0,06-12-2024 14:35:00,18.3,18.35,18.0,18.3,4767825.0,0.0,1239.45,1242.45,1235.0,1235.1,1525925.0,1125.0
NIFTY,26-DEC-2024,26000.0,06-12-2024 14:36:00,18.2,18.3,17.95,18.0,4767825.0,47375.0,1240.0,1240.0,1240.0,1240.0,1525925.0,150.0
NIFTY,26-DEC-2024,26000.0,06-12-2024 14:37:00,18.0,18.0,17.7,17.7,4770500.0,0.0,1240.0,1242.0,1239.65,1239.65,1526825.0,125.0
NIFTY,26-DEC-2024,26000.0,06-12-2024 14:38:00,17.8,18.0,17.65,17.85,4770500.0,23975.0,1239.65,1239.65,1232.0,1232.0,1526825.0,525.0
NIFTY,26-DEC-2024,26000.0,06-12-2024 14:39:00,17.7,17.85,17.6,17.8,4770500.0,0.0,1232.0,1232.0,1228.0,1228.0,1526825.0,0.0
NIFTY,26-DEC-2024,26000.0,06-12-2024 14:40:00,18.0,18.0,17.95,18.0,4770500.0,0.0,1228.0,1228.0,1228.0,1228.0,1526825.0,75.0
NIFTY,26-DEC-2024,26000.0,06-12-2024 14:41:00,17.9,17.9,17.6,17.75,4770500.0,0.0,1233.0,1233.0,1233.0,1233.0,1527450.0,25.0
NIFTY,26-DEC-2024,26000.0,06-12-2024 14:42:00,17.75,17.85,17.65,17.7,4770500.0,0.0,1233.0,1234.95,1233.0,1234.95,1527450.0,25.0
NIFTY,26-DEC-2024,26000.0,06-12-2024 14:43:00,17.7,17.9,17.7,17.7,4764125.0,23700.0,1234.95,1234.95,1228.0,1228.3,1527425.0,175.0
NIFTY,26-DEC-2024,26000.0,06-12-2024 14:44:00,17.8,17.9,17.8,17.9,4764125.0,0.0,1228.3,1234.55,1228.3,1234.55,1527425.0,225.0
NIFTY,26-DEC-2024,26000.0,06-12-2024 14:45:00,17.75,18.0,17.75,18.0,4764125.0,0.0,1234.55,1234.55,1230.0,1230.95,1527425.0,2950.0
NIFTY,26-DEC-2024,26000.0,06-12-2024 14:46:00,18.0,18.0,17.85,17.9,4768375.0,0.0,1230.95,1230.95,1230.95,1230.95,1527425.0,0.0
NIFTY,26-DEC-2024,26000.0,06-12-2024 14:47:00,17.9,17.9,17.9,17.9,4768375.0,16975.0,1225.0,1225.0,1225.0,1225.0,1527425.0,25.0
NIFTY,26-DEC-2024,26000.0,06-12-2024 14:48:00,17.8,17.9,17.75,17.75,4768375.0,1575.0,1225.0,1225.0,1225.0,1225.0,1527425.0,0.0
NIFTY,26-DEC-2024,26000.0,06-12-2024 14:49:00,17.75,17.9,17.75,17.75,4767875.0,550.0,1225.0,1229.95,1225.0,1229.95,1527550.0,50.0
NIFTY,26-DEC-2024,26000.0,06-12-2024 14:50:00,17.8,17.85,17.7,17.8,4767875.0,0.0,1229.95,1229.95,1229.95,1229.95,1527550.0,0.0
NIFTY,26-DEC-2024,26000.0,06-12-2024 14:51:00,17.8,17.9,17.7,17.9,4767875.0,0.0,1229.95,1229.95,1229.95,1229.95,1527550.0,0.0
NIFTY,26-DEC-2024,26000.0,06-12-2024 14:52:00,17.85,18.2,17.85,18.1,4766275.0,0.0,1229.95,1229.95,1229.95,1229.95,1527550.0,0.0
NIFTY,26-DEC-2024,26000.0,06-12-2024 14:53:00,18.25,18.35,18.1,18.25,4766275.0,12700.0,1229.95,1229.95,1212.85,1213.9,1527525.0,225.0
NIFTY,26-DEC-2024,26000.0,06-12-2024 14:54:00,18.05,18.3,18.05,18.3,4766275.0,0.0,1210.4,1210.4,1210.4,1210.4,1527525.0,250.0
NIFTY,26-DEC-2024,26000.0,06-12-2024 14:55:00,18.2,18.2,18.0,18.1,4769850.0,0.0,1210.4,1212.35,1210.4,1212.35,1527525.0,25.0
NIFTY,26-DEC-2024,26000.0,06-12-2024 14:56:00,18.05,18.05,17.8,17.95,4769850.0,6950.0,1212.35,1221.0,1212.35,1220.0,1527350.0,50.0
NIFTY,26-DEC-2024,26000.0,06-12-2024 14:57:00,17.8,18.1,17.7,17.7,4769850.0,0.0,1220.0,1227.5,1220.0,1227.5,1527350.0,150.0
NIFTY,26-DEC-2024,26000.0,06-12-2024 14:58:00,17.8,18.0,17.7,17.7,4774150.0,0.0,1227.5,1230.0,1227.5,1230.0,1527500.0,150.0
NIFTY,26-DEC-2024,26000.0,06-12-2024 14:59:00,17.7,18.0,17.7,17.8,4774150.0,29700.0,1230.0,1230.0,1226.95,1226.95,1527500.0,150.0
NIFTY,26-DEC-2024,26000.0,06-12-2024 15:00:00,17.6,17.8,17.1,17.6,4774150.0,0.0,1226.95,1250.0,1226.95,1240.2,1527500.0,500.0
NIFTY,26-DEC-2024,26000.0,06-12-2024 15:01:00,17.5,17.75,17.0,17.2,4775100.0,23525.0,1240.2,1240.2,1230.25,1230.25,1527500.0,275.0
NIFTY,26-DEC-2024,26000.0,06-12-2024 15:02:00,17.3,17.4,17.0,17.2,4775100.0,15000.0,1230.25,1232.1,1225.0,1232.1,1528125.0,225.0
NIFTY,26-DEC-2024,26000.0,06-12-2024 15:03:00,17.1,17.25,17.0,17.25,4775100.0,0.0,1232.1,1232.1,1232.1,1232.1,1528125.0,0.0
NIFTY,26-DEC-2024,26000.0,06-12-2024 15:04:00,17.05,17.15,17.0,17.0,4778875.0,3125.0,1232.1,1232.1,1223.35,1223.35,1528300.0,50.0
NIFTY,26-DEC-2024,26000.0,06-12-2024 15:05:00,17.0,17.0,16.6,16.7,4778875.0,0.0,1223.35,1225.4,1223.35,1225.4,1528300.0,50.0
NIFTY,26-DEC-2024,26000.0,06-12-2024 15:06:00,16.75,16.8,16.65,16.8,4778875.0,0.0,1225.4,1225.4,1225.4,1225.4,1528300.0,0.0
NIFTY,26-DEC-2024,26000.0,06-12-2024 15:07:00,16.75,16.8,16.6,16.7,4781050.0,0.0,1225.4,1225.4,1224.0,1224.0,1528350.0,300.0
NIFTY,26-DEC-2024,26000.0,06-12-2024 15:08:00,16.7,16.85,16.7,16.7,4781050.0,0.0,1224.0,1227.95,1224.0,1227.05,1528350.0,100.0
NIFTY,26-DEC-2024,26000.0,06-12-2024 15:09:00,16.75,16.8,16.55,16.8,4781050.0,0.0,1227.05,1227.05,1224.55,1224.55,1528350.0,50.0
NIFTY,26-DEC-2024,26000.0,06-12-2024 15:10:00,16.8,17.0,16.8,16.9,4777325.0,49925.0,1224.55,1224.55,1222.0,1224.0,1528825.0,675.0
NIFTY,26-DEC-2024,26000.0,06-12-2024 15:11:00,16.9,16.9,16.75,16.75,4777325.0,3150.0,1224.0,1224.0,1222.0,1222.05,1528825.0,350.0
NIFTY,26-DEC-2024,26000.0,06-12-2024 15:12:00,16.8,16.85,16.6,16.6,4777325.0,13600.0,1222.05,1228.4,1222.05,1228.4,1528825.0,150.0
NIFTY,26-DEC-2024,26000.0,06-12-2024 15:13:00,16.8,17.0,16.7,17.0,4776950.0,11550.0,1228.4,1228.4,1222.0,1222.0,1528825.0,525.0
NIFTY,26-DEC-2024,26000.0,06-12-2024 15:14:00,17.05,17.25,17.0,17.25,4776950.0,0.0,1222.0,1222.0,1220.0,1220.0,1529500.0,25.0
NIFTY,26-DEC-2024,26000.0,06-12-2024 15:15:00,17.2,17.4,17.2,17.25,4776950.0,0.0,1220.0,1220.0,1210.25,1210.25,1529500.0,375.0
NIFTY,26-DEC-2024,26000.0,06-12-2024 15:16:00,17.2,17.3,17.1,17.2,4791050.0,43650.0,1210.25,1210.25,1203.45,1205.0,1529000.0,100.0
NIFTY,26-DEC-2024,26000.0,06-12-2024 15:17:00,17.2,17.25,17.0,17.1,4791050.0,12000.0,1207.5,1212.5,1207.5,1212.5,1529000.0,100.0
NIFTY,26-DEC-2024,26000.0,06-12-2024 15:18:00,17.0,17.05,16.8,16.85,4791050.0,21575.0,1212.5,1217.5,1211.25,1211.25,1529000.0,100.0
NIFTY,26-DEC-2024,26000.0,06-12-2024 15:19:00,17.1,17.1,16.8,16.8,4800000.0,20375.0,1211.25,1216.8,1211.25,1216.8,1529000.0,25.0
NIFTY,26-DEC-2024,26000.0,06-12-2024 15:20:00,16.8,16.95,16.7,16.9,4800000.0,0.0,1216.8,1220.0,1216.8,1220.0,1529275.0,25.0
NIFTY,26-DEC-2024,26000.0,06-12-2024 15:21:00,16.7,16.8,16.5,16.55,4800000.0,0.0,1220.0,1222.5,1220.0,1222.5,1529275.0,150.0
NIFTY,26-DEC-2024,26000.0,06-12-2024 15:22:00,16.5,16.6,16.2,16.2,4800250.0,0.0,1222.5,1225.0,1222.5,1225.0,1529275.0,125.0
NIFTY,26-DEC-2024,26000.0,06-12-2024 15:23:00,16.35,16.35,16.05,16.1,4800250.0,35650.0,1225.0,1227.5,1225.0,1227.5,1529275.0,50.0
NIFTY,26-DEC-2024,26000.0,06-12-2024 15:24:00,16.15,16.7,16.15,16.4,4800250.0,24175.0,1227.5,1230.0,1227.5,1230.0,1529400.0,75.0
NIFTY,26-DEC-2024,26000.0,06-12-2024 15:25:00,16.7,16.7,16.3,16.4,4802850.0,0.0,1230.0,1231.05,1230.0,1231.05,1529400.0,50.0
NIFTY,26-DEC-2024,26000.0,06-12-2024 15:26:00,16.5,16.85,16.5,16.85,4802850.0,34125.0,1231.05,1231.05,1229.5,1229.5,1529400.0,125.0
NIFTY,26-DEC-2024,26000.0,06-12-2024 15:27:00,16.9,16.9,16.75,16.85,4802850.0,0.0,1229.0,1229.0,1224.35,1224.35,1529400.0,775.0
NIFTY,26-DEC-2024,26000.0,06-12-2024 15:28:00,16.8,16.9,16.65,16.75,4812850.0,0.0,1226.85,1230.0,1226.35,1230.0,1530050.0,400.0
NIFTY,26-DEC-2024,26000.0,06-12-2024 15:29:00,16.7,16.8,16.6,16.6,4812850.0,34200.0,1230.0,1230.05,1226.95,1230.05,1530050.0,100.0
NIFTY,26-DEC-2024,26000.0,09-12-2024 09:15:00,16.0,16.85,15.05,15.5,4825050.0,18175.0,1230.05,1230.05,1230.05,1230.05,0.0,0.0
NIFTY,26-DEC-2024,26000.0,09-12-2024 09:16:00,15.5,15.8,15.05,15.8,4825050.0,15400.0,1230.05,1259.8,1230.05,1259.8,1529875.0,25.0
NIFTY,26-DEC-2024,26000.0,09-12-2024 09:17:00,15.8,15.95,15.6,15.7,4825050.0,20750.0,1259.8,1274.0,1259.8,1272.1,1529875.0,975.0
NIFTY,26-DEC-2024,26000.0,09-12-2024 09:18:00,15.7,15.75,15.6,15.7,4843825.0,7375.0,1272.1,1272.1,1264.65,1264.65,1530675.0,175.0
NIFTY,26-DEC-2024,26000.0,09-12-2024 09:19:00,15.7,16.25,15.65,16.15,4843825.0,18200.0,1264.65,1266.5,1260.0,1260.0,1530675.0,50.0
NIFTY,26-DEC-2024,26000.0,09-12-2024 09:20:00,16.05,16.15,15.55,16.15,4843825.0,22950.0,1260.0,1260.0,1260.0,1260.0,1530675.0,0.0
NIFTY,26-DEC-2024,26000.0,09-12-2024 09:21:00,16.15,16.15,15.8,15.95,4854925.0,17000.0,1260.0,1260.0,1260.0,1260.0,1530675.0,0.0
NIFTY,26-DEC-2024,26000.0,09-12-2024 09:22:00,15.95,16.15,15.8,16.15,4854925.0,13550.0,1260.0,1260.0,1260.0,1260.0,1530675.0,0.0
NIFTY,26-DEC-2024,26000.0,09-12-2024 09:23:00,16.15,16.65,16.15,16.35,4854925.0,20675.0,1260.0,1260.0,1243.85,1249.15,1530675.0,5075.0
NIFTY,26-DEC-2024,26000.0,09-12-2024 09:24:00,16.35,16.6,16.2,16.5,4854250.0,6600.0,1249.15,1249.3,1235.0,1242.7,1525700.0,1250.0
NIFTY,26-DEC-2024,26000.0,09-12-2024 09:25:00,16.5,16.5,15.95,16.3,4854250.0,8000.0,1242.7,1247.25,1238.45,1239.05,1525700.0,525.0
NIFTY,26-DEC-2024,26000.0,09-12-2024 09:26:00,16.2,16.2,15.75,15.95,4854250.0,11025.0,1239.05,1247.45,1239.05,1247.45,1525700.0,750.0
NIFTY,26-DEC-2024,26000.0,09-12-2024 09:27:00,15.95,16.3,15.85,16.0,4881000.0,24700.0,1247.45,1247.45,1247.45,1247.45,1525700.0,0.0
NIFTY,26-DEC-2024,26000.0,09-12-2024 09:28:00,16.0,16.0,15.65,15.75,4881000.0,6125.0,1247.45,1255.0,1247.45,1255.0,1525200.0,2025.0
NIFTY,26-DEC-2024,26000.0,09-12-2024 09:29:00,15.75,15.85,15.2,15.5,4881000.0,27450.0,1255.0,1273.95,1255.0,1273.95,1525200.0,75.0
NIFTY,26-DEC-2024,26000.0,09-12-2024 09:30:00,15.5,15.9,15.35,15.8,4872475.0,4275.0,1273.95,1273.95,1266.5,1266.5,1525200.0,100.0
NIFTY,26-DEC-2024,26000.0,09-12-2024 09:31:00,15.8,16.05,15.55,15.8,4872475.0,7500.0,1266.5,1266.5,1252.5,1252.5,1525200.0,600.0
NIFTY,26-DEC-2024,26000.0,09-12-2024 09:32:00,15.9,15.9,15.25,15.25,4872475.0,5250.0,1252.5,1271.65,1252.5,1271.65,1525200.0,800.0
NIFTY,26-DEC-2024,26000.0,09-12-2024 09:33:00,15.25,15.3,14.9,15.15,4876925.0,14450.0,1271.65,1290.0,1271.65,1286.95,1525425.0,700.0
NIFTY,26-DEC-2024,26000.0,09-12-2024 09:34:00,15.05,15.35,15.05,15.05,4876925.0,8450.0,1286.95,1286.95,1271.0,1275.3,1525425.0,125.0
NIFTY,26-DEC-2024,26000.0,09-12-2024 09:35:00,15.05,15.15,15.0,15.1,4876925.0,4075.0,1275.3,1280.1,1275.3,1279.3,1525425.0,50.0
NIFTY,26-DEC-2024,26000.0,09-12-2024 09:36:00,14.95,15.0,14.8,14.8,4876125.0,4525.0,1279.3,1282.0,1279.3,1282.0,1525600.0,100.0
NIFTY,26-DEC-2024,26000.0,09-12-2024 09:37:00,14.9,14.9,14.5,14.65,4876125.0,7475.0,1282.0,1282.0,1282.0,1282.0,1525600.0,0.0
NIFTY,26-DEC-2024,26000.0,09-12-2024 09:38:00,14.65,14.65,14.0,14.3,4876125.0,10825.0,1282.0,1300.0,1282.0,1295.4,1525600.0,75.0
NIFTY,26-DEC-2024,26000.0,09-12-2024 09:39:00,14.3,14.55,14.2,14.4,4876050.0,11775.0,1295.4,1295.4,1295.4,1295.4,1525600.0,25.0
NIFTY,26-DEC-2024,26000.0,09-12-2024 09:40:00,14.4,14.5,14.2,14.5,4876050.0,4925.0,1295.4,1300.75,1295.4,1300.75,1525675.0,50.0
NIFTY,26-DEC-2024,26000.0,09-12-2024 09:41:00,14.5,14.75,14.35,14.7,4876050.0,4325.0,1300.75,1300.75,1282.0,1282.0,1525675.0,50.0
NIFTY,26-DEC-2024,26000.0,09-12-2024 09:42:00,14.7,14.7,14.4,14.5,4885300.0,6475.0,1282.0,1295.0,1282.0,1294.9,1525650.0,125.0
NIFTY,26-DEC-2024,26000.0,09-12-2024 09:43:00,14.5,14.7,14.5,14.65,4885300.0,7525.0,1294.9,1297.0,1294.9,1297.0,1525650.0,25.0
NIFTY,26-DEC-2024,26000.0,09-12-2024 09:44:00,14.55,14.6,14.4,14.5,4885300.0,19175.0,1297.0,1298.0,1291.05,1291.05,1525650.0,1250.0
NIFTY,26-DEC-2024,26000.0,09-12-2024 09:45:00,14.5,14.7,14.4,14.7,4893525.0,15600.0,1291.05,1291.05,1280.95,1280.95,1523650.0,1575.0
NIFTY,26-DEC-2024,26000.0,09-12-2024 09:46:00,14.7,14.85,14.5,14.85,4893525.0,7900.0,1280.95,1281.25,1280.95,1281.25,1523650.0,1000.0
NIFTY,26-DEC-2024,26000.0,09-12-2024 09:47:00,14.8,14.8,14.5,14.5,4893525.0,15200.0,1281.25,1281.25,1281.25,1281.25,1523650.0,0.0
NIFTY,26-DEC-2024,26000.0,09-12-2024 09:48:00,14.65,14.7,14.5,14.7,4905200.0,6875.0,1281.25,1281.25,1281.25,1281.25,1523650.0,0.0
NIFTY,26-DEC-2024,26000.0,09-12-2024 09:49:00,14.7,14.7,14.05,14.1,4905200.0,6450.0,1281.25,1281.25,1281.25,1281.25,1523650.0,0.0
NIFTY,26-DEC-2024,26000.0,09-12-2024 09:50:00,14.05,14.25,14.05,14.2,4905200.0,6450.0,1297.55,1299.0,1295.05,1299.0,1524725.0,525.0
NIFTY,26-DEC-2024,26000.0,09-12-2024 09:51:00,14.2,14.4,14.15,14.35,4907975.0,3175.0,1299.0,1300.0,1291.9,1291.9,1524925.0,125.0
NIFTY,26-DEC-2024,26000.0,09-12-2024 09:52:00,14.35,14.35,13.5,13.7,4907975.0,11375.0,1291.9,1325.0,1291.9,1325.0,1524925.0,1425.0
NIFTY,26-DEC-2024,26000.0,09-12-2024 09:53:00,13.6,13.8,13.5,13.75,4907975.0,10550.0,1325.0,1325.0,1308.55,1308.55,1524925.0,1050.0
NIFTY,26-DEC-2024,26000.0,09-12-2024 09:54:00,13.75,13.75,13.35,13.5,4907750.0,12550.0,1308.55,1320.0,1308.55,1319.2,1521975.0,1050.0
NIFTY,26-DEC-2024,26000.0,09-12-2024 09:55:00,13.5,13.7,13.35,13.7,4907750.0,8875.0,1319.2,1328.0,1318.0,1323.0,1521975.0,175.0
NIFTY,26-DEC-2024,26000.0,09-12-2024 09:56:00,13.7,13.8,13.45,13.75,4907750.0,11300.0,1323.0,1323.0,1311.0,1313.7,1521975.0,75.0
NIFTY,26-DEC-2024,26000.0,09-12-2024 09:57:00,13.75,13.75,13.4,13.7,4900550.0,16575.0,1313.7,1313.7,1313.7,1313.7,1521975.0,0.0
NIFTY,26-DEC-2024,26000.0,09-12-2024 09:58:00,13.7,13.8,13.6,13.65,4900550.0,5925.0,1313.7,1314.0,1311.0,1312.0,1521950.0,350.0
NIFTY,26-DEC-2024,26000.0,09-12-2024 09:59:00,13.65,13.85,13.6,13.85,4900550.0,11750.0,1312.0,1314.0,1312.0,1313.0,1521950.0,1825.0
NIFTY,26-DEC-2024,26000.0,09-12-2024 10:00:00,13.75,13.8,13.5,13.65,4902875.0,7625.0,1313.0,1320.0,1313.0,1320.0,1521950.0,350.0
NIFTY,26-DEC-2024,26000.0,09-12-2024 10:01:00,13.65,13.7,13.3,13.3,4902875.0,3650.0,1320.0,1328.0,1319.0,1328.0,1520475.0,375.0
NIFTY,26-DEC-2024,26000.0,09-12-2024 10:02:00,13.3,13.5,13.2,13.35,4902875.0,16125.0,1328.0,1328.95,1328.0,1328.95,1520475.0,325.0
NIFTY,26-DEC-2024,26000.0,09-12-2024 10:03:00,13.3,13.35,13.1,13.25,4902575.0,11675.0,1328.95,1335.0,1327.45,1327.45,1520750.0,250.0
NIFTY,26-DEC-2024,26000.0,09-12-2024 10:04:00,13.25,13.5,13.0,13.0,4902575.0,14900.0,1327.45,1337.55,1325.0,1337.55,1520750.0,250.0
NIFTY,26-DEC-2024,26000.0,09-12-2024 10:05:00,13.0,13.5,12.9,13.15,4902575.0,11550.0,1337.55,1340.0,1337.55,1338.0,1520750.0,900.0
NIFTY,26-DEC-2024,26000.0,09-12-2024 10:06:00,13.15,13.35,13.1,13.35,4904950.0,9500.0,1338.0,1339.8,1338.0,1339.8,1520750.0,25.0
NIFTY,26-DEC-2024,26000.0,09-12-2024 10:07:00,13.35,13.45,13.15,13.25,4904950.0,10125.0,1339.8,1339.8,1339.8,1339.8,1520750.0,0.0
NIFTY,26-DEC-2024,26000.0,09-12-2024 10:08:00,13.3,13.3,12.75,12.75,4904950.0,12050.0,1339.8,1349.0,1339.8,1349.0,1521325.0,75.0
NIFTY,26-DEC-2024,26000.0,09-12-2024 10:09:00,12.75,12.9,12.6,12.8,4914850.0,12000.0,1349.0,1349.0,1336.0,1336.0,1521325.0,50.0
NIFTY,26-DEC-2024,26000.0,09-12-2024 10:10:00,12.8,12.9,12.8,12.85,4914850.0,10000.0,1336.0,1342.0,1336.0,1342.0,1521325.0,75.0
NIFTY,26-DEC-2024,26000.0,09-12-2024 10:11:00,12.9,12.9,12.85,12.85,4914850.0,12875.0,1342.0,1342.0,1338.8,1338.8,1521325.0,100.0
NIFTY,26-DEC-2024,26000.0,09-12-2024 10:12:00,12.85,13.05,12.7,12.9,4920325.0,12350.0,1338.8,1340.8,1338.8,1340.8,1521325.0,75.0
NIFTY,26-DEC-2024,26000.0,09-12-2024 10:13:00,12.9,13.0,12.8,13.0,4920325.0,7575.0,1340.8,1340.8,1340.8,1340.8,1521325.0,0.0
NIFTY,26-DEC-2024,26000.0,09-12-2024 10:14:00,12.9,13.1,12.8,12.95,4920325.0,28175.0,1340.8,1345.0,1340.8,1345.0,1521325.0,25.0
NIFTY,26-DEC-2024,26000.0,09-12-2024 10:15:00,12.9,13.1,12.8,13.0,4911275.0,28350.0,1345.0,1345.0,1345.0,1345.0,1521325.0,0.0
NIFTY,26-DEC-2024,26000.0,09-12-2024 10:16:00,13.0,13.5,13.0,13.3,4911275.0,11375.0,1345.0,1345.0,1322.65,1322.65,1521375.0,100.0
NIFTY,26-DEC-2024,26000.0,09-12-2024 10:17:00,13.3,13.6,13.3,13.5,4911275.0,40475.0,1322.65,1324.2,1318.55,1318.55,1521375.0,100.0
NIFTY,26-DEC-2024,26000.0,09-12-2024 10:18:00,13.5,13.55,13.1,13.3,4921825.0,19675.0,1318.55,1318.55,1318.55,1318.55,1521375.0,0.0
NIFTY,26-DEC-2024,26000.0,09-12-2024 10:19:00,13.2,13.4,13.15,13.25,4921825.0,7550.0,1318.55,1318.55,1318.55,1318.55,1521375.0,0.0
NIFTY,26-DEC-2024,26000.0,09-12-2024 10:20:00,13.25,13.4,13.15,13.35,4921825.0,14900.0,1318.55,1318.55,1318.55,1318.55,1521375.0,0.0
NIFTY,26-DEC-2024,26000.0,09-12-2024 10:21:00,13.35,13.35,13.1,13.2,4927875.0,7050.0,1318.55,1345.0,1318.55,1341.6,1521400.0,150.0
NIFTY,26-DEC-2024,26000.0,09-12-2024 10:22:00,13.2,13.45,13.2,13.45,4927875.0,14250.0,1341.6,1346.1,1341.6,1342.75,1521400.0,550.0
NIFTY,26-DEC-2024,26000.0,09-12-2024 10:23:00,13.45,13.75,13.4,13.7,4927875.0,13600.0,1342.75,1342.75,1330.0,1330.0,1521400.0,200.0
NIFTY,26-DEC-2024,26000.0,09-12-2024 10:24:00,13.7,13.8,13.5,13.75,4929125.0,24575.0,1330.0,1330.0,1330.0,1330.0,1521400.0,0.0
NIFTY,26-DEC-2024,26000.0,09-12-2024 10:25:00,13.75,13.8,13.6,13.6,4929125.0,22875.0,1330.0,1330.0,1330.0,1330.0,1521400.0,0.0
NIFTY,26-DEC-2024,26000.0,09-12-2024 10:26:00,13.65,14.25,13.5,13.9,4929125.0,9350.0,1330.0,1330.0,1316.0,1316.0,1521150.0,25.0
NIFTY,26-DEC-2024,26000.0,09-12-2024 10:27:00,13.9,14.1,13.9,14.1,4935000.0,4800.0,1316.0,1316.0,1310.0,1316.0,1521150.0,100.0
NIFTY,26-DEC-2024,26000.0,09-12-2024 10:28:00,14.05,14.1,13.85,14.0,4935000.0,7900.0,1316.0,1316.0,1316.0,1316.0,1521125.0,50.0
NIFTY,26-DEC-2024,26000.0,09-12-2024 10:29:00,14.0,14.4,13.9,14.1,4935000.0,13375.0,1316.0,1316.0,1307.15,1308.4,1521125.0,75.0
NIFTY,26-DEC-2024,26000.0,09-12-2024 10:30:00,14.1,14.4,13.95,14.1,4950200.0,13250.0,1308.4,1310.55,1307.0,1309.6,1521250.0,100.0
NIFTY,26-DEC-2024,26000.0,09-12-2024 10:31:00,14.15,14.15,13.9,14.15,4950200.0,7775.0,1309.6,1309.6,1309.6,1309.6,1521250.0,0.0
NIFTY,26-DEC-2024,26000.0,09-12-2024 10:32:00,14.15,14.15,13.85,13.9,4950200.0,4350.0,1309.6,1320.0,1309.6,1320.0,1521250.0,50.0
NIFTY,26-DEC-2024,26000.0,09-12-2024 10:33:00,13.9,14.0,13.75,13.9,4956400.0,11425.0,1320.0,1320.0,1320.0,1320.0,1521250.0,0.0
NIFTY,26-DEC-2024,26000.0,09-12-2024 10:34:00,13.85,13.9,13.7,13.7,4956400.0,8975.0,1320.0,1320.0,1320.0,1320.0,1521250.0,0.0
NIFTY,26-DEC-2024,26000.0,09-12-2024 10:35:00,13.7,13.75,13.5,13.75,4956400.0,6625.0,1320.0,1338.05,1320.0,1338.05,1521350.0,25.0
NIFTY,26-DEC-2024,26000.0,09-12-2024 10:36:00,13.75,13.75,13.4,13.55,4947200.0,16800.0,1338.05,1338.05,1325.75,1325.75,1521350.0,25.0
NIFTY,26-DEC-2024,26000.0,09-12-2024 10:37:00,13.55,13.6,13.35,13.55,4947200.0,6150.0,1325.75,1325.75,1325.75,1325.75,1521350.0,0.0
NIFTY,26-DEC-2024,26000.0,09-12-2024 10:38:00,13.55,13.55,13.3,13.35,4947200.0,7900.0,1325.75,1325.75,1323.35,1323.35,1521350.0,25.0
NIFTY,26-DEC-2024,26000.0,09-12-2024 10:39:00,13.35,13.35,13.25,13.35,4942625.0,3175.0,1323.35,1323.35,1323.35,1323.35,1521350.0,0.0
NIFTY,26-DEC-2024,26000.0,09-12-2024 10:40:00,13.35,13.5,13.3,13.5,4942625.0,3700.0,1323.35,1323.35,1316.5,1318.1,1521400.0,250.0
NIFTY,26-DEC-2024,26000.0,09-12-2024 10:41:00,13.5,13.6,13.4,13.55,4942625.0,3675.0,1318.1,1318.1,1318.1,1318.1,1521400.0,0.0
NIFTY,26-DEC-2024,26000.0,09-12-2024 10:42:00,13.55,13.7,13.45,13.65,4942825.0,3975.0,1318.1,1318.1,1318.1,1318.1,1521400.0,0.0
NIFTY,26-DEC-2024,26000.0,09-12-2024 10:43:00,13.65,13.65,13.4,13.65,4942825.0,4825.0,1318.1,1318.1,1306.95,1306.95,1521625.0,125.0
NIFTY,26-DEC-2024,26000.0,09-12-2024 10:44:00,13.65,13.65,13.45,13.6,4942825.0,2650.0,1306.95,1306.95,1306.95,1306.95,1521625.0,0.0
NIFTY,26-DEC-2024,26000.0,09-12-2024 10:45:00,13.6,13.6,13.4,13.55,4942825.0,2325.0,1306.95,1310.2,1306.95,1310.2,1521625.0,25.0
NIFTY,26-DEC-2024,26000.0,09-12-2024 10:46:00,13.6,14.05,13.6,13.8,4943775.0,8525.0,1310.2,1310.2,1294.9,1294.9,1521650.0,150.0
NIFTY,26-DEC-2024,26000.0,09-12-2024 10:47:00,13.9,14.6,13.6,14.6,4943775.0,6775.0,1294.9,1294.9,1280.1,1280.1,1521650.0,1050.0
NIFTY,26-DEC-2024,26000.0,09-12-2024 10:48:00,14.45,14.6,14.2,14.35,4947900.0,20275.0,1280.1,1280.1,1280.1,1280.1,1521650.0,0.0
NIFTY,26-DEC-2024,26000.0,09-12-2024 10:49:00,14.35,14.45,14.2,14.45,4947900.0,7075.0,1280.1,1286.0,1280.1,1286.0,1520475.0,75.0
NIFTY,26-DEC-2024,26000.0,09-12-2024 10:50:00,14.45,14.65,14.25,14.3,4947900.0,8100.0,1286.0,1286.0,1286.0,1286.0,1520475.0,0.0
NIFTY,26-DEC-2024,26000.0,09-12-2024 10:51:00,14.25,14.35,14.05,14.35,4941325.0,3275.0,1286.0,1286.0,1286.0,1286.0,1520475.0,0.0
NIFTY,26-DEC-2024,26000.0,09-12-2024 10:52:00,14.35,14.65,14.35,14.5,4941325.0,5025.0,1286.0,1286.2,1281.7,1281.7,1520475.0,275.0
NIFTY,26-DEC-2024,26000.0,09-12-2024 10:53:00,14.5,14.6,14.25,14.6,4941325.0,4350.0,1281.7,1286.0,1281.7,1286.0,1520475.0,125.0
NIFTY,26-DEC-2024,26000.0,09-12-2024 10:54:00,14.55,14.6,14.35,14.45,4942300.0,5300.0,1286.0,1286.0,1286.0,1286.0,1520475.0,0.0
NIFTY,26-DEC-2024,26000.0,09-12-2024 10:55:00,14.45,14.45,14.05,14.4,4942300.0,2750.0,1286.0,1298.0,1286.0,1298.0,1520325.0,200.0
NIFTY,26-DEC-2024,26000.0,09-12-2024 10:56:00,14.4,14.5,14.25,14.3,4942300.0,8500.0,1298.0,1298.0,1298.0,1298.0,1520325.0,0.0
NIFTY,26-DEC-2024,26000.0,09-12-2024 10:57:00,14.3,14.3,14.05,14.05,4950200.0,3325.0,1298.0,1298.0,1298.0,1298.0,1520325.0,0.0
NIFTY,26-DEC-2024,26000.0,09-12-2024 10:58:00,14.05,14.1,13.95,14.1,4950200.0,8725.0,1298.0,1298.0,1298.0,1298.0,1520325.0,0.0
NIFTY,26-DEC-2024,26000.0,09-12-2024 10:59:00,13.95,14.2,13.9,14.0,4950200.0,3025.0,1298.0,1298.0,1298.0,1298.0,1520325.0,0.0
NIFTY,26-DEC-2024,26000.0,09-12-2024 11:00:00,14.0,14.2,14.0,14.0,4949175.0,4625.0,1298.0,1298.0,1298.0,1298.0,1520325.0,0.0
NIFTY,26-DEC-2024,26000.0,09-12-2024 11:01:00,14.0,14.2,14.0,14.15,4949175.0,2200.0,1298.0,1298.0,1298.0,1298.0,1520125.0,25.0
NIFTY,26-DEC-2024,26000.0,09-12-2024 11:02:00,14.0,14.05,13.95,14.05,4949175.0,2525.0,1298.0,1298.0,1298.0,1298.0,1520125.0,0.0
NIFTY,26-DEC-2024,26000.0,09-12-2024 11:03:00,14.05,14.05,13.8,13.85,4949175.0,3125.0,1298.0,1298.0,1298.0,1298.0,1520125.0,0.0
NIFTY,26-DEC-2024,26000.0,09-12-2024 11:04:00,13.85,14.0,13.8,13.9,4950900.0,3325.0,1298.0,1298.0,1298.0,1298.0,1520125.0,0.0
NIFTY,26-DEC-2024,26000.0,09-12-2024 11:05:00,13.9,14.05,13.85,13.9,4950900.0,4325.0,1298.0,1298.0,1298.0,1298.0,1520125.0,0.0
NIFTY,26-DEC-2024,26000.0,09-12-2024 11:06:00,13.9,14.2,13.9,14.1,4953025.0,3700.0,1298.0,1298.0,1298.0,1298.0,1520125.0,0.0
NIFTY,26-DEC-2024,26000.0,09-12-2024 11:07:00,14.05,14.1,13.9,14.0,4953025.0,6125.0,1298.0,1298.0,1298.0,1298.0,1520150.0,50.0
NIFTY,26-DEC-2024,26000.0,09-12-2024 11:08:00,14.0,14.2,13.8,14.15,4953025.0,2800.0,1298.0,1298.0,1296.0,1296.0,1520150.0,125.0
NIFTY,26-DEC-2024,26000.0,09-12-2024 11:09:00,14.15,14.15,13.95,14.15,4951725.0,3625.0,1296.0,1296.0,1296.0,1296.0,1520150.0,0.0
NIFTY,26-DEC-2024,26000.0,09-12-2024 11:10:00,14.15,14.15,14.1,14.1,4951725.0,7475.0,1296.0,1296.0,1296.0,1296.0,1520150.0,0.0
NIFTY,26-DEC-2024,26000.0,09-12-2024 11:11:00,14.1,14.25,14.0,14.15,4951725.0,3200.0,1296.0,1296.0,1282.25,1282.25,1520150.0,25.0
NIFTY,26-DEC-2024,26000.0,09-12-2024 11:12:00,14.15,14.25,13.95,14.05,4947725.0,2600.0,1282.25,1282.25,1282.25,1282.25,1520150.0,0.0
NIFTY,26-DEC-2024,26000.0,09-12-2024 11:13:00,14.05,14.05,13.9,14.0,4947725.0,3550.0,1282.25,1282.25,1282.25,1282.25,1520150.0,0.0
NIFTY,26-DEC-2024,26000.0,09-12-2024 11:14:00,14.0,14.2,13.85,14.15,4947725.0,22850.0,1282.25,1282.25,1282.25,1282.25,1520150.0,0.0
NIFTY,26-DEC-2024,26000.0,09-12-2024 11:15:00,14.15,14.2,13.95,14.15,4950850.0,6525.0,1282.25,1282.25,1282.25,1282.25,1520150.0,0.0
NIFTY,26-DEC-2024,26000.0,09-12-2024 11:16:00,14.15,14.15,13.9,13.95,4950850.0,5450.0,1282.25,1282.25,1278.65,1279.55,1520150.0,50.0
NIFTY,26-DEC-2024,26000.0,09-12-2024 11:17:00,13.95,14.15,13.95,14.1,4950850.0,8000.0,1279.55,1285.0,1279.55,1285.0,1520150.0,100.0
NIFTY,26-DEC-2024,26000.0,09-12-2024 11:18:00,14.1,14.25,14.1,14.2,4951625.0,9200.0,1285.0,1285.0,1285.0,1285.0,1520150.0,0.0
NIFTY,26-DEC-2024,26000.0,09-12-2024 11:19:00,14.2,14.35,14.0,14.15,4951625.0,4650.0,1285.0,1285.0,1272.85,1272.85,1520050.0,25.0
NIFTY,26-DEC-2024,26000.0,09-12-2024 11:20:00,14.15,14.5,14.1,14.25,4951625.0,6575.0,1272.85,1272.85,1257.55,1257.55,1520050.0,100.0
NIFTY,26-DEC-2024,26000.0,09-12-2024 11:21:00,14.25,14.25,14.05,14.15,4947075.0,12625.0,1257.55,1257.55,1257.55,1257.55,1520050.0,0.0
NIFTY,26-DEC-2024,26000.0,09-12-2024 11:22:00,14.15,14.15,13.8,14.0,4947075.0,10900.0,1257.55,1264.55,1257.55,1264.55,1520050.0,25.0
NIFTY,26-DEC-2024,26000.0,09-12-2024 11:23:00,14.0,14.25,14.0,14.2,4947075.0,1675.0,1264.55,1266.0,1264.55,1266.0,1520050.0,25.0
NIFTY,26-DEC-2024,26000.0,09-12-2024 11:24:00,14.2,14.25,14.1,14.25,4950650.0,2700.0,1266.0,1266.0,1266.0,1266.0,1520050.0,0.0
NIFTY,26-DEC-2024,26000.0,09-12-2024 11:25:00,14.25,14.5,14.2,14.2,4950650.0,4500.0,1266.0,1266.0,1266.0,1266.0,1520050.0,0.0
NIFTY,26-DEC-2024,26000.0,09-12-2024 11:26:00,14.2,14.55,14.2,14.45,4950650.0,4275.0,1266.0,1266.0,1260.0,1260.0,1520050.0,25.0
NIFTY,26-DEC-2024,26000.0,09-12-2024 11:27:00,14.45,14.6,14.4,14.5,4952600.0,6975.0,1260.0,1260.0,1260.0,1260.0,1520050.0,0.0
NIFTY,26-DEC-2024,26000.0,09-12-2024 11:28:00,14.5,15.0,14.5,14.8,4952600.0,10675.0,1260.0,1260.0,1241.0,1241.0,1520025.0,75.0
NIFTY,26-DEC-2024,26000.0,09-12-2024 11:29:00,14.8,14.8,14.65,14.75,4952600.0,2650.0,1241.0,1248.0,1241.0,1248.0,1520025.0,50.0
NIFTY,26-DEC-2024,26000.0,09-12-2024 11:30:00,14.75,15.9,14.65,15.75,4943925.0,58350.0,1248.0,1248.0,1240.0,1241.6,1520025.0,50.0
NIFTY,26-DEC-2024,26000.0,09-12-2024 11:31:00,15.75,15.75,15.25,15.35,4943925.0,7075.0,1241.6,1245.0,1241.6,1245.0,1519975.0,25.0
NIFTY,26-DEC-2024,26000.0,09-12-2024 11:32:00,15.35,15.35,14.7,14.75,4943925.0,4900.0,1245.0,1248.0,1245.0,1248.0,1519975.0,500.0
NIFTY,26-DEC-2024,26000.0,09-12-2024 11:33:00,14.75,14.9,14.6,14.65,4951575.0,4300.0,1248.0,1260.0,1248.0,1260.0,1519975.0,25.0
NIFTY,26-DEC-2024,26000.0,09-12-2024 11:34:00,14.65,14.9,14.65,14.85,4951575.0,5100.0,1260.0,1260.0,1255.1,1255.1,1520475.0,50.0
NIFTY,26-DEC-2024,26000.0,09-12-2024 11:35:00,14.85,14.85,14.65,14.85,4951575.0,1100.0,1255.1,1255.1,1255.1,1255.1,1520475.0,0.0
NIFTY,26-DEC-2024,26000.0,09-12-2024 11:36:00,14.85,14.85,14.45,14.7,4951125.0,325.0,1255.1,1255.1,1255.1,1255.1,1520475.0,0.0
NIFTY,26-DEC-2024,26000.0,09-12-2024 11:37:00,14.7,14.85,14.6,14.7,4951125.0,3875.0,1255.1,1255.1,1255.1,1255.1,1520475.0,0.0
NIFTY,26-DEC-2024,26000.0,09-12-2024 11:38:00,14.6,14.85,14.6,14.6,4951125.0,2275.0,1255.1,1255.1,1255.0,1255.0,1520425.0,125.0
NIFTY,26-DEC-2024,26000.0,09-12-2024 11:39:00,14.6,14.8,14.6,14.7,4951175.0,750.0,1255.0,1255.0,1249.15,1249.15,1520425.0,25.0
NIFTY,26-DEC-2024,26000.0,09-12-2024 11:40:00,14.7,14.8,14.6,14.6,4951175.0,4875.0,1249.15,1249.15,1249.15,1249.15,1520425.0,0.0
NIFTY,26-DEC-2024,26000.0,09-12-2024 11:41:00,14.6,14.7,14.55,14.7,4951175.0,1975.0,1249.15,1249.15,1249.0,1249.0,1520425.0,50.0
NIFTY,26-DEC-2024,26000.0,09-12-2024 11:42:00,14.7,14.7,14.45,14.5,4951425.0,5525.0,1249.0,1249.0,1249.0,1249.0,1520425.0,0.0
NIFTY,26-DEC-2024,26000.0,09-12-2024 11:43:00,14.5,14.85,14.45,14.7,4951425.0,7725.0,1249.0,1249.95,1249.0,1249.95,1520400.0,200.0
NIFTY,26-DEC-2024,26000.0,09-12-2024 11:44:00,14.7,15.15,14.4,14.9,4951425.0,12625.0,1249.95,1249.95,1228.45,1228.45,1520400.0,450.0
NIFTY,26-DEC-2024,26000.0,09-12-2024 11:45:00,14.9,15.15,14.9,14.95,4956600.0,9925.0,1228.45,1236.0,1228.45,1236.0,1520400.0,75.0
NIFTY,26-DEC-2024,26000.0,09-12-2024 11:46:00,14.95,15.1,14.7,14.8,4956600.0,1425.0,1236.0,1236.0,1233.85,1233.85,1520225.0,25.0
NIFTY,26-DEC-2024,26000.0,09-12-2024 11:47:00,14.7,14.8,14.7,14.8,4956600.0,1150.0,1233.85,1233.85,1233.85,1233.85,1520225.0,0.0
NIFTY,26-DEC-2024,26000.0,09-12-2024 11:48:00,14.8,14.8,14.7,14.7,4958425.0,1625.0,1233.85,1233.85,1233.85,1233.85,1520225.0,0.0
NIFTY,26-DEC-2024,26000.0,09-12-2024 11:49:00,14.7,15.0,14.7,14.9,4958425.0,525.0,1233.85,1243.0,1233.85,1242.0,1520225.0,1850.0
NIFTY,26-DEC-2024,26000.0,09-12-2024 11:50:00,14.9,15.0,14.7,14.95,4958425.0,3075.0,1242.0,1242.25,1242.0,1242.25,1520225.0,125.0
NIFTY,26-DEC-2024,26000.0,09-12-2024 11:51:00,14.95,14.95,14.85,14.9,4960875.0,300.0,1242.25,1244.0,1242.25,1244.0,1520225.0,125.0
NIFTY,26-DEC-2024,26000.0,09-12-2024 11:52:00,14.8,14.9,14.75,14.8,4960875.0,4550.0,1244.0,1244.0,1244.0,1244.0,1520225.0,0.0
NIFTY,26-DEC-2024,26000.0,09-12-2024 11:53:00,14.8,14.8,14.6,14.6,4960875.0,3925.0,1244.0,1248.75,1243.35,1248.75,1518350.0,400.0
NIFTY,26-DEC-2024,26000.0,09-12-2024 11:54:00,14.6,14.85,14.55,14.85,4955375.0,4675.0,1248.75,1248.75,1248.75,1248.75,1518350.0,0.0
NIFTY,26-DEC-2024,26000.0,09-12-2024 11:55:00,14.85,15.0,14.85,14.95,4955375.0,2025.0,1248.75,1248.75,1245.35,1245.35,1518450.0,200.0
NIFTY,26-DEC-2024,26000.0,09-12-2024 11:56:00,14.95,15.0,14.75,15.0,4955375.0,325.0,1245.35,1250.3,1245.35,1250.3,1518450.0,250.0
NIFTY,26-DEC-2024,26000.0,09-12-2024 11:57:00,15.0,15.0,14.95,15.0,4955375.0,375.0,1250.3,1250.3,1240.0,1240.0,1518450.0,100.0
NIFTY,26-DEC-2024,26000.0,09-12-2024 11:58:00,15.0,15.1,15.0,15.1,4955675.0,1725.0,1240.0,1240.0,1240.0,1240.0,1518450.0,0.0
NIFTY,26-DEC-2024,26000.0,09-12-2024 11:59:00,15.1,15.1,14.9,14.9,4955675.0,2925.0,1240.0,1240.0,1240.0,1240.0,1518450.0,0.0
NIFTY,26-DEC-2024,26000.0,09-12-2024 12:00:00,14.9,14.95,14.7,14.8,4955675.0,6625.0,1240.0,1240.0,1240.0,1240.0,1518450.0,0.0
NIFTY,26-DEC-2024,26000.0,09-12-2024 12:01:00,14.75,14.95,14.75,14.95,4958175.0,1025.0,1240.0,1242.0,1240.0,1242.0,1518275.0,25.0
NIFTY,26-DEC-2024,26000.0,09-12-2024 12:02:00,14.95,14.95,14.9,14.95,4958175.0,5525.0,1242.0,1242.0,1242.0,1242.0,1518275.0,0.0
NIFTY,26-DEC-2024,26000.0,09-12-2024 12:03:00,14.95,15.0,14.85,14.85,4958175.0,650.0,1242.0,1242.0,1240.0,1240.0,1518275.0,500.0
NIFTY,26-DEC-2024,26000.0,09-12-2024 12:04:00,14.85,14.85,14.45,14.5,4959500.0,5600.0,1240.0,1250.0,1240.0,1250.0,1518725.0,150.0
NIFTY,26-DEC-2024,26000.0,09-12-2024 12:05:00,14.5,14.8,14.45,14.6,4959500.0,2425.0,1250.0,1254.0,1250.0,1252.9,1518725.0,100.0
NIFTY,26-DEC-2024,26000.0,09-12-2024 12:06:00,14.6,14.6,14.4,14.4,4959500.0,1600.0,1252.9,1253.0,1252.0,1252.55,1518725.0,150.0
NIFTY,26-DEC-2024,26000.0,09-12-2024 12:07:00,14.4,14.45,14.1,14.45,4959200.0,2175.0,1252.55,1264.4,1252.55,1264.4,1518600.0,75.0
NIFTY,26-DEC-2024,26000.0,09-12-2024 12:08:00,14.45,14.5,14.1,14.15,4959200.0,6000.0,1264.4,1264.4,1255.0,1255.0,1518600.0,725.0
NIFTY,26-DEC-2024,26000.0,09-12-2024 12:09:00,14.15,14.25,13.9,14.0,4961550.0,7325.0,1255.0,1263.0,1255.0,1263.0,1518600.0,300.0
NIFTY,26-DEC-2024,26000.0,09-12-2024 12:10:00,14.0,14.15,13.95,14.05,4961550.0,525.0,1263.0,1263.0,1263.0,1263.0,1519400.0,50.0
NIFTY,26-DEC-2024,26000.0,09-12-2024 12:11:00,14.05,14.05,13.8,13.95,4961550.0,6450.0,1263.0,1266.0,1263.0,1266.0,1519400.0,300.0
NIFTY,26-DEC-2024,26000.0,09-12-2024 12:12:00,13.85,13.85,13.7,13.85,4959425.0,4925.0,1266.0,1273.0,1266.0,1273.0,1519400.0,200.0
NIFTY,26-DEC-2024,26000.0,09-12-2024 12:13:00,13.9,13.9,13.85,13.85,4959425.0,6450.0,1264.3,1264.3,1264.3,1264.3,1519850.0,275.0
NIFTY,26-DEC-2024,26000.0,09-12-2024 12:14:00,13.85,14.05,13.85,13.85,4959425.0,4350.0,1264.3,1264.3,1255.8,1255.8,1519850.0,75.0
NIFTY,26-DEC-2024,26000.0,09-12-2024 12:15:00,13.85,14.15,13.85,14.15,4959425.0,1450.0,1255.8,1255.8,1255.0,1255.0,1519850.0,50.0
NIFTY,26-DEC-2024,26000.0,09-12-2024 12:16:00,14.15,14.25,14.1,14.25,4961800.0,2650.0,1255.0,1255.0,1255.0,1255.0,1519850.0,0.0
NIFTY,26-DEC-2024,26000.0,09-12-2024 12:17:00,14.2,14.35,14.2,14.25,4961800.0,2975.0,1255.0,1255.0,1255.0,1255.0,1519850.0,0.0
NIFTY,26-DEC-2024,26000.0,09-12-2024 12:18:00,14.25,14.3,14.25,14.25,4961800.0,550.0,1255.0,1255.0,1253.0,1255.0,1519525.0,100.0
NIFTY,26-DEC-2024,26000.0,09-12-2024 12:19:00,14.15,14.2,14.15,14.15,4963350.0,2950.0,1250.9,1258.85,1250.9,1258.85,1519525.0,750.0
NIFTY,26-DEC-2024,26000.0,09-12-2024 12:20:00,14.15,14.15,14.1,14.1,4963350.0,575.0,1258.85,1258.85,1257.95,1257.95,1519525.0,200.0
NIFTY,26-DEC-2024,26000.0,09-12-2024 12:21:00,14.1,14.2,14.1,14.2,4963350.0,50.0,1257.95,1260.0,1257.95,1260.0,1519525.0,75.0
NIFTY,26-DEC-2024,26000.0,09-12-2024 12:22:00,14.1,14.1,14.0,14.0,4963600.0,575.0,1260.0,1266.3,1260.0,1266.3,1520100.0,150.0
NIFTY,26-DEC-2024,26000.0,09-12-2024 12:23:00,14.0,14.0,13.9,13.9,4963600.0,1225.0,1266.3,1266.3,1266.3,1266.3,1520100.0,0.0
NIFTY,26-DEC-2024,26000.0,09-12-2024 12:24:00,13.9,14.1,13.9,13.95,4963600.0,9025.0,1266.3,1266.3,1266.3,1266.3,1520100.0,0.0
NIFTY,26-DEC-2024,26000.0,09-12-2024 12:25:00,13.95,13.95,13.8,13.85,4964425.0,5875.0,1266.3,1266.3,1266.3,1266.3,1520100.0,0.0
NIFTY,26-DEC-2024,26000.0,09-12-2024 12:26:00,13.85,14.0,13.85,13.9,4964425.0,775.0,1266.3,1266.3,1266.3,1266.3,1520100.0,0.0
NIFTY,26-DEC-2024,26000.0,09-12-2024 12:27:00,13.9,14.05,13.85,13.95,4964425.0,325.0,1266.3,1266.3,1266.3,1266.3,1520100.0,0.0
NIFTY,26-DEC-2024,26000.0,09-12-2024 12:28:00,13.95,14.15,13.95,14.15,4964200.0,500.0,1266.3,1266.3,1266.3,1266.3,1520100.0,0.0
NIFTY,26-DEC-2024,26000.0,09-12-2024 12:29:00,14.15,14.35,13.8,13.8,4964200.0,4925.0,1266.3,1266.3,1256.2,1258.45,1520100.0,375.0
NIFTY,26-DEC-2024,26000.0,09-12-2024 12:30:00,13.8,13.85,13.6,13.75,4964200.0,6700.0,1258.45,1275.0,1258.45,1275.0,1520100.0,50.0
NIFTY,26-DEC-2024,26000.0,09-12-2024 12:31:00,13.75,13.85,13.5,13.55,4967350.0,10950.0,1275.0,1290.75,1269.45,1290.75,1520175.0,475.0
NIFTY,26-DEC-2024,26000.0,09-12-2024 12:32:00,13.55,13.65,13.45,13.6,4967350.0,5100.0,1290.75,1290.75,1288.8,1288.8,1520175.0,75.0
NIFTY,26-DEC-2024,26000.0,09-12-2024 12:33:00,13.6,13.6,13.35,13.45,4967350.0,14075.0,1288.8,1288.8,1285.0,1285.25,1520175.0,25.0
NIFTY,26-DEC-2024,26000.0,09-12-2024 12:34:00,13.4,13.45,13.25,13.4,4974150.0,2300.0,1285.25,1295.0,1285.25,1295.0,1520450.0,375.0
NIFTY,26-DEC-2024,26000.0,09-12-2024 12:35:00,13.4,13.45,13.4,13.45,4974150.0,1350.0,1295.0,1295.0,1290.0,1290.0,1520450.0,25.0
NIFTY,26-DEC-2024,26000.0,09-12-2024 12:36:00,13.45,13.45,13.1,13.2,4974150.0,10900.0,1290.0,1302.95,1290.0,1302.95,1520450.0,475.0
NIFTY,26-DEC-2024,26000.0,09-12-2024 12:37:00,13.2,13.2,13.0,13.2,4969800.0,8175.0,1302.95,1302.95,1292.45,1292.45,1520625.0,600.0
NIFTY,26-DEC-2024,26000.0,09-12-2024 12:38:00,13.2,13.2,13.0,13.05,4969800.0,3600.0,1292.45,1292.45,1292.45,1292.45,1520625.0,0.0
NIFTY,26-DEC-2024,26000.0,09-12-2024 12:39:00,13.05,13.15,13.05,13.1,4969800.0,3225.0,1294.45,1297.95,1294.45,1295.75,1520625.0,525.0
NIFTY,26-DEC-2024,26000.0,09-12-2024 12:40:00,13.2,13.3,13.1,13.1,4969375.0,1825.0,1293.75,1301.0,1292.95,1301.0,1521125.0,1025.0
NIFTY,26-DEC-2024,26000.0,09-12-2024 12:41:00,13.1,13.3,13.1,13.3,4969375.0,3600.0,1301.0,1301.4,1297.9,1301.4,1521125.0,725.0
NIFTY,26-DEC-2024,26000.0,09-12-2024 12:42:00,13.3,13.3,13.2,13.3,4969375.0,4275.0,1301.4,1301.4,1290.0,1290.0,1521125.0,75.0
NIFTY,26-DEC-2024,26000.0,09-12-2024 12:43:00,13.3,13.4,13.2,13.2,4973025.0,7475.0,1290.0,1295.15,1289.05,1289.05,1522025.0,300.0
NIFTY,26-DEC-2024,26000.0,09-12-2024 12:44:00,13.2,13.35,13.2,13.3,4973025.0,1550.0,1289.05,1294.0,1287.55,1287.55,1522025.0,175.0
NIFTY,26-DEC-2024,26000.0,09-12-2024 12:45:00,13.3,13.4,13.25,13.3,4973025.0,900.0,1287.55,1289.55,1287.55,1289.55,1522025.0,50.0
NIFTY,26-DEC-2024,26000.0,09-12-2024 12:46:00,13.3,13.4,13.3,13.4,4976925.0,950.0,1289.55,1289.55,1289.55,1289.55,1522025.0,0.0
NIFTY,26-DEC-2024,26000.0,09-12-2024 12:47:00,13.4,13.4,13.2,13.35,4976925.0,2650.0,1289.55,1289.55,1286.7,1286.7,1522050.0,975.0
NIFTY,26-DEC-2024,26000.0,09-12-2024 12:48:00,13.35,13.5,13.35,13.5,4976925.0,3575.0,1286.7,1286.7,1286.7,1286.7,1522050.0,0.0
NIFTY,26-DEC-2024,26000.0,09-12-2024 12:49:00,13.5,13.55,13.45,13.5,4971225.0,1450.0,1286.7,1286.7,1286.7,1286.7,1522050.0,0.0
NIFTY,26-DEC-2024,26000.0,09-12-2024 12:50:00,13.5,13.65,13.5,13.65,4971225.0,1225.0,1286.7,1286.7,1276.65,1279.1,1522725.0,275.0
NIFTY,26-DEC-2024,26000.0,09-12-2024 12:51:00,13.65,13.7,13.65,13.65,4971225.0,925.0,1279.1,1279.1,1277.55,1278.8,1522725.0,50.0
NIFTY,26-DEC-2024,26000.0,09-12-2024 12:52:00,13.65,13.65,13.5,13.65,4972375.0,575.0,1278.8,1282.0,1278.8,1282.0,1522625.0,300.0
NIFTY,26-DEC-2024,26000.0,09-12-2024 12:53:00,13.65,13.65,13.5,13.55,4972375.0,575.0,1282.0,1282.0,1282.0,1282.0,1522625.0,0.0
NIFTY,26-DEC-2024,26000.0,09-12-2024 12:54:00,13.55,13.6,13.5,13.5,4972375.0,575.0,1282.0,1282.0,1282.0,1282.0,1522625.0,0.0
NIFTY,26-DEC-2024,26000.0,09-12-2024 12:55:00,13.5,13.5,13.45,13.5,4972625.0,1175.0,1282.0,1282.0,1282.0,1282.0,1522625.0,0.0
NIFTY,26-DEC-2024,26000.0,09-12-2024 12:56:00,13.5,13.65,13.5,13.6,4972625.0,575.0,1282.0,1282.0,1280.0,1280.0,1522325.0,300.0
NIFTY,26-DEC-2024,26000.0,09-12-2024 12:57:00,13.6,13.65,13.55,13.65,4972625.0,1075.0,1280.0,1280.0,1280.0,1280.0,1522325.0,0.0
NIFTY,26-DEC-2024,26000.0,09-12-2024 12:58:00,13.65,13.85,13.65,13.85,4972700.0,650.0,1280.0,1280.0,1280.0,1280.0,1522325.0,0.0
NIFTY,26-DEC-2024,26000.0,09-12-2024 12:59:00,13.85,13.85,13.8,13.8,4972700.0,875.0,1280.0,1280.0,1280.0,1280.0,1522325.0,0.0
NIFTY,26-DEC-2024,26000.0,09-12-2024 13:00:00,13.8,13.85,13.8,13.8,4972700.0,850.0,1280.0,1280.0,1280.0,1280.0,1522325.0,0.0
NIFTY,26-DEC-2024,26000.0,09-12-2024 13:01:00,13.8,13.95,13.8,13.95,4973575.0,1900.0,1280.0,1280.0,1280.0,1280.0,1522325.0,0.0
NIFTY,26-DEC-2024,26000.0,09-12-2024 13:02:00,13.95,13.95,13.75,13.75,4973575.0,1425.0,1280.0,1280.0,1270.7,1276.55,1522025.0,475.0
NIFTY,26-DEC-2024,26000.0,09-12-2024 13:03:00,13.75,13.8,13.7,13.75,4973575.0,10550.0,1276.55,1282.65,1276.55,1282.65,1522025.0,400.0
NIFTY,26-DEC-2024,26000.0,09-12-2024 13:04:00,13.75,13.75,13.45,13.7,4977075.0,2450.0,1282.65,1282.65,1282.65,1282.65,1522025.0,0.0
NIFTY,26-DEC-2024,26000.0,09-12-2024 13:05:00,13.7,13.7,13.5,13.7,4977075.0,3475.0,1282.65,1290.0,1282.65,1290.0,1522225.0,25.0
NIFTY,26-DEC-2024,26000.0,09-12-2024 13:06:00,13.7,13.9,13.7,13.9,4977075.0,775.0,1290.0,1290.0,1288.0,1288.0,1522225.0,25.0
NIFTY,26-DEC-2024,26000.0,09-12-2024 13:07:00,13.9,13.9,13.7,13.9,4977500.0,2750.0,1288.0,1288.0,1287.0,1287.0,1522175.0,300.0
NIFTY,26-DEC-2024,26000.0,09-12-2024 13:08:00,13.9,14.1,13.9,14.1,4977500.0,6125.0,1287.0,1287.0,1287.0,1287.0,1522175.0,0.0
NIFTY,26-DEC-2024,26000.0,09-12-2024 13:09:00,14.1,14.1,13.9,13.9,4977500.0,3825.0,1287.0,1287.0,1287.0,1287.0,1522175.0,0.0
NIFTY,26-DEC-2024,26000.0,09-12-2024 13:10:00,13.9,14.1,13.9,14.05,4976275.0,625.0,1287.0,1287.0,1273.0,1273.0,1522475.0,300.0
NIFTY,26-DEC-2024,26000.0,09-12-2024 13:11:00,14.05,14.05,13.9,13.9,4976275.0,1550.0,1273.0,1273.0,1273.0,1273.0,1522475.0,0.0
NIFTY,26-DEC-2024,26000.0,09-12-2024 13:12:00,13.9,14.05,13.85,14.0,4976275.0,3775.0,1273.0,1273.0,1273.0,1273.0,1522475.0,0.0
NIFTY,26-DEC-2024,26000.0,09-12-2024 13:13:00,13.95,14.0,13.75,13.9,4979150.0,1650.0,1273.0,1278.0,1273.0,1278.0,1522475.0,400.0
NIFTY,26-DEC-2024,26000.0,09-12-2024 13:14:00,13.9,14.15,13.8,14.15,4979150.0,725.0,1278.0,1278.0,1278.0,1278.0,1522475.0,0.0
NIFTY,26-DEC-2024,26000.0,09-12-2024 13:15:00,14.05,14.1,13.95,13.95,4979150.0,1925.0,1278.0,1278.0,1278.0,1278.0,1522475.0,0.0
NIFTY,26-DEC-2024,26000.0,09-12-2024 13:16:00,13.95,14.0,13.9,13.95,4978725.0,1450.0,1278.0,1278.0,1262.0,1262.0,1523175.0,25.0
NIFTY,26-DEC-2024,26000.0,09-12-2024 13:17:00,13.95,14.15,13.95,13.95,4978725.0,4625.0,1262.0,1262.0,1259.25,1259.25,1523200.0,100.0
NIFTY,26-DEC-2024,26000.0,09-12-2024 13:18:00,14.15,14.2,14.0,14.2,4978725.0,1175.0,1259.25,1259.25,1258.0,1258.0,1523200.0,400.0
NIFTY,26-DEC-2024,26000.0,09-12-2024 13:19:00,14.2,14.2,13.85,13.85,4983500.0,2575.0,1258.0,1258.0,1258.0,1258.0,1523200.0,0.0
NIFTY,26-DEC-2024,26000.0,09-12-2024 13:20:00,13.85,14.05,13.85,13.95,4983500.0,3850.0,1258.0,1263.0,1258.0,1263.0,1523000.0,100.0
NIFTY,26-DEC-2024,26000.0,09-12-2024 13:21:00,13.95,14.0,13.85,13.85,4983500.0,5275.0,1263.0,1263.2,1263.0,1263.2,1523000.0,50.0
NIFTY,26-DEC-2024,26000.0,09-12-2024 13:22:00,13.85,13.85,13.65,13.85,4985600.0,1475.0,1263.2,1263.2,1263.2,1263.2,1523000.0,0.0
NIFTY,26-DEC-2024,26000.0,09-12-2024 13:23:00,13.85,13.9,13.7,13.8,4985600.0,2300.0,1263.2,1263.2,1263.2,1263.2,1523000.0,0.0
NIFTY,26-DEC-2024,26000.0,09-12-2024 13:24:00,13.8,13.8,13.7,13.7,4985600.0,100.0,1263.2,1263.2,1263.2,1263.2,1523000.0,0.0
NIFTY,26-DEC-2024,26000.0,09-12-2024 13:25:00,13.7,13.8,13.55,13.65,4987525.0,8125.0,1263.2,1276.95,1263.2,1271.9,1522850.0,425.0
NIFTY,26-DEC-2024,26000.0,09-12-2024 13:26:00,13.65,13.8,13.65,13.8,4987525.0,1100.0,1271.9,1271.9,1271.9,1271.9,1522850.0,0.0
NIFTY,26-DEC-2024,26000.0,09-12-2024 13:27:00,13.8,13.8,13.75,13.75,4987525.0,3900.0,1271.9,1276.0,1268.8,1276.0,1522850.0,50.0
NIFTY,26-DEC-2024,26000.0,09-12-2024 13:28:00,13.75,13.75,13.55,13.55,4986850.0,2375.0,1276.0,1276.0,1275.8,1275.8,1522850.0,400.0
NIFTY,26-DEC-2024,26000.0,09-12-2024 13:29:00,13.55,13.7,13.5,13.6,4986850.0,3925.0,1275.8,1282.0,1275.8,1282.0,1522800.0,525.0
NIFTY,26-DEC-2024,26000.0,09-12-2024 13:30:00,13.6,13.7,13.55,13.7,4986850.0,1175.0,1282.0,1282.0,1276.35,1276.35,1522800.0,25.0
NIFTY,26-DEC-2024,26000.0,09-12-2024 13:31:00,13.7,13.8,13.7,13.8,4987025.0,1125.0,1276.35,1276.35,1274.25,1274.25,1523050.0,50.0
NIFTY,26-DEC-2024,26000.0,09-12-2024 13:32:00,13.8,13.8,13.65,13.7,4987025.0,675.0,1274.25,1274.25,1273.0,1273.0,1523050.0,500.0
NIFTY,26-DEC-2024,26000.0,09-12-2024 13:33:00,13.7,13.8,13.7,13.8,4987025.0,150.0,1273.0,1277.3,1273.0,1277.3,1523050.0,25.0
NIFTY,26-DEC-2024,26000.0,09-12-2024 13:34:00,13.8,13.8,13.7,13.7,4987275.0,225.0,1277.3,1277.3,1277.3,1277.3,1523050.0,0.0
NIFTY,26-DEC-2024,26000.0,09-12-2024 13:35:00,13.7,13.8,13.7,13.8,4987275.0,550.0,1277.3,1277.3,1275.0,1275.0,1523475.0,75.0
NIFTY,26-DEC-2024,26000.0,09-12-2024 13:36:00,13.7,13.75,13.6,13.6,4987275.0,975.0,1275.0,1280.0,1275.0,1280.0,1523475.0,1075.0
NIFTY,26-DEC-2024,26000.0,09-12-2024 13:37:00,13.6,13.75,13.55,13.55,4988300.0,2475.0,1280.0,1285.0,1280.0,1281.0,1524450.0,600.0
NIFTY,26-DEC-2024,26000.0,09-12-2024 13:38:00,13.55,13.7,13.55,13.7,4988300.0,250.0,1281.0,1281.0,1281.0,1281.0,1524450.0,0.0
NIFTY,26-DEC-2024,26000.0,09-12-2024 13:39:00,13.7,13.7,13.6,13.65,4988300.0,575.0,1281.0,1281.0,1280.0,1280.0,1524450.0,50.0
NIFTY,26-DEC-2024,26000.0,09-12-2024 13:40:00,13.65,13.65,13.6,13.65,4990150.0,700.0,1280.0,1280.0,1280.0,1280.0,1524450.0,0.0
NIFTY,26-DEC-2024,26000.0,09-12-2024 13:41:00,13.65,13.8,13.65,13.7,4990150.0,975.0,1280.0,1280.0,1280.0,1280.0,1524450.0,0.0
NIFTY,26-DEC-2024,26000.0,09-12-2024 13:42:00,13.7,13.85,13.65,13.85,4990150.0,1475.0,1280.0,1280.0,1278.25,1278.25,1524650.0,50.0
NIFTY,26-DEC-2024,26000.0,09-12-2024 13:43:00,13.85,13.85,13.8,13.8,4992425.0,1875.0,1278.25,1278.25,1278.25,1278.25,1524650.0,0.0
NIFTY,26-DEC-2024,26000.0,09-12-2024 13:44:00,13.8,13.9,13.8,13.9,4992425.0,1025.0,1278.25,1278.25,1278.25,1278.25,1524650.0,0.0
NIFTY,26-DEC-2024,26000.0,09-12-2024 13:45:00,13.9,13.9,13.8,13.8,4992425.0,1675.0,1278.25,1278.25,1278.25,1278.25,1524650.0,0.0
NIFTY,26-DEC-2024,26000.0,09-12-2024 13:46:00,13.8,13.8,13.8,13.8,4994875.0,1000.0,1278.25,1278.25,1278.25,1278.25,1524650.0,0.0
NIFTY,26-DEC-2024,26000.0,09-12-2024 13:47:00,13.8,13.85,13.7,13.85,4994875.0,2725.0,1278.25,1278.25,1269.25,1269.25,1524650.0,25.0
NIFTY,26-DEC-2024,26000.0,09-12-2024 13:48:00,13.85,13.85,13.65,13.8,4994875.0,650.0,1269.25,1271.0,1269.25,1271.0,1524650.0,500.0
NIFTY,26-DEC-2024,26000.0,09-12-2024 13:49:00,13.8,13.8,13.6,13.65,4998900.0,2825.0,1271.0,1271.0,1271.0,1271.0,1524650.0,0.0
NIFTY,26-DEC-2024,26000.0,09-12-2024 13:50:00,13.65,13.9,13.55,13.85,4998900.0,1225.0,1271.0,1290.0,1271.0,1290.0,1525175.0,625.0
NIFTY,26-DEC-2024,26000.0,09-12-2024 13:51:00,13.85,13.85,13.6,13.6,4998900.0,775.0,1290.0,1290.0,1290.0,1290.0,1525175.0,0.0
NIFTY,26-DEC-2024,26000.0,09-12-2024 13:52:00,13.6,13.6,13.45,13.45,5000175.0,875.0,1290.0,1290.0,1290.0,1290.0,1525175.0,0.0
NIFTY,26-DEC-2024,26000.0,09-12-2024 13:53:00,13.45,13.65,13.45,13.65,5000175.0,825.0,1290.0,1290.0,1285.0,1285.0,1525800.0,25.0
NIFTY,26-DEC-2024,26000.0,09-12-2024 13:54:00,13.65,13.65,13.45,13.45,5000175.0,675.0,1285.0,1285.0,1281.1,1281.1,1525800.0,25.0
NIFTY,26-DEC-2024,26000.0,09-12-2024 13:55:00,13.45,13.55,13.4,13.55,5000950.0,550.0,1281.1,1283.05,1280.5,1283.05,1525900.0,125.0
NIFTY,26-DEC-2024,26000.0,09-12-2024 13:56:00,13.55,13.55,13.4,13.45,5000950.0,950.0,1283.05,1283.05,1283.05,1283.05,1525900.0,50.0
NIFTY,26-DEC-2024,26000.0,09-12-2024 13:57:00,13.45,13.6,13.45,13.6,5000950.0,700.0,1283.05,1283.3,1283.05,1283.1,1525900.0,150.0
NIFTY,26-DEC-2024,26000.0,09-12-2024 13:58:00,13.6,13.6,13.45,13.45,5000750.0,600.0,1283.1,1283.1,1283.1,1283.1,1525900.0,0.0
NIFTY,26-DEC-2024,26000.0,09-12-2024 13:59:00,13.45,13.5,13.45,13.45,5000750.0,650.0,1286.1,1286.1,1286.1,1286.1,1526000.0,25.0
NIFTY,26-DEC-2024,26000.0,09-12-2024 14:00:00,13.45,13.45,13.3,13.35,5000750.0,5150.0,1286.1,1296.0,1286.1,1296.0,1526000.0,500.0
NIFTY,26-DEC-2024,26000.0,09-12-2024 14:01:00,13.35,13.4,13.2,13.2,5005075.0,6775.0,1296.0,1296.0,1296.0,1296.0,1526000.0,0.0
NIFTY,26-DEC-2024,26000.0,09-12-2024 14:02:00,13.25,13.3,13.2,13.2,5005075.0,5775.0,1296.0,1296.0,1296.0,1296.0,1526000.0,0.0
NIFTY,26-DEC-2024,26000.0,09-12-2024 14:03:00,13.2,13.2,13.0,13.05,5005075.0,8925.0,1296.0,1296.0,1296.0,1296.0,1526000.0,0.0
NIFTY,26-DEC-2024,26000.0,09-12-2024 14:04:00,13.05,13.2,13.0,13.15,4990650.0,1675.0,1296.0,1299.65,1296.0,1296.25,1526900.0,525.0
NIFTY,26-DEC-2024,26000.0,09-12-2024 14:05:00,13.15,13.2,13.0,13.0,4990650.0,4425.0,1296.25,1296.25,1296.25,1296.25,1526900.0,0.0
NIFTY,26-DEC-2024,26000.0,09-12-2024 14:06:00,13.0,13.15,12.95,13.1,4990650.0,12225.0,1296.25,1313.4,1296.25,1313.05,1526900.0,125.0
NIFTY,26-DEC-2024,26000.0,09-12-2024 14:07:00,13.1,13.15,12.9,12.9,4997425.0,8250.0,1313.05,1313.05,1313.05,1313.05,1526900.0,0.0
NIFTY,26-DEC-2024,26000.0,09-12-2024 14:08:00,13.1,13.15,13.1,13.1,4997425.0,425.0,1313.05,1313.05,1301.55,1301.55,1526925.0,25.0
NIFTY,26-DEC-2024,26000.0,09-12-2024 14:09:00,13.15,13.2,13.0,13.2,4997425.0,525.0,1301.55,1301.55,1301.55,1301.55,1526925.0,0.0
NIFTY,26-DEC-2024,26000.0,09-12-2024 14:10:00,13.2,13.3,13.15,13.2,4999400.0,2850.0,1301.55,1301.55,1301.55,1301.55,1526925.0,0.0
NIFTY,26-DEC-2024,26000.0,09-12-2024 14:11:00,13.15,13.2,13.0,13.0,4999400.0,325.0,1301.55,1301.55,1301.55,1301.55,1526925.0,0.0
NIFTY,26-DEC-2024,26000.0,09-12-2024 14:12:00,13.0,13.1,13.0,13.1,4999400.0,5600.0,1301.55,1301.55,1301.55,1301.55,1526925.0,0.0
NIFTY,26-DEC-2024,26000.0,09-12-2024 14:13:00,13.1,13.15,13.1,13.1,4996975.0,225.0,1301.55,1301.55,1299.0,1299.0,1526900.0,50.0
NIFTY,26-DEC-2024,26000.0,09-12-2024 14:14:00,13.1,13.1,13.0,13.0,4996975.0,5550.0,1299.0,1299.0,1299.0,1299.0,1526900.0,0.0
NIFTY,26-DEC-2024,26000.0,09-12-2024 14:15:00,13.0,13.15,12.9,13.0,4996975.0,5575.0,1299.0,1299.0,1299.0,1299.0,1526900.0,0.0
NIFTY,26-DEC-2024,26000.0,09-12-2024 14:16:00,13.0,13.2,13.0,13.2,5003725.0,4600.0,1299.0,1299.0,1299.0,1299.0,1526900.0,0.0
NIFTY,26-DEC-2024,26000.0,09-12-2024 14:17:00,13.2,13.2,13.1,13.1,5003725.0,1225.0,1299.0,1299.0,1299.0,1299.0,1526900.0,0.0
NIFTY,26-DEC-2024,26000.0,09-12-2024 14:18:00,13.05,13.15,13.0,13.0,5003725.0,1400.0,1299.0,1302.05,1299.0,1301.35,1526850.0,75.0
NIFTY,26-DEC-2024,26000.0,09-12-2024 14:19:00,13.0,13.15,13.0,13.1,5005525.0,2700.0,1301.35,1301.35,1301.35,1301.35,1526850.0,0.0
NIFTY,26-DEC-2024,26000.0,09-12-2024 14:20:00,13.1,13.1,12.8,12.8,5005525.0,4000.0,1301.35,1307.0,1301.35,1307.0,1526850.0,500.0
NIFTY,26-DEC-2024,26000.0,09-12-2024 14:21:00,12.8,13.0,12.8,12.8,5005525.0,4325.0,1307.0,1313.35,1307.0,1310.25,1526850.0,50.0
NIFTY,26-DEC-2024,26000.0,09-12-2024 14:22:00,12.8,12.95,12.8,12.95,5016625.0,2175.0,1310.25,1310.25,1307.15,1307.15,1526850.0,150.0
NIFTY,26-DEC-2024,26000.0,09-12-2024 14:23:00,12.95,12.95,12.8,12.8,5016625.0,2800.0,1307.15,1314.6,1307.15,1314.6,1526850.0,25.0
NIFTY,26-DEC-2024,26000.0,09-12-2024 14:24:00,12.85,12.95,12.8,12.9,5016625.0,11900.0,1314.6,1315.6,1311.8,1314.35,1527500.0,275.0
NIFTY,26-DEC-2024,26000.0,09-12-2024 14:25:00,12.9,12.95,12.8,12.9,5023950.0,8475.0,1314.35,1320.0,1314.35,1318.0,1528000.0,425.0
NIFTY,26-DEC-2024,26000.0,09-12-2024 14:26:00,12.9,13.1,12.9,13.05,5023950.0,6250.0,1318.0,1318.0,1318.0,1318.0,1528000.0,0.0
NIFTY,26-DEC-2024,26000.0,09-12-2024 14:27:00,13.05,13.05,12.7,12.8,5023950.0,13775.0,1318.0,1318.0,1318.0,1318.0,1528000.0,0.0
NIFTY,26-DEC-2024,26000.0,09-12-2024 14:28:00,12.8,12.8,12.5,12.75,5031200.0,6125.0,1318.0,1325.35,1318.0,1325.35,1527975.0,225.0
NIFTY,26-DEC-2024,26000.0,09-12-2024 14:29:00,12.75,12.8,12.6,12.7,5031200.0,1575.0,1325.35,1325.35,1322.4,1322.4,1527975.0,125.0
NIFTY,26-DEC-2024,26000.0,09-12-2024 14:30:00,12.7,12.8,12.6,12.75,5031200.0,6375.0,1322.4,1322.4,1322.4,1322.4,1527975.0,0.0
NIFTY,26-DEC-2024,26000.0,09-12-2024 14:31:00,12.75,12.8,12.65,12.75,5028775.0,3975.0,1322.4,1322.4,1322.4,1322.4,1527975.0,0.0
NIFTY,26-DEC-2024,26000.0,09-12-2024 14:32:00,12.75,12.8,12.75,12.75,5028775.0,1275.0,1322.4,1322.4,1322.4,1322.4,1527975.0,0.0
NIFTY,26-DEC-2024,26000.0,09-12-2024 14:33:00,12.75,12.85,12.75,12.75,5028775.0,2250.0,1322.4,1322.4,1313.55,1313.55,1528075.0,100.0
NIFTY,26-DEC-2024,26000.0,09-12-2024 14:34:00,12.8,13.05,12.8,13.05,5028550.0,4250.0,1313.55,1313.55,1300.85,1300.85,1528100.0,75.0
NIFTY,26-DEC-2024,26000.0,09-12-2024 14:35:00,12.95,12.95,12.75,12.8,5028550.0,3400.0,1300.85,1307.0,1300.85,1307.0,1528100.0,150.0
NIFTY,26-DEC-2024,26000.0,09-12-2024 14:36:00,12.8,12.9,12.6,12.8,5028550.0,3875.0,1307.0,1307.0,1307.0,1307.0,1528100.0,0.0
NIFTY,26-DEC-2024,26000.0,09-12-2024 14:37:00,12.8,12.95,12.8,12.85,5028000.0,1350.0,1307.0,1307.0,1307.0,1307.0,1528100.0,0.0
NIFTY,26-DEC-2024,26000.0,09-12-2024 14:38:00,12.85,13.0,12.85,13.0,5028000.0,3350.0,1307.0,1307.0,1305.0,1305.0,1528150.0,25.0
NIFTY,26-DEC-2024,26000.0,09-12-2024 14:39:00,12.95,13.0,12.9,13.0,5028000.0,2175.0,1305.0,1305.0,1305.0,1305.0,1528150.0,175.0
NIFTY,26-DEC-2024,26000.0,09-12-2024 14:40:00,13.0,13.05,12.8,12.8,5030250.0,11425.0,1305.0,1305.0,1301.1,1305.0,1528400.0,275.0
NIFTY,26-DEC-2024,26000.0,09-12-2024 14:41:00,12.8,13.0,12.8,13.0,5030250.0,400.0,1305.0,1305.0,1305.0,1305.0,1528400.0,0.0
NIFTY,26-DEC-2024,26000.0,09-12-2024 14:42:00,13.05,13.05,12.85,12.85,5030250.0,2875.0,1305.0,1305.0,1296.0,1296.0,1528400.0,50.0
NIFTY,26-DEC-2024,26000.0,09-12-2024 14:43:00,12.85,13.05,12.85,13.0,5031475.0,1225.0,1296.0,1298.25,1296.0,1298.25,1528575.0,25.0
NIFTY,26-DEC-2024,26000.0,09-12-2024 14:44:00,13.0,13.1,12.85,12.9,5031475.0,9400.0,1298.25,1298.25,1298.25,1298.25,1528575.0,0.0
NIFTY,26-DEC-2024,26000.0,09-12-2024 14:45:00,12.85,12.9,12.8,12.9,5031475.0,12225.0,1298.25,1298.25,1298.25,1298.25,1528575.0,0.0
NIFTY,26-DEC-2024,26000.0,09-12-2024 14:46:00,12.9,13.15,12.85,13.05,5051225.0,28150.0,1298.25,1298.25,1298.25,1298.25,1528575.0,0.0
NIFTY,26-DEC-2024,26000.0,09-12-2024 14:47:00,13.05,13.25,13.05,13.25,5051225.0,1775.0,1298.25,1298.25,1298.25,1298.25,1528575.0,0.0
NIFTY,26-DEC-2024,26000.0,09-12-2024 14:48:00,13.25,13.25,13.1,13.25,5051225.0,1625.0,1298.25,1298.25,1284.85,1286.65,1528575.0,250.0
NIFTY,26-DEC-2024,26000.0,09-12-2024 14:49:00,13.25,13.3,13.1,13.15,5051425.0,1450.0,1286.65,1288.65,1286.65,1288.65,1528650.0,100.0
NIFTY,26-DEC-2024,26000.0,09-12-2024 14:50:00,13.15,13.15,13.05,13.05,5051425.0,1125.0,1288.65,1288.65,1282.65,1284.4,1528650.0,125.0
NIFTY,26-DEC-2024,26000.0,09-12-2024 14:51:00,13.05,13.1,12.9,12.9,5051425.0,7650.0,1284.4,1291.0,1284.4,1291.0,1528650.0,25.0
NIFTY,26-DEC-2024,26000.0,09-12-2024 14:52:00,12.9,12.95,12.8,12.85,5059100.0,2275.0,1291.0,1291.0,1291.0,1291.0,1528650.0,0.0
NIFTY,26-DEC-2024,26000.0,09-12-2024 14:53:00,12.85,12.85,12.7,12.85,5059100.0,6175.0,1291.0,1297.25,1291.0,1297.25,1528775.0,75.0
NIFTY,26-DEC-2024,26000.0,09-12-2024 14:54:00,12.85,12.9,12.8,12.8,5059100.0,1875.0,1297.25,1297.25,1294.3,1294.3,1528775.0,25.0
NIFTY,26-DEC-2024,26000.0,09-12-2024 14:55:00,12.8,13.0,12.8,12.95,5057650.0,4600.0,1294.3,1294.3,1289.95,1289.95,1529000.0,350.0
NIFTY,26-DEC-2024,26000.0,09-12-2024 14:56:00,12.95,12.95,12.85,12.9,5057650.0,7125.0,1289.95,1290.7,1289.95,1290.7,1529000.0,25.0
NIFTY,26-DEC-2024,26000.0,09-12-2024 14:57:00,12.85,12.9,12.7,12.9,5057650.0,4075.0,1290.7,1300.0,1290.7,1300.0,1529000.0,200.0
NIFTY,26-DEC-2024,26000.0,09-12-2024 14:58:00,12.9,13.05,12.85,13.0,5061300.0,3850.0,1300.0,1300.0,1295.95,1295.95,1529000.0,100.0
NIFTY,26-DEC-2024,26000.0,09-12-2024 14:59:00,13.0,13.15,12.9,13.05,5061300.0,20000.0,1295.95,1297.65,1295.95,1297.65,1529025.0,50.0
NIFTY,26-DEC-2024,26000.0,09-12-2024 15:00:00,13.05,13.3,13.05,13.05,5061300.0,1875.0,1297.65,1297.65,1291.95,1295.7,1529025.0,125.0
NIFTY,26-DEC-2024,26000.0,09-12-2024 15:01:00,13.05,13.05,12.8,12.85,5059775.0,3550.0,1295.7,1304.9,1294.95,1304.9,1529125.0,275.0
NIFTY,26-DEC-2024,26000.0,09-12-2024 15:02:00,12.85,12.95,12.55,12.75,5059775.0,11500.0,1304.9,1315.05,1304.9,1315.05,1529125.0,100.0
NIFTY,26-DEC-2024,26000.0,09-12-2024 15:03:00,12.75,12.85,12.5,12.75,5059775.0,9725.0,1315.05,1317.75,1310.0,1316.25,1529125.0,175.0
NIFTY,26-DEC-2024,26000.0,09-12-2024 15:04:00,12.75,12.75,12.6,12.75,5055650.0,3150.0,1316.25,1319.15,1315.85,1315.85,1529225.0,175.0
NIFTY,26-DEC-2024,26000.0,09-12-2024 15:05:00,12.75,12.9,12.7,12.8,5055650.0,5350.0,1315.85,1315.85,1315.85,1315.85,1529225.0,0.0
NIFTY,26-DEC-2024,26000.0,09-12-2024 15:06:00,12.8,12.8,12.7,12.7,5055650.0,1225.0,1315.85,1315.85,1315.0,1315.0,1529225.0,75.0
NIFTY,26-DEC-2024,26000.0,09-12-2024 15:07:00,12.7,12.75,12.5,12.5,5054675.0,5650.0,1315.0,1315.0,1315.0,1315.0,1529250.0,25.0
NIFTY,26-DEC-2024,26000.0,09-12-2024 15:08:00,12.5,12.7,12.5,12.6,5054675.0,4775.0,1315.0,1315.0,1315.0,1315.0,1529250.0,100.0
NIFTY,26-DEC-2024,26000.0,09-12-2024 15:09:00,12.65,12.7,12.55,12.65,5054675.0,6875.0,1315.0,1315.0,1315.0,1315.0,1529250.0,0.0
NIFTY,26-DEC-2024,26000.0,09-12-2024 15:10:00,12.65,12.8,12.6,12.7,5045550.0,7775.0,1315.0,1315.0,1309.6,1309.6,1529250.0,25.0
NIFTY,26-DEC-2024,26000.0,09-12-2024 15:11:00,12.65,12.8,12.65,12.7,5045550.0,5475.0,1309.6,1312.25,1309.6,1312.25,1529250.0,50.0
NIFTY,26-DEC-2024,26000.0,09-12-2024 15:12:00,12.7,12.8,12.7,12.75,5045550.0,2725.0,1312.25,1317.5,1312.25,1317.5,1529250.0,75.0
NIFTY,26-DEC-2024,26000.0,09-12-2024 15:13:00,12.7,12.85,12.7,12.75,5041025.0,5375.0,1317.5,1321.7,1316.4,1316.4,1529300.0,125.0
NIFTY,26-DEC-2024,26000.0,09-12-2024 15:14:00,12.75,12.95,12.7,12.85,5041025.0,5800.0,1316.4,1321.4,1316.4,1321.4,1529300.0,250.0
NIFTY,26-DEC-2024,26000.0,09-12-2024 15:15:00,12.85,13.0,12.85,12.85,5041025.0,10975.0,1321.4,1321.4,1311.3,1314.45,1529300.0,500.0
NIFTY,26-DEC-2024,26000.0,09-12-2024 15:16:00,12.85,12.95,12.8,12.85,5039000.0,2500.0,1314.45,1314.45,1314.45,1314.45,1529300.0,0.0
NIFTY,26-DEC-2024,26000.0,09-12-2024 15:17:00,12.85,12.9,12.8,12.8,5039000.0,1275.0,1314.45,1314.45,1310.0,1310.0,1528875.0,300.0
NIFTY,26-DEC-2024,26000.0,09-12-2024 15:18:00,12.8,12.85,12.7,12.7,5039000.0,11925.0,1310.0,1310.0,1307.05,1307.05,1528875.0,100.0
NIFTY,26-DEC-2024,26000.0,09-12-2024 15:19:00,12.75,12.95,12.75,12.8,5048075.0,13100.0,1307.05,1307.05,1305.0,1306.0,1529425.0,350.0
NIFTY,26-DEC-2024,26000.0,09-12-2024 15:20:00,12.9,13.05,12.85,13.05,5048075.0,15825.0,1306.0,1306.0,1304.0,1305.95,1529425.0,125.0
NIFTY,26-DEC-2024,26000.0,09-12-2024 15:21:00,13.1,13.1,12.9,12.95,5048075.0,8725.0,1305.95,1305.95,1303.2,1303.2,1529425.0,25.0
NIFTY,26-DEC-2024,26000.0,09-12-2024 15:22:00,12.95,13.05,12.7,12.8,5045625.0,6200.0,1303.2,1303.2,1302.0,1302.0,1529475.0,75.0
NIFTY,26-DEC-2024,26000.0,09-12-2024 15:23:00,12.8,12.9,12.7,12.85,5045625.0,3925.0,1302.0,1304.3,1301.65,1304.3,1529475.0,100.0
NIFTY,26-DEC-2024,26000.0,09-12-2024 15:24:00,12.85,12.85,12.75,12.8,5045625.0,1175.0,1304.3,1310.0,1304.3,1310.0,1529475.0,125.0
NIFTY,26-DEC-2024,26000.0,09-12-2024 15:25:00,12.75,13.0,12.75,12.85,5044750.0,10525.0,1310.0,1310.0,1305.75,1306.65,1530575.0,1000.0
NIFTY,26-DEC-2024,26000.0,09-12-2024 15:26:00,12.85,13.15,12.85,13.1,5044750.0,25200.0,1306.65,1306.65,1303.0,1303.0,1530575.0,250.0
NIFTY,26-DEC-2024,26000.0,09-12-2024 15:27:00,13.05,13.35,13.05,13.2,5044750.0,8725.0,1303.0,1303.0,1302.0,1303.0,1530575.0,300.0
NIFTY,26-DEC-2024,26000.0,09-12-2024 15:28:00,13.2,13.3,13.0,13.0,5058300.0,19375.0,1303.0,1304.8,1301.7,1301.7,1530575.0,325.0
NIFTY,26-DEC-2024,26000.0,09-12-2024 15:29:00,13.05,13.1,12.7,12.85,5058300.0,11950.0,1303.2,1306.45,1303.2,1305.7,1531250.0,725.0
NIFTY,26-DEC-2024,26000.0,10-12-2024 09:15:00,12.85,14.45,12.4,13.0,5051775.0,28650.0,1305.7,1305.7,1292.45,1300.0,1531475.0,175.0
NIFTY,26-DEC-2024,26000.0,10-12-2024 09:16:00,13.0,13.35,13.0,13.1,5051775.0,31475.0,1300.0,1300.0,1296.05,1296.05,1531325.0,75.0
NIFTY,26-DEC-2024,26000.0,10-12-2024 09:17:00,13.05,13.25,12.85,12.85,5051775.0,14850.0,1296.05,1311.2,1296.05,1311.2,1531325.0,25.0
NIFTY,26-DEC-2024,26000.0,10-12-2024 09:18:00,12.85,13.1,12.75,12.85,5067700.0,11475.0,1311.2,1311.2,1300.0,1302.25,1531325.0,2375.0
NIFTY,26-DEC-2024,26000.0,10-12-2024 09:19:00,12.85,12.95,12.7,12.75,5067700.0,4125.0,1302.25,1309.05,1302.25,1303.0,1533025.0,2550.0
NIFTY,26-DEC-2024,26000.0,10-12-2024 09:20:00,12.75,12.75,12.45,12.75,5067700.0,13025.0,1303.0,1310.0,1301.95,1301.95,1533025.0,2300.0
NIFTY,26-DEC-2024,26000.0,10-12-2024 09:21:00,12.6,12.8,12.55,12.65,5071675.0,7200.0,1301.95,1301.95,1286.35,1290.0,1533025.0,2125.0
NIFTY,26-DEC-2024,26000.0,10-12-2024 09:22:00,12.65,13.0,12.65,13.0,5071675.0,8525.0,1292.0,1292.0,1283.1,1283.1,1537900.0,3200.0
NIFTY,26-DEC-2024,26000.0,10-12-2024 09:23:00,12.9,13.0,12.9,13.0,5071675.0,4825.0,1283.1,1295.0,1283.1,1291.25,1537900.0,1925.0
NIFTY,26-DEC-2024,26000.0,10-12-2024 09:24:00,13.0,13.1,12.85,12.95,5078825.0,12700.0,1291.25,1295.3,1291.25,1294.8,1537900.0,1800.0
NIFTY,26-DEC-2024,26000.0,10-12-2024 09:25:00,12.95,13.05,12.65,12.8,5078825.0,8675.0,1294.8,1298.1,1294.8,1298.0,1534025.0,950.0
NIFTY,26-DEC-2024,26000.0,10-12-2024 09:26:00,12.8,12.8,12.4,12.6,5078825.0,6525.0,1298.0,1310.95,1298.0,1308.6,1534025.0,550.0
NIFTY,26-DEC-2024,26000.0,10-12-2024 09:27:00,12.6,12.6,11.9,11.9,5069675.0,29275.0,1308.6,1321.05,1308.6,1314.55,1534025.0,775.0
NIFTY,26-DEC-2024,26000.0,10-12-2024 09:28:00,11.9,12.0,11.85,11.95,5069675.0,13225.0,1314.55,1322.1,1311.55,1311.55,1531325.0,150.0
NIFTY,26-DEC-2024,26000.0,10-12-2024 09:29:00,11.95,12.0,11.7,11.9,5069675.0,11875.0,1311.55,1324.3,1311.55,1316.7,1531325.0,125.0
NIFTY,26-DEC-2024,26000.0,10-12-2024 09:30:00,11.8,12.05,11.8,12.05,5065250.0,15525.0,1316.7,1316.7,1309.65,1311.9,1531125.0,175.0
NIFTY,26-DEC-2024,26000.0,10-12-2024 09:31:00,12.15,12.2,12.0,12.2,5065250.0,4300.0,1311.9,1313.85,1297.3,1297.3,1531125.0,800.0
NIFTY,26-DEC-2024,26000.0,10-12-2024 09:32:00,12.15,12.25,12.0,12.1,5065250.0,21675.0,1297.3,1304.0,1294.65,1294.65,1531125.0,200.0
NIFTY,26-DEC-2024,26000.0,10-12-2024 09:33:00,12.15,12.25,12.05,12.25,5056475.0,2775.0,1294.65,1294.9,1285.55,1285.55,1530550.0,75.0
NIFTY,26-DEC-2024,26000.0,10-12-2024 09:34:00,12.25,12.25,12.1,12.15,5056475.0,4925.0,1285.55,1288.65,1285.55,1285.9,1530550.0,150.0
NIFTY,26-DEC-2024,26000.0,10-12-2024 09:35:00,12.15,12.2,12.0,12.1,5056475.0,10975.0,1285.9,1290.6,1285.9,1286.9,1530550.0,50.0
NIFTY,26-DEC-2024,26000.0,10-12-2024 09:36:00,12.15,12.45,12.1,12.2,5049325.0,21150.0,1286.9,1286.9,1283.55,1283.55,1530550.0,25.0
NIFTY,26-DEC-2024,26000.0,10-12-2024 09:37:00,12.2,12.35,12.2,12.35,5049325.0,1350.0,1283.55,1287.0,1283.55,1287.0,1530525.0,300.0
NIFTY,26-DEC-2024,26000.0,10-12-2024 09:38:00,12.25,12.35,12.15,12.3,5049325.0,950.0,1287.0,1287.0,1284.8,1284.8,1530525.0,25.0
NIFTY,26-DEC-2024,26000.0,10-12-2024 09:39:00,12.3,12.35,12.15,12.2,5052300.0,4650.0,1284.8,1293.6,1279.5,1279.5,1530525.0,350.0
NIFTY,26-DEC-2024,26000.0,10-12-2024 09:40:00,12.2,12.4,12.2,12.2,5052300.0,1925.0,1279.5,1286.45,1279.5,1286.45,1529900.0,50.0
NIFTY,26-DEC-2024,26000.0,10-12-2024 09:41:00,12.2,12.5,12.0,12.5,5052300.0,2550.0,1286.45,1288.45,1286.45,1288.45,1529900.0,25.0
NIFTY,26-DEC-2024,26000.0,10-12-2024 09:42:00,12.5,12.55,12.35,12.35,5055925.0,6975.0,1288.45,1288.45,1269.6,1272.0,1530025.0,725.0
NIFTY,26-DEC-2024,26000.0,10-12-2024 09:43:00,12.5,12.5,12.25,12.35,5055925.0,1125.0,1272.0,1273.95,1272.0,1273.95,1530025.0,75.0
NIFTY,26-DEC-2024,26000.0,10-12-2024 09:44:00,12.35,12.5,12.35,12.5,5055925.0,650.0,1273.95,1273.95,1273.95,1273.95,1530025.0,0.0
NIFTY,26-DEC-2024,26000.0,10-12-2024 09:45:00,12.4,12.75,12.4,12.75,5055450.0,5000.0,1273.95,1273.95,1273.95,1273.95,1530025.0,0.0
NIFTY,26-DEC-2024,26000.0,10-12-2024 09:46:00,12.6,12.7,12.45,12.45,5055450.0,2975.0,1273.95,1273.95,1273.95,1273.95,1530025.0,0.0
NIFTY,26-DEC-2024,26000.0,10-12-2024 09:47:00,12.45,12.55,12.35,12.5,5055450.0,5150.0,1273.95,1275.45,1273.95,1275.45,1530050.0,150.0
NIFTY,26-DEC-2024,26000.0,10-12-2024 09:48:00,12.4,12.55,12.35,12.5,5054275.0,2400.0,1274.0,1274.0,1274.0,1274.0,1530050.0,100.0
NIFTY,26-DEC-2024,26000.0,10-12-2024 09:49:00,12.5,12.5,12.35,12.4,5054275.0,3525.0,1274.0,1274.0,1274.0,1274.0,1530050.0,0.0
NIFTY,26-DEC-2024,26000.0,10-12-2024 09:50:00,12.4,12.55,12.35,12.5,5054275.0,3475.0,1274.0,1278.75,1274.0,1278.75,1530300.0,25.0
NIFTY,26-DEC-2024,26000.0,10-12-2024 09:51:00,12.5,12.7,12.45,12.55,5054350.0,7200.0,1278.75,1278.75,1278.75,1278.75,1530300.0,0.0
NIFTY,26-DEC-2024,26000.0,10-12-2024 09:52:00,12.55,12.65,12.4,12.55,5054350.0,2975.0,1278.75,1278.75,1271.75,1271.75,1530300.0,200.0
NIFTY,26-DEC-2024,26000.0,10-12-2024 09:53:00,12.6,12.6,12.45,12.5,5054350.0,3000.0,1271.75,1279.7,1271.75,1279.7,1530300.0,25.0
NIFTY,26-DEC-2024,26000.0,10-12-2024 09:54:00,12.5,12.95,12.5,12.8,5049875.0,5050.0,1279.7,1279.7,1260.0,1262.0,1529975.0,650.0
NIFTY,26-DEC-2024,26000.0,10-12-2024 09:55:00,12.8,12.9,12.65,12.65,5049875.0,4400.0,1262.0,1262.0,1258.45,1258.45,1529975.0,25.0
NIFTY,26-DEC-2024,26000.0,10-12-2024 09:56:00,12.65,12.9,12.65,12.85,5049875.0,1850.0,1258.45,1266.6,1258.45,1266.6,1529975.0,25.0
NIFTY,26-DEC-2024,26000.0,10-12-2024 09:57:00,12.85,12.9,12.7,12.8,5049875.0,1475.0,1266.6,1266.6,1260.0,1260.0,1530550.0,575.0
NIFTY,26-DEC-2024,26000.0,10-12-2024 09:58:00,12.9,13.2,12.8,13.2,5051825.0,1275.0,1260.0,1260.0,1258.0,1258.0,1530550.0,1075.0
NIFTY,26-DEC-2024,26000.0,10-12-2024 09:59:00,13.1,13.2,12.95,13.1,5051825.0,5550.0,1258.0,1258.0,1245.0,1250.0,1530550.0,500.0
NIFTY,26-DEC-2024,26000.0,10-12-2024 10:00:00,13.1,13.25,13.05,13.25,5050825.0,3650.0,1250.0,1250.0,1242.0,1243.0,1530550.0,325.0
NIFTY,26-DEC-2024,26000.0,10-12-2024 10:01:00,13.25,13.25,13.05,13.1,5050825.0,6550.0,1243.0,1244.75,1240.0,1244.0,1529475.0,225.0
NIFTY,26-DEC-2024,26000.0,10-12-2024 10:02:00,13.15,13.2,12.9,13.2,5050825.0,6550.0,1244.0,1251.0,1244.0,1250.0,1529475.0,600.0
NIFTY,26-DEC-2024,26000.0,10-12-2024 10:03:00,13.2,13.2,12.95,13.0,5050825.0,6500.0,1250.0,1250.0,1250.0,1250.0,1529475.0,0.0
NIFTY,26-DEC-2024,26000.0,10-12-2024 10:04:00,12.9,13.0,12.9,12.95,5057950.0,3150.0,1250.0,1251.0,1250.0,1251.0,1529475.0,100.0
NIFTY,26-DEC-2024,26000.0,10-12-2024 10:05:00,12.95,12.95,12.7,12.7,5057950.0,4625.0,1251.0,1251.0,1251.0,1251.0,1529475.0,0.0
NIFTY,26-DEC-2024,26000.0,10-12-2024 10:06:00,12.8,12.8,12.7,12.75,5058725.0,4000.0,1251.0,1259.0,1251.0,1259.0,1529475.0,25.0
NIFTY,26-DEC-2024,26000.0,10-12-2024 10:07:00,12.75,12.85,12.6,12.85,5058725.0,5900.0,1259.0,1259.0,1256.0,1256.0,1529475.0,100.0
NIFTY,26-DEC-2024,26000.0,10-12-2024 10:08:00,12.85,12.9,12.75,12.75,5058725.0,8125.0,1256.0,1256.0,1256.0,1256.0,1529475.0,0.0
NIFTY,26-DEC-2024,26000.0,10-12-2024 10:09:00,12.85,12.85,12.5,12.5,5058725.0,13450.0,1256.0,1262.0,1256.0,1262.0,1528850.0,25.0
NIFTY,26-DEC-2024,26000.0,10-12-2024 10:10:00,12.5,12.55,12.15,12.3,5049925.0,7250.0,1262.0,1272.0,1262.0,1272.0,1528850.0,25.0
NIFTY,26-DEC-2024,26000.0,10-12-2024 10:11:00,12.35,12.55,12.35,12.5,5049925.0,1825.0,1272.0,1272.0,1265.95,1267.35,1528750.0,275.0
NIFTY,26-DEC-2024,26000.0,10-12-2024 10:12:00,12.5,12.6,12.45,12.55,5051125.0,1675.0,1267.35,1267.35,1262.75,1262.75,1528750.0,25.0
NIFTY,26-DEC-2024,26000.0,10-12-2024 10:13:00,12.5,12.5,12.4,12.5,5051125.0,3650.0,1262.75,1262.75,1262.75,1262.75,1528750.0,0.0
NIFTY,26-DEC-2024,26000.0,10-12-2024 10:14:00,12.55,12.65,12.55,12.55,5051125.0,3625.0,1262.75,1262.75,1255.0,1255.0,1528750.0,25.0
NIFTY,26-DEC-2024,26000.0,10-12-2024 10:15:00,12.65,12.65,12.5,12.6,5052750.0,6500.0,1260.0,1262.0,1260.0,1262.0,1528600.0,125.0
NIFTY,26-DEC-2024,26000.0,10-12-2024 10:16:00,12.7,12.7,12.6,12.7,5052750.0,1125.0,1262.0,1262.0,1262.0,1262.0,1528600.0,0.0
NIFTY,26-DEC-2024,26000.0,10-12-2024 10:17:00,12.7,12.7,12.55,12.6,5052750.0,1675.0,1262.0,1262.0,1258.2,1258.2,1528500.0,25.0
NIFTY,26-DEC-2024,26000.0,10-12-2024 10:18:00,12.5,12.55,12.4,12.4,5054850.0,0.0,1258.2,1263.8,1258.2,1263.8,1528500.0,250.0
NIFTY,26-DEC-2024,26000.0,10-12-2024 10:19:00,12.4,12.4,12.4,12.4,5054850.0,8300.0,1264.0,1264.3,1264.0,1264.3,1528500.0,75.0
NIFTY,26-DEC-2024,26000.0,10-12-2024 10:20:00,12.55,12.55,12.3,12.3,5054850.0,1100.0,1264.3,1264.3,1249.35,1255.0,1528500.0,50.0
NIFTY,26-DEC-2024,26000.0,10-12-2024 10:21:00,12.3,12.35,12.25,12.35,5054850.0,775.0,1255.0,1255.0,1255.0,1255.0,1528500.0,0.0
NIFTY,26-DEC-2024,26000.0,10-12-2024 10:22:00,12.3,12.3,12.05,12.2,5055575.0,5875.0,1255.0,1271.6,1255.0,1271.6,1528575.0,25.0
NIFTY,26-DEC-2024,26000.0,10-12-2024 10:23:00,12.1,12.25,12.1,12.2,5055575.0,1975.0,1271.6,1279.5,1270.1,1270.1,1528575.0,50.0
NIFTY,26-DEC-2024,26000.0,10-12-2024 10:24:00,12.15,12.25,12.15,12.25,5055575.0,5725.0,1272.75,1272.75,1272.75,1272.75,1528575.0,25.0
NIFTY,26-DEC-2024,26000.0,10-12-2024 10:25:00,12.25,12.25,12.15,12.2,5055750.0,1250.0,1272.75,1272.75,1272.75,1272.75,1528575.0,0.0
NIFTY,26-DEC-2024,26000.0,10-12-2024 10:26:00,12.2,12.25,12.05,12.1,5055750.0,1350.0,1272.75,1275.0,1272.75,1275.0,1528575.0,50.0
NIFTY,26-DEC-2024,26000.0,10-12-2024 10:27:00,12.1,12.2,12.1,12.2,5055750.0,1375.0,1275.0,1275.0,1272.0,1272.0,1528575.0,100.0
NIFTY,26-DEC-2024,26000.0,10-12-2024 10:28:00,12.2,12.25,12.1,12.2,5055850.0,3150.0,1272.0,1272.0,1272.0,1272.0,1528575.0,0.0
NIFTY,26-DEC-2024,26000.0,10-12-2024 10:29:00,12.2,12.3,12.1,12.3,5055850.0,3550.0,1272.0,1272.0,1265.0,1265.0,1528575.0,100.0
NIFTY,26-DEC-2024,26000.0,10-12-2024 10:30:00,12.25,12.35,12.2,12.25,5055850.0,2125.0,1265.0,1265.0,1265.0,1265.0,1528575.0,0.0
NIFTY,26-DEC-2024,26000.0,10-12-2024 10:31:00,12.25,12.25,12.15,12.2,5058875.0,3175.0,1265.0,1265.0,1265.0,1265.0,1528575.0,0.0
NIFTY,26-DEC-2024,26000.0,10-12-2024 10:32:00,12.2,12.2,12.0,12.0,5058875.0,2725.0,1265.0,1265.0,1265.0,1265.0,1528575.0,0.0
NIFTY,26-DEC-2024,26000.0,10-12-2024 10:33:00,12.0,12.2,12.0,12.1,5058875.0,3250.0,1265.0,1265.0,1265.0,1265.0,1528575.0,0.0
NIFTY,26-DEC-2024,26000.0,10-12-2024 10:34:00,12.1,12.15,12.0,12.15,5059350.0,2550.0,1265.0,1265.0,1265.0,1265.0,1528575.0,0.0
NIFTY,26-DEC-2024,26000.0,10-12-2024 10:35:00,12.0,12.1,11.9,11.9,5059350.0,1375.0,1265.0,1265.0,1265.0,1265.0,1528575.0,0.0
NIFTY,26-DEC-2024,26000.0,10-12-2024 10:36:00,11.9,12.0,11.85,11.85,5061125.0,6150.0,1265.0,1281.5,1265.0,1281.5,1528575.0,25.0
NIFTY,26-DEC-2024,26000.0,10-12-2024 10:37:00,11.8,11.9,11.7,11.7,5061125.0,9225.0,1281.5,1281.5,1281.5,1281.5,1528575.0,0.0
NIFTY,26-DEC-2024,26000.0,10-12-2024 10:38:00,11.7,11.7,11.5,11.6,5061125.0,5050.0,1281.5,1281.5,1281.5,1281.5,1528575.0,0.0
NIFTY,26-DEC-2024,26000.0,10-12-2024 10:39:00,11.6,11.7,11.3,11.3,5059875.0,14400.0,1281.5,1290.0,1281.5,1290.0,1528675.0,100.0
NIFTY,26-DEC-2024,26000.0,10-12-2024 10:40:00,11.4,11.5,11.3,11.5,5059875.0,13500.0,1299.75,1303.35,1297.6,1303.35,1528675.0,75.0
NIFTY,26-DEC-2024,26000.0,10-12-2024 10:41:00,11.5,11.65,11.45,11.6,5059875.0,3450.0,1303.35,1303.35,1290.35,1291.3,1528625.0,400.0
NIFTY,26-DEC-2024,26000.0,10-12-2024 10:42:00,11.6,11.65,11.45,11.65,5059875.0,3525.0,1291.3,1291.3,1291.3,1291.3,1528625.0,0.0
NIFTY,26-DEC-2024,26000.0,10-12-2024 10:43:00,11.5,11.65,11.5,11.6,5062850.0,4250.0,1291.3,1291.3,1291.3,1291.3,1528625.0,0.0
NIFTY,26-DEC-2024,26000.0,10-12-2024 10:44:00,11.6,11.6,11.4,11.5,5062850.0,2275.0,1291.3,1291.3,1291.3,1291.3,1528625.0,0.0
NIFTY,26-DEC-2024,26000.0,10-12-2024 10:45:00,11.5,11.55,11.4,11.5,5062850.0,2975.0,1295.45,1295.45,1295.45,1295.45,1529000.0,25.0
NIFTY,26-DEC-2024,26000.0,10-12-2024 10:46:00,11.5,11.6,11.5,11.6,5063000.0,2225.0,1295.45,1295.45,1295.45,1295.45,1529000.0,0.0
NIFTY,26-DEC-2024,26000.0,10-12-2024 10:47:00,11.6,11.6,11.55,11.55,5063000.0,0.0,1295.45,1295.45,1295.45,1295.45,1529000.0,0.0
NIFTY,26-DEC-2024,26000.0,10-12-2024 10:48:00,11.55,11.6,11.45,11.45,5063000.0,0.0,1295.45,1295.45,1287.0,1289.0,1529000.0,525.0
NIFTY,26-DEC-2024,26000.0,10-12-2024 10:49:00,11.45,11.6,11.4,11.5,5060275.0,13525.0,1289.0,1289.0,1289.0,1289.0,1529475.0,50.0
NIFTY,26-DEC-2024,26000.0,10-12-2024 10:50:00,11.5,11.5,11.35,11.35,5060275.0,10625.0,1289.0,1289.0,1285.0,1285.0,1529475.0,600.0
NIFTY,26-DEC-2024,26000.0,10-12-2024 10:51:00,11.4,11.45,11.35,11.45,5060275.0,9950.0,1285.0,1285.0,1285.0,1285.0,1529475.0,0.0
NIFTY,26-DEC-2024,26000.0,10-12-2024 10:52:00,11.45,11.45,11.3,11.3,5045075.0,3850.0,1285.0,1288.25,1281.15,1281.15,1529875.0,50.0
NIFTY,26-DEC-2024,26000.0,10-12-2024 10:53:00,11.3,11.4,11.2,11.3,5045075.0,4350.0,1281.15,1281.15,1281.15,1281.15,1529875.0,0.0
NIFTY,26-DEC-2024,26000.0,10-12-2024 10:54:00,11.35,11.35,11.15,11.2,5045075.0,3200.0,1281.15,1281.15,1281.0,1281.0,1529875.0,200.0
NIFTY,26-DEC-2024,26000.0,10-12-2024 10:55:00,11.2,11.2,11.2,11.2,5043850.0,2800.0,1282.85,1282.85,1282.85,1282.85,1529875.0,25.0
NIFTY,26-DEC-2024,26000.0,10-12-2024 10:56:00,11.1,11.2,11.1,11.2,5043850.0,1975.0,1282.85,1282.85,1282.85,1282.85,1529875.0,0.0
NIFTY,26-DEC-2024,26000.0,10-12-2024 10:57:00,11.1,11.2,11.05,11.2,5043850.0,8050.0,1282.85,1285.9,1282.85,1285.0,1530075.0,525.0
NIFTY,26-DEC-2024,26000.0,10-12-2024 10:58:00,11.2,11.25,11.1,11.25,5042625.0,3725.0,1285.0,1285.0,1279.65,1279.65,1530600.0,75.0
NIFTY,26-DEC-2024,26000.0,10-12-2024 10:59:00,11.25,11.25,11.1,11.1,5042625.0,6475.0,1279.65,1279.65,1279.65,1279.65,1530600.0,0.0
NIFTY,26-DEC-2024,26000.0,10-12-2024 11:00:00,11.1,11.2,11.05,11.2,5042625.0,5125.0,1279.65,1279.65,1279.65,1279.65,1530600.0,0.0
NIFTY,26-DEC-2024,26000.0,10-12-2024 11:01:00,11.2,11.25,11.1,11.15,5041300.0,3500.0,1279.65,1279.65,1279.0,1279.0,1530575.0,25.0
NIFTY,26-DEC-2024,26000.0,10-12-2024 11:02:00,11.15,11.15,11.05,11.05,5041300.0,1925.0,1279.0,1279.0,1279.0,1279.0,1530575.0,0.0
NIFTY,26-DEC-2024,26000.0,10-12-2024 11:03:00,11.05,11.2,11.05,11.2,5041300.0,250.0,1279.0,1279.0,1279.0,1279.0,1530575.0,0.0
NIFTY,26-DEC-2024,26000.0,10-12-2024 11:04:00,11.1,11.2,11.0,11.15,5038800.0,5925.0,1279.0,1279.0,1279.0,1279.0,1530575.0,0.0
NIFTY,26-DEC-2024,26000.0,10-12-2024 11:05:00,11.15,11.15,11.0,11.1,5038800.0,2525.0,1279.0,1279.0,1279.0,1279.0,1530575.0,0.0
NIFTY,26-DEC-2024,26000.0,10-12-2024 11:06:00,11.2,11.25,11.1,11.2,5038800.0,13850.0,1279.0,1279.0,1279.0,1279.0,1530575.0,0.0
NIFTY,26-DEC-2024,26000.0,10-12-2024 11:07:00,11.2,11.2,11.05,11.15,5033750.0,6950.0,1279.0,1286.45,1279.0,1286.45,1530575.0,75.0
NIFTY,26-DEC-2024,26000.0,10-12-2024 11:08:00,11.2,11.2,11.05,11.2,5033750.0,3100.0,1286.45,1286.45,1286.45,1286.45,1530575.0,0.0
NIFTY,26-DEC-2024,26000.0,10-12-2024 11:09:00,11.05,11.25,11.0,11.1,5033750.0,15825.0,1286.45,1286.45,1278.0,1278.0,1530575.0,75.0
NIFTY,26-DEC-2024,26000.0,10-12-2024 11:10:00,11.25,11.25,11.15,11.2,5028650.0,7775.0,1278.0,1278.0,1272.75,1272.75,1530600.0,450.0
NIFTY,26-DEC-2024,26000.0,10-12-2024 11:11:00,11.2,11.2,11.15,11.2,5028650.0,1525.0,1272.75,1272.75,1272.75,1272.75,1530600.0,0.0
NIFTY,26-DEC-2024,26000.0,10-12-2024 11:12:00,11.2,11.25,11.1,11.25,5028650.0,2300.0,1272.75,1272.75,1272.75,1272.75,1530600.0,0.0
NIFTY,26-DEC-2024,26000.0,10-12-2024 11:13:00,11.25,11.25,11.15,11.25,5029825.0,3350.0,1272.75,1272.75,1268.0,1268.0,1531025.0,525.0
NIFTY,26-DEC-2024,26000.0,10-12-2024 11:14:00,11.3,11.3,11.25,11.3,5029825.0,1300.0,1268.0,1269.8,1268.0,1269.8,1531025.0,25.0
NIFTY,26-DEC-2024,26000.0,10-12-2024 11:15:00,11.25,11.35,11.25,11.3,5029825.0,3975.0,1269.8,1269.8,1265.0,1265.0,1531025.0,200.0
NIFTY,26-DEC-2024,26000.0,10-12-2024 11:16:00,11.3,11.4,11.3,11.3,5029900.0,50.0,1265.0,1265.0,1262.9,1262.9,1531675.0,0.0
NIFTY,26-DEC-2024,26000.0,10-12-2024 11:17:00,11.3,11.5,11.3,11.4,5029900.0,4325.0,1262.9,1266.0,1262.9,1265.05,1531675.0,400.0
NIFTY,26-DEC-2024,26000.0,10-12-2024 11:18:00,11.35,11.45,11.35,11.45,5029900.0,1950.0,1265.05,1265.05,1265.05,1265.05,1531675.0,0.0
NIFTY,26-DEC-2024,26000.0,10-12-2024 11:19:00,11.45,11.45,11.35,11.35,5031100.0,3775.0,1265.05,1268.6,1265.05,1268.6,1532025.0,75.0
NIFTY,26-DEC-2024,26000.0,10-12-2024 11:20:00,11.35,11.4,11.3,11.35,5031100.0,10150.0,1269.15,1271.3,1269.15,1270.0,1532025.0,1475.0
NIFTY,26-DEC-2024,26000.0,10-12-2024 11:21:00,11.3,11.3,11.2,11.25,5031100.0,1150.0,1270.0,1270.0,1264.75,1264.75,1532025.0,150.0
NIFTY,26-DEC-2024,26000.0,10-12-2024 11:22:00,11.25,11.35,11.25,11.25,5029350.0,8650.0,1264.75,1264.75,1264.75,1264.75,1532025.0,0.0
NIFTY,26-DEC-2024,26000.0,10-12-2024 11:23:00,11.25,11.25,11.25,11.25,5029350.0,1550.0,1264.75,1264.75,1264.75,1264.75,1532025.0,0.0
NIFTY,26-DEC-2024,26000.0,10-12-2024 11:24:00,11.25,11.4,11.25,11.35,5029350.0,1275.0,1264.75,1264.75,1264.75,1264.75,1532025.0,0.0
NIFTY,26-DEC-2024,26000.0,10-12-2024 11:25:00,11.35,11.45,11.35,11.4,5028325.0,1100.0,1264.75,1264.75,1264.75,1264.75,1532025.0,0.0
NIFTY,26-DEC-2024,26000.0,10-12-2024 11:26:00,11.4,11.4,11.3,11.3,5028325.0,1675.0,1264.75,1264.75,1264.75,1264.75,1532025.0,0.0
NIFTY,26-DEC-2024,26000.0,10-12-2024 11:27:00,11.45,11.45,11.35,11.45,5028325.0,2750.0,1264.75,1272.0,1264.75,1272.0,1530700.0,25.0
NIFTY,26-DEC-2024,26000.0,10-12-2024 11:28:00,11.4,11.5,11.4,11.5,5028650.0,1650.0,1272.0,1272.0,1272.0,1272.0,1530700.0,0.0
NIFTY,26-DEC-2024,26000.0,10-12-2024 11:29:00,11.5,11.55,11.45,11.45,5028650.0,1575.0,1272.0,1272.0,1272.0,1272.0,1530700.0,0.0
NIFTY,26-DEC-2024,26000.0,10-12-2024 11:30:00,11.45,11.5,11.45,11.5,5028650.0,9000.0,1272.0,1272.0,1268.55,1268.55,1530675.0,25.0
NIFTY,26-DEC-2024,26000.0,10-12-2024 11:31:00,11.5,11.6,11.5,11.5,5033275.0,1900.0,1268.55,1268.55,1258.75,1258.75,1530650.0,125.0
NIFTY,26-DEC-2024,26000.0,10-12-2024 11:32:00,11.5,11.5,11.5,11.5,5033275.0,825.0,1258.75,1259.85,1258.75,1259.85,1530650.0,25.0
NIFTY,26-DEC-2024,26000.0,10-12-2024 11:33:00,11.5,11.6,11.45,11.5,5033275.0,4850.0,1259.85,1265.0,1259.85,1265.0,1530650.0,75.0
NIFTY,26-DEC-2024,26000.0,10-12-2024 11:34:00,11.5,11.6,11.5,11.6,5030400.0,1000.0,1265.0,1265.0,1259.75,1259.75,1530700.0,300.0
NIFTY,26-DEC-2024,26000.0,10-12-2024 11:35:00,11.55,11.6,11.55,11.6,5030400.0,125.0,1259.75,1259.75,1259.75,1259.75,1530700.0,0.0
NIFTY,26-DEC-2024,26000.0,10-12-2024 11:36:00,11.6,11.6,11.5,11.5,5030400.0,300.0,1259.75,1263.0,1259.1,1260.6,1530700.0,75.0
NIFTY,26-DEC-2024,26000.0,10-12-2024 11:37:00,11.6,11.6,11.5,11.5,5030850.0,875.0,1260.6,1264.35,1260.6,1264.35,1531050.0,25.0
NIFTY,26-DEC-2024,26000.0,10-12-2024 11:38:00,11.5,11.6,11.45,11.5,5030850.0,5550.0,1264.35,1269.25,1264.35,1267.1,1531050.0,175.0
NIFTY,26-DEC-2024,26000.0,10-12-2024 11:39:00,11.5,11.55,11.5,11.55,5030850.0,400.0,1267.1,1270.4,1267.1,1270.4,1531050.0,150.0
NIFTY,26-DEC-2024,26000.0,10-12-2024 11:40:00,11.55,11.55,11.4,11.4,5033400.0,2650.0,1270.4,1274.1,1269.15,1274.1,1531225.0,225.0
NIFTY,26-DEC-2024,26000.0,10-12-2024 11:41:00,11.45,11.55,11.45,11.45,5033400.0,1250.0,1274.1,1274.1,1265.5,1266.2,1531225.0,150.0
NIFTY,26-DEC-2024,26000.0,10-12-2024 11:42:00,11.4,11.5,11.4,11.5,5033400.0,3000.0,1266.2,1267.85,1263.85,1263.85,1531225.0,100.0
NIFTY,26-DEC-2024,26000.0,10-12-2024 11:43:00,11.5,11.6,11.45,11.45,5035175.0,250.0,1263.85,1263.85,1262.55,1262.55,1531375.0,25.0
NIFTY,26-DEC-2024,26000.0,10-12-2024 11:44:00,11.45,11.6,11.45,11.45,5035175.0,8350.0,1262.55,1262.55,1262.55,1262.55,1531375.0,0.0
NIFTY,26-DEC-2024,26000.0,10-12-2024 11:45:00,11.45,11.6,11.45,11.6,5035175.0,375.0,1262.55,1264.0,1262.55,1262.55,1531375.0,200.0
NIFTY,26-DEC-2024,26000.0,10-12-2024 11:46:00,11.6,11.6,11.5,11.55,5037050.0,2125.0,1262.55,1262.55,1260.9,1262.45,1531375.0,25.0
NIFTY,26-DEC-2024,26000.0,10-12-2024 11:47:00,11.5,11.5,11.4,11.4,5037050.0,600.0,1262.45,1264.3,1262.45,1264.3,1531375.0,75.0
NIFTY,26-DEC-2024,26000.0,10-12-2024 11:48:00,11.4,11.45,11.35,11.35,5037050.0,1250.0,1264.3,1264.3,1264.3,1264.3,1531375.0,0.0
NIFTY,26-DEC-2024,26000.0,10-12-2024 11:49:00,11.4,11.4,11.2,11.25,5037100.0,250.0,1264.3,1280.9,1264.3,1280.9,1531375.0,300.0
NIFTY,26-DEC-2024,26000.0,10-12-2024 11:50:00,11.25,11.4,11.25,11.4,5037100.0,6575.0,1280.05,1282.8,1279.6,1281.35,1531375.0,325.0
NIFTY,26-DEC-2024,26000.0,10-12-2024 11:51:00,11.35,11.45,11.35,11.35,5037100.0,6350.0,1281.35,1282.35,1277.0,1281.3,1531375.0,450.0
NIFTY,26-DEC-2024,26000.0,10-12-2024 11:52:00,11.35,11.4,11.3,11.3,5036025.0,6750.0,1277.4,1284.6,1277.4,1284.6,1531450.0,200.0
NIFTY,26-DEC-2024,26000.0,10-12-2024 11:53:00,11.4,11.4,11.25,11.25,5036025.0,950.0,1284.6,1284.6,1278.35,1278.35,1531450.0,25.0
NIFTY,26-DEC-2024,26000.0,10-12-2024 11:54:00,11.25,11.3,11.25,11.25,5036025.0,475.0,1278.35,1281.25,1278.35,1281.25,1531450.0,175.0
NIFTY,26-DEC-2024,26000.0,10-12-2024 11:55:00,11.25,11.25,11.1,11.1,5036200.0,1250.0,1281.25,1285.75,1281.25,1285.75,1531575.0,175.0
NIFTY,26-DEC-2024,26000.0,10-12-2024 11:56:00,11.15,11.25,11.15,11.2,5036200.0,2725.0,1285.75,1285.75,1285.75,1285.75,1531575.0,0.0
NIFTY,26-DEC-2024,26000.0,10-12-2024 11:57:00,11.25,11.25,11.1,11.2,5036200.0,850.0,1285.75,1285.75,1285.75,1285.75,1531575.0,0.0
NIFTY,26-DEC-2024,26000.0,10-12-2024 11:58:00,11.2,11.25,11.05,11.2,5036425.0,1725.0,1282.35,1282.35,1282.35,1282.35,1531575.0,25.0
NIFTY,26-DEC-2024,26000.0,10-12-2024 11:59:00,11.2,11.2,11.15,11.15,5036425.0,300.0,1282.35,1282.35,1282.35,1282.35,1531575.0,0.0
NIFTY,26-DEC-2024,26000.0,10-12-2024 12:00:00,11.15,11.2,11.15,11.2,5036425.0,1525.0,1282.35,1282.35,1282.35,1282.35,1531575.0,0.0
NIFTY,26-DEC-2024,26000.0,10-12-2024 12:01:00,11.15,11.2,11.15,11.2,5036925.0,1450.0,1282.35,1282.35,1282.35,1282.35,1531575.0,0.0
NIFTY,26-DEC-2024,26000.0,10-12-2024 12:02:00,11.2,11.2,11.05,11.15,5036925.0,825.0,1282.35,1287.25,1282.35,1287.25,1531575.0,25.0
NIFTY,26-DEC-2024,26000.0,10-12-2024 12:03:00,11.15,11.25,11.1,11.25,5036925.0,2925.0,1287.25,1287.25,1287.25,1287.25,1531575.0,25.0
NIFTY,26-DEC-2024,26000.0,10-12-2024 12:04:00,11.25,11.25,11.15,11.15,5037600.0,575.0,1287.25,1287.25,1279.45,1279.45,1531550.0,75.0
NIFTY,26-DEC-2024,26000.0,10-12-2024 12:05:00,11.2,11.25,11.2,11.2,5037600.0,9925.0,1279.45,1279.45,1279.45,1279.45,1531550.0,0.0
NIFTY,26-DEC-2024,26000.0,10-12-2024 12:06:00,11.25,11.25,11.1,11.1,5037600.0,8925.0,1279.45,1279.45,1273.0,1273.85,1531550.0,100.0
NIFTY,26-DEC-2024,26000.0,10-12-2024 12:07:00,11.05,11.2,11.05,11.2,5040475.0,1325.0,1273.85,1273.85,1273.85,1273.85,1531550.0,0.0
NIFTY,26-DEC-2024,26000.0,10-12-2024 12:08:00,11.1,11.2,11.1,11.15,5040475.0,2900.0,1273.85,1274.5,1271.55,1274.5,1531675.0,75.0
NIFTY,26-DEC-2024,26000.0,10-12-2024 12:09:00,11.15,11.15,11.1,11.15,5040475.0,2300.0,1274.5,1279.15,1274.5,1278.35,1531675.0,50.0
NIFTY,26-DEC-2024,26000.0,10-12-2024 12:10:00,11.15,11.15,11.05,11.15,5041350.0,2025.0,1278.35,1285.0,1278.2,1285.0,1531700.0,300.0
NIFTY,26-DEC-2024,26000.0,10-12-2024 12:11:00,11.1,11.15,11.0,11.15,5041350.0,8175.0,1285.0,1292.85,1285.0,1290.25,1531700.0,400.0
NIFTY,26-DEC-2024,26000.0,10-12-2024 12:12:00,11.1,11.2,11.1,11.15,5041350.0,1600.0,1290.0,1292.0,1290.0,1290.0,1531700.0,275.0
NIFTY,26-DEC-2024,26000.0,10-12-2024 12:13:00,11.15,11.15,11.0,11.1,5042075.0,8275.0,1290.0,1293.7,1284.65,1293.4,1532050.0,300.0
NIFTY,26-DEC-2024,26000.0,10-12-2024 12:14:00,11.1,11.15,11.05,11.05,5042075.0,2900.0,1293.4,1293.4,1289.05,1291.75,1532050.0,125.0
NIFTY,26-DEC-2024,26000.0,10-12-2024 12:15:00,11.0,11.1,10.7,10.75,5042075.0,1100.0,1291.75,1341.2,1291.75,1341.2,1532050.0,1200.0
NIFTY,26-DEC-2024,26000.0,10-12-2024 12:16:00,10.75,10.95,10.65,10.9,5043300.0,28000.0,1339.9,1339.9,1324.45,1325.5,1532450.0,500.0
NIFTY,26-DEC-2024,26000.0,10-12-2024 12:17:00,10.9,10.9,10.6,10.85,5043300.0,16500.0,1325.5,1330.75,1321.4,1325.0,1532450.0,325.0
NIFTY,26-DEC-2024,26000.0,10-12-2024 12:18:00,10.75,10.9,10.75,10.85,5043300.0,10975.0,1325.0,1325.0,1319.15,1321.85,1532450.0,725.0
NIFTY,26-DEC-2024,26000.0,10-12-2024 12:19:00,10.85,10.9,10.8,10.9,5040850.0,4050.0,1321.85,1327.45,1321.05,1326.2,1532625.0,150.0
NIFTY,26-DEC-2024,26000.0,10-12-2024 12:20:00,10.8,10.8,10.65,10.8,5040850.0,3125.0,1326.2,1333.5,1326.2,1330.3,1532625.0,50.0
NIFTY,26-DEC-2024,26000.0,10-12-2024 12:21:00,10.75,10.75,10.55,10.65,5040850.0,3975.0,1330.3,1332.6,1329.2,1329.2,1532625.0,75.0
NIFTY,26-DEC-2024,26000.0,10-12-2024 12:22:00,10.65,10.75,10.6,10.75,5041050.0,5075.0,1329.2,1329.2,1329.2,1329.2,1532625.0,0.0
NIFTY,26-DEC-2024,26000.0,10-12-2024 12:23:00,10.75,10.75,10.6,10.7,5041050.0,225.0,1329.2,1329.2,1323.2,1323.2,1532625.0,75.0
NIFTY,26-DEC-2024,26000.0,10-12-2024 12:24:00,10.65,10.7,10.55,10.7,5041050.0,9450.0,1323.2,1326.3,1320.45,1324.2,1532650.0,700.0
NIFTY,26-DEC-2024,26000.0,10-12-2024 12:25:00,10.55,10.7,10.5,10.7,5032175.0,5075.0,1324.2,1324.2,1319.65,1323.15,1532975.0,75.0
NIFTY,26-DEC-2024,26000.0,10-12-2024 12:26:00,10.7,10.7,10.5,10.65,5032175.0,4425.0,1323.15,1330.0,1320.7,1330.0,1532975.0,50.0
NIFTY,26-DEC-2024,26000.0,10-12-2024 12:27:00,10.6,10.7,10.45,10.65,5032175.0,6525.0,1330.0,1334.2,1318.7,1318.7,1532975.0,75.0
NIFTY,26-DEC-2024,26000.0,10-12-2024 12:28:00,10.7,10.7,10.5,10.5,5030050.0,7925.0,1318.7,1328.95,1318.7,1328.95,1533000.0,150.0
NIFTY,26-DEC-2024,26000.0,10-12-2024 12:29:00,10.5,10.6,10.45,10.45,5030050.0,5050.0,1328.95,1328.95,1322.3,1322.8,1533000.0,50.0
NIFTY,26-DEC-2024,26000.0,10-12-2024 12:30:00,10.45,10.5,10.4,10.5,5030050.0,3700.0,1322.8,1330.05,1322.8,1330.0,1533000.0,950.0
NIFTY,26-DEC-2024,26000.0,10-12-2024 12:31:00,10.5,10.5,10.4,10.45,5039225.0,5075.0,1330.0,1336.4,1328.65,1336.4,1532950.0,125.0
NIFTY,26-DEC-2024,26000.0,10-12-2024 12:32:00,10.4,10.5,10.4,10.4,5039225.0,8400.0,1336.4,1340.85,1336.4,1340.85,1532950.0,50.0
NIFTY,26-DEC-2024,26000.0,10-12-2024 12:33:00,10.3,10.4,10.3,10.4,5039225.0,2825.0,1340.85,1340.85,1340.85,1340.85,1532950.0,0.0
NIFTY,26-DEC-2024,26000.0,10-12-2024 12:34:00,10.4,10.4,10.3,10.4,5038075.0,1550.0,1340.85,1340.85,1337.0,1337.0,1532975.0,125.0
NIFTY,26-DEC-2024,26000.0,10-12-2024 12:35:00,10.35,10.4,9.95,10.0,5038075.0,29325.0,1337.0,1380.95,1337.0,1368.15,1532975.0,450.0
NIFTY,26-DEC-2024,26000.0,10-12-2024 12:36:00,10.0,10.2,10.0,10.0,5038075.0,9275.0,1369.9,1376.4,1369.9,1374.3,1532975.0,275.0
NIFTY,26-DEC-2024,26000.0,10-12-2024 12:37:00,10.0,10.1,9.9,10.0,5034150.0,9125.0,1374.3,1377.35,1373.55,1377.35,1533650.0,875.0
NIFTY,26-DEC-2024,26000.0,10-12-2024 12:38:00,10.05,10.1,9.95,10.05,5034150.0,5700.0,1377.35,1377.35,1370.0,1373.75,1533650.0,175.0
NIFTY,26-DEC-2024,26000.0,10-12-2024 12:39:00,10.05,10.05,9.9,10.0,5034150.0,6050.0,1373.75,1373.75,1366.4,1368.15,1533650.0,125.0
NIFTY,26-DEC-2024,26000.0,10-12-2024 12:40:00,10.05,10.05,9.9,9.9,5039100.0,17150.0,1368.15,1374.0,1368.1,1374.0,1533650.0,50.0
NIFTY,26-DEC-2024,26000.0,10-12-2024 12:41:00,9.9,10.1,9.9,10.05,5039100.0,13050.0,1374.0,1385.75,1374.0,1379.7,1534050.0,375.0
NIFTY,26-DEC-2024,26000.0,10-12-2024 12:42:00,10.0,10.1,9.9,9.95,5039100.0,13825.0,1379.7,1379.7,1368.45,1373.25,1534050.0,75.0
NIFTY,26-DEC-2024,26000.0,10-12-2024 12:43:00,9.95,10.0,9.9,9.95,5050475.0,12200.0,1371.2,1371.2,1368.15,1368.15,1533800.0,175.0
NIFTY,26-DEC-2024,26000.0,10-12-2024 12:44:00,9.9,9.95,9.9,9.95,5050475.0,4425.0,1368.15,1372.15,1368.15,1372.15,1533800.0,125.0
NIFTY,26-DEC-2024,26000.0,10-12-2024 12:45:00,9.8,9.95,9.75,9.75,5050475.0,17650.0,1372.15,1376.85,1369.6,1372.4,1533800.0,375.0
NIFTY,26-DEC-2024,26000.0,10-12-2024 12:46:00,9.75,10.0,9.75,10.0,5055575.0,8325.0,1372.4,1372.4,1370.0,1370.0,1533800.0,25.0
NIFTY,26-DEC-2024,26000.0,10-12-2024 12:47:00,10.0,10.0,9.9,9.9,5055575.0,6525.0,1370.0,1370.0,1358.0,1358.0,1533750.0,100.0
NIFTY,26-DEC-2024,26000.0,10-12-2024 12:48:00,9.95,10.05,9.9,9.95,5055575.0,5725.0,1358.0,1370.0,1358.0,1365.5,1533750.0,150.0
NIFTY,26-DEC-2024,26000.0,10-12-2024 12:49:00,10.0,10.05,9.95,10.0,5056500.0,6050.0,1365.5,1371.45,1365.5,1365.9,1533700.0,200.0
NIFTY,26-DEC-2024,26000.0,10-12-2024 12:50:00,9.95,10.05,9.95,10.0,5056500.0,6550.0,1365.9,1373.2,1365.9,1369.4,1533700.0,175.0
NIFTY,26-DEC-2024,26000.0,10-12-2024 12:51:00,10.0,10.0,9.9,9.95,5056500.0,5425.0,1369.4,1371.65,1369.4,1371.65,1533700.0,100.0
NIFTY,26-DEC-2024,26000.0,10-12-2024 12:52:00,9.95,10.0,9.8,9.9,5053150.0,4300.0,1371.65,1371.65,1371.3,1371.3,1533575.0,25.0
NIFTY,26-DEC-2024,26000.0,10-12-2024 12:53:00,9.9,9.95,9.9,9.9,5053150.0,4900.0,1371.3,1371.3,1362.85,1366.7,1533575.0,225.0
NIFTY,26-DEC-2024,26000.0,10-12-2024 12:54:00,9.95,9.95,9.9,9.95,5053150.0,3650.0,1366.7,1366.7,1365.2,1365.2,1533575.0,75.0
NIFTY,26-DEC-2024,26000.0,10-12-2024 12:55:00,9.95,9.95,9.9,9.95,5047675.0,2300.0,1365.2,1365.85,1363.45,1364.95,1533500.0,75.0
NIFTY,26-DEC-2024,26000.0,10-12-2024 12:56:00,9.95,9.95,9.9,9.95,5047675.0,3500.0,1364.95,1367.0,1364.95,1366.0,1533500.0,150.0
NIFTY,26-DEC-2024,26000.0,10-12-2024 12:57:00,9.95,10.1,9.9,10.0,5047675.0,12900.0,1366.0,1366.0,1354.65,1354.65,1533500.0,150.0
NIFTY,26-DEC-2024,26000.0,10-12-2024 12:58:00,10.1,10.2,10.0,10.0,5048275.0,31900.0,1354.65,1354.65,1354.65,1354.65,1533500.0,0.0
NIFTY,26-DEC-2024,26000.0,10-12-2024 12:59:00,10.0,10.15,10.0,10.05,5048275.0,2400.0,1354.65,1355.0,1354.65,1355.0,1533500.0,50.0
NIFTY,26-DEC-2024,26000.0,10-12-2024 13:00:00,10.05,10.15,10.05,10.05,5048275.0,2300.0,1355.0,1355.0,1355.0,1355.0,1533500.0,0.0
NIFTY,26-DEC-2024,26000.0,10-12-2024 13:01:00,10.05,10.2,10.0,10.2,5050775.0,7325.0,1355.0,1365.75,1355.0,1363.0,1533375.0,325.0
NIFTY,26-DEC-2024,26000.0,10-12-2024 13:02:00,10.2,10.3,10.1,10.3,5050775.0,1050.0,1363.0,1363.0,1353.9,1353.9,1533375.0,25.0
NIFTY,26-DEC-2024,26000.0,10-12-2024 13:03:00,10.3,10.3,10.15,10.15,5050775.0,31225.0,1353.9,1353.9,1353.9,1353.9,1533375.0,0.0
NIFTY,26-DEC-2024,26000.0,10-12-2024 13:04:00,10.15,10.3,10.1,10.3,5053775.0,3025.0,1353.9,1353.9,1353.9,1353.9,1533375.0,0.0
NIFTY,26-DEC-2024,26000.0,10-12-2024 13:05:00,10.3,10.4,10.1,10.1,5053775.0,36225.0,1353.9,1353.9,1353.9,1353.9,1533375.0,0.0
NIFTY,26-DEC-2024,26000.0,10-12-2024 13:06:00,10.2,10.25,10.2,10.25,5053775.0,8625.0,1353.9,1355.0,1351.25,1355.0,1533300.0,75.0
NIFTY,26-DEC-2024,26000.0,10-12-2024 13:07:00,10.15,10.3,10.15,10.25,5063875.0,3900.0,1355.0,1358.75,1355.0,1358.75,1533300.0,25.0
NIFTY,26-DEC-2024,26000.0,10-12-2024 13:08:00,10.25,10.3,10.15,10.3,5063875.0,4025.0,1358.75,1358.75,1358.75,1358.75,1533300.0,0.0
NIFTY,26-DEC-2024,26000.0,10-12-2024 13:09:00,10.3,10.3,10.25,10.3,5063875.0,3300.0,1358.75,1358.75,1358.75,1358.75,1533300.0,0.0
NIFTY,26-DEC-2024,26000.0,10-12-2024 13:10:00,10.15,10.3,10.15,10.3,5067000.0,5750.0,1358.75,1366.25,1358.75,1366.25,1533300.0,50.0
NIFTY,26-DEC-2024,26000.0,10-12-2024 13:11:00,10.3,10.3,10.15,10.2,5067000.0,6800.0,1366.25,1370.05,1366.25,1370.05,1533300.0,100.0
NIFTY,26-DEC-2024,26000.0,10-12-2024 13:12:00,10.2,10.3,10.2,10.3,5067000.0,3125.0,1370.05,1370.05,1357.95,1357.95,1533375.0,50.0
NIFTY,26-DEC-2024,26000.0,10-12-2024 13:13:00,10.3,10.3,10.15,10.25,5064975.0,1450.0,1357.95,1360.0,1357.95,1360.0,1533375.0,25.0
NIFTY,26-DEC-2024,26000.0,10-12-2024 13:14:00,10.2,10.2,10.15,10.15,5064975.0,2100.0,1360.0,1364.9,1360.0,1364.9,1533300.0,25.0
NIFTY,26-DEC-2024,26000.0,10-12-2024 13:15:00,10.2,10.2,10.15,10.15,5064975.0,2875.0,1364.9,1364.9,1364.9,1364.9,1533300.0,0.0
NIFTY,26-DEC-2024,26000.0,10-12-2024 13:16:00,10.2,10.2,10.1,10.1,5068000.0,1025.0,1364.9,1372.55,1364.9,1371.85,1533300.0,50.0
NIFTY,26-DEC-2024,26000.0,10-12-2024 13:17:00,10.1,10.15,10.05,10.05,5068000.0,425.0,1371.85,1371.85,1364.9,1368.5,1533300.0,125.0
NIFTY,26-DEC-2024,26000.0,10-12-2024 13:18:00,10.05,10.1,10.0,10.1,5068000.0,5650.0,1361.2,1373.2,1361.2,1370.0,1533300.0,200.0
NIFTY,26-DEC-2024,26000.0,10-12-2024 13:19:00,10.1,10.15,9.95,10.05,5070025.0,4625.0,1370.0,1381.8,1370.0,1378.7,1533275.0,75.0
NIFTY,26-DEC-2024,26000.0,10-12-2024 13:20:00,10.05,10.05,9.9,9.95,5070025.0,1350.0,1378.7,1378.7,1378.7,1378.7,1533275.0,0.0
NIFTY,26-DEC-2024,26000.0,10-12-2024 13:21:00,9.95,10.0,9.9,10.0,5070025.0,500.0,1378.7,1378.7,1370.0,1370.0,1533275.0,100.0
NIFTY,26-DEC-2024,26000.0,10-12-2024 13:22:00,9.9,10.05,9.9,10.05,5068625.0,6575.0,1370.0,1371.1,1370.0,1371.1,1533275.0,50.0
NIFTY,26-DEC-2024,26000.0,10-12-2024 13:23:00,10.0,10.0,9.9,9.95,5068625.0,2600.0,1371.1,1371.1,1371.1,1371.1,1533275.0,0.0
NIFTY,26-DEC-2024,26000.0,10-12-2024 13:24:00,9.9,9.95,9.9,9.9,5068625.0,1000.0,1372.25,1372.25,1372.25,1372.25,1533275.0,25.0
NIFTY,26-DEC-2024,26000.0,10-12-2024 13:25:00,9.9,10.05,9.9,9.95,5070325.0,1000.0,1372.25,1372.25,1372.25,1372.25,1533275.0,0.0
NIFTY,26-DEC-2024,26000.0,10-12-2024 13:26:00,9.95,9.95,9.9,9.9,5070325.0,3000.0,1372.25,1372.25,1372.25,1372.25,1533275.0,0.0
NIFTY,26-DEC-2024,26000.0,10-12-2024 13:27:00,9.9,10.0,9.85,9.9,5070325.0,3625.0,1372.25,1372.95,1372.25,1372.95,1533275.0,800.0
NIFTY,26-DEC-2024,26000.0,10-12-2024 13:28:00,9.9,10.0,9.9,10.0,5070325.0,300.0,1372.95,1372.95,1372.95,1372.95,1533275.0,0.0
NIFTY,26-DEC-2024,26000.0,10-12-2024 13:29:00,9.9,10.0,9.85,9.9,5071350.0,4775.0,1372.95,1372.95,1372.95,1372.95,1533275.0,0.0
NIFTY,26-DEC-2024,26000.0,10-12-2024 13:30:00,9.9,10.0,9.9,10.0,5071350.0,3575.0,1372.95,1372.95,1372.95,1372.95,1533275.0,0.0
NIFTY,26-DEC-2024,26000.0,10-12-2024 13:31:00,9.95,10.1,9.95,10.1,5072625.0,1675.0,1372.95,1372.95,1364.75,1364.75,1533275.0,25.0
NIFTY,26-DEC-2024,26000.0,10-12-2024 13:32:00,10.0,10.15,10.0,10.15,5072625.0,975.0,1364.75,1364.75,1359.75,1359.75,1532575.0,25.0
NIFTY,26-DEC-2024,26000.0,10-12-2024 13:33:00,10.05,10.2,10.05,10.15,5072625.0,2500.0,1359.75,1359.75,1353.75,1355.65,1532575.0,850.0
NIFTY,26-DEC-2024,26000.0,10-12-2024 13:34:00,10.15,10.15,10.0,10.05,5072625.0,675.0,1355.65,1359.25,1355.3,1357.05,1532575.0,225.0
NIFTY,26-DEC-2024,26000.0,10-12-2024 13:35:00,9.95,10.1,9.9,10.0,5074425.0,4050.0,1357.05,1358.45,1352.65,1352.65,1533325.0,75.0
NIFTY,26-DEC-2024,26000.0,10-12-2024 13:36:00,10.0,10.1,10.0,10.1,5074425.0,1075.0,1352.65,1354.6,1349.1,1354.55,1533325.0,200.0
NIFTY,26-DEC-2024,26000.0,10-12-2024 13:37:00,10.1,10.1,10.0,10.0,5073625.0,4700.0,1354.55,1364.65,1354.55,1364.65,1533325.0,75.0
NIFTY,26-DEC-2024,26000.0,10-12-2024 13:38:00,10.05,10.05,10.0,10.05,5073625.0,725.0,1364.65,1364.65,1364.65,1364.65,1533325.0,0.0
NIFTY,26-DEC-2024,26000.0,10-12-2024 13:39:00,10.0,10.0,9.9,9.9,5073625.0,3150.0,1364.65,1364.65,1364.65,1364.65,1533325.0,0.0
NIFTY,26-DEC-2024,26000.0,10-12-2024 13:40:00,10.0,10.0,9.95,10.0,5073625.0,1625.0,1364.65,1364.65,1364.65,1364.65,1533325.0,0.0
NIFTY,26-DEC-2024,26000.0,10-12-2024 13:41:00,10.0,10.0,9.9,10.0,5073375.0,2250.0,1364.65,1364.65,1364.65,1364.65,1533325.0,0.0
NIFTY,26-DEC-2024,26000.0,10-12-2024 13:42:00,10.0,10.0,9.95,10.0,5073375.0,625.0,1364.65,1364.65,1364.65,1364.65,1533325.0,0.0
NIFTY,26-DEC-2024,26000.0,10-12-2024 13:43:00,9.95,9.95,9.8,9.95,5074100.0,2425.0,1364.65,1376.65,1364.65,1376.65,1533325.0,175.0
NIFTY,26-DEC-2024,26000.0,10-12-2024 13:44:00,9.9,9.95,9.85,9.95,5074100.0,3375.0,1376.65,1380.0,1376.65,1380.0,1533325.0,25.0
NIFTY,26-DEC-2024,26000.0,10-12-2024 13:45:00,9.95,10.05,9.95,10.0,5074100.0,8925.0,1380.0,1380.0,1377.0,1377.0,1533325.0,50.0
NIFTY,26-DEC-2024,26000.0,10-12-2024 13:46:00,10.0,10.05,9.95,10.0,5076175.0,1600.0,1377.0,1377.0,1377.0,1377.0,1533325.0,0.0
NIFTY,26-DEC-2024,26000.0,10-12-2024 13:47:00,10.0,10.05,10.0,10.0,5076175.0,1000.0,1377.0,1377.0,1377.0,1377.0,1533325.0,0.0
NIFTY,26-DEC-2024,26000.0,10-12-2024 13:48:00,10.0,10.0,9.8,9.9,5076175.0,2575.0,1377.0,1403.75,1377.0,1398.0,1533375.0,400.0
NIFTY,26-DEC-2024,26000.0,10-12-2024 13:49:00,9.85,9.9,9.8,9.85,5080050.0,7525.0,1398.0,1399.4,1395.25,1396.85,1533400.0,200.0
NIFTY,26-DEC-2024,26000.0,10-12-2024 13:50:00,9.8,9.95,9.7,9.7,5080050.0,3375.0,1396.85,1396.85,1392.05,1395.6,1533400.0,975.0
NIFTY,26-DEC-2024,26000.0,10-12-2024 13:51:00,9.8,9.85,9.75,9.8,5080050.0,3975.0,1395.6,1395.6,1385.85,1385.85,1533400.0,75.0
NIFTY,26-DEC-2024,26000.0,10-12-2024 13:52:00,9.8,9.9,9.75,9.85,5082675.0,3225.0,1385.85,1385.85,1385.85,1385.85,1533400.0,0.0
NIFTY,26-DEC-2024,26000.0,10-12-2024 13:53:00,9.85,9.85,9.7,9.8,5082675.0,2825.0,1385.85,1385.85,1383.9,1383.9,1532975.0,50.0
NIFTY,26-DEC-2024,26000.0,10-12-2024 13:54:00,9.8,9.8,9.6,9.7,5082675.0,2075.0,1383.9,1386.55,1381.85,1386.55,1532975.0,200.0
NIFTY,26-DEC-2024,26000.0,10-12-2024 13:55:00,9.7,9.8,9.65,9.8,5082925.0,2500.0,1386.55,1386.55,1386.55,1386.55,1532975.0,0.0
NIFTY,26-DEC-2024,26000.0,10-12-2024 13:56:00,9.8,9.8,9.7,9.75,5082925.0,2475.0,1386.55,1386.55,1386.55,1386.55,1532975.0,0.0
NIFTY,26-DEC-2024,26000.0,10-12-2024 13:57:00,9.8,9.85,9.75,9.85,5082925.0,3125.0,1386.55,1390.35,1384.75,1385.35,1532950.0,300.0
NIFTY,26-DEC-2024,26000.0,10-12-2024 13:58:00,9.85,9.85,9.7,9.8,5083500.0,5600.0,1385.35,1388.4,1378.35,1378.35,1533050.0,100.0
NIFTY,26-DEC-2024,26000.0,10-12-2024 13:59:00,9.9,9.9,9.75,9.75,5083500.0,5325.0,1378.35,1378.35,1369.5,1370.5,1533050.0,1050.0
NIFTY,26-DEC-2024,26000.0,10-12-2024 14:00:00,9.75,9.8,9.7,9.7,5083500.0,1925.0,1370.5,1380.0,1370.5,1379.75,1533050.0,75.0
NIFTY,26-DEC-2024,26000.0,10-12-2024 14:01:00,9.8,9.8,9.7,9.75,5087800.0,4775.0,1379.75,1379.75,1379.75,1379.75,1533050.0,0.0
NIFTY,26-DEC-2024,26000.0,10-12-2024 14:02:00,9.7,9.8,9.7,9.75,5087800.0,1875.0,1379.75,1380.95,1376.35,1380.95,1533650.0,50.0
NIFTY,26-DEC-2024,26000.0,10-12-2024 14:03:00,9.75,9.75,9.65,9.7,5087800.0,3275.0,1380.95,1383.9,1380.95,1383.9,1533650.0,50.0
NIFTY,26-DEC-2024,26000.0,10-12-2024 14:04:00,9.75,9.85,9.7,9.7,5090125.0,1875.0,1383.9,1383.9,1383.9,1383.9,1533650.0,0.0
NIFTY,26-DEC-2024,26000.0,10-12-2024 14:05:00,9.85,9.85,9.7,9.8,5090125.0,1400.0,1383.9,1383.9,1373.0,1373.0,1533650.0,175.0
NIFTY,26-DEC-2024,26000.0,10-12-2024 14:06:00,9.8,9.85,9.7,9.85,5090125.0,1700.0,1373.0,1373.0,1373.0,1373.0,1533650.0,0.0
NIFTY,26-DEC-2024,26000.0,10-12-2024 14:07:00,9.85,9.9,9.8,9.85,5090450.0,1450.0,1373.0,1373.0,1368.0,1368.0,1533475.0,100.0
NIFTY,26-DEC-2024,26000.0,10-12-2024 14:08:00,9.85,9.9,9.75,9.9,5090450.0,400.0,1368.0,1368.0,1368.0,1368.0,1533475.0,0.0
NIFTY,26-DEC-2024,26000.0,10-12-2024 14:09:00,9.9,9.9,9.8,9.8,5090450.0,2950.0,1368.0,1368.0,1363.95,1363.95,1533475.0,25.0
NIFTY,26-DEC-2024,26000.0,10-12-2024 14:10:00,9.85,9.85,9.75,9.75,5091650.0,5975.0,1363.95,1370.3,1363.95,1369.6,1533500.0,125.0
NIFTY,26-DEC-2024,26000.0,10-12-2024 14:11:00,9.75,9.85,9.75,9.85,5091650.0,2850.0,1369.6,1376.95,1369.6,1376.95,1533500.0,325.0
NIFTY,26-DEC-2024,26000.0,10-12-2024 14:12:00,9.85,9.85,9.75,9.75,5091650.0,650.0,1376.95,1376.95,1367.45,1369.65,1533500.0,600.0
NIFTY,26-DEC-2024,26000.0,10-12-2024 14:13:00,9.75,9.85,9.75,9.8,5093100.0,1475.0,1369.65,1370.5,1366.7,1366.7,1533500.0,75.0
NIFTY,26-DEC-2024,26000.0,10-12-2024 14:14:00,9.8,9.8,9.8,9.8,5093100.0,550.0,1366.7,1377.1,1366.7,1377.1,1533500.0,100.0
NIFTY,26-DEC-2024,26000.0,10-12-2024 14:15:00,9.75,9.8,9.75,9.8,5093100.0,300.0,1377.1,1377.1,1375.65,1375.65,1534025.0,0.0
NIFTY,26-DEC-2024,26000.0,10-12-2024 14:16:00,9.75,9.8,9.75,9.75,5093125.0,150.0,1375.65,1379.55,1375.65,1379.55,1533950.0,250.0
NIFTY,26-DEC-2024,26000.0,10-12-2024 14:17:00,9.75,9.75,9.75,9.75,5093125.0,650.0,1379.55,1379.55,1373.15,1373.15,1533950.0,125.0
NIFTY,26-DEC-2024,26000.0,10-12-2024 14:18:00,9.75,9.85,9.75,9.75,5093125.0,1200.0,1373.15,1375.55,1369.15,1374.2,1533950.0,225.0
NIFTY,26-DEC-2024,26000.0,10-12-2024 14:19:00,9.8,9.8,9.75,9.8,5093975.0,2300.0,1374.2,1374.2,1370.0,1370.0,1533950.0,300.0
NIFTY,26-DEC-2024,26000.0,10-12-2024 14:20:00,9.8,9.85,9.8,9.85,5093975.0,850.0,1373.8,1376.0,1373.8,1376.0,1534500.0,50.0
NIFTY,26-DEC-2024,26000.0,10-12-2024 14:21:00,9.8,9.85,9.75,9.75,5093975.0,2700.0,1376.0,1380.15,1374.0,1378.9,1534500.0,375.0
NIFTY,26-DEC-2024,26000.0,10-12-2024 14:22:00,9.75,9.75,9.75,9.75,5096150.0,2825.0,1378.9,1381.65,1378.9,1381.65,1534500.0,25.0
NIFTY,26-DEC-2024,26000.0,10-12-2024 14:23:00,9.75,9.8,9.75,9.8,5096150.0,6000.0,1381.65,1381.65,1377.7,1377.7,1534800.0,100.0
NIFTY,26-DEC-2024,26000.0,10-12-2024 14:24:00,9.75,9.75,9.65,9.65,5096150.0,4750.0,1377.7,1377.7,1377.7,1377.7,1534800.0,0.0
NIFTY,26-DEC-2024,26000.0,10-12-2024 14:25:00,9.65,9.75,9.65,9.65,5101350.0,6150.0,1377.7,1378.0,1377.7,1378.0,1534800.0,300.0
NIFTY,26-DEC-2024,26000.0,10-12-2024 14:26:00,9.7,9.7,9.65,9.65,5101350.0,5400.0,1378.0,1381.9,1376.0,1376.0,1535000.0,275.0
NIFTY,26-DEC-2024,26000.0,10-12-2024 14:27:00,9.7,9.8,9.7,9.8,5101350.0,1975.0,1376.0,1378.05,1374.9,1375.1,1535000.0,900.0
NIFTY,26-DEC-2024,26000.0,10-12-2024 14:28:00,9.8,9.9,9.8,9.8,5102575.0,875.0,1375.1,1375.1,1369.0,1369.0,1535000.0,100.0
NIFTY,26-DEC-2024,26000.0,10-12-2024 14:29:00,9.9,10.0,9.85,10.0,5102575.0,4025.0,1369.0,1369.0,1356.9,1361.4,1535875.0,325.0
NIFTY,26-DEC-2024,26000.0,10-12-2024 14:30:00,10.0,10.0,9.85,10.0,5102575.0,8550.0,1361.4,1364.3,1354.9,1363.45,1535875.0,425.0
NIFTY,26-DEC-2024,26000.0,10-12-2024 14:31:00,10.0,10.0,9.8,9.8,5104050.0,1825.0,1363.45,1371.4,1363.45,1371.4,1535875.0,50.0
NIFTY,26-DEC-2024,26000.0,10-12-2024 14:32:00,9.8,9.9,9.75,9.8,5104050.0,2625.0,1371.4,1377.85,1371.4,1377.85,1535975.0,25.0
NIFTY,26-DEC-2024,26000.0,10-12-2024 14:33:00,9.8,9.85,9.7,9.85,5104050.0,1625.0,1379.0,1380.95,1379.0,1380.95,1535975.0,275.0
NIFTY,26-DEC-2024,26000.0,10-12-2024 14:34:00,9.85,9.85,9.7,9.7,5104150.0,11600.0,1380.95,1380.95,1380.95,1380.95,1535975.0,0.0
NIFTY,26-DEC-2024,26000.0,10-12-2024 14:35:00,9.85,9.9,9.8,9.85,5104150.0,1475.0,1380.95,1380.95,1380.95,1380.95,1535975.0,0.0
NIFTY,26-DEC-2024,26000.0,10-12-2024 14:36:00,9.8,9.8,9.75,9.75,5104150.0,1850.0,1380.95,1380.95,1373.5,1373.5,1535975.0,25.0
NIFTY,26-DEC-2024,26000.0,10-12-2024 14:37:00,9.8,9.8,9.7,9.75,5106525.0,3900.0,1373.5,1374.7,1373.5,1374.7,1535800.0,25.0
NIFTY,26-DEC-2024,26000.0,10-12-2024 14:38:00,9.75,9.8,9.75,9.8,5106525.0,1975.0,1374.7,1374.7,1374.7,1374.7,1535800.0,0.0
NIFTY,26-DEC-2024,26000.0,10-12-2024 14:39:00,9.8,9.9,9.75,9.75,5106525.0,2400.0,1374.7,1374.7,1374.7,1374.7,1535800.0,0.0
NIFTY,26-DEC-2024,26000.0,10-12-2024 14:40:00,9.75,9.8,9.7,9.8,5107625.0,4550.0,1374.7,1374.7,1370.0,1370.65,1535775.0,100.0
NIFTY,26-DEC-2024,26000.0,10-12-2024 14:41:00,9.75,9.85,9.75,9.8,5107625.0,550.0,1370.65,1370.65,1365.35,1365.35,1535775.0,50.0
NIFTY,26-DEC-2024,26000.0,10-12-2024 14:42:00,9.8,9.8,9.8,9.8,5107625.0,250.0,1365.35,1365.35,1365.35,1365.35,1535775.0,0.0
NIFTY,26-DEC-2024,26000.0,10-12-2024 14:43:00,9.75,9.75,9.65,9.65,5109850.0,2175.0,1365.35,1370.0,1365.35,1370.0,1535675.0,100.0
NIFTY,26-DEC-2024,26000.0,10-12-2024 14:44:00,9.65,9.75,9.65,9.65,5109850.0,4500.0,1370.0,1370.0,1365.0,1365.0,1535675.0,100.0
NIFTY,26-DEC-2024,26000.0,10-12-2024 14:45:00,9.65,9.7,9.65,9.7,5109850.0,475.0,1365.0,1365.0,1365.0,1365.0,1535675.0,50.0
NIFTY,26-DEC-2024,26000.0,10-12-2024 14:46:00,9.7,9.75,9.65,9.65,5111975.0,1075.0,1365.0,1368.0,1365.0,1368.0,1535675.0,100.0
NIFTY,26-DEC-2024,26000.0,10-12-2024 14:47:00,9.65,9.8,9.6,9.6,5111975.0,22050.0,1368.0,1368.0,1360.0,1360.0,1535325.0,425.0
NIFTY,26-DEC-2024,26000.0,10-12-2024 14:48:00,9.6,9.65,9.6,9.6,5111975.0,15950.0,1360.0,1361.5,1355.65,1361.5,1535325.0,100.0
NIFTY,26-DEC-2024,26000.0,10-12-2024 14:49:00,9.6,9.65,9.55,9.65,5121750.0,3350.0,1361.5,1367.0,1361.5,1363.0,1534900.0,200.0
NIFTY,26-DEC-2024,26000.0,10-12-2024 14:50:00,9.65,9.7,9.55,9.7,5121750.0,425.0,1363.0,1363.0,1360.0,1360.0,1534900.0,225.0
NIFTY,26-DEC-2024,26000.0,10-12-2024 14:51:00,9.55,9.75,9.5,9.7,5121750.0,9000.0,1360.0,1360.0,1350.0,1350.0,1534900.0,600.0
NIFTY,26-DEC-2024,26000.0,10-12-2024 14:52:00,9.75,9.8,9.65,9.65,5121850.0,1475.0,1350.0,1350.0,1350.0,1350.0,1534900.0,0.0
NIFTY,26-DEC-2024,26000.0,10-12-2024 14:53:00,9.75,9.85,9.75,9.8,5121850.0,5650.0,1350.0,1350.0,1345.0,1345.0,1534125.0,225.0
NIFTY,26-DEC-2024,26000.0,10-12-2024 14:54:00,9.85,9.9,9.8,9.9,5121850.0,2375.0,1345.0,1350.65,1345.0,1350.65,1534125.0,175.0
NIFTY,26-DEC-2024,26000.0,10-12-2024 14:55:00,9.9,9.9,9.8,9.85,5133075.0,8475.0,1350.65,1355.0,1350.65,1353.0,1534125.0,300.0
NIFTY,26-DEC-2024,26000.0,10-12-2024 14:56:00,9.85,10.0,9.85,9.95,5133075.0,5175.0,1353.0,1355.0,1353.0,1354.0,1533600.0,625.0
NIFTY,26-DEC-2024,26000.0,10-12-2024 14:57:00,9.95,10.0,9.9,9.9,5133075.0,575.0,1354.0,1355.0,1350.55,1350.55,1533600.0,600.0
NIFTY,26-DEC-2024,26000.0,10-12-2024 14:58:00,9.9,9.9,9.8,9.85,5133000.0,2025.0,1350.55,1354.0,1350.55,1352.9,1532550.0,475.0
NIFTY,26-DEC-2024,26000.0,10-12-2024 14:59:00,9.9,9.95,9.8,9.8,5133000.0,1925.0,1352.9,1352.9,1350.0,1350.0,1532550.0,1275.0
NIFTY,26-DEC-2024,26000.0,10-12-2024 15:00:00,9.8,10.25,9.8,10.1,5133000.0,10200.0,1350.0,1350.0,1325.0,1325.0,1532550.0,450.0
NIFTY,26-DEC-2024,26000.0,10-12-2024 15:01:00,10.1,10.35,10.1,10.3,5133200.0,7200.0,1325.0,1325.35,1325.0,1325.35,1532550.0,25.0
NIFTY,26-DEC-2024,26000.0,10-12-2024 15:02:00,10.5,10.55,10.35,10.5,5133200.0,6150.0,1325.35,1325.35,1318.1,1318.1,1531950.0,125.0
NIFTY,26-DEC-2024,26000.0,10-12-2024 15:03:00,10.5,10.65,10.4,10.55,5133200.0,6300.0,1318.1,1318.1,1318.1,1318.1,1531950.0,0.0
NIFTY,26-DEC-2024,26000.0,10-12-2024 15:04:00,10.5,10.6,10.35,10.45,5140725.0,12000.0,1318.1,1318.1,1318.1,1318.1,1531950.0,0.0
NIFTY,26-DEC-2024,26000.0,10-12-2024 15:05:00,10.3,10.45,10.2,10.35,5140725.0,16700.0,1318.1,1322.1,1318.1,1322.1,1531950.0,25.0
NIFTY,26-DEC-2024,26000.0,10-12-2024 15:06:00,10.35,10.45,10.3,10.45,5140725.0,5975.0,1322.1,1327.3,1322.1,1327.3,1531950.0,1000.0
NIFTY,26-DEC-2024,26000.0,10-12-2024 15:07:00,10.45,10.65,10.4,10.6,5145200.0,4350.0,1327.3,1327.3,1310.0,1312.0,1531950.0,850.0
NIFTY,26-DEC-2024,26000.0,10-12-2024 15:08:00,10.5,10.75,10.5,10.75,5145200.0,12875.0,1312.0,1317.85,1312.0,1314.4,1530875.0,75.0
NIFTY,26-DEC-2024,26000.0,10-12-2024 15:09:00,10.8,10.8,10.6,10.8,5145200.0,24225.0,1314.4,1314.4,1314.4,1314.4,1530875.0,0.0
NIFTY,26-DEC-2024,26000.0,10-12-2024 15:10:00,10.8,10.9,10.7,10.8,5172125.0,28975.0,1314.4,1314.4,1314.4,1314.4,1530875.0,0.0
NIFTY,26-DEC-2024,26000.0,10-12-2024 15:11:00,10.85,10.85,10.7,10.8,5172125.0,5425.0,1314.4,1322.55,1314.4,1322.55,1530825.0,25.0
NIFTY,26-DEC-2024,26000.0,10-12-2024 15:12:00,10.8,10.8,10.7,10.8,5172125.0,8575.0,1322.55,1325.0,1322.0,1322.0,1530825.0,50.0
NIFTY,26-DEC-2024,26000.0,10-12-2024 15:13:00,10.8,10.9,10.75,10.85,5177975.0,5875.0,1322.0,1322.0,1322.0,1322.0,1530825.0,0.0
NIFTY,26-DEC-2024,26000.0,10-12-2024 15:14:00,10.85,10.9,10.8,10.85,5177975.0,6675.0,1322.0,1325.0,1322.0,1325.0,1530800.0,75.0
NIFTY,26-DEC-2024,26000.0,10-12-2024 15:15:00,10.9,10.95,10.85,10.85,5177975.0,3825.0,1325.0,1325.0,1319.55,1319.55,1530800.0,500.0
NIFTY,26-DEC-2024,26000.0,10-12-2024 15:16:00,10.85,10.85,10.7,10.85,5181650.0,9125.0,1319.55,1319.55,1318.9,1318.9,1530800.0,25.0
NIFTY,26-DEC-2024,26000.0,10-12-2024 15:17:00,10.75,10.85,10.75,10.8,5181650.0,4025.0,1318.9,1321.6,1318.9,1321.6,1530450.0,75.0
NIFTY,26-DEC-2024,26000.0,10-12-2024 15:18:00,10.8,10.85,10.7,10.7,5181650.0,11550.0,1322.35,1322.35,1322.35,1322.35,1530450.0,50.0
NIFTY,26-DEC-2024,26000.0,10-12-2024 15:19:00,10.75,10.8,10.7,10.7,5184250.0,2050.0,1322.35,1324.0,1322.0,1322.0,1530450.0,225.0
NIFTY,26-DEC-2024,26000.0,10-12-2024 15:20:00,10.75,10.75,10.65,10.75,5184250.0,1700.0,1322.0,1322.0,1322.0,1322.0,1530450.0,25.0
NIFTY,26-DEC-2024,26000.0,10-12-2024 15:21:00,10.75,10.75,10.65,10.7,5184250.0,5575.0,1322.0,1322.0,1322.0,1322.0,1530450.0,0.0
NIFTY,26-DEC-2024,26000.0,10-12-2024 15:22:00,10.7,10.75,10.55,10.55,5182900.0,1425.0,1322.0,1322.0,1322.0,1322.0,1530450.0,0.0
NIFTY,26-DEC-2024,26000.0,10-12-2024 15:23:00,10.55,10.7,10.55,10.6,5182900.0,5650.0,1322.0,1324.1,1322.0,1324.0,1530350.0,225.0
NIFTY,26-DEC-2024,26000.0,10-12-2024 15:24:00,10.6,10.6,10.5,10.5,5182900.0,12200.0,1324.0,1325.7,1324.0,1325.1,1530350.0,125.0
NIFTY,26-DEC-2024,26000.0,10-12-2024 15:25:00,10.5,10.6,10.45,10.55,5179325.0,15025.0,1325.1,1325.1,1322.0,1322.0,1530350.0,25.0
NIFTY,26-DEC-2024,26000.0,10-12-2024 15:26:00,10.6,10.65,10.55,10.65,5179325.0,10775.0,1322.0,1322.0,1322.0,1322.0,1530625.0,25.0
NIFTY,26-DEC-2024,26000.0,10-12-2024 15:27:00,10.65,10.7,10.6,10.65,5179325.0,21725.0,1322.0,1322.0,1322.0,1322.0,1530625.0,0.0
NIFTY,26-DEC-2024,26000.0,10-12-2024 15:28:00,10.65,10.7,10.6,10.7,5168925.0,17950.0,1322.0,1322.0,1315.0,1315.0,1530625.0,50.0
NIFTY,26-DEC-2024,26000.0,10-12-2024 15:29:00,10.75,11.1,10.7,11.0,5168925.0,17750.0,1317.65,1318.55,1317.0,1317.0,1530550.0,225.0
NIFTY,26-DEC-2024,26000.0,11-12-2024 09:15:00,10.7,11.8,10.0,10.5,5175350.0,31575.0,1317.0,1317.0,1317.0,1317.0,0.0,0.0
NIFTY,26-DEC-2024,26000.0,11-12-2024 09:16:00,10.55,10.7,10.55,10.6,5175350.0,12125.0,1317.0,1317.0,1317.0,1317.0,0.0,0.0
NIFTY,26-DEC-2024,26000.0,11-12-2024 09:17:00,10.65,10.65,10.2,10.2,5175350.0,8125.0,1317.0,1317.0,1317.0,1317.0,0.0,0.0
NIFTY,26-DEC-2024,26000.0,11-12-2024 09:18:00,10.2,10.3,10.05,10.15,5181150.0,2325.0,1317.0,1317.0,1300.6,1300.6,1530175.0,50.0
NIFTY,26-DEC-2024,26000.0,11-12-2024 09:19:00,10.1,10.1,9.8,9.85,5181150.0,10550.0,1300.6,1319.8,1300.6,1319.8,1530175.0,100.0
NIFTY,26-DEC-2024,26000.0,11-12-2024 09:20:00,9.8,9.8,9.5,9.55,5181150.0,14100.0,1319.8,1319.8,1319.8,1319.8,1530175.0,0.0
NIFTY,26-DEC-2024,26000.0,11-12-2024 09:21:00,9.65,9.75,9.4,9.6,5196975.0,28225.0,1319.8,1319.8,1301.0,1301.0,1530125.0,50.0
NIFTY,26-DEC-2024,26000.0,11-12-2024 09:22:00,9.6,9.85,9.55,9.85,5196975.0,18225.0,1301.0,1303.6,1297.0,1297.0,1530125.0,125.0
NIFTY,26-DEC-2024,26000.0,11-12-2024 09:23:00,9.85,9.85,9.7,9.7,5196975.0,18150.0,1297.0,1300.0,1297.0,1300.0,1530125.0,25.0
NIFTY,26-DEC-2024,26000.0,11-12-2024 09:24:00,9.7,9.7,9.3,9.3,5219275.0,23125.0,1300.0,1304.7,1300.0,1304.7,1530125.0,25.0
NIFTY,26-DEC-2024,26000.0,11-12-2024 09:25:00,9.35,9.45,9.2,9.35,5219275.0,20875.0,1304.7,1305.0,1304.7,1305.0,1530000.0,25.0
NIFTY,26-DEC-2024,26000.0,11-12-2024 09:26:00,9.2,9.4,9.2,9.3,5219275.0,15775.0,1305.0,1305.45,1303.7,1305.45,1530000.0,325.0
NIFTY,26-DEC-2024,26000.0,11-12-2024 09:27:00,9.3,9.4,9.25,9.3,5228825.0,7050.0,1305.45,1305.45,1303.95,1303.95,1530275.0,425.0
NIFTY,26-DEC-2024,26000.0,11-12-2024 09:28:00,9.3,9.4,9.25,9.25,5228825.0,12000.0,1303.95,1303.95,1303.95,1303.95,1530275.0,0.0
NIFTY,26-DEC-2024,26000.0,11-12-2024 09:29:00,9.25,9.35,9.1,9.15,5228825.0,8850.0,1303.95,1305.0,1303.95,1305.0,1530275.0,350.0
NIFTY,26-DEC-2024,26000.0,11-12-2024 09:30:00,9.15,9.25,9.15,9.25,5226900.0,5925.0,1305.0,1305.0,1305.0,1305.0,1530275.0,0.0
NIFTY,26-DEC-2024,26000.0,11-12-2024 09:31:00,9.25,9.3,9.15,9.3,5226900.0,3950.0,1305.0,1305.35,1305.0,1305.35,1529875.0,425.0
NIFTY,26-DEC-2024,26000.0,11-12-2024 09:32:00,9.3,9.3,9.2,9.3,5226900.0,6050.0,1305.35,1305.35,1297.45,1297.45,1529875.0,25.0
NIFTY,26-DEC-2024,26000.0,11-12-2024 09:33:00,9.3,9.4,9.25,9.4,5232225.0,13975.0,1297.45,1297.45,1290.0,1290.0,1530200.0,100.0
NIFTY,26-DEC-2024,26000.0,11-12-2024 09:34:00,9.4,9.4,9.25,9.35,5232225.0,8775.0,1290.0,1290.0,1286.8,1286.8,1530200.0,100.0
NIFTY,26-DEC-2024,26000.0,11-12-2024 09:35:00,9.35,9.4,9.3,9.4,5232225.0,5150.0,1286.8,1290.0,1286.8,1290.0,1530200.0,50.0
NIFTY,26-DEC-2024,26000.0,11-12-2024 09:36:00,9.4,9.5,9.35,9.4,5233925.0,4925.0,1290.0,1290.0,1285.0,1285.1,1530100.0,100.0
NIFTY,26-DEC-2024,26000.0,11-12-2024 09:37:00,9.4,9.65,9.4,9.45,5233925.0,2675.0,1285.1,1285.1,1278.0,1281.85,1530100.0,75.0
NIFTY,26-DEC-2024,26000.0,11-12-2024 09:38:00,9.45,9.45,9.4,9.4,5233925.0,5950.0,1281.85,1281.85,1281.85,1281.85,1530100.0,0.0
NIFTY,26-DEC-2024,26000.0,11-12-2024 09:39:00,9.5,9.55,9.4,9.55,5250050.0,20625.0,1281.85,1290.0,1281.85,1290.0,1530175.0,375.0
NIFTY,26-DEC-2024,26000.0,11-12-2024 09:40:00,9.55,9.55,9.4,9.4,5250050.0,3625.0,1290.0,1290.0,1290.0,1290.0,1530175.0,0.0
NIFTY,26-DEC-2024,26000.0,11-12-2024 09:41:00,9.4,9.4,9.2,9.25,5250050.0,4975.0,1296.85,1296.85,1296.0,1296.0,1530175.0,50.0
NIFTY,26-DEC-2024,26000.0,11-12-2024 09:42:00,9.25,9.25,9.15,9.15,5250750.0,6825.0,1296.0,1300.0,1296.0,1300.0,1530175.0,125.0
NIFTY,26-DEC-2024,26000.0,11-12-2024 09:43:00,9.15,9.25,9.05,9.15,5250750.0,5000.0,1300.0,1302.0,1300.0,1300.0,1530275.0,175.0
NIFTY,26-DEC-2024,26000.0,11-12-2024 09:44:00,9.15,9.2,9.1,9.1,5250750.0,7875.0,1300.0,1300.0,1297.5,1297.5,1530275.0,100.0
NIFTY,26-DEC-2024,26000.0,11-12-2024 09:45:00,9.05,9.1,8.7,9.05,5254050.0,12600.0,1297.5,1306.8,1297.5,1306.8,1530275.0,375.0
NIFTY,26-DEC-2024,26000.0,11-12-2024 09:46:00,9.05,9.05,8.85,8.85,5254050.0,5725.0,1306.8,1306.8,1306.8,1306.8,1530275.0,0.0
NIFTY,26-DEC-2024,26000.0,11-12-2024 09:47:00,8.85,8.9,8.75,8.85,5254050.0,6175.0,1306.8,1317.9,1306.8,1312.5,1530250.0,925.0
NIFTY,26-DEC-2024,26000.0,11-12-2024 09:48:00,8.8,8.9,8.75,8.8,5248725.0,11350.0,1312.5,1312.5,1310.0,1310.6,1530250.0,250.0
NIFTY,26-DEC-2024,26000.0,11-12-2024 09:49:00,8.8,8.8,8.75,8.75,5248725.0,2875.0,1310.6,1312.45,1310.6,1312.45,1529100.0,75.0
NIFTY,26-DEC-2024,26000.0,11-12-2024 09:50:00,8.75,8.8,8.7,8.75,5248725.0,14800.0,1310.0,1326.15,1310.0,1322.65,1529100.0,200.0
NIFTY,26-DEC-2024,26000.0,11-12-2024 09:51:00,8.75,8.8,8.7,8.7,5255175.0,32525.0,1322.65,1326.45,1317.5,1317.5,1528675.0,675.0
NIFTY,26-DEC-2024,26000.0,11-12-2024 09:52:00,8.7,8.7,8.65,8.7,5255175.0,15575.0,1317.5,1317.5,1307.5,1307.5,1528675.0,1400.0
NIFTY,26-DEC-2024,26000.0,11-12-2024 09:53:00,8.7,8.7,8.6,8.65,5255175.0,4625.0,1307.5,1309.0,1305.0,1305.0,1528675.0,975.0
NIFTY,26-DEC-2024,26000.0,11-12-2024 09:54:00,8.65,8.7,8.6,8.7,5256650.0,10025.0,1305.0,1305.0,1302.5,1302.5,1528675.0,100.0
NIFTY,26-DEC-2024,26000.0,11-12-2024 09:55:00,8.7,8.7,8.65,8.7,5256650.0,29925.0,1300.0,1300.0,1300.0,1300.0,1527425.0,100.0
NIFTY,26-DEC-2024,26000.0,11-12-2024 09:56:00,8.65,8.7,8.65,8.7,5256650.0,21700.0,1300.0,1300.0,1300.0,1300.0,1527425.0,0.0
NIFTY,26-DEC-2024,26000.0,11-12-2024 09:57:00,8.7,8.7,8.55,8.6,5262375.0,4350.0,1300.0,1300.0,1300.0,1300.0,1527425.0,25.0
NIFTY,26-DEC-2024,26000.0,11-12-2024 09:58:00,8.65,8.7,8.65,8.7,5262375.0,11000.0,1300.0,1300.0,1300.0,1300.0,1527425.0,0.0
NIFTY,26-DEC-2024,26000.0,11-12-2024 09:59:00,8.7,8.7,8.6,8.65,5262375.0,46800.0,1300.0,1300.0,1275.0,1279.65,1527325.0,125.0
NIFTY,26-DEC-2024,26000.0,11-12-2024 10:00:00,8.65,8.7,8.6,8.65,5267800.0,12325.0,1279.65,1279.65,1279.65,1279.65,1527325.0,0.0
NIFTY,26-DEC-2024,26000.0,11-12-2024 10:01:00,8.65,8.65,8.6,8.65,5267800.0,1550.0,1279.65,1283.95,1279.65,1283.95,1527250.0,25.0
NIFTY,26-DEC-2024,26000.0,11-12-2024 10:02:00,8.65,8.65,8.5,8.65,5267800.0,5125.0,1283.95,1285.0,1283.95,1285.0,1527250.0,325.0
NIFTY,26-DEC-2024,26000.0,11-12-2024 10:03:00,8.65,8.65,8.5,8.55,5270500.0,4450.0,1285.0,1290.0,1285.0,1290.0,1527250.0,550.0
NIFTY,26-DEC-2024,26000.0,11-12-2024 10:04:00,8.55,8.6,8.5,8.6,5270500.0,10200.0,1290.0,1290.0,1287.85,1288.8,1526900.0,0.0
NIFTY,26-DEC-2024,26000.0,11-12-2024 10:05:00,8.55,8.6,8.55,8.6,5270500.0,11250.0,1288.8,1288.8,1288.8,1288.8,1526900.0,50.0
NIFTY,26-DEC-2024,26000.0,11-12-2024 10:06:00,8.6,8.65,8.6,8.6,5273150.0,5700.0,1288.8,1288.8,1288.8,1288.8,1526900.0,0.0
NIFTY,26-DEC-2024,26000.0,11-12-2024 10:07:00,8.55,8.6,8.4,8.4,5273150.0,6925.0,1288.8,1288.8,1288.8,1288.8,1526900.0,0.0
NIFTY,26-DEC-2024,26000.0,11-12-2024 10:08:00,8.4,8.5,8.3,8.35,5273150.0,10475.0,1288.8,1292.6,1288.8,1292.6,1526875.0,50.0
NIFTY,26-DEC-2024,26000.0,11-12-2024 10:09:00,8.35,8.4,8.25,8.25,5276200.0,4750.0,1292.6,1298.0,1292.6,1298.0,1526875.0,50.0
NIFTY,26-DEC-2024,26000.0,11-12-2024 10:10:00,8.3,8.4,8.3,8.4,5276200.0,4850.0,1298.0,1298.0,1298.0,1298.0,1526875.0,0.0
NIFTY,26-DEC-2024,26000.0,11-12-2024 10:11:00,8.4,8.4,8.3,8.35,5276200.0,1750.0,1298.0,1300.0,1298.0,1300.0,1526875.0,500.0
NIFTY,26-DEC-2024,26000.0,11-12-2024 10:12:00,8.3,8.4,8.3,8.4,5276200.0,5250.0,1300.0,1300.0,1290.0,1290.0,1526875.0,25.0
NIFTY,26-DEC-2024,26000.0,11-12-2024 10:13:00,8.4,8.45,8.35,8.45,5278200.0,4650.0,1290.0,1290.45,1289.1,1290.45,1526850.0,150.0
NIFTY,26-DEC-2024,26000.0,11-12-2024 10:14:00,8.45,8.45,8.35,8.45,5278200.0,8500.0,1290.45,1290.45,1290.45,1290.45,1526850.0,0.0
NIFTY,26-DEC-2024,26000.0,11-12-2024 10:15:00,8.45,8.5,8.4,8.45,5282800.0,3000.0,1290.45,1290.45,1288.35,1288.35,1526850.0,25.0
NIFTY,26-DEC-2024,26000.0,11-12-2024 10:16:00,8.45,8.55,8.4,8.45,5282800.0,4325.0,1288.35,1288.35,1288.35,1288.35,1526850.0,0.0
NIFTY,26-DEC-2024,26000.0,11-12-2024 10:17:00,8.45,8.5,8.4,8.5,5282800.0,2725.0,1288.35,1288.35,1288.35,1288.35,1526850.0,0.0
NIFTY,26-DEC-2024,26000.0,11-12-2024 10:18:00,8.45,8.55,8.4,8.5,5284850.0,3625.0,1288.35,1298.0,1288.35,1298.0,1526800.0,225.0
NIFTY,26-DEC-2024,26000.0,11-12-2024 10:19:00,8.5,8.5,8.4,8.5,5284850.0,5350.0,1298.0,1298.0,1298.0,1298.0,1526800.0,0.0
NIFTY,26-DEC-2024,26000.0,11-12-2024 10:20:00,8.45,8.5,8.4,8.45,5284850.0,2975.0,1298.0,1307.0,1298.0,1307.0,1526800.0,25.0
NIFTY,26-DEC-2024,26000.0,11-12-2024 10:21:00,8.5,8.6,8.45,8.6,5285550.0,1875.0,1307.0,1307.0,1307.0,1307.0,1526800.0,0.0
NIFTY,26-DEC-2024,26000.0,11-12-2024 10:22:00,8.55,8.7,8.5,8.6,5285550.0,9350.0,1307.0,1307.0,1307.0,1307.0,1526800.0,0.0
NIFTY,26-DEC-2024,26000.0,11-12-2024 10:23:00,8.6,8.65,8.5,8.5,5285550.0,8375.0,1307.0,1307.0,1307.0,1307.0,1526800.0,0.0
NIFTY,26-DEC-2024,26000.0,11-12-2024 10:24:00,8.5,8.6,8.5,8.6,5289900.0,3075.0,1307.0,1307.0,1307.0,1307.0,1526800.0,0.0
NIFTY,26-DEC-2024,26000.0,11-12-2024 10:25:00,8.6,8.95,8.55,8.85,5289900.0,1225.0,1307.0,1307.0,1260.0,1260.0,1526800.0,275.0
NIFTY,26-DEC-2024,26000.0,11-12-2024 10:26:00,8.95,9.3,8.85,9.3,5289900.0,19300.0,1260.0,1260.0,1250.0,1256.0,1526800.0,175.0
NIFTY,26-DEC-2024,26000.0,11-12-2024 10:27:00,9.3,9.3,9.05,9.15,5300725.0,19650.0,1256.0,1256.0,1245.0,1255.0,1526800.0,975.0
NIFTY,26-DEC-2024,26000.0,11-12-2024 10:28:00,9.15,9.2,9.0,9.15,5300725.0,2675.0,1255.0,1258.45,1255.0,1258.1,1525975.0,1000.0
NIFTY,26-DEC-2024,26000.0,11-12-2024 10:29:00,9.15,9.3,9.1,9.15,5300725.0,4025.0,1258.1,1258.1,1255.0,1255.0,1525975.0,25.0
NIFTY,26-DEC-2024,26000.0,11-12-2024 10:30:00,9.15,9.3,9.0,9.05,5305525.0,6350.0,1255.0,1255.0,1250.6,1250.6,1525975.0,50.0
NIFTY,26-DEC-2024,26000.0,11-12-2024 10:31:00,9.05,9.1,8.95,9.0,5305525.0,8250.0,1250.6,1263.45,1250.6,1256.9,1524950.0,1200.0
NIFTY,26-DEC-2024,26000.0,11-12-2024 10:32:00,9.1,9.15,8.9,8.9,5305525.0,14425.0,1256.9,1261.0,1256.9,1261.0,1524950.0,50.0
NIFTY,26-DEC-2024,26000.0,11-12-2024 10:33:00,8.9,9.05,8.9,9.0,5295500.0,6650.0,1261.0,1261.0,1261.0,1261.0,1524950.0,0.0
NIFTY,26-DEC-2024,26000.0,11-12-2024 10:34:00,9.0,9.15,8.95,9.15,5295500.0,4350.0,1261.0,1261.0,1250.0,1250.0,1524950.0,350.0
NIFTY,26-DEC-2024,26000.0,11-12-2024 10:35:00,9.15,9.3,9.1,9.3,5295500.0,16725.0,1250.0,1253.85,1241.05,1246.2,1523975.0,625.0
NIFTY,26-DEC-2024,26000.0,11-12-2024 10:36:00,9.35,9.45,9.25,9.35,5304250.0,13600.0,1246.2,1248.1,1246.2,1248.1,1523975.0,75.0
NIFTY,26-DEC-2024,26000.0,11-12-2024 10:37:00,9.35,9.45,9.3,9.45,5304250.0,2550.0,1248.1,1248.1,1247.55,1247.95,1523200.0,75.0
NIFTY,26-DEC-2024,26000.0,11-12-2024 10:38:00,9.4,9.45,9.3,9.3,5304250.0,2900.0,1247.95,1247.95,1244.1,1244.1,1523200.0,200.0
NIFTY,26-DEC-2024,26000.0,11-12-2024 10:39:00,9.3,9.35,9.1,9.15,5307225.0,5575.0,1244.1,1253.55,1244.1,1253.55,1523200.0,25.0
NIFTY,26-DEC-2024,26000.0,11-12-2024 10:40:00,9.15,9.2,9.1,9.15,5307225.0,6900.0,1253.55,1253.55,1253.55,1253.55,1523200.0,0.0
NIFTY,26-DEC-2024,26000.0,11-12-2024 10:41:00,9.15,9.2,9.1,9.2,5307225.0,11650.0,1253.55,1253.55,1253.55,1253.55,1523200.0,0.0
NIFTY,26-DEC-2024,26000.0,11-12-2024 10:42:00,9.2,9.25,9.2,9.25,5320450.0,2950.0,1253.55,1253.55,1253.55,1253.55,1523200.0,0.0
NIFTY,26-DEC-2024,26000.0,11-12-2024 10:43:00,9.3,9.5,9.3,9.5,5320450.0,12575.0,1253.55,1253.55,1253.55,1253.55,1523200.0,0.0
NIFTY,26-DEC-2024,26000.0,11-12-2024 10:44:00,9.4,9.6,9.4,9.5,5320450.0,18725.0,1253.55,1253.55,1253.55,1253.55,1523200.0,0.0
NIFTY,26-DEC-2024,26000.0,11-12-2024 10:45:00,9.5,9.8,9.5,9.8,5314625.0,13850.0,1253.55,1253.55,1240.0,1240.35,1522925.0,275.0
NIFTY,26-DEC-2024,26000.0,11-12-2024 10:46:00,9.8,9.85,9.75,9.75,5314625.0,10625.0,1240.35,1240.35,1235.45,1235.45,1522925.0,50.0
NIFTY,26-DEC-2024,26000.0,11-12-2024 10:47:00,9.75,9.85,9.7,9.8,5314625.0,4250.0,1235.45,1240.0,1235.45,1240.0,1522750.0,75.0
NIFTY,26-DEC-2024,26000.0,11-12-2024 10:48:00,9.8,9.8,9.7,9.75,5314625.0,19250.0,1240.0,1240.0,1240.0,1240.0,1522750.0,0.0
NIFTY,26-DEC-2024,26000.0,11-12-2024 10:49:00,9.8,9.85,9.8,9.8,5328750.0,9125.0,1242.15,1242.15,1236.05,1238.95,1522675.0,100.0
NIFTY,26-DEC-2024,26000.0,11-12-2024 10:50:00,9.8,9.8,9.6,9.65,5328750.0,9750.0,1238.95,1238.95,1236.0,1236.0,1522675.0,25.0
NIFTY,26-DEC-2024,26000.0,11-12-2024 10:51:00,9.65,9.65,9.5,9.5,5335500.0,4225.0,1236.0,1236.0,1236.0,1236.0,1522675.0,0.0
NIFTY,26-DEC-2024,26000.0,11-12-2024 10:52:00,9.45,9.65,9.45,9.55,5335500.0,7050.0,1236.0,1239.9,1236.0,1239.9,1522675.0,25.0
NIFTY,26-DEC-2024,26000.0,11-12-2024 10:53:00,9.55,9.55,9.3,9.3,5335500.0,250.0,1239.9,1239.9,1239.9,1239.9,1522675.0,0.0
NIFTY,26-DEC-2024,26000.0,11-12-2024 10:54:00,9.3,9.4,9.3,9.4,5335500.0,6800.0,1239.15,1239.15,1239.15,1239.15,1522675.0,25.0
NIFTY,26-DEC-2024,26000.0,11-12-2024 10:55:00,9.4,9.4,9.3,9.3,5337225.0,6575.0,1239.15,1239.15,1239.15,1239.15,1522675.0,0.0
NIFTY,26-DEC-2024,26000.0,11-12-2024 10:56:00,9.3,9.3,9.25,9.25,5337225.0,12050.0,1239.15,1239.15,1239.15,1239.15,1522675.0,0.0
NIFTY,26-DEC-2024,26000.0,11-12-2024 10:57:00,9.25,9.3,9.15,9.2,5337225.0,3875.0,1239.15,1239.2,1239.15,1239.2,1522650.0,125.0
NIFTY,26-DEC-2024,26000.0,11-12-2024 10:58:00,9.2,9.25,9.15,9.2,5336350.0,7725.0,1239.2,1239.65,1235.15,1239.65,1522525.0,75.0
NIFTY,26-DEC-2024,26000.0,11-12-2024 10:59:00,9.2,9.25,9.1,9.15,5336350.0,2075.0,1239.65,1242.95,1239.65,1242.95,1522525.0,25.0
NIFTY,26-DEC-2024,26000.0,11-12-2024 11:00:00,9.15,9.2,9.15,9.2,5336350.0,1850.0,1242.95,1248.05,1242.0,1242.0,1522525.0,125.0
NIFTY,26-DEC-2024,26000.0,11-12-2024 11:01:00,9.2,9.25,9.1,9.2,5335900.0,16175.0,1242.0,1242.0,1242.0,1242.0,1522525.0,0.0
NIFTY,26-DEC-2024,26000.0,11-12-2024 11:02:00,9.2,9.3,9.2,9.3,5335900.0,10975.0,1241.25,1244.0,1241.25,1244.0,1522425.0,675.0
NIFTY,26-DEC-2024,26000.0,11-12-2024 11:03:00,9.25,9.35,9.2,9.3,5335900.0,750.0,1244.0,1245.05,1244.0,1245.05,1522425.0,75.0
NIFTY,26-DEC-2024,26000.0,11-12-2024 11:04:00,9.2,9.3,9.2,9.25,5341275.0,8475.0,1245.05,1245.05,1244.0,1244.0,1522425.0,125.0
NIFTY,26-DEC-2024,26000.0,11-12-2024 11:05:00,9.25,9.35,9.25,9.3,5341275.0,1825.0,1244.0,1244.15,1244.0,1244.0,1523000.0,75.0
NIFTY,26-DEC-2024,26000.0,11-12-2024 11:06:00,9.3,9.35,9.25,9.25,5341275.0,6025.0,1244.0,1244.0,1244.0,1244.0,1523000.0,0.0
NIFTY,26-DEC-2024,26000.0,11-12-2024 11:07:00,9.3,9.3,9.25,9.3,5345675.0,15225.0,1244.0,1244.0,1244.0,1244.0,1523000.0,0.0
NIFTY,26-DEC-2024,26000.0,11-12-2024 11:08:00,9.35,9.35,9.3,9.3,5345675.0,125.0,1244.0,1244.0,1244.0,1244.0,1523000.0,0.0
NIFTY,26-DEC-2024,26000.0,11-12-2024 11:09:00,9.3,9.35,9.3,9.35,5345675.0,1975.0,1244.0,1244.1,1244.0,1244.1,1523075.0,25.0
NIFTY,26-DEC-2024,26000.0,11-12-2024 11:10:00,9.35,9.4,9.3,9.4,5343025.0,1825.0,1244.1,1244.1,1244.1,1244.1,1523075.0,0.0
NIFTY,26-DEC-2024,26000.0,11-12-2024 11:11:00,9.4,9.4,9.25,9.35,5343025.0,10925.0,1244.1,1244.1,1244.1,1244.1,1523075.0,0.0
NIFTY,26-DEC-2024,26000.0,11-12-2024 11:12:00,9.25,9.3,9.25,9.25,5343025.0,8175.0,1244.1,1244.1,1240.0,1240.0,1523075.0,50.0
NIFTY,26-DEC-2024,26000.0,11-12-2024 11:13:00,9.2,9.35,9.2,9.25,5349225.0,2000.0,1240.0,1240.0,1240.0,1240.0,1523075.0,25.0
NIFTY,26-DEC-2024,26000.0,11-12-2024 11:14:00,9.3,9.3,9.2,9.2,5349225.0,2500.0,1240.0,1244.15,1239.1,1239.1,1523075.0,425.0
NIFTY,26-DEC-2024,26000.0,11-12-2024 11:15:00,9.25,9.25,9.2,9.25,5349225.0,875.0,1239.1,1239.1,1239.1,1239.1,1523075.0,0.0
NIFTY,26-DEC-2024,26000.0,11-12-2024 11:16:00,9.25,9.25,9.2,9.2,5350250.0,4175.0,1239.1,1239.1,1239.1,1239.1,1523075.0,0.0
NIFTY,26-DEC-2024,26000.0,11-12-2024 11:17:00,9.25,9.3,9.2,9.2,5350250.0,1575.0,1239.1,1239.1,1239.1,1239.1,1523075.0,0.0
NIFTY,26-DEC-2024,26000.0,11-12-2024 11:18:00,9.3,9.3,9.2,9.3,5350250.0,3750.0,1239.1,1239.1,1239.1,1239.1,1523075.0,0.0
NIFTY,26-DEC-2024,26000.0,11-12-2024 11:19:00,9.3,9.3,9.25,9.25,5349550.0,1625.0,1239.1,1239.1,1239.1,1239.1,1523075.0,0.0
NIFTY,26-DEC-2024,26000.0,11-12-2024 11:20:00,9.25,9.3,9.25,9.3,5349550.0,3550.0,1239.1,1239.1,1239.1,1239.1,1523075.0,0.0
NIFTY,26-DEC-2024,26000.0,11-12-2024 11:21:00,9.25,9.3,9.25,9.3,5349550.0,125.0,1239.1,1239.1,1239.1,1239.1,1523075.0,0.0
NIFTY,26-DEC-2024,26000.0,11-12-2024 11:22:00,9.3,9.3,9.25,9.25,5350475.0,1750.0,1239.1,1239.1,1239.1,1239.1,1523075.0,25.0
NIFTY,26-DEC-2024,26000.0,11-12-2024 11:23:00,9.25,9.35,9.25,9.35,5350475.0,2050.0,1239.1,1239.1,1233.05,1233.05,1523375.0,125.0
NIFTY,26-DEC-2024,26000.0,11-12-2024 11:24:00,9.3,9.35,9.25,9.35,5350475.0,4900.0,1233.05,1233.05,1233.05,1233.05,1523375.0,50.0
NIFTY,26-DEC-2024,26000.0,11-12-2024 11:25:00,9.3,9.35,9.3,9.3,5348225.0,1600.0,1233.05,1233.05,1233.05,1233.05,1523375.0,0.0
NIFTY,26-DEC-2024,26000.0,11-12-2024 11:26:00,9.25,9.25,9.25,9.25,5348225.0,1075.0,1233.05,1233.05,1233.05,1233.05,1523375.0,0.0
NIFTY,26-DEC-2024,26000.0,11-12-2024 11:27:00,9.25,9.3,9.25,9.25,5348225.0,4900.0,1233.05,1233.05,1233.05,1233.05,1523375.0,0.0
NIFTY,26-DEC-2024,26000.0,11-12-2024 11:28:00,9.3,9.3,9.25,9.3,5353425.0,1475.0,1233.05,1242.4,1233.05,1242.4,1523225.0,50.0
NIFTY,26-DEC-2024,26000.0,11-12-2024 11:29:00,9.2,9.3,9.2,9.3,5353425.0,2275.0,1242.4,1244.7,1242.4,1244.7,1523225.0,50.0
NIFTY,26-DEC-2024,26000.0,11-12-2024 11:30:00,9.2,9.3,9.2,9.25,5353425.0,2475.0,1244.7,1244.7,1242.9,1242.9,1523225.0,50.0
NIFTY,26-DEC-2024,26000.0,11-12-2024 11:31:00,9.25,9.3,9.2,9.25,5349550.0,6300.0,1242.9,1242.9,1242.0,1242.0,1523200.0,25.0
NIFTY,26-DEC-2024,26000.0,11-12-2024 11:32:00,9.25,9.3,9.25,9.25,5349550.0,1500.0,1242.0,1242.0,1242.0,1242.0,1523200.0,25.0
NIFTY,26-DEC-2024,26000.0,11-12-2024 11:33:00,9.3,9.3,9.25,9.3,5349550.0,2100.0,1242.0,1242.0,1235.4,1240.25,1523200.0,575.0
NIFTY,26-DEC-2024,26000.0,11-12-2024 11:34:00,9.3,9.35,9.3,9.35,5350175.0,4925.0,1240.25,1240.25,1230.0,1232.5,1522575.0,275.0
NIFTY,26-DEC-2024,26000.0,11-12-2024 11:35:00,9.35,9.4,9.3,9.4,5350175.0,3625.0,1232.5,1232.5,1230.0,1230.0,1522575.0,200.0
NIFTY,26-DEC-2024,26000.0,11-12-2024 11:36:00,9.4,9.4,9.3,9.4,5350175.0,4500.0,1230.0,1232.4,1230.0,1230.7,1522575.0,300.0
NIFTY,26-DEC-2024,26000.0,11-12-2024 11:37:00,9.4,9.5,9.35,9.5,5350750.0,1400.0,1230.7,1230.7,1220.0,1220.0,1522400.0,125.0
NIFTY,26-DEC-2024,26000.0,11-12-2024 11:38:00,9.5,9.85,9.4,9.8,5350750.0,13275.0,1215.0,1225.45,1215.0,1225.45,1522400.0,200.0
NIFTY,26-DEC-2024,26000.0,11-12-2024 11:39:00,9.8,9.9,9.75,9.85,5350750.0,7575.0,1225.45,1225.45,1215.6,1215.6,1522400.0,150.0
NIFTY,26-DEC-2024,26000.0,11-12-2024 11:40:00,9.85,9.9,9.75,9.8,5354525.0,4400.0,1215.6,1220.65,1215.6,1220.0,1522100.0,100.0
NIFTY,26-DEC-2024,26000.0,11-12-2024 11:41:00,9.75,9.75,9.7,9.7,5354525.0,3600.0,1220.0,1220.0,1220.0,1220.0,1522100.0,25.0
NIFTY,26-DEC-2024,26000.0,11-12-2024 11:42:00,9.7,9.7,9.55,9.65,5354525.0,3400.0,1220.0,1223.6,1220.0,1220.0,1522100.0,150.0
NIFTY,26-DEC-2024,26000.0,11-12-2024 11:43:00,9.7,9.7,9.55,9.65,5358350.0,1425.0,1220.0,1222.55,1220.0,1222.1,1522075.0,50.0
NIFTY,26-DEC-2024,26000.0,11-12-2024 11:44:00,9.65,9.75,9.65,9.7,5358350.0,2200.0,1222.1,1222.1,1215.85,1215.85,1522075.0,50.0
NIFTY,26-DEC-2024,26000.0,11-12-2024 11:45:00,9.65,9.7,9.65,9.65,5358350.0,0.0,1210.05,1217.6,1210.05,1217.6,1522075.0,125.0
NIFTY,26-DEC-2024,26000.0,11-12-2024 11:46:00,9.7,9.75,9.7,9.75,5358350.0,2225.0,1217.6,1217.65,1213.1,1216.55,1522075.0,150.0
NIFTY,26-DEC-2024,26000.0,11-12-2024 11:47:00,9.75,9.75,9.7,9.75,5358850.0,3350.0,1216.55,1220.75,1216.55,1220.75,1521850.0,675.0
NIFTY,26-DEC-2024,26000.0,11-12-2024 11:48:00,9.7,9.8,9.7,9.75,5358850.0,9625.0,1220.75,1220.75,1220.0,1220.0,1521850.0,50.0
NIFTY,26-DEC-2024,26000.0,11-12-2024 11:49:00,9.75,9.75,9.65,9.75,5360475.0,1675.0,1220.0,1220.75,1220.0,1220.75,1521125.0,25.0
NIFTY,26-DEC-2024,26000.0,11-12-2024 11:50:00,9.75,9.8,9.75,9.8,5360475.0,4700.0,1220.75,1220.75,1220.75,1220.75,1521125.0,0.0
NIFTY,26-DEC-2024,26000.0,11-12-2024 11:51:00,9.9,9.9,9.85,9.9,5360475.0,1975.0,1220.75,1220.75,1216.0,1220.25,1521125.0,175.0
NIFTY,26-DEC-2024,26000.0,11-12-2024 11:52:00,9.9,9.9,9.7,9.7,5361225.0,1200.0,1220.25,1220.75,1220.25,1220.75,1521125.0,225.0
NIFTY,26-DEC-2024,26000.0,11-12-2024 11:53:00,9.75,9.75,9.65,9.65,5361225.0,1125.0,1220.75,1224.1,1220.75,1224.1,1521175.0,50.0
NIFTY,26-DEC-2024,26000.0,11-12-2024 11:54:00,9.75,9.75,9.65,9.65,5361225.0,3200.0,1224.1,1224.1,1217.55,1217.55,1521175.0,100.0
NIFTY,26-DEC-2024,26000.0,11-12-2024 11:55:00,9.65,9.75,9.65,9.7,5365450.0,1350.0,1217.55,1217.7,1217.55,1217.7,1521250.0,50.0
NIFTY,26-DEC-2024,26000.0,11-12-2024 11:56:00,9.7,9.7,9.65,9.7,5365450.0,2075.0,1217.7,1217.7,1217.7,1217.7,1521250.0,0.0
NIFTY,26-DEC-2024,26000.0,11-12-2024 11:57:00,9.7,9.7,9.65,9.7,5365450.0,925.0,1217.7,1221.0,1217.7,1221.0,1521250.0,25.0
NIFTY,26-DEC-2024,26000.0,11-12-2024 11:58:00,9.65,9.65,9.4,9.5,5367400.0,6425.0,1221.0,1221.0,1221.0,1221.0,1521250.0,0.0
NIFTY,26-DEC-2024,26000.0,11-12-2024 11:59:00,9.5,9.5,9.45,9.45,5367400.0,650.0,1221.0,1221.0,1221.0,1221.0,1521250.0,0.0
NIFTY,26-DEC-2024,26000.0,11-12-2024 12:00:00,9.45,9.45,9.4,9.45,5367400.0,400.0,1221.0,1221.0,1218.35,1218.35,1521175.0,100.0
NIFTY,26-DEC-2024,26000.0,11-12-2024 12:01:00,9.4,9.4,9.35,9.4,5363925.0,2025.0,1218.35,1220.4,1218.35,1218.35,1521225.0,75.0
NIFTY,26-DEC-2024,26000.0,11-12-2024 12:02:00,9.4,9.4,9.4,9.4,5363925.0,1250.0,1218.35,1219.4,1218.35,1219.4,1521225.0,25.0
NIFTY,26-DEC-2024,26000.0,11-12-2024 12:03:00,9.3,9.4,9.3,9.3,5363925.0,275.0,1219.4,1219.4,1219.4,1219.4,1521225.0,0.0
NIFTY,26-DEC-2024,26000.0,11-12-2024 12:04:00,9.3,9.35,9.3,9.3,5363425.0,425.0,1219.4,1224.95,1219.4,1224.95,1521225.0,50.0
NIFTY,26-DEC-2024,26000.0,11-12-2024 12:05:00,9.45,9.45,9.4,9.4,5363425.0,1300.0,1220.0,1220.0,1220.0,1220.0,1521225.0,25.0
NIFTY,26-DEC-2024,26000.0,11-12-2024 12:06:00,9.4,9.5,9.35,9.5,5363425.0,2575.0,1220.0,1220.0,1212.3,1215.0,1521300.0,225.0
NIFTY,26-DEC-2024,26000.0,11-12-2024 12:07:00,9.45,9.5,9.45,9.45,5366300.0,3225.0,1215.0,1220.35,1215.0,1220.35,1521300.0,25.0
NIFTY,26-DEC-2024,26000.0,11-12-2024 12:08:00,9.45,9.45,9.35,9.45,5366300.0,3825.0,1220.35,1220.95,1220.35,1220.95,1521300.0,25.0
NIFTY,26-DEC-2024,26000.0,11-12-2024 12:09:00,9.45,9.45,9.45,9.45,5366300.0,0.0,1220.95,1225.9,1220.95,1224.75,1521300.0,2000.0
NIFTY,26-DEC-2024,26000.0,11-12-2024 12:10:00,9.35,9.45,9.3,9.45,5366425.0,12600.0,1224.75,1224.75,1224.75,1224.75,1521300.0,0.0
NIFTY,26-DEC-2024,26000.0,11-12-2024 12:11:00,9.4,9.45,9.35,9.45,5366425.0,1950.0,1224.75,1224.75,1224.75,1224.75,1521300.0,0.0
NIFTY,26-DEC-2024,26000.0,11-12-2024 12:12:00,9.4,9.45,9.35,9.4,5366425.0,4700.0,1224.75,1224.75,1224.75,1224.75,1521300.0,0.0
NIFTY,26-DEC-2024,26000.0,11-12-2024 12:13:00,9.45,9.45,9.45,9.45,5365575.0,1175.0,1224.75,1224.75,1224.75,1224.75,1521300.0,0.0
NIFTY,26-DEC-2024,26000.0,11-12-2024 12:14:00,9.4,9.45,9.4,9.45,5365575.0,1650.0,1224.75,1224.75,1224.75,1224.75,1521300.0,0.0
NIFTY,26-DEC-2024,26000.0,11-12-2024 12:15:00,9.45,9.5,9.1,9.2,5365575.0,4075.0,1224.75,1242.8,1224.75,1242.8,1519325.0,100.0
NIFTY,26-DEC-2024,26000.0,11-12-2024 12:16:00,9.2,9.35,9.2,9.3,5380425.0,21950.0,1242.8,1242.8,1242.8,1242.8,1519325.0,0.0
NIFTY,26-DEC-2024,26000.0,11-12-2024 12:17:00,9.3,9.35,9.2,9.2,5380425.0,250.0,1242.8,1242.8,1242.8,1242.8,1519325.0,0.0
NIFTY,26-DEC-2024,26000.0,11-12-2024 12:18:00,9.15,9.25,9.1,9.25,5380425.0,1275.0,1242.8,1249.4,1242.8,1249.4,1519275.0,50.0
NIFTY,26-DEC-2024,26000.0,11-12-2024 12:19:00,9.15,9.25,9.1,9.2,5379850.0,1650.0,1249.4,1249.4,1247.55,1247.55,1519250.0,575.0
NIFTY,26-DEC-2024,26000.0,11-12-2024 12:20:00,9.2,9.3,9.15,9.25,5379850.0,3075.0,1247.55,1247.55,1240.05,1240.05,1519250.0,100.0
NIFTY,26-DEC-2024,26000.0,11-12-2024 12:21:00,9.25,9.4,9.25,9.4,5379850.0,600.0,1240.05,1240.05,1237.3,1237.3,1519250.0,500.0
NIFTY,26-DEC-2024,26000.0,11-12-2024 12:22:00,9.4,9.4,9.25,9.3,5381050.0,1450.0,1237.3,1239.65,1237.3,1239.65,1518325.0,25.0
NIFTY,26-DEC-2024,26000.0,11-12-2024 12:23:00,9.3,9.3,9.2,9.2,5381050.0,25.0,1239.65,1240.45,1239.65,1240.45,1518325.0,25.0
NIFTY,26-DEC-2024,26000.0,11-12-2024 12:24:00,9.25,9.25,9.15,9.15,5381050.0,2875.0,1240.45,1240.45,1240.45,1240.45,1518325.0,0.0
NIFTY,26-DEC-2024,26000.0,11-12-2024 12:25:00,9.15,9.3,9.1,9.3,5381625.0,550.0,1240.45,1250.15,1240.45,1250.15,1518350.0,50.0
NIFTY,26-DEC-2024,26000.0,11-12-2024 12:26:00,9.25,9.25,9.1,9.1,5381625.0,1750.0,1250.15,1250.15,1250.15,1250.15,1518350.0,0.0
NIFTY,26-DEC-2024,26000.0,11-12-2024 12:27:00,9.2,9.2,9.15,9.2,5381625.0,1075.0,1250.15,1250.15,1250.15,1250.15,1518350.0,0.0
NIFTY,26-DEC-2024,26000.0,11-12-2024 12:28:00,9.2,9.2,9.1,9.15,5381175.0,25.0,1250.15,1250.15,1243.1,1243.1,1518325.0,25.0
NIFTY,26-DEC-2024,26000.0,11-12-2024 12:29:00,9.15,9.2,9.1,9.1,5381175.0,2325.0,1243.1,1245.7,1243.1,1245.7,1518325.0,175.0
NIFTY,26-DEC-2024,26000.0,11-12-2024 12:30:00,9.15,9.15,9.15,9.15,5381175.0,1425.0,1245.7,1245.7,1245.7,1245.7,1518325.0,0.0
NIFTY,26-DEC-2024,26000.0,11-12-2024 12:31:00,9.2,9.2,9.15,9.15,5381900.0,1475.0,1246.55,1252.0,1246.55,1250.8,1518325.0,1275.0
NIFTY,26-DEC-2024,26000.0,11-12-2024 12:32:00,9.15,9.2,9.15,9.2,5381900.0,3500.0,1250.8,1251.8,1250.8,1251.8,1518150.0,200.0
NIFTY,26-DEC-2024,26000.0,11-12-2024 12:33:00,9.2,9.2,9.1,9.15,5381900.0,5850.0,1251.8,1251.8,1250.45,1250.45,1518150.0,25.0
NIFTY,26-DEC-2024,26000.0,11-12-2024 12:34:00,9.2,9.25,9.15,9.15,5378950.0,500.0,1248.0,1249.2,1248.0,1249.2,1516900.0,150.0
NIFTY,26-DEC-2024,26000.0,11-12-2024 12:35:00,9.2,9.2,9.1,9.15,5378950.0,4375.0,1249.2,1249.2,1249.2,1249.2,1516900.0,0.0
NIFTY,26-DEC-2024,26000.0,11-12-2024 12:36:00,9.15,9.15,9.05,9.1,5378950.0,350.0,1249.2,1249.2,1242.1,1242.1,1516900.0,75.0
NIFTY,26-DEC-2024,26000.0,11-12-2024 12:37:00,9.05,9.05,9.0,9.0,5379500.0,1900.0,1242.1,1249.85,1242.1,1249.85,1516900.0,25.0
NIFTY,26-DEC-2024,26000.0,11-12-2024 12:38:00,9.0,9.0,8.8,8.85,5379500.0,15825.0,1250.0,1260.15,1250.0,1260.15,1516900.0,500.0
NIFTY,26-DEC-2024,26000.0,11-12-2024 12:39:00,8.85,8.9,8.7,8.7,5379500.0,9200.0,1260.15,1270.0,1258.6,1270.0,1516900.0,125.0
NIFTY,26-DEC-2024,26000.0,11-12-2024 12:40:00,8.65,8.7,8.65,8.7,5375250.0,3500.0,1270.0,1270.0,1270.0,1270.0,1516900.0,0.0
NIFTY,26-DEC-2024,26000.0,11-12-2024 12:41:00,8.65,8.75,8.65,8.75,5375250.0,2300.0,1270.0,1270.0,1270.0,1270.0,1516900.0,0.0
NIFTY,26-DEC-2024,26000.0,11-12-2024 12:42:00,8.75,8.8,8.75,8.8,5375250.0,3900.0,1270.0,1270.15,1270.0,1270.15,1516875.0,3225.0
NIFTY,26-DEC-2024,26000.0,11-12-2024 12:43:00,8.8,8.8,8.65,8.65,5373100.0,3250.0,1270.15,1270.15,1270.15,1270.15,1516875.0,0.0
NIFTY,26-DEC-2024,26000.0,11-12-2024 12:44:00,8.65,8.75,8.65,8.65,5373100.0,4200.0,1262.35,1263.75,1260.0,1263.75,1513650.0,125.0
NIFTY,26-DEC-2024,26000.0,11-12-2024 12:45:00,8.7,8.7,8.65,8.65,5373100.0,1325.0,1263.75,1263.75,1263.75,1263.75,1513650.0,0.0
NIFTY,26-DEC-2024,26000.0,11-12-2024 12:46:00,8.7,8.7,8.65,8.65,5373850.0,375.0,1263.75,1263.75,1263.75,1263.75,1513650.0,0.0
NIFTY,26-DEC-2024,26000.0,11-12-2024 12:47:00,8.65,8.65,8.6,8.65,5373850.0,1475.0,1263.75,1265.0,1262.0,1265.0,1513575.0,75.0
NIFTY,26-DEC-2024,26000.0,11-12-2024 12:48:00,8.65,8.65,8.65,8.65,5373850.0,2100.0,1265.0,1265.0,1265.0,1265.0,1513575.0,0.0
NIFTY,26-DEC-2024,26000.0,11-12-2024 12:49:00,8.65,8.7,8.65,8.65,5378275.0,4975.0,1265.0,1265.0,1262.85,1262.85,1513600.0,25.0
NIFTY,26-DEC-2024,26000.0,11-12-2024 12:50:00,8.65,8.7,8.65,8.65,5378275.0,550.0,1262.85,1262.85,1262.85,1262.85,1513600.0,0.0
NIFTY,26-DEC-2024,26000.0,11-12-2024 12:51:00,8.6,8.65,8.6,8.6,5378275.0,2900.0,1259.0,1259.0,1259.0,1259.0,1513600.0,100.0
NIFTY,26-DEC-2024,26000.0,11-12-2024 12:52:00,8.6,8.65,8.6,8.65,5379350.0,275.0,1259.0,1261.25,1259.0,1260.0,1513525.0,150.0
NIFTY,26-DEC-2024,26000.0,11-12-2024 12:53:00,8.65,8.65,8.4,8.6,5379350.0,450.0,1260.0,1261.0,1260.0,1261.0,1513525.0,25.0
NIFTY,26-DEC-2024,26000.0,11-12-2024 12:54:00,8.5,8.55,8.5,8.55,5379350.0,7350.0,1261.0,1261.0,1261.0,1261.0,1513525.0,0.0
NIFTY,26-DEC-2024,26000.0,11-12-2024 12:55:00,8.55,8.65,8.5,8.5,5377100.0,925.0,1261.0,1261.0,1261.0,1261.0,1513525.0,0.0
NIFTY,26-DEC-2024,26000.0,11-12-2024 12:56:00,8.6,8.6,8.5,8.6,5377100.0,6225.0,1261.0,1267.0,1261.0,1267.0,1513375.0,25.0
NIFTY,26-DEC-2024,26000.0,11-12-2024 12:57:00,8.55,8.55,8.3,8.35,5377100.0,33775.0,1267.0,1277.1,1267.0,1277.1,1513375.0,250.0
NIFTY,26-DEC-2024,26000.0,11-12-2024 12:58:00,8.35,8.4,8.3,8.3,5350025.0,675.0,1277.1,1277.1,1265.5,1265.5,1513425.0,0.0
NIFTY,26-DEC-2024,26000.0,11-12-2024 12:59:00,8.35,8.4,8.3,8.4,5350025.0,1675.0,1265.5,1265.5,1265.5,1265.5,1513425.0,25.0
NIFTY,26-DEC-2024,26000.0,11-12-2024 13:00:00,8.4,8.45,8.3,8.35,5350025.0,7125.0,1265.5,1265.5,1265.5,1265.5,1513425.0,0.0
NIFTY,26-DEC-2024,26000.0,11-12-2024 13:01:00,8.35,8.35,8.35,8.35,5349350.0,0.0,1265.5,1265.5,1265.5,1265.5,1513425.0,0.0
NIFTY,26-DEC-2024,26000.0,11-12-2024 13:02:00,8.4,8.5,8.4,8.5,5349350.0,4700.0,1265.5,1265.5,1265.5,1265.5,1513425.0,0.0
NIFTY,26-DEC-2024,26000.0,11-12-2024 13:03:00,8.5,8.5,8.4,8.4,5349350.0,1175.0,1265.5,1265.5,1261.0,1264.0,1513425.0,125.0
NIFTY,26-DEC-2024,26000.0,11-12-2024 13:04:00,8.5,8.6,8.45,8.6,5347425.0,12950.0,1264.0,1264.0,1264.0,1264.0,1513425.0,0.0
NIFTY,26-DEC-2024,26000.0,11-12-2024 13:05:00,8.55,8.6,8.55,8.55,5347425.0,6675.0,1264.0,1264.0,1253.7,1253.7,1513425.0,50.0
NIFTY,26-DEC-2024,26000.0,11-12-2024 13:06:00,8.6,8.6,8.55,8.6,5347425.0,0.0,1253.7,1253.7,1253.7,1253.7,1513550.0,100.0
NIFTY,26-DEC-2024,26000.0,11-12-2024 13:07:00,8.6,8.6,8.6,8.6,5348775.0,2975.0,1253.7,1259.0,1253.7,1259.0,1513500.0,25.0
NIFTY,26-DEC-2024,26000.0,11-12-2024 13:08:00,8.5,8.65,8.5,8.65,5348775.0,2475.0,1259.0,1259.0,1252.35,1252.35,1513500.0,50.0
NIFTY,26-DEC-2024,26000.0,11-12-2024 13:09:00,8.6,8.65,8.55,8.65,5348775.0,21525.0,1252.35,1252.35,1252.35,1252.35,1513500.0,0.0
NIFTY,26-DEC-2024,26000.0,11-12-2024 13:10:00,8.65,8.7,8.65,8.7,5369875.0,10400.0,1252.35,1253.45,1252.35,1253.45,1513475.0,25.0
NIFTY,26-DEC-2024,26000.0,11-12-2024 13:11:00,8.7,8.8,8.7,8.8,5369875.0,1650.0,1254.95,1254.95,1254.95,1254.95,1513475.0,25.0
NIFTY,26-DEC-2024,26000.0,11-12-2024 13:12:00,8.75,8.9,8.7,8.9,5369875.0,24775.0,1254.95,1254.95,1254.95,1254.95,1513475.0,0.0
NIFTY,26-DEC-2024,26000.0,11-12-2024 13:13:00,8.9,8.9,8.8,8.8,5396050.0,10400.0,1254.95,1254.95,1253.55,1253.55,1513475.0,25.0
NIFTY,26-DEC-2024,26000.0,11-12-2024 13:14:00,8.8,8.85,8.75,8.8,5396050.0,1775.0,1253.55,1254.05,1253.55,1254.05,1513475.0,125.0
NIFTY,26-DEC-2024,26000.0,11-12-2024 13:15:00,8.9,8.9,8.65,8.75,5396050.0,24450.0,1254.05,1254.05,1250.3,1250.3,1513475.0,150.0
NIFTY,26-DEC-2024,26000.0,11-12-2024 13:16:00,8.7,8.8,8.7,8.8,5394675.0,250.0,1250.3,1250.3,1250.3,1250.3,1513475.0,0.0
NIFTY,26-DEC-2024,26000.0,11-12-2024 13:17:00,8.8,8.8,8.65,8.65,5394675.0,6150.0,1250.3,1250.3,1250.3,1250.3,1513475.0,0.0
NIFTY,26-DEC-2024,26000.0,11-12-2024 13:18:00,8.7,8.8,8.65,8.8,5394675.0,27825.0,1250.3,1252.25,1250.3,1251.0,1513225.0,250.0
NIFTY,26-DEC-2024,26000.0,11-12-2024 13:19:00,8.8,8.8,8.6,8.7,5395925.0,2925.0,1251.0,1251.0,1251.0,1251.0,1513225.0,0.0
NIFTY,26-DEC-2024,26000.0,11-12-2024 13:20:00,8.7,8.75,8.6,8.7,5395925.0,4075.0,1251.0,1251.0,1248.0,1251.0,1512975.0,275.0
NIFTY,26-DEC-2024,26000.0,11-12-2024 13:21:00,8.7,8.7,8.65,8.7,5395925.0,4475.0,1251.0,1251.0,1251.0,1251.0,1512975.0,0.0
NIFTY,26-DEC-2024,26000.0,11-12-2024 13:22:00,8.7,8.7,8.65,8.65,5396000.0,700.0,1251.0,1251.0,1251.0,1251.0,1512975.0,0.0
NIFTY,26-DEC-2024,26000.0,11-12-2024 13:23:00,8.7,8.7,8.55,8.65,5396000.0,14425.0,1251.0,1251.0,1251.0,1251.0,1512975.0,0.0
NIFTY,26-DEC-2024,26000.0,11-12-2024 13:24:00,8.65,8.75,8.6,8.7,5396000.0,9450.0,1251.0,1251.0,1251.0,1251.0,1512975.0,0.0
NIFTY,26-DEC-2024,26000.0,11-12-2024 13:25:00,8.7,8.75,8.7,8.75,5396050.0,550.0,1251.0,1251.0,1251.0,1251.0,1512975.0,0.0
NIFTY,26-DEC-2024,26000.0,11-12-2024 13:26:00,8.75,8.75,8.65,8.75,5396050.0,475.0,1251.0,1252.1,1251.0,1252.1,1512700.0,25.0
NIFTY,26-DEC-2024,26000.0,11-12-2024 13:27:00,8.7,8.75,8.65,8.75,5396050.0,1575.0,1252.1,1252.1,1251.0,1251.0,1512700.0,625.0
NIFTY,26-DEC-2024,26000.0,11-12-2024 13:28:00,8.7,8.75,8.7,8.75,5394725.0,900.0,1251.0,1251.0,1251.0,1251.0,1512700.0,0.0
NIFTY,26-DEC-2024,26000.0,11-12-2024 13:29:00,8.75,8.75,8.7,8.75,5394725.0,750.0,1251.0,1251.0,1251.0,1251.0,1512700.0,0.0
NIFTY,26-DEC-2024,26000.0,11-12-2024 13:30:00,8.8,8.8,8.8,8.8,5394725.0,175.0,1251.0,1251.0,1251.0,1251.0,1512700.0,0.0
NIFTY,26-DEC-2024,26000.0,11-12-2024 13:31:00,8.8,8.8,8.7,8.7,5394825.0,300.0,1251.0,1251.0,1247.7,1247.7,1512375.0,25.0
NIFTY,26-DEC-2024,26000.0,11-12-2024 13:32:00,8.7,8.8,8.7,8.7,5394825.0,4225.0,1247.7,1247.7,1247.7,1247.7,1512375.0,0.0
NIFTY,26-DEC-2024,26000.0,11-12-2024 13:33:00,8.7,8.8,8.7,8.8,5394825.0,1725.0,1247.7,1247.7,1245.0,1245.0,1512375.0,50.0
NIFTY,26-DEC-2024,26000.0,11-12-2024 13:34:00,8.8,8.8,8.8,8.8,5395075.0,1400.0,1245.0,1245.0,1245.0,1245.0,1512375.0,0.0
NIFTY,26-DEC-2024,26000.0,11-12-2024 13:35:00,8.8,8.85,8.75,8.75,5395075.0,1075.0,1245.0,1245.0,1244.0,1244.0,1512350.0,25.0
NIFTY,26-DEC-2024,26000.0,11-12-2024 13:36:00,8.75,8.85,8.75,8.85,5395075.0,5675.0,1244.0,1244.0,1244.0,1244.0,1512350.0,0.0
NIFTY,26-DEC-2024,26000.0,11-12-2024 13:37:00,8.85,8.85,8.8,8.8,5396100.0,4650.0,1244.0,1253.0,1244.0,1253.0,1512350.0,175.0
NIFTY,26-DEC-2024,26000.0,11-12-2024 13:38:00,8.8,8.8,8.7,8.7,5396100.0,600.0,1253.0,1253.0,1253.0,1253.0,1512350.0,0.0
NIFTY,26-DEC-2024,26000.0,11-12-2024 13:39:00,8.7,8.8,8.7,8.75,5396100.0,5175.0,1253.0,1253.0,1253.0,1253.0,1512350.0,0.0
NIFTY,26-DEC-2024,26000.0,11-12-2024 13:40:00,8.75,8.75,8.6,8.6,5396500.0,2075.0,1253.0,1253.0,1253.0,1253.0,1512350.0,0.0
NIFTY,26-DEC-2024,26000.0,11-12-2024 13:41:00,8.6,8.6,8.6,8.6,5396500.0,725.0,1253.0,1253.0,1253.0,1253.0,1512350.0,0.0
NIFTY,26-DEC-2024,26000.0,11-12-2024 13:42:00,8.6,8.6,8.6,8.6,5396500.0,250.0,1253.0,1253.0,1253.0,1253.0,1512350.0,0.0
NIFTY,26-DEC-2024,26000.0,11-12-2024 13:43:00,8.6,8.7,8.6,8.65,5395475.0,2300.0,1253.0,1253.0,1253.0,1253.0,1512350.0,0.0
NIFTY,26-DEC-2024,26000.0,11-12-2024 13:44:00,8.65,8.7,8.6,8.6,5395475.0,675.0,1253.0,1253.0,1253.0,1253.0,1512350.0,0.0
NIFTY,26-DEC-2024,26000.0,11-12-2024 13:45:00,8.7,8.7,8.65,8.7,5395475.0,1125.0,1253.0,1253.0,1253.0,1253.0,1512350.0,0.0
NIFTY,26-DEC-2024,26000.0,11-12-2024 13:46:00,8.7,8.7,8.65,8.7,5396275.0,700.0,1253.0,1253.0,1253.0,1253.0,1512350.0,0.0
NIFTY,26-DEC-2024,26000.0,11-12-2024 13:47:00,8.6,8.7,8.6,8.6,5396275.0,875.0,1253.0,1253.0,1253.0,1253.0,1512350.0,0.0
NIFTY,26-DEC-2024,26000.0,11-12-2024 13:48:00,8.7,8.7,8.65,8.65,5396275.0,4300.0,1258.0,1258.0,1258.0,1258.0,1512400.0,25.0
NIFTY,26-DEC-2024,26000.0,11-12-2024 13:49:00,8.7,8.7,8.6,8.7,5396125.0,7250.0,1258.0,1258.0,1247.2,1247.65,1512375.0,50.0
NIFTY,26-DEC-2024,26000.0,11-12-2024 13:50:00,8.7,8.7,8.6,8.7,5396125.0,1925.0,1247.65,1247.65,1247.65,1247.65,1512375.0,0.0
NIFTY,26-DEC-2024,26000.0,11-12-2024 13:51:00,8.6,8.6,8.55,8.55,5396125.0,4275.0,1247.65,1250.25,1247.65,1250.25,1512375.0,25.0
NIFTY,26-DEC-2024,26000.0,11-12-2024 13:52:00,8.55,8.55,8.55,8.55,5395225.0,350.0,1250.25,1250.25,1250.25,1250.25,1512375.0,0.0
NIFTY,26-DEC-2024,26000.0,11-12-2024 13:53:00,8.55,8.65,8.55,8.6,5395225.0,375.0,1250.25,1250.25,1250.25,1250.25,1512375.0,0.0
NIFTY,26-DEC-2024,26000.0,11-12-2024 13:54:00,8.55,8.65,8.55,8.55,5395225.0,1025.0,1250.25,1250.25,1250.25,1250.25,1512375.0,0.0
NIFTY,26-DEC-2024,26000.0,11-12-2024 13:55:00,8.55,8.6,8.5,8.6,5395975.0,2550.0,1250.25,1251.7,1250.25,1251.7,1512375.0,50.0
NIFTY,26-DEC-2024,26000.0,11-12-2024 13:56:00,8.6,8.6,8.55,8.55,5395975.0,2550.0,1251.7,1251.7,1251.7,1251.7,1512375.0,0.0
NIFTY,26-DEC-2024,26000.0,11-12-2024 13:57:00,8.55,8.6,8.55,8.6,5395975.0,6450.0,1251.7,1251.7,1251.7,1251.7,1512375.0,0.0
NIFTY,26-DEC-2024,26000.0,11-12-2024 13:58:00,8.55,8.6,8.5,8.5,5397425.0,3625.0,1251.7,1258.0,1251.7,1256.75,1511900.0,1550.0
NIFTY,26-DEC-2024,26000.0,11-12-2024 13:59:00,8.5,8.55,8.45,8.55,5397425.0,6275.0,1256.75,1259.45,1256.75,1259.45,1511900.0,1000.0
NIFTY,26-DEC-2024,26000.0,11-12-2024 14:00:00,8.55,8.65,8.55,8.6,5397425.0,2250.0,1259.45,1259.45,1257.7,1257.7,1511900.0,675.0
NIFTY,26-DEC-2024,26000.0,11-12-2024 14:01:00,8.6,8.65,8.55,8.6,5395500.0,2100.0,1257.7,1257.7,1254.5,1256.9,1511900.0,1050.0
NIFTY,26-DEC-2024,26000.0,11-12-2024 14:02:00,8.6,8.7,8.55,8.6,5395500.0,3225.0,1256.9,1256.9,1248.75,1248.75,1508225.0,400.0
NIFTY,26-DEC-2024,26000.0,11-12-2024 14:03:00,8.6,8.6,8.55,8.55,5395500.0,1300.0,1248.75,1250.65,1246.0,1246.0,1508225.0,2050.0
NIFTY,26-DEC-2024,26000.0,11-12-2024 14:04:00,8.6,8.65,8.55,8.65,5394100.0,500.0,1246.0,1249.75,1246.0,1249.75,1508225.0,25.0
NIFTY,26-DEC-2024,26000.0,11-12-2024 14:05:00,8.65,8.65,8.6,8.6,5394100.0,600.0,1249.75,1249.75,1249.75,1249.75,1508225.0,0.0
NIFTY,26-DEC-2024,26000.0,11-12-2024 14:06:00,8.6,8.6,8.55,8.6,5394100.0,1250.0,1249.75,1253.45,1249.75,1253.45,1509150.0,125.0
NIFTY,26-DEC-2024,26000.0,11-12-2024 14:07:00,8.6,8.6,8.6,8.6,5394100.0,100.0,1253.45,1253.45,1253.45,1253.45,1509150.0,0.0
NIFTY,26-DEC-2024,26000.0,11-12-2024 14:08:00,8.6,8.65,8.6,8.65,5394125.0,0.0,1253.45,1253.45,1250.25,1250.25,1509050.0,75.0
NIFTY,26-DEC-2024,26000.0,11-12-2024 14:09:00,8.65,8.65,8.55,8.55,5394125.0,3850.0,1250.25,1250.25,1250.25,1250.25,1509050.0,0.0
NIFTY,26-DEC-2024,26000.0,11-12-2024 14:10:00,8.65,8.7,8.6,8.6,5394200.0,2550.0,1250.25,1250.25,1244.4,1244.4,1509050.0,900.0
NIFTY,26-DEC-2024,26000.0,11-12-2024 14:11:00,8.6,8.65,8.6,8.6,5394200.0,375.0,1244.4,1244.4,1244.4,1244.4,1509050.0,0.0
NIFTY,26-DEC-2024,26000.0,11-12-2024 14:12:00,8.6,8.6,8.55,8.6,5394200.0,12275.0,1244.4,1244.4,1244.4,1244.4,1509050.0,0.0
NIFTY,26-DEC-2024,26000.0,11-12-2024 14:13:00,8.6,8.6,8.6,8.6,5395025.0,4675.0,1244.4,1246.7,1244.4,1246.3,1507650.0,1000.0
NIFTY,26-DEC-2024,26000.0,11-12-2024 14:14:00,8.55,8.6,8.55,8.6,5395025.0,5075.0,1246.3,1246.3,1246.3,1246.3,1507650.0,0.0
NIFTY,26-DEC-2024,26000.0,11-12-2024 14:15:00,8.6,8.6,8.55,8.55,5395025.0,6025.0,1246.3,1246.3,1246.3,1246.3,1507650.0,0.0
NIFTY,26-DEC-2024,26000.0,11-12-2024 14:16:00,8.55,8.55,8.5,8.5,5395325.0,10200.0,1246.3,1246.3,1246.3,1246.3,1507650.0,0.0
NIFTY,26-DEC-2024,26000.0,11-12-2024 14:17:00,8.5,8.55,8.5,8.55,5395325.0,1125.0,1246.3,1246.3,1246.3,1246.3,1507650.0,0.0
NIFTY,26-DEC-2024,26000.0,11-12-2024 14:18:00,8.55,8.55,8.5,8.5,5395325.0,1050.0,1246.3,1246.3,1246.3,1246.3,1507650.0,0.0
NIFTY,26-DEC-2024,26000.0,11-12-2024 14:19:00,8.5,8.65,8.5,8.6,5398700.0,15775.0,1246.3,1246.3,1246.3,1246.3,1507650.0,0.0
NIFTY,26-DEC-2024,26000.0,11-12-2024 14:20:00,8.6,8.6,8.55,8.6,5398700.0,12475.0,1246.3,1246.3,1246.3,1246.3,1507650.0,0.0
NIFTY,26-DEC-2024,26000.0,11-12-2024 14:21:00,8.55,8.6,8.5,8.55,5398700.0,5450.0,1246.3,1246.3,1246.3,1246.3,1507650.0,0.0
NIFTY,26-DEC-2024,26000.0,11-12-2024 14:22:00,8.55,8.55,8.5,8.55,5400800.0,75.0,1246.3,1246.3,1246.3,1246.3,1507650.0,0.0
NIFTY,26-DEC-2024,26000.0,11-12-2024 14:23:00,8.55,8.55,8.4,8.5,5400800.0,5425.0,1246.3,1268.0,1246.3,1268.0,1507150.0,50.0
NIFTY,26-DEC-2024,26000.0,11-12-2024 14:24:00,8.45,8.5,8.4,8.4,5400800.0,1525.0,1268.0,1268.0,1268.0,1268.0,1507150.0,0.0
NIFTY,26-DEC-2024,26000.0,11-12-2024 14:25:00,8.5,8.5,8.4,8.45,5403275.0,3675.0,1268.0,1268.0,1268.0,1268.0,1507150.0,0.0
NIFTY,26-DEC-2024,26000.0,11-12-2024 14:26:00,8.5,8.5,8.4,8.4,5403275.0,17100.0,1268.0,1268.0,1268.0,1268.0,1507150.0,0.0
NIFTY,26-DEC-2024,26000.0,11-12-2024 14:27:00,8.4,8.4,8.35,8.4,5403275.0,13000.0,1268.0,1268.0,1268.0,1268.0,1507150.0,0.0
NIFTY,26-DEC-2024,26000.0,11-12-2024 14:28:00,8.3,8.4,8.3,8.4,5379525.0,1350.0,1268.0,1268.0,1266.0,1266.0,1507125.0,25.0
NIFTY,26-DEC-2024,26000.0,11-12-2024 14:29:00,8.4,8.4,8.3,8.3,5379525.0,7750.0,1266.0,1266.7,1266.0,1266.7,1507100.0,25.0
NIFTY,26-DEC-2024,26000.0,11-12-2024 14:30:00,8.35,8.4,8.3,8.3,5379525.0,3725.0,1266.7,1266.7,1266.7,1266.7,1507100.0,0.0
NIFTY,26-DEC-2024,26000.0,11-12-2024 14:31:00,8.35,8.4,8.3,8.35,5383350.0,1275.0,1266.7,1266.7,1266.7,1266.7,1507100.0,0.0
NIFTY,26-DEC-2024,26000.0,11-12-2024 14:32:00,8.35,8.6,8.3,8.6,5383350.0,20700.0,1266.7,1266.7,1266.7,1266.7,1507100.0,0.0
NIFTY,26-DEC-2024,26000.0,11-12-2024 14:33:00,8.6,8.65,8.55,8.65,5383350.0,44450.0,1266.7,1266.7,1266.7,1266.7,1507100.0,0.0
NIFTY,26-DEC-2024,26000.0,11-12-2024 14:34:00,8.65,8.65,8.5,8.5,5380725.0,1425.0,1266.7,1266.7,1263.35,1263.35,1507075.0,125.0
NIFTY,26-DEC-2024,26000.0,11-12-2024 14:35:00,8.5,8.6,8.5,8.6,5380725.0,1125.0,1263.35,1263.6,1261.9,1261.9,1507075.0,50.0
NIFTY,26-DEC-2024,26000.0,11-12-2024 14:36:00,8.55,8.6,8.5,8.55,5380725.0,3750.0,1261.9,1261.9,1257.0,1259.2,1507075.0,525.0
NIFTY,26-DEC-2024,26000.0,11-12-2024 14:37:00,8.55,8.6,8.55,8.6,5383375.0,1450.0,1259.2,1259.2,1257.85,1257.85,1506475.0,0.0
NIFTY,26-DEC-2024,26000.0,11-12-2024 14:38:00,8.6,8.6,8.55,8.55,5383375.0,1725.0,1257.85,1257.85,1254.2,1254.2,1506475.0,525.0
NIFTY,26-DEC-2024,26000.0,11-12-2024 14:39:00,8.55,8.55,8.4,8.5,5383375.0,25825.0,1254.2,1256.05,1254.2,1256.05,1506475.0,500.0
NIFTY,26-DEC-2024,26000.0,11-12-2024 14:40:00,8.5,8.5,8.3,8.35,5357450.0,15625.0,1256.05,1256.05,1256.05,1256.05,1506475.0,0.0
NIFTY,26-DEC-2024,26000.0,11-12-2024 14:41:00,8.35,8.35,8.25,8.3,5357450.0,2250.0,1256.05,1260.25,1256.05,1257.4,1505475.0,225.0
NIFTY,26-DEC-2024,26000.0,11-12-2024 14:42:00,8.3,8.35,8.25,8.3,5357450.0,15625.0,1257.4,1265.75,1257.4,1265.75,1505475.0,100.0
NIFTY,26-DEC-2024,26000.0,11-12-2024 14:43:00,8.3,8.3,8.2,8.2,5355450.0,11675.0,1270.6,1281.15,1270.6,1276.05,1505475.0,275.0
NIFTY,26-DEC-2024,26000.0,11-12-2024 14:44:00,8.3,8.35,8.2,8.2,5355450.0,2175.0,1276.05,1276.05,1270.4,1270.4,1505475.0,25.0
NIFTY,26-DEC-2024,26000.0,11-12-2024 14:45:00,8.2,8.25,8.2,8.2,5355450.0,4925.0,1270.4,1277.45,1270.4,1277.45,1505475.0,125.0
NIFTY,26-DEC-2024,26000.0,11-12-2024 14:46:00,8.2,8.25,8.15,8.15,5359350.0,6750.0,1281.95,1281.95,1276.05,1279.95,1505475.0,125.0
NIFTY,26-DEC-2024,26000.0,11-12-2024 14:47:00,8.1,8.2,8.1,8.2,5359350.0,2125.0,1279.95,1279.95,1275.7,1275.7,1505475.0,50.0
NIFTY,26-DEC-2024,26000.0,11-12-2024 14:48:00,8.1,8.2,8.1,8.1,5359350.0,1725.0,1275.7,1277.15,1273.9,1273.9,1505425.0,175.0
NIFTY,26-DEC-2024,26000.0,11-12-2024 14:49:00,8.1,8.2,8.1,8.15,5356200.0,4350.0,1273.9,1277.85,1273.9,1277.85,1505425.0,100.0
NIFTY,26-DEC-2024,26000.0,11-12-2024 14:50:00,8.15,8.2,8.15,8.2,5356200.0,6675.0,1277.85,1279.85,1277.85,1279.3,1505500.0,175.0
NIFTY,26-DEC-2024,26000.0,11-12-2024 14:51:00,8.15,8.25,8.15,8.2,5356200.0,8575.0,1279.3,1284.45,1279.05,1284.45,1505500.0,75.0
NIFTY,26-DEC-2024,26000.0,11-12-2024 14:52:00,8.2,8.2,8.15,8.15,5360800.0,550.0,1284.95,1290.0,1283.0,1290.0,1505350.0,300.0
NIFTY,26-DEC-2024,26000.0,11-12-2024 14:53:00,8.15,8.2,8.1,8.15,5360800.0,14675.0,1290.0,1290.45,1287.4,1287.6,1505350.0,75.0
NIFTY,26-DEC-2024,26000.0,11-12-2024 14:54:00,8.2,8.2,8.1,8.2,5360800.0,4675.0,1287.6,1287.6,1278.3,1282.9,1505350.0,300.0
NIFTY,26-DEC-2024,26000.0,11-12-2024 14:55:00,8.2,8.2,8.1,8.2,5356125.0,3275.0,1282.9,1282.9,1276.7,1281.5,1505350.0,125.0
NIFTY,26-DEC-2024,26000.0,11-12-2024 14:56:00,8.15,8.15,8.1,8.15,5356125.0,2200.0,1281.5,1281.5,1280.1,1280.1,1505225.0,50.0
NIFTY,26-DEC-2024,26000.0,11-12-2024 14:57:00,8.15,8.15,8.1,8.1,5356125.0,11250.0,1280.1,1280.6,1280.1,1280.6,1505225.0,550.0
NIFTY,26-DEC-2024,26000.0,11-12-2024 14:58:00,8.05,8.15,8.05,8.1,5357950.0,9900.0,1280.6,1280.6,1280.6,1280.6,1505225.0,0.0
NIFTY,26-DEC-2024,26000.0,11-12-2024 14:59:00,8.1,8.15,8.05,8.1,5357950.0,9625.0,1280.6,1280.6,1273.0,1273.0,1504725.0,25.0
NIFTY,26-DEC-2024,26000.0,11-12-2024 15:00:00,8.2,8.2,8.1,8.15,5357950.0,6050.0,1273.5,1273.5,1273.5,1273.5,1504725.0,275.0
NIFTY,26-DEC-2024,26000.0,11-12-2024 15:01:00,8.15,8.2,8.05,8.15,5360800.0,4325.0,1273.5,1279.8,1273.5,1279.8,1504425.0,125.0
NIFTY,26-DEC-2024,26000.0,11-12-2024 15:02:00,8.1,8.1,8.05,8.1,5360800.0,1600.0,1279.8,1279.8,1279.8,1279.8,1504425.0,0.0
NIFTY,26-DEC-2024,26000.0,11-12-2024 15:03:00,8.1,8.1,8.05,8.1,5360800.0,1625.0,1279.8,1279.8,1272.0,1272.0,1504425.0,300.0
NIFTY,26-DEC-2024,26000.0,11-12-2024 15:04:00,8.1,8.1,8.05,8.1,5362100.0,9750.0,1275.95,1275.95,1269.95,1275.35,1504325.0,775.0
NIFTY,26-DEC-2024,26000.0,11-12-2024 15:05:00,8.1,8.1,8.0,8.05,5362100.0,11325.0,1276.5,1278.0,1276.5,1278.0,1504325.0,150.0
NIFTY,26-DEC-2024,26000.0,11-12-2024 15:06:00,8.0,8.05,8.0,8.05,5362100.0,11300.0,1276.0,1276.0,1270.95,1271.2,1504325.0,275.0
NIFTY,26-DEC-2024,26000.0,11-12-2024 15:07:00,8.05,8.05,8.0,8.05,5378775.0,4250.0,1271.2,1274.7,1269.05,1272.4,1504325.0,250.0
NIFTY,26-DEC-2024,26000.0,11-12-2024 15:08:00,8.05,8.1,8.0,8.1,5378775.0,2850.0,1272.4,1272.4,1267.15,1271.4,1504325.0,100.0
NIFTY,26-DEC-2024,26000.0,11-12-2024 15:09:00,8.1,8.1,8.0,8.0,5378775.0,4275.0,1271.4,1271.4,1271.4,1271.4,1504325.0,0.0
NIFTY,26-DEC-2024,26000.0,11-12-2024 15:10:00,8.0,8.1,8.0,8.05,5381800.0,13700.0,1271.4,1271.4,1270.35,1270.5,1504325.0,100.0
NIFTY,26-DEC-2024,26000.0,11-12-2024 15:11:00,8.1,8.1,8.05,8.05,5381800.0,4050.0,1270.5,1270.5,1265.0,1266.6,1504300.0,675.0
NIFTY,26-DEC-2024,26000.0,11-12-2024 15:12:00,8.05,8.25,8.05,8.25,5381800.0,5625.0,1266.6,1267.65,1265.0,1266.6,1504300.0,200.0
NIFTY,26-DEC-2024,26000.0,11-12-2024 15:13:00,8.25,8.3,8.15,8.2,5384800.0,8700.0,1266.6,1266.6,1260.0,1264.3,1504300.0,200.0
NIFTY,26-DEC-2024,26000.0,11-12-2024 15:14:00,8.2,8.2,8.1,8.2,5384800.0,2500.0,1264.3,1265.75,1263.0,1265.75,1504100.0,500.0
NIFTY,26-DEC-2024,26000.0,11-12-2024 15:15:00,8.2,8.2,8.15,8.2,5384800.0,5700.0,1265.75,1265.75,1262.0,1265.7,1504100.0,1075.0
NIFTY,26-DEC-2024,26000.0,11-12-2024 15:16:00,8.15,8.2,8.05,8.1,5382700.0,8600.0,1265.7,1267.5,1265.7,1267.5,1504100.0,175.0
NIFTY,26-DEC-2024,26000.0,11-12-2024 15:17:00,8.15,8.2,8.05,8.15,5382700.0,13900.0,1267.5,1268.5,1263.15,1267.6,1504150.0,700.0
NIFTY,26-DEC-2024,26000.0,11-12-2024 15:18:00,8.2,8.2,8.1,8.1,5382700.0,3075.0,1267.6,1267.6,1267.6,1267.6,1504150.0,0.0
NIFTY,26-DEC-2024,26000.0,11-12-2024 15:19:00,8.15,8.25,8.15,8.2,5387300.0,2125.0,1267.6,1267.6,1267.6,1267.6,1504150.0,0.0
NIFTY,26-DEC-2024,26000.0,11-12-2024 15:20:00,8.2,8.3,8.2,8.25,5387300.0,9025.0,1267.6,1267.6,1261.65,1261.65,1503750.0,25.0
NIFTY,26-DEC-2024,26000.0,11-12-2024 15:21:00,8.25,8.35,8.25,8.25,5387300.0,9350.0,1261.65,1266.25,1261.65,1263.0,1503750.0,50.0
NIFTY,26-DEC-2024,26000.0,11-12-2024 15:22:00,8.25,8.25,8.15,8.15,5390200.0,16150.0,1263.0,1265.0,1263.0,1265.0,1503750.0,350.0
NIFTY,26-DEC-2024,26000.0,11-12-2024 15:23:00,8.15,8.2,8.1,8.15,5390200.0,6850.0,1264.7,1264.7,1260.95,1260.95,1503500.0,225.0
NIFTY,26-DEC-2024,26000.0,11-12-2024 15:24:00,8.2,8.25,8.15,8.15,5390200.0,3975.0,1260.95,1265.0,1260.95,1265.0,1503500.0,100.0
NIFTY,26-DEC-2024,26000.0,11-12-2024 15:25:00,8.2,8.2,8.15,8.2,5380825.0,14225.0,1265.0,1265.85,1263.0,1265.65,1503800.0,650.0
NIFTY,26-DEC-2024,26000.0,11-12-2024 15:26:00,8.3,8.3,8.2,8.25,5380825.0,17350.0,1265.65,1266.1,1265.25,1265.45,1503800.0,375.0
NIFTY,26-DEC-2024,26000.0,11-12-2024 15:27:00,8.25,8.3,8.15,8.2,5380825.0,36850.0,1265.5,1265.7,1265.4,1265.4,1503800.0,150.0
NIFTY,26-DEC-2024,26000.0,11-12-2024 15:28:00,8.2,8.3,8.2,8.25,5381025.0,32700.0,1265.4,1265.4,1262.85,1263.05,1504150.0,800.0
NIFTY,26-DEC-2024,26000.0,11-12-2024 15:29:00,8.25,8.35,8.15,8.35,5381025.0,9250.0,1263.05,1265.9,1263.05,1265.9,1504150.0,350.0
NIFTY,26-DEC-2024,26000.0,12-12-2024 09:15:00,8.35,8.35,7.5,7.95,5376200.0,13575.0,1265.9,1285.35,1265.9,1285.35,1504650.0,150.0
NIFTY,26-DEC-2024,26000.0,12-12-2024 09:16:00,7.95,7.95,7.65,7.65,5376200.0,11675.0,1285.35,1285.35,1267.5,1267.5,1504650.0,100.0
NIFTY,26-DEC-2024,26000.0,12-12-2024 09:17:00,7.85,8.1,7.7,8.1,5376200.0,8975.0,1267.75,1267.75,1267.75,1267.75,1504650.0,50.0
NIFTY,26-DEC-2024,26000.0,12-12-2024 09:18:00,7.9,8.25,7.9,8.0,5389400.0,13125.0,1267.75,1267.75,1267.75,1267.75,1504650.0,0.0
NIFTY,26-DEC-2024,26000.0,12-12-2024 09:19:00,8.0,8.1,8.0,8.05,5389400.0,8100.0,1267.75,1270.0,1266.45,1267.1,1504700.0,675.0
NIFTY,26-DEC-2024,26000.0,12-12-2024 09:20:00,8.1,8.1,7.95,7.95,5389400.0,10800.0,1267.1,1274.5,1267.1,1274.5,1504700.0,50.0
NIFTY,26-DEC-2024,26000.0,12-12-2024 09:21:00,8.1,8.2,8.1,8.2,5389400.0,3050.0,1274.5,1274.5,1274.5,1274.5,1504700.0,0.0
NIFTY,26-DEC-2024,26000.0,12-12-2024 09:22:00,8.1,8.15,8.1,8.1,5394275.0,5700.0,1274.5,1274.5,1271.3,1271.3,1504700.0,25.0
NIFTY,26-DEC-2024,26000.0,12-12-2024 09:23:00,8.1,8.1,8.05,8.05,5394275.0,4225.0,1271.3,1271.3,1271.3,1271.3,1504700.0,0.0
NIFTY,26-DEC-2024,26000.0,12-12-2024 09:24:00,8.05,8.2,8.0,8.0,5405175.0,15250.0,1271.3,1271.3,1261.4,1264.0,1504100.0,300.0
NIFTY,26-DEC-2024,26000.0,12-12-2024 09:25:00,8.0,8.1,7.95,7.95,5405175.0,11575.0,1264.0,1264.0,1264.0,1264.0,1504100.0,0.0
NIFTY,26-DEC-2024,26000.0,12-12-2024 09:26:00,8.0,8.0,7.9,7.95,5405175.0,8800.0,1264.0,1264.0,1260.0,1260.0,1504400.0,400.0
NIFTY,26-DEC-2024,26000.0,12-12-2024 09:27:00,7.9,8.3,7.8,8.25,5403975.0,14150.0,1260.0,1260.0,1260.0,1260.0,1504400.0,0.0
NIFTY,26-DEC-2024,26000.0,12-12-2024 09:28:00,8.3,8.3,8.05,8.1,5403975.0,10025.0,1260.0,1260.0,1255.0,1255.0,1504400.0,200.0
NIFTY,26-DEC-2024,26000.0,12-12-2024 09:29:00,8.2,8.2,8.1,8.1,5403975.0,4550.0,1255.0,1259.25,1255.0,1257.0,1504025.0,575.0
NIFTY,26-DEC-2024,26000.0,12-12-2024 09:30:00,8.05,8.25,8.05,8.2,5403975.0,7600.0,1257.0,1257.0,1254.5,1254.5,1504025.0,50.0
NIFTY,26-DEC-2024,26000.0,12-12-2024 09:31:00,8.2,8.3,8.0,8.25,5399450.0,6025.0,1254.5,1254.5,1249.75,1249.75,1503475.0,50.0
NIFTY,26-DEC-2024,26000.0,12-12-2024 09:32:00,8.2,8.3,8.15,8.15,5399450.0,22325.0,1249.75,1249.75,1249.75,1249.75,1503475.0,0.0
NIFTY,26-DEC-2024,26000.0,12-12-2024 09:33:00,8.15,8.2,8.1,8.15,5409150.0,3775.0,1249.75,1249.75,1248.0,1248.0,1503475.0,50.0
NIFTY,26-DEC-2024,26000.0,12-12-2024 09:34:00,8.15,8.35,8.05,8.35,5409150.0,6950.0,1248.0,1248.0,1248.0,1248.0,1503475.0,0.0
NIFTY,26-DEC-2024,26000.0,12-12-2024 09:35:00,8.3,8.6,8.3,8.5,5409150.0,6600.0,1248.0,1248.0,1236.95,1236.95,1503475.0,150.0
NIFTY,26-DEC-2024,26000.0,12-12-2024 09:36:00,8.5,8.7,8.4,8.4,5411625.0,7025.0,1236.95,1238.3,1236.95,1238.3,1503475.0,75.0
NIFTY,26-DEC-2024,26000.0,12-12-2024 09:37:00,8.4,8.6,8.4,8.5,5411625.0,3325.0,1238.3,1239.7,1238.3,1239.7,1503475.0,100.0
NIFTY,26-DEC-2024,26000.0,12-12-2024 09:38:00,8.5,8.6,8.4,8.4,5411625.0,15125.0,1239.7,1244.0,1239.7,1242.1,1503450.0,75.0
NIFTY,26-DEC-2024,26000.0,12-12-2024 09:39:00,8.4,8.45,8.1,8.1,5411625.0,8825.0,1242.1,1248.0,1242.1,1247.0,1503450.0,600.0
NIFTY,26-DEC-2024,26000.0,12-12-2024 09:40:00,8.1,8.15,8.05,8.15,5418775.0,10250.0,1247.0,1252.8,1247.0,1252.8,1503525.0,250.0
NIFTY,26-DEC-2024,26000.0,12-12-2024 09:41:00,8.15,8.25,8.0,8.1,5418775.0,15475.0,1252.8,1254.0,1247.25,1254.0,1503525.0,400.0
NIFTY,26-DEC-2024,26000.0,12-12-2024 09:42:00,8.1,8.35,8.1,8.35,5418775.0,4225.0,1254.0,1260.0,1254.0,1260.0,1503525.0,50.0
NIFTY,26-DEC-2024,26000.0,12-12-2024 09:43:00,8.3,8.3,8.2,8.25,5414900.0,4150.0,1260.0,1260.0,1260.0,1260.0,1503525.0,0.0
NIFTY,26-DEC-2024,26000.0,12-12-2024 09:44:00,8.25,8.25,8.0,8.0,5414900.0,14400.0,1260.0,1264.0,1260.0,1264.0,1503775.0,25.0
NIFTY,26-DEC-2024,26000.0,12-12-2024 09:45:00,8.05,8.25,8.05,8.15,5409250.0,10500.0,1264.0,1264.0,1260.0,1261.0,1503775.0,175.0
NIFTY,26-DEC-2024,26000.0,12-12-2024 09:46:00,8.15,8.2,8.05,8.1,5409250.0,8200.0,1261.0,1285.35,1261.0,1285.35,1503700.0,200.0
NIFTY,26-DEC-2024,26000.0,12-12-2024 09:47:00,8.1,8.2,8.05,8.2,5409250.0,18850.0,1285.35,1285.35,1285.35,1285.35,1503700.0,0.0
NIFTY,26-DEC-2024,26000.0,12-12-2024 09:48:00,8.2,8.2,8.1,8.1,5407075.0,5425.0,1285.35,1285.35,1277.45,1278.0,1503700.0,75.0
NIFTY,26-DEC-2024,26000.0,12-12-2024 09:49:00,8.15,8.2,8.1,8.15,5407075.0,5125.0,1280.0,1281.0,1278.7,1278.7,1503525.0,200.0
NIFTY,26-DEC-2024,26000.0,12-12-2024 09:50:00,8.15,8.7,8.15,8.5,5407075.0,27100.0,1278.7,1278.7,1275.8,1275.8,1503525.0,50.0
NIFTY,26-DEC-2024,26000.0,12-12-2024 09:51:00,8.5,8.5,8.4,8.45,5399125.0,3675.0,1275.8,1275.8,1275.3,1275.3,1503525.0,50.0
NIFTY,26-DEC-2024,26000.0,12-12-2024 09:52:00,8.45,8.55,8.35,8.55,5399125.0,3750.0,1275.3,1275.3,1270.0,1270.0,1503375.0,50.0
NIFTY,26-DEC-2024,26000.0,12-12-2024 09:53:00,8.55,8.6,8.45,8.55,5399125.0,7325.0,1268.0,1274.05,1268.0,1274.05,1503375.0,400.0
NIFTY,26-DEC-2024,26000.0,12-12-2024 09:54:00,8.5,8.55,8.5,8.55,5399125.0,1175.0,1274.05,1274.05,1274.05,1274.05,1503375.0,0.0
NIFTY,26-DEC-2024,26000.0,12-12-2024 09:55:00,8.45,8.55,8.45,8.5,5403850.0,3425.0,1274.05,1274.05,1274.05,1274.05,1503375.0,0.0
NIFTY,26-DEC-2024,26000.0,12-12-2024 09:56:00,8.55,8.6,8.5,8.6,5403850.0,2800.0,1274.05,1275.0,1270.0,1275.0,1503025.0,50.0
NIFTY,26-DEC-2024,26000.0,12-12-2024 09:57:00,8.6,8.6,8.5,8.6,5403850.0,7550.0,1275.0,1279.0,1275.0,1279.0,1503025.0,25.0
NIFTY,26-DEC-2024,26000.0,12-12-2024 09:58:00,8.55,8.65,8.5,8.55,5401875.0,2400.0,1279.0,1282.0,1279.0,1282.0,1503025.0,125.0
NIFTY,26-DEC-2024,26000.0,12-12-2024 09:59:00,8.55,8.6,8.55,8.55,5401875.0,1050.0,1282.0,1282.0,1282.0,1282.0,1503025.0,25.0
NIFTY,26-DEC-2024,26000.0,12-12-2024 10:00:00,8.55,8.65,8.45,8.65,5401025.0,25625.0,1282.0,1282.0,1282.0,1282.0,1503075.0,175.0
NIFTY,26-DEC-2024,26000.0,12-12-2024 10:01:00,8.65,8.7,8.6,8.7,5401025.0,14275.0,1282.0,1282.0,1282.0,1282.0,1503075.0,0.0
NIFTY,26-DEC-2024,26000.0,12-12-2024 10:02:00,8.7,8.7,8.6,8.6,5401025.0,650.0,1282.0,1282.0,1282.0,1282.0,1503075.0,50.0
NIFTY,26-DEC-2024,26000.0,12-12-2024 10:03:00,8.6,8.7,8.6,8.65,5401025.0,600.0,1282.0,1282.0,1276.0,1276.0,1503250.0,175.0
NIFTY,26-DEC-2024,26000.0,12-12-2024 10:04:00,8.7,8.7,8.6,8.6,5410150.0,1875.0,1276.0,1276.0,1276.0,1276.0,1503250.0,0.0
NIFTY,26-DEC-2024,26000.0,12-12-2024 10:05:00,8.6,8.65,8.6,8.6,5410150.0,300.0,1276.0,1276.0,1276.0,1276.0,1503250.0,0.0
NIFTY,26-DEC-2024,26000.0,12-12-2024 10:06:00,8.6,8.7,8.6,8.7,5408725.0,1875.0,1276.0,1276.1,1276.0,1276.1,1503250.0,25.0
NIFTY,26-DEC-2024,26000.0,12-12-2024 10:07:00,8.75,8.8,8.6,8.7,5408725.0,7650.0,1276.1,1276.1,1276.1,1276.1,1503250.0,0.0
NIFTY,26-DEC-2024,26000.0,12-12-2024 10:08:00,8.75,8.8,8.7,8.75,5408725.0,9325.0,1276.1,1291.45,1276.1,1291.45,1503425.0,50.0
NIFTY,26-DEC-2024,26000.0,12-12-2024 10:09:00,8.75,8.75,8.65,8.65,5422050.0,5650.0,1291.45,1294.0,1291.45,1294.0,1503425.0,0.0
NIFTY,26-DEC-2024,26000.0,12-12-2024 10:10:00,8.65,8.75,8.65,8.75,5422050.0,6650.0,1294.0,1297.2,1294.0,1296.0,1503450.0,175.0
NIFTY,26-DEC-2024,26000.0,12-12-2024 10:11:00,8.8,8.85,8.7,8.85,5422050.0,2575.0,1294.15,1299.9,1294.15,1299.9,1503450.0,50.0
NIFTY,26-DEC-2024,26000.0,12-12-2024 10:12:00,8.9,8.9,8.7,8.8,5422050.0,4975.0,1299.9,1300.0,1299.9,1300.0,1503450.0,100.0
NIFTY,26-DEC-2024,26000.0,12-12-2024 10:13:00,8.8,8.8,8.7,8.7,5420300.0,14050.0,1300.0,1300.0,1300.0,1300.0,1503450.0,0.0
NIFTY,26-DEC-2024,26000.0,12-12-2024 10:14:00,8.7,8.7,8.65,8.7,5420300.0,7125.0,1300.0,1300.0,1300.0,1300.0,1503450.0,0.0
NIFTY,26-DEC-2024,26000.0,12-12-2024 10:15:00,8.65,8.7,8.6,8.65,5420300.0,8750.0,1300.0,1300.0,1300.0,1300.0,1503450.0,0.0
NIFTY,26-DEC-2024,26000.0,12-12-2024 10:16:00,8.6,8.65,8.55,8.55,5404575.0,0.0,1300.0,1300.0,1300.0,1300.0,1503525.0,75.0
NIFTY,26-DEC-2024,26000.0,12-12-2024 10:17:00,8.55,8.6,8.5,8.5,5404575.0,27750.0,1300.0,1300.0,1300.0,1300.0,1503525.0,0.0
NIFTY,26-DEC-2024,26000.0,12-12-2024 10:18:00,8.6,8.6,8.5,8.55,5404575.0,7675.0,1300.0,1300.0,1296.0,1296.0,1503525.0,125.0
NIFTY,26-DEC-2024,26000.0,12-12-2024 10:19:00,8.55,8.55,8.45,8.55,5382750.0,9025.0,1296.0,1296.0,1296.0,1296.0,1503525.0,0.0
NIFTY,26-DEC-2024,26000.0,12-12-2024 10:20:00,8.55,8.55,8.45,8.55,5382750.0,2825.0,1296.0,1296.0,1296.0,1296.0,1503525.0,0.0
NIFTY,26-DEC-2024,26000.0,12-12-2024 10:21:00,8.55,8.6,8.55,8.6,5382750.0,2100.0,1296.0,1296.0,1296.0,1296.0,1503525.0,0.0
NIFTY,26-DEC-2024,26000.0,12-12-2024 10:22:00,8.6,8.6,8.5,8.55,5374425.0,5875.0,1296.0,1298.0,1296.0,1298.0,1503425.0,25.0
NIFTY,26-DEC-2024,26000.0,12-12-2024 10:23:00,8.55,8.6,8.55,8.6,5374425.0,1100.0,1298.0,1298.0,1293.1,1293.1,1503425.0,25.0
NIFTY,26-DEC-2024,26000.0,12-12-2024 10:24:00,8.65,8.65,8.55,8.6,5374425.0,2075.0,1293.1,1298.95,1293.1,1298.65,1503425.0,75.0
NIFTY,26-DEC-2024,26000.0,12-12-2024 10:25:00,8.6,8.6,8.55,8.6,5374575.0,2150.0,1298.65,1299.0,1298.65,1299.0,1503425.0,75.0
NIFTY,26-DEC-2024,26000.0,12-12-2024 10:26:00,8.6,8.65,8.6,8.6,5374575.0,2400.0,1299.0,1299.0,1299.0,1299.0,1503425.0,0.0
NIFTY,26-DEC-2024,26000.0,12-12-2024 10:27:00,8.6,8.65,8.6,8.65,5374575.0,3800.0,1299.0,1303.5,1299.0,1303.5,1503375.0,200.0
NIFTY,26-DEC-2024,26000.0,12-12-2024 10:28:00,8.65,8.7,8.65,8.65,5373700.0,5300.0,1303.5,1303.5,1303.5,1303.5,1503375.0,0.0
NIFTY,26-DEC-2024,26000.0,12-12-2024 10:29:00,8.6,8.7,8.6,8.65,5373700.0,3625.0,1303.5,1303.5,1302.0,1302.0,1503375.0,25.0
NIFTY,26-DEC-2024,26000.0,12-12-2024 10:30:00,8.75,8.75,8.6,8.7,5373700.0,100.0,1302.0,1302.0,1302.0,1302.0,1503375.0,0.0
NIFTY,26-DEC-2024,26000.0,12-12-2024 10:31:00,8.65,8.7,8.6,8.7,5370625.0,6825.0,1302.0,1302.0,1294.55,1294.55,1503375.0,25.0
NIFTY,26-DEC-2024,26000.0,12-12-2024 10:32:00,8.7,8.7,8.45,8.55,5370625.0,3375.0,1294.55,1310.0,1294.55,1310.0,1503375.0,100.0
NIFTY,26-DEC-2024,26000.0,12-12-2024 10:33:00,8.5,8.55,8.4,8.4,5370625.0,2825.0,1310.0,1310.0,1303.0,1303.0,1503375.0,50.0
NIFTY,26-DEC-2024,26000.0,12-12-2024 10:34:00,8.4,8.45,8.35,8.35,5372850.0,6650.0,1303.0,1307.5,1303.0,1307.5,1503400.0,75.0
NIFTY,26-DEC-2024,26000.0,12-12-2024 10:35:00,8.4,8.4,8.3,8.35,5372850.0,5250.0,1307.5,1307.5,1307.5,1307.5,1503400.0,0.0
NIFTY,26-DEC-2024,26000.0,12-12-2024 10:36:00,8.35,8.4,8.3,8.3,5372850.0,9200.0,1307.5,1307.5,1300.85,1300.85,1503400.0,25.0
NIFTY,26-DEC-2024,26000.0,12-12-2024 10:37:00,8.4,8.4,8.35,8.35,5371750.0,4700.0,1300.85,1300.85,1296.5,1296.5,1503400.0,75.0
NIFTY,26-DEC-2024,26000.0,12-12-2024 10:38:00,8.45,8.45,8.35,8.45,5371750.0,850.0,1296.5,1296.5,1296.5,1296.5,1503400.0,0.0
NIFTY,26-DEC-2024,26000.0,12-12-2024 10:39:00,8.5,8.5,8.4,8.5,5371750.0,1025.0,1296.5,1296.5,1296.5,1296.5,1503400.0,0.0
NIFTY,26-DEC-2024,26000.0,12-12-2024 10:40:00,8.5,8.55,8.45,8.5,5373275.0,4050.0,1296.5,1296.5,1296.5,1296.5,1503400.0,0.0
NIFTY,26-DEC-2024,26000.0,12-12-2024 10:41:00,8.55,8.55,8.4,8.4,5373275.0,225.0,1296.5,1303.0,1296.5,1303.0,1503400.0,25.0
NIFTY,26-DEC-2024,26000.0,12-12-2024 10:42:00,8.4,8.5,8.4,8.5,5373275.0,3375.0,1303.0,1303.0,1303.0,1303.0,1503400.0,0.0
NIFTY,26-DEC-2024,26000.0,12-12-2024 10:43:00,8.5,8.5,8.35,8.35,5374950.0,900.0,1303.0,1303.0,1302.75,1302.75,1503450.0,1000.0
NIFTY,26-DEC-2024,26000.0,12-12-2024 10:44:00,8.35,8.45,8.35,8.45,5374950.0,1000.0,1302.75,1302.75,1302.4,1302.4,1503450.0,50.0
NIFTY,26-DEC-2024,26000.0,12-12-2024 10:45:00,8.45,8.65,8.45,8.55,5374950.0,1400.0,1302.4,1302.4,1302.4,1302.4,1503450.0,0.0
NIFTY,26-DEC-2024,26000.0,12-12-2024 10:46:00,8.55,8.65,8.55,8.65,5374150.0,1700.0,1302.4,1303.65,1302.4,1303.65,1503450.0,25.0
NIFTY,26-DEC-2024,26000.0,12-12-2024 10:47:00,8.65,8.65,8.55,8.65,5374150.0,1975.0,1303.65,1303.65,1303.65,1303.65,1503450.0,0.0
NIFTY,26-DEC-2024,26000.0,12-12-2024 10:48:00,8.65,8.65,8.6,8.6,5374150.0,2325.0,1303.65,1303.65,1302.2,1302.2,1503450.0,25.0
NIFTY,26-DEC-2024,26000.0,12-12-2024 10:49:00,8.6,8.7,8.6,8.65,5373800.0,1100.0,1302.2,1302.2,1302.2,1302.2,1503450.0,0.0
NIFTY,26-DEC-2024,26000.0,12-12-2024 10:50:00,8.65,8.65,8.6,8.6,5373800.0,125.0,1302.2,1302.2,1302.2,1302.2,1503450.0,0.0
NIFTY,26-DEC-2024,26000.0,12-12-2024 10:51:00,8.6,8.65,8.5,8.5,5373800.0,900.0,1302.2,1302.2,1293.8,1293.8,1504500.0,50.0
NIFTY,26-DEC-2024,26000.0,12-12-2024 10:52:00,8.45,8.55,8.45,8.45,5374250.0,1050.0,1293.8,1295.0,1293.8,1295.0,1504500.0,100.0
NIFTY,26-DEC-2024,26000.0,12-12-2024 10:53:00,8.45,8.6,8.45,8.55,5374250.0,1125.0,1295.0,1295.0,1295.0,1295.0,1504500.0,0.0
NIFTY,26-DEC-2024,26000.0,12-12-2024 10:54:00,8.55,8.65,8.55,8.55,5374250.0,2800.0,1295.0,1295.0,1295.0,1295.0,1504500.0,0.0
NIFTY,26-DEC-2024,26000.0,12-12-2024 10:55:00,8.55,8.55,8.45,8.45,5375000.0,3275.0,1295.0,1295.0,1295.0,1295.0,1504500.0,0.0
NIFTY,26-DEC-2024,26000.0,12-12-2024 10:56:00,8.5,8.55,8.45,8.45,5375000.0,800.0,1295.0,1304.0,1295.0,1304.0,1504500.0,625.0
NIFTY,26-DEC-2024,26000.0,12-12-2024 10:57:00,8.45,8.6,8.45,8.55,5375000.0,4200.0,1304.0,1305.0,1304.0,1305.0,1504500.0,1075.0
NIFTY,26-DEC-2024,26000.0,12-12-2024 10:58:00,8.6,8.7,8.6,8.6,5375200.0,1100.0,1305.0,1305.0,1301.75,1305.0,1506000.0,125.0
NIFTY,26-DEC-2024,26000.0,12-12-2024 10:59:00,8.6,8.7,8.6,8.6,5375200.0,1525.0,1304.0,1309.0,1304.0,1309.0,1506000.0,2300.0
NIFTY,26-DEC-2024,26000.0,12-12-2024 11:00:00,8.6,8.65,8.55,8.6,5375200.0,600.0,1309.0,1315.0,1309.0,1315.0,1506000.0,2150.0
NIFTY,26-DEC-2024,26000.0,12-12-2024 11:01:00,8.65,8.8,8.6,8.6,5376950.0,4900.0,1315.0,1319.0,1315.0,1319.0,1506000.0,25.0
NIFTY,26-DEC-2024,26000.0,12-12-2024 11:02:00,8.65,8.7,8.6,8.6,5376950.0,9800.0,1319.0,1319.0,1315.0,1315.0,1510025.0,7450.0
NIFTY,26-DEC-2024,26000.0,12-12-2024 11:03:00,8.65,8.65,8.55,8.55,5376950.0,8600.0,1315.0,1315.0,1311.15,1313.0,1510025.0,2775.0
NIFTY,26-DEC-2024,26000.0,12-12-2024 11:04:00,8.6,8.65,8.5,8.5,5373350.0,6550.0,1313.0,1313.0,1309.45,1310.25,1520250.0,4850.0
NIFTY,26-DEC-2024,26000.0,12-12-2024 11:05:00,8.5,8.65,8.5,8.55,5373350.0,5100.0,1310.25,1310.85,1310.25,1310.85,1520250.0,200.0
NIFTY,26-DEC-2024,26000.0,12-12-2024 11:06:00,8.55,8.6,8.5,8.6,5373350.0,3500.0,1310.85,1311.0,1310.85,1311.0,1520250.0,500.0
NIFTY,26-DEC-2024,26000.0,12-12-2024 11:07:00,8.55,8.6,8.5,8.5,5371600.0,3275.0,1311.0,1318.0,1311.0,1318.0,1520250.0,100.0
NIFTY,26-DEC-2024,26000.0,12-12-2024 11:08:00,8.5,8.6,8.5,8.6,5371600.0,7375.0,1318.0,1320.0,1318.0,1318.4,1525800.0,750.0
NIFTY,26-DEC-2024,26000.0,12-12-2024 11:09:00,8.6,8.65,8.55,8.55,5371600.0,15900.0,1318.2,1318.6,1317.55,1318.05,1525800.0,9275.0
NIFTY,26-DEC-2024,26000.0,12-12-2024 11:10:00,8.6,8.7,8.55,8.6,5373175.0,6350.0,1318.05,1318.05,1318.05,1318.05,1525800.0,0.0
NIFTY,26-DEC-2024,26000.0,12-12-2024 11:11:00,8.6,8.65,8.55,8.6,5373175.0,5750.0,1318.05,1318.05,1318.05,1318.05,1525800.0,0.0
NIFTY,26-DEC-2024,26000.0,12-12-2024 11:12:00,8.6,8.6,8.6,8.6,5373175.0,825.0,1318.05,1318.05,1318.05,1318.05,1525800.0,0.0
NIFTY,26-DEC-2024,26000.0,12-12-2024 11:13:00,8.6,8.65,8.55,8.6,5381600.0,750.0,1318.05,1318.05,1318.05,1318.05,1525800.0,0.0
NIFTY,26-DEC-2024,26000.0,12-12-2024 11:14:00,8.65,8.8,8.6,8.65,5381600.0,14175.0,1318.05,1318.05,1309.6,1309.6,1533875.0,50.0
NIFTY,26-DEC-2024,26000.0,12-12-2024 11:15:00,8.6,8.6,8.5,8.5,5381600.0,13175.0,1309.6,1309.6,1309.6,1309.6,1533875.0,0.0
NIFTY,26-DEC-2024,26000.0,12-12-2024 11:16:00,8.45,8.5,8.35,8.4,5372250.0,26525.0,1305.0,1307.0,1304.0,1305.0,1534475.0,8000.0
NIFTY,26-DEC-2024,26000.0,12-12-2024 11:17:00,8.4,8.4,8.15,8.25,5372250.0,25700.0,1305.0,1305.85,1305.0,1305.85,1534475.0,200.0
NIFTY,26-DEC-2024,26000.0,12-12-2024 11:18:00,8.25,8.3,8.15,8.3,5372250.0,4575.0,1305.85,1309.4,1305.85,1309.4,1534475.0,50.0
NIFTY,26-DEC-2024,26000.0,12-12-2024 11:19:00,8.3,8.7,8.3,8.7,5340275.0,9425.0,1309.4,1309.4,1309.4,1309.4,1534475.0,0.0
NIFTY,26-DEC-2024,26000.0,12-12-2024 11:20:00,8.6,8.7,8.6,8.65,5340275.0,5225.0,1309.4,1310.2,1309.4,1310.2,1541375.0,1000.0
NIFTY,26-DEC-2024,26000.0,12-12-2024 11:21:00,8.55,8.55,8.5,8.5,5340275.0,7225.0,1310.2,1310.2,1310.2,1310.2,1541375.0,0.0
NIFTY,26-DEC-2024,26000.0,12-12-2024 11:22:00,8.5,8.5,8.4,8.4,5336350.0,6375.0,1310.2,1315.2,1310.2,1311.85,1542375.0,125.0
NIFTY,26-DEC-2024,26000.0,12-12-2024 11:23:00,8.4,8.4,8.4,8.4,5336350.0,0.0,1311.85,1311.85,1311.85,1311.85,1542375.0,0.0
NIFTY,26-DEC-2024,26000.0,12-12-2024 11:24:00,8.4,8.4,8.35,8.4,5336350.0,8450.0,1311.85,1314.4,1311.85,1314.4,1542375.0,50.0
NIFTY,26-DEC-2024,26000.0,12-12-2024 11:25:00,8.4,8.4,8.4,8.4,5337975.0,2200.0,1314.4,1314.4,1314.4,1314.4,1542375.0,0.0
NIFTY,26-DEC-2024,26000.0,12-12-2024 11:26:00,8.4,8.5,8.35,8.5,5337975.0,4625.0,1314.4,1316.0,1314.4,1314.55,1542350.0,50.0
NIFTY,26-DEC-2024,26000.0,12-12-2024 11:27:00,8.5,8.55,8.5,8.55,5337975.0,775.0,1314.55,1314.55,1314.55,1314.55,1542350.0,0.0
NIFTY,26-DEC-2024,26000.0,12-12-2024 11:28:00,8.55,8.6,8.55,8.55,5340925.0,2325.0,1314.55,1314.55,1312.45,1312.45,1542325.0,25.0
NIFTY,26-DEC-2024,26000.0,12-12-2024 11:29:00,8.55,8.75,8.55,8.65,5340925.0,0.0,1312.45,1312.45,1312.45,1312.45,1542325.0,0.0
NIFTY,26-DEC-2024,26000.0,12-12-2024 11:30:00,8.6,8.65,8.55,8.6,5340925.0,6850.0,1312.45,1315.0,1312.45,1315.0,1542325.0,25.0
NIFTY,26-DEC-2024,26000.0,12-12-2024 11:31:00,8.45,8.55,8.4,8.5,5345025.0,4500.0,1315.0,1315.0,1315.0,1315.0,1542325.0,0.0
NIFTY,26-DEC-2024,26000.0,12-12-2024 11:32:00,8.5,8.55,8.5,8.5,5345025.0,1450.0,1315.0,1315.0,1315.0,1315.0,1542325.0,0.0
NIFTY,26-DEC-2024,26000.0,12-12-2024 11:33:00,8.45,8.5,8.4,8.4,5345025.0,825.0,1315.0,1315.0,1315.0,1315.0,1542325.0,0.0
NIFTY,26-DEC-2024,26000.0,12-12-2024 11:34:00,8.4,8.4,8.4,8.4,5346200.0,100.0,1315.0,1315.0,1313.25,1313.25,1542350.0,25.0
NIFTY,26-DEC-2024,26000.0,12-12-2024 11:35:00,8.4,8.4,8.4,8.4,5346200.0,350.0,1313.25,1313.25,1313.25,1313.25,1542350.0,25.0
NIFTY,26-DEC-2024,26000.0,12-12-2024 11:36:00,8.4,8.4,8.4,8.4,5346200.0,0.0,1313.25,1313.25,1313.25,1313.25,1542350.0,0.0
NIFTY,26-DEC-2024,26000.0,12-12-2024 11:37:00,8.45,8.6,8.45,8.6,5346075.0,600.0,1313.25,1313.25,1313.25,1313.25,1542350.0,0.0
NIFTY,26-DEC-2024,26000.0,12-12-2024 11:38:00,8.6,8.6,8.55,8.55,5346075.0,3025.0,1313.25,1313.25,1313.25,1313.25,1542300.0,25.0
NIFTY,26-DEC-2024,26000.0,12-12-2024 11:39:00,8.55,8.65,8.55,8.65,5346075.0,1375.0,1313.25,1313.25,1313.25,1313.25,1542300.0,25.0
NIFTY,26-DEC-2024,26000.0,12-12-2024 11:40:00,8.65,8.9,8.65,8.9,5349325.0,22025.0,1313.25,1315.2,1312.9,1315.2,1542250.0,450.0
NIFTY,26-DEC-2024,26000.0,12-12-2024 11:41:00,8.9,8.9,8.75,8.85,5349325.0,1025.0,1315.2,1315.2,1315.2,1315.2,1542250.0,0.0
NIFTY,26-DEC-2024,26000.0,12-12-2024 11:42:00,8.85,8.85,8.7,8.8,5349325.0,3900.0,1315.2,1315.2,1315.2,1315.2,1542250.0,0.0
NIFTY,26-DEC-2024,26000.0,12-12-2024 11:43:00,8.8,8.8,8.65,8.75,5345050.0,10400.0,1315.2,1315.2,1313.25,1313.25,1541800.0,25.0
NIFTY,26-DEC-2024,26000.0,12-12-2024 11:44:00,8.75,8.8,8.7,8.75,5345050.0,2475.0,1313.25,1313.25,1313.2,1313.2,1541800.0,25.0
NIFTY,26-DEC-2024,26000.0,12-12-2024 11:45:00,8.75,8.8,8.7,8.7,5345050.0,3025.0,1313.2,1313.2,1309.55,1309.55,1541800.0,25.0
NIFTY,26-DEC-2024,26000.0,12-12-2024 11:46:00,8.7,8.8,8.7,8.75,5342775.0,525.0,1309.55,1316.0,1309.55,1316.0,1541775.0,0.0
NIFTY,26-DEC-2024,26000.0,12-12-2024 11:47:00,8.8,8.8,8.7,8.7,5342775.0,3800.0,1316.0,1316.0,1316.0,1316.0,1541775.0,25.0
NIFTY,26-DEC-2024,26000.0,12-12-2024 11:48:00,8.75,8.75,8.7,8.75,5342775.0,4500.0,1316.0,1316.0,1316.0,1316.0,1541775.0,0.0
NIFTY,26-DEC-2024,26000.0,12-12-2024 11:49:00,8.75,8.75,8.7,8.75,5342575.0,475.0,1316.0,1317.0,1316.0,1317.0,1541775.0,50.0
NIFTY,26-DEC-2024,26000.0,12-12-2024 11:50:00,8.75,8.75,8.7,8.7,5342575.0,875.0,1317.0,1320.9,1317.0,1320.9,1541775.0,150.0
NIFTY,26-DEC-2024,26000.0,12-12-2024 11:51:00,8.6,8.6,8.55,8.55,5342575.0,1450.0,1320.9,1320.9,1320.0,1320.0,1541775.0,75.0
NIFTY,26-DEC-2024,26000.0,12-12-2024 11:52:00,8.55,8.65,8.5,8.55,5341575.0,3500.0,1320.0,1327.0,1320.0,1325.0,1541775.0,50.0
NIFTY,26-DEC-2024,26000.0,12-12-2024 11:53:00,8.6,8.65,8.55,8.55,5341575.0,4475.0,1325.0,1325.0,1323.2,1323.2,1541600.0,25.0
NIFTY,26-DEC-2024,26000.0,12-12-2024 11:54:00,8.55,8.6,8.4,8.5,5341575.0,11650.0,1323.2,1323.2,1315.65,1315.65,1541600.0,250.0
NIFTY,26-DEC-2024,26000.0,12-12-2024 11:55:00,8.5,8.5,8.45,8.5,5341575.0,2600.0,1315.65,1315.65,1315.65,1315.65,1541600.0,0.0
NIFTY,26-DEC-2024,26000.0,12-12-2024 11:56:00,8.5,8.55,8.5,8.55,5348975.0,150.0,1315.65,1318.0,1315.65,1318.0,1541600.0,400.0
NIFTY,26-DEC-2024,26000.0,12-12-2024 11:57:00,8.5,8.55,8.5,8.5,5348975.0,2975.0,1318.0,1318.0,1318.0,1318.0,1541600.0,200.0
NIFTY,26-DEC-2024,26000.0,12-12-2024 11:58:00,8.5,8.5,8.45,8.45,5351200.0,1775.0,1318.0,1320.5,1318.0,1320.5,1541275.0,25.0
NIFTY,26-DEC-2024,26000.0,12-12-2024 11:59:00,8.45,8.45,8.35,8.35,5351200.0,12850.0,1320.5,1320.5,1320.5,1320.5,1541275.0,0.0
NIFTY,26-DEC-2024,26000.0,12-12-2024 12:00:00,8.4,8.4,8.3,8.3,5351200.0,6000.0,1320.5,1320.5,1320.5,1320.5,1541275.0,0.0
NIFTY,26-DEC-2024,26000.0,12-12-2024 12:01:00,8.3,8.4,8.3,8.35,5347300.0,4125.0,1320.5,1320.5,1320.5,1320.5,1541275.0,0.0
NIFTY,26-DEC-2024,26000.0,12-12-2024 12:02:00,8.3,8.35,8.2,8.2,5347300.0,4850.0,1320.5,1325.0,1320.5,1325.0,1541275.0,225.0
NIFTY,26-DEC-2024,26000.0,12-12-2024 12:03:00,8.2,8.2,8.05,8.1,5347300.0,3575.0,1325.0,1325.0,1325.0,1325.0,1541275.0,0.0
NIFTY,26-DEC-2024,26000.0,12-12-2024 12:04:00,8.1,8.1,8.05,8.1,5351600.0,4650.0,1325.0,1343.0,1325.0,1343.0,1541275.0,75.0
NIFTY,26-DEC-2024,26000.0,12-12-2024 12:05:00,8.0,8.05,8.0,8.05,5351600.0,4000.0,1343.0,1343.0,1335.3,1335.3,1541275.0,50.0
NIFTY,26-DEC-2024,26000.0,12-12-2024 12:06:00,8.05,8.05,7.95,7.95,5351600.0,1650.0,1335.3,1353.0,1335.3,1353.0,1541275.0,0.0
NIFTY,26-DEC-2024,26000.0,12-12-2024 12:07:00,8.05,8.05,7.85,8.05,5356425.0,9150.0,1357.0,1357.0,1357.0,1357.0,1541275.0,75.0
NIFTY,26-DEC-2024,26000.0,12-12-2024 12:08:00,8.0,8.0,7.9,7.95,5356425.0,9200.0,1357.0,1357.0,1340.05,1340.45,1541200.0,250.0
NIFTY,26-DEC-2024,26000.0,12-12-2024 12:09:00,7.95,7.95,7.9,7.9,5356425.0,4025.0,1340.45,1340.45,1340.45,1340.45,1541200.0,0.0
NIFTY,26-DEC-2024,26000.0,12-12-2024 12:10:00,7.9,8.0,7.85,7.9,5356600.0,2325.0,1340.45,1345.0,1340.45,1345.0,1541250.0,200.0
NIFTY,26-DEC-2024,26000.0,12-12-2024 12:11:00,7.9,7.95,7.85,7.9,5356600.0,8375.0,1345.0,1345.0,1345.0,1345.0,1541250.0,0.0
NIFTY,26-DEC-2024,26000.0,12-12-2024 12:12:00,7.9,7.9,7.8,7.9,5356600.0,8375.0,1345.0,1355.25,1345.0,1355.25,1541250.0,925.0
NIFTY,26-DEC-2024,26000.0,12-12-2024 12:13:00,7.8,7.85,7.75,7.75,5366000.0,525.0,1359.85,1359.85,1351.4,1351.4,1541175.0,100.0
NIFTY,26-DEC-2024,26000.0,12-12-2024 12:14:00,7.85,7.85,7.8,7.8,5366000.0,2600.0,1351.4,1351.4,1348.0,1348.0,1541175.0,100.0
NIFTY,26-DEC-2024,26000.0,12-12-2024 12:15:00,7.8,7.8,7.65,7.65,5366000.0,11525.0,1348.0,1348.0,1348.0,1348.0,1541175.0,0.0
NIFTY,26-DEC-2024,26000.0,12-12-2024 12:16:00,7.75,7.75,7.7,7.7,5363200.0,2025.0,1348.0,1348.0,1348.0,1348.0,1541175.0,0.0
NIFTY,26-DEC-2024,26000.0,12-12-2024 12:17:00,7.75,7.8,7.75,7.8,5363200.0,175.0,1348.0,1360.0,1348.0,1360.0,1541125.0,250.0
NIFTY,26-DEC-2024,26000.0,12-12-2024 12:18:00,7.8,7.8,7.75,7.8,5363200.0,6125.0,1360.0,1361.0,1357.3,1357.3,1541125.0,175.0
NIFTY,26-DEC-2024,26000.0,12-12-2024 12:19:00,7.85,7.85,7.8,7.85,5362700.0,500.0,1357.3,1357.3,1353.35,1353.35,1540925.0,125.0
NIFTY,26-DEC-2024,26000.0,12-12-2024 12:20:00,7.85,7.85,7.85,7.85,5362700.0,7550.0,1353.35,1355.0,1353.35,1355.0,1540925.0,125.0
NIFTY,26-DEC-2024,26000.0,12-12-2024 12:21:00,7.9,7.95,7.85,7.85,5362700.0,4325.0,1355.0,1355.0,1355.0,1355.0,1540925.0,0.0
NIFTY,26-DEC-2024,26000.0,12-12-2024 12:22:00,7.85,7.9,7.85,7.9,5373600.0,2400.0,1355.0,1355.0,1353.75,1353.95,1540925.0,75.0
NIFTY,26-DEC-2024,26000.0,12-12-2024 12:23:00,7.85,8.25,7.85,8.2,5373600.0,25050.0,1357.0,1357.0,1354.15,1354.15,1540925.0,75.0
NIFTY,26-DEC-2024,26000.0,12-12-2024 12:24:00,8.2,8.2,8.0,8.1,5373600.0,325.0,1354.15,1358.35,1354.15,1358.35,1540925.0,25.0
NIFTY,26-DEC-2024,26000.0,12-12-2024 12:25:00,8.1,8.1,8.05,8.1,5373675.0,3250.0,1358.35,1358.35,1355.6,1357.0,1540825.0,200.0
NIFTY,26-DEC-2024,26000.0,12-12-2024 12:26:00,8.1,8.1,8.0,8.0,5373675.0,2200.0,1357.0,1357.0,1355.0,1355.0,1540825.0,25.0
NIFTY,26-DEC-2024,26000.0,12-12-2024 12:27:00,8.05,8.1,8.0,8.1,5373675.0,1675.0,1355.0,1355.0,1348.9,1349.2,1540825.0,100.0
NIFTY,26-DEC-2024,26000.0,12-12-2024 12:28:00,8.05,8.1,8.0,8.0,5372025.0,1825.0,1349.2,1349.2,1345.55,1345.55,1540575.0,200.0
NIFTY,26-DEC-2024,26000.0,12-12-2024 12:29:00,8.05,8.1,8.0,8.0,5372025.0,2225.0,1345.55,1347.7,1345.55,1347.7,1540575.0,25.0
NIFTY,26-DEC-2024,26000.0,12-12-2024 12:30:00,8.0,8.1,8.0,8.05,5372025.0,200.0,1343.6,1343.6,1338.7,1341.35,1540575.0,325.0
NIFTY,26-DEC-2024,26000.0,12-12-2024 12:31:00,8.0,8.1,8.0,8.05,5374325.0,5125.0,1341.35,1341.35,1339.75,1339.75,1540150.0,75.0
NIFTY,26-DEC-2024,26000.0,12-12-2024 12:32:00,8.05,8.05,7.85,7.85,5374325.0,21250.0,1339.75,1341.7,1339.75,1341.7,1540150.0,100.0
NIFTY,26-DEC-2024,26000.0,12-12-2024 12:33:00,7.95,7.95,7.9,7.9,5374325.0,4475.0,1341.7,1341.7,1338.75,1338.75,1540150.0,100.0
NIFTY,26-DEC-2024,26000.0,12-12-2024 12:34:00,7.9,8.0,7.9,7.9,5353725.0,25.0,1338.75,1340.1,1338.7,1338.95,1540050.0,425.0
NIFTY,26-DEC-2024,26000.0,12-12-2024 12:35:00,7.9,8.0,7.9,8.0,5353725.0,575.0,1338.95,1338.95,1338.95,1338.95,1540050.0,0.0
NIFTY,26-DEC-2024,26000.0,12-12-2024 12:36:00,8.0,8.0,7.9,7.9,5353725.0,700.0,1338.95,1341.85,1338.95,1341.85,1540050.0,50.0
NIFTY,26-DEC-2024,26000.0,12-12-2024 12:37:00,7.95,7.95,7.95,7.95,5354975.0,1225.0,1341.85,1341.85,1341.85,1341.85,1540050.0,0.0
NIFTY,26-DEC-2024,26000.0,12-12-2024 12:38:00,7.95,7.95,7.95,7.95,5354975.0,125.0,1341.85,1341.85,1341.85,1341.85,1540050.0,0.0
NIFTY,26-DEC-2024,26000.0,12-12-2024 12:39:00,7.9,7.95,7.7,7.75,5354975.0,7200.0,1341.85,1344.9,1340.55,1344.9,1539750.0,200.0
NIFTY,26-DEC-2024,26000.0,12-12-2024 12:40:00,7.75,7.75,7.7,7.7,5361425.0,2225.0,1344.9,1344.9,1342.0,1344.0,1540325.0,1225.0
NIFTY,26-DEC-2024,26000.0,12-12-2024 12:41:00,7.75,7.75,7.7,7.7,5361425.0,875.0,1344.0,1344.05,1344.0,1344.05,1540325.0,0.0
NIFTY,26-DEC-2024,26000.0,12-12-2024 12:42:00,7.75,7.75,7.65,7.75,5361425.0,0.0,1344.05,1345.8,1344.05,1345.8,1540325.0,150.0
NIFTY,26-DEC-2024,26000.0,12-12-2024 12:43:00,7.75,7.8,7.75,7.8,5361525.0,1400.0,1345.8,1346.15,1345.8,1346.15,1540200.0,25.0
NIFTY,26-DEC-2024,26000.0,12-12-2024 12:44:00,7.8,7.8,7.75,7.75,5361525.0,125.0,1346.0,1346.0,1343.45,1343.45,1540200.0,100.0
NIFTY,26-DEC-2024,26000.0,12-12-2024 12:45:00,7.8,7.85,7.7,7.7,5361525.0,2575.0,1343.45,1343.45,1343.45,1343.45,1540200.0,0.0
NIFTY,26-DEC-2024,26000.0,12-12-2024 12:46:00,7.75,7.8,7.75,7.8,5363900.0,475.0,1343.45,1343.45,1343.45,1343.45,1540200.0,0.0
NIFTY,26-DEC-2024,26000.0,12-12-2024 12:47:00,7.8,7.8,7.7,7.8,5363900.0,2250.0,1343.45,1343.45,1343.45,1343.45,1540200.0,0.0
NIFTY,26-DEC-2024,26000.0,12-12-2024 12:48:00,7.75,7.8,7.75,7.75,5363900.0,625.0,1344.0,1344.0,1344.0,1344.0,1540075.0,25.0
NIFTY,26-DEC-2024,26000.0,12-12-2024 12:49:00,7.8,7.8,7.75,7.8,5364600.0,50.0,1344.0,1345.45,1344.0,1345.45,1540075.0,125.0
NIFTY,26-DEC-2024,26000.0,12-12-2024 12:50:00,7.8,7.8,7.65,7.7,5364600.0,225.0,1345.45,1345.45,1345.45,1345.45,1540075.0,0.0
NIFTY,26-DEC-2024,26000.0,12-12-2024 12:51:00,7.7,7.75,7.7,7.7,5364600.0,4125.0,1345.45,1345.45,1345.45,1345.45,1540075.0,0.0
NIFTY,26-DEC-2024,26000.0,12-12-2024 12:52:00,7.7,7.7,7.65,7.65,5364600.0,1550.0,1345.45,1345.45,1345.45,1345.45,1540075.0,0.0
NIFTY,26-DEC-2024,26000.0,12-12-2024 12:53:00,7.7,7.75,7.7,7.75,5365375.0,0.0,1345.45,1345.45,1345.45,1345.45,1540075.0,0.0
NIFTY,26-DEC-2024,26000.0,12-12-2024 12:54:00,7.8,7.8,7.75,7.75,5365375.0,5700.0,1345.45,1345.45,1339.0,1339.0,1540025.0,75.0
NIFTY,26-DEC-2024,26000.0,12-12-2024 12:55:00,7.8,7.85,7.8,7.85,5366650.0,975.0,1339.0,1339.0,1339.0,1339.0,1540025.0,0.0
NIFTY,26-DEC-2024,26000.0,12-12-2024 12:56:00,7.8,7.8,7.75,7.8,5366650.0,3575.0,1339.0,1339.0,1339.0,1339.0,1540025.0,0.0
NIFTY,26-DEC-2024,26000.0,12-12-2024 12:57:00,7.8,7.85,7.75,7.85,5366650.0,4400.0,1339.0,1339.0,1339.0,1339.0,1540025.0,0.0
NIFTY,26-DEC-2024,26000.0,12-12-2024 12:58:00,7.85,7.9,7.75,7.75,5370475.0,1125.0,1339.0,1339.0,1339.0,1339.0,1540025.0,0.0
NIFTY,26-DEC-2024,26000.0,12-12-2024 12:59:00,7.8,7.8,7.8,7.8,5370475.0,25.0,1339.0,1339.0,1339.0,1339.0,1540025.0,0.0
NIFTY,26-DEC-2024,26000.0,12-12-2024 13:00:00,7.8,7.8,7.5,7.75,5370475.0,300.0,1339.0,1342.0,1339.0,1342.0,1540000.0,200.0
NIFTY,26-DEC-2024,26000.0,12-12-2024 13:01:00,7.75,7.85,7.75,7.85,5370950.0,13350.0,1342.0,1342.0,1342.0,1342.0,1540000.0,0.0
NIFTY,26-DEC-2024,26000.0,12-12-2024 13:02:00,7.9,7.9,7.75,7.85,5370950.0,1300.0,1342.0,1342.0,1342.0,1342.0,1540000.0,0.0
NIFTY,26-DEC-2024,26000.0,12-12-2024 13:03:00,7.85,7.85,7.8,7.8,5370950.0,6825.0,1342.0,1342.0,1342.0,1342.0,1540000.0,0.0
NIFTY,26-DEC-2024,26000.0,12-12-2024 13:04:00,7.75,7.85,7.75,7.85,5374125.0,0.0,1342.0,1342.0,1342.0,1342.0,1540000.0,0.0
NIFTY,26-DEC-2024,26000.0,12-12-2024 13:05:00,7.8,7.85,7.8,7.85,5374125.0,1425.0,1342.0,1342.0,1342.0,1342.0,1540000.0,0.0
NIFTY,26-DEC-2024,26000.0,12-12-2024 13:06:00,7.85,7.85,7.75,7.8,5374125.0,900.0,1342.0,1342.0,1342.0,1342.0,1540000.0,0.0
NIFTY,26-DEC-2024,26000.0,12-12-2024 13:07:00,7.8,7.8,7.75,7.8,5374400.0,2050.0,1342.0,1342.0,1342.0,1342.0,1540000.0,0.0
NIFTY,26-DEC-2024,26000.0,12-12-2024 13:08:00,7.8,7.85,7.8,7.85,5374400.0,1300.0,1342.0,1342.0,1342.0,1342.0,1540000.0,0.0
NIFTY,26-DEC-2024,26000.0,12-12-2024 13:09:00,7.85,7.9,7.85,7.9,5374400.0,3775.0,1342.0,1344.7,1342.0,1344.7,1540000.0,100.0
NIFTY,26-DEC-2024,26000.0,12-12-2024 13:10:00,7.9,7.95,7.9,7.95,5375000.0,4050.0,1344.7,1350.0,1344.7,1350.0,1540025.0,225.0
NIFTY,26-DEC-2024,26000.0,12-12-2024 13:11:00,7.95,7.95,7.9,7.9,5375000.0,0.0,1350.0,1350.0,1347.05,1347.05,1540025.0,75.0
NIFTY,26-DEC-2024,26000.0,12-12-2024 13:12:00,7.95,7.95,7.9,7.9,5375000.0,9850.0,1347.05,1347.05,1347.05,1347.05,1540025.0,25.0
NIFTY,26-DEC-2024,26000.0,12-12-2024 13:13:00,7.95,7.95,7.9,7.9,5375750.0,4550.0,1347.05,1349.9,1347.05,1349.9,1540025.0,25.0
NIFTY,26-DEC-2024,26000.0,12-12-2024 13:14:00,7.9,7.95,7.9,7.9,5375750.0,550.0,1349.9,1350.0,1349.9,1350.0,1540025.0,250.0
NIFTY,26-DEC-2024,26000.0,12-12-2024 13:15:00,7.9,7.95,7.9,7.9,5375750.0,2825.0,1350.0,1350.0,1346.9,1346.9,1540025.0,100.0
NIFTY,26-DEC-2024,26000.0,12-12-2024 13:16:00,7.95,7.95,7.85,7.9,5374550.0,4900.0,1346.9,1362.05,1346.9,1362.05,1539775.0,175.0
NIFTY,26-DEC-2024,26000.0,12-12-2024 13:17:00,7.9,7.9,7.9,7.9,5374550.0,4300.0,1362.05,1362.05,1362.05,1362.05,1539775.0,0.0
NIFTY,26-DEC-2024,26000.0,12-12-2024 13:18:00,7.9,8.0,7.9,8.0,5374550.0,2300.0,1362.05,1362.05,1362.05,1362.05,1539775.0,0.0
NIFTY,26-DEC-2024,26000.0,12-12-2024 13:19:00,8.0,8.0,8.0,8.0,5394725.0,22650.0,1362.05,1362.05,1362.05,1362.05,1539775.0,0.0
NIFTY,26-DEC-2024,26000.0,12-12-2024 13:20:00,8.0,8.05,8.0,8.05,5394725.0,2200.0,1362.05,1362.05,1362.05,1362.05,1539775.0,0.0
NIFTY,26-DEC-2024,26000.0,12-12-2024 13:21:00,8.1,8.1,8.05,8.05,5394725.0,13750.0,1362.05,1362.05,1362.05,1362.05,1539775.0,0.0
NIFTY,26-DEC-2024,26000.0,12-12-2024 13:22:00,8.05,8.1,8.0,8.05,5412700.0,10000.0,1362.05,1362.05,1362.05,1362.05,1539775.0,0.0
NIFTY,26-DEC-2024,26000.0,12-12-2024 13:23:00,7.95,7.95,7.9,7.9,5412700.0,3425.0,1362.05,1362.05,1362.05,1362.05,1539775.0,0.0
NIFTY,26-DEC-2024,26000.0,12-12-2024 13:24:00,7.95,7.95,7.9,7.95,5412700.0,1950.0,1362.05,1362.05,1357.9,1358.6,1539825.0,75.0
NIFTY,26-DEC-2024,26000.0,12-12-2024 13:25:00,8.0,8.0,7.9,7.9,5417575.0,6200.0,1358.6,1360.0,1358.6,1360.0,1539825.0,25.0
NIFTY,26-DEC-2024,26000.0,12-12-2024 13:26:00,7.95,7.95,7.85,7.85,5417575.0,11625.0,1360.0,1365.0,1360.0,1365.0,1539800.0,25.0
NIFTY,26-DEC-2024,26000.0,12-12-2024 13:27:00,7.9,7.9,7.85,7.85,5417575.0,6475.0,1365.0,1368.0,1365.0,1368.0,1539800.0,1025.0
NIFTY,26-DEC-2024,26000.0,12-12-2024 13:28:00,7.9,8.05,7.8,8.0,5416050.0,28500.0,1368.0,1368.0,1368.0,1368.0,1539800.0,0.0
NIFTY,26-DEC-2024,26000.0,12-12-2024 13:29:00,8.0,8.05,7.95,8.0,5416050.0,1525.0,1368.0,1368.0,1364.0,1364.0,1540425.0,25.0
NIFTY,26-DEC-2024,26000.0,12-12-2024 13:30:00,8.05,8.1,8.0,8.0,5416050.0,1250.0,1364.0,1364.4,1361.1,1361.1,1540425.0,250.0
NIFTY,26-DEC-2024,26000.0,12-12-2024 13:31:00,8.0,8.05,7.95,7.95,5417625.0,6100.0,1361.1,1363.1,1361.1,1363.1,1540425.0,50.0
NIFTY,26-DEC-2024,26000.0,12-12-2024 13:32:00,8.0,8.05,7.95,8.0,5417625.0,850.0,1363.1,1363.1,1363.1,1363.1,1540425.0,0.0
NIFTY,26-DEC-2024,26000.0,12-12-2024 13:33:00,8.05,8.1,8.05,8.05,5417625.0,425.0,1363.1,1368.95,1363.1,1368.95,1540425.0,25.0
NIFTY,26-DEC-2024,26000.0,12-12-2024 13:34:00,8.1,8.15,8.05,8.05,5417925.0,8250.0,1368.95,1368.95,1362.35,1365.0,1540425.0,50.0
NIFTY,26-DEC-2024,26000.0,12-12-2024 13:35:00,8.05,8.1,8.0,8.0,5417925.0,6625.0,1365.0,1365.0,1365.0,1365.0,1540425.0,0.0
NIFTY,26-DEC-2024,26000.0,12-12-2024 13:36:00,8.1,8.1,8.0,8.0,5417925.0,650.0,1365.0,1365.0,1365.0,1365.0,1540425.0,0.0
NIFTY,26-DEC-2024,26000.0,12-12-2024 13:37:00,8.0,8.2,8.0,8.2,5411800.0,2900.0,1365.0,1365.0,1351.35,1351.35,1540400.0,125.0
NIFTY,26-DEC-2024,26000.0,12-12-2024 13:38:00,8.2,8.25,8.15,8.2,5411800.0,6200.0,1351.35,1351.35,1348.0,1348.0,1540400.0,25.0
NIFTY,26-DEC-2024,26000.0,12-12-2024 13:39:00,8.15,8.15,8.15,8.15,5411800.0,50.0,1348.0,1348.0,1341.6,1347.05,1540400.0,275.0
NIFTY,26-DEC-2024,26000.0,12-12-2024 13:40:00,8.15,8.25,8.15,8.2,5412925.0,0.0,1343.6,1343.6,1342.6,1342.6,1540400.0,50.0
NIFTY,26-DEC-2024,26000.0,12-12-2024 13:41:00,8.15,8.25,8.15,8.25,5412925.0,5250.0,1342.6,1342.6,1342.6,1342.6,1540400.0,0.0
NIFTY,26-DEC-2024,26000.0,12-12-2024 13:42:00,8.25,8.25,8.2,8.25,5412925.0,175.0,1342.6,1342.6,1342.6,1342.6,1540400.0,0.0
NIFTY,26-DEC-2024,26000.0,12-12-2024 13:43:00,8.2,8.25,8.2,8.2,5411350.0,7000.0,1342.6,1342.6,1340.9,1340.9,1540450.0,50.0
NIFTY,26-DEC-2024,26000.0,12-12-2024 13:44:00,8.25,8.3,8.2,8.2,5411350.0,600.0,1340.9,1340.9,1340.9,1340.9,1540450.0,0.0
NIFTY,26-DEC-2024,26000.0,12-12-2024 13:45:00,8.2,8.3,8.2,8.3,5411350.0,75.0,1340.9,1340.9,1340.9,1340.9,1540450.0,0.0
NIFTY,26-DEC-2024,26000.0,12-12-2024 13:46:00,8.25,8.35,8.25,8.35,5411350.0,725.0,1340.9,1340.9,1340.9,1340.9,1540450.0,25.0
NIFTY,26-DEC-2024,26000.0,12-12-2024 13:47:00,8.25,8.4,8.25,8.35,5412025.0,2225.0,1340.9,1342.95,1340.9,1342.95,1540400.0,150.0
NIFTY,26-DEC-2024,26000.0,12-12-2024 13:48:00,8.35,8.35,8.3,8.3,5412025.0,300.0,1342.95,1349.45,1342.95,1349.45,1540400.0,50.0
NIFTY,26-DEC-2024,26000.0,12-12-2024 13:49:00,8.3,8.35,8.25,8.25,5412825.0,1350.0,1349.45,1349.45,1349.45,1349.45,1540400.0,0.0
NIFTY,26-DEC-2024,26000.0,12-12-2024 13:50:00,8.35,8.4,8.3,8.3,5412825.0,1125.0,1349.45,1349.45,1349.25,1349.25,1540475.0,50.0
NIFTY,26-DEC-2024,26000.0,12-12-2024 13:51:00,8.3,8.35,8.3,8.3,5412825.0,4200.0,1351.0,1351.0,1351.0,1351.0,1540475.0,50.0
NIFTY,26-DEC-2024,26000.0,12-12-2024 13:52:00,8.3,8.35,8.25,8.3,5414525.0,3450.0,1351.0,1351.0,1351.0,1351.0,1540475.0,0.0
NIFTY,26-DEC-2024,26000.0,12-12-2024 13:53:00,8.3,8.35,8.25,8.25,5414525.0,2675.0,1351.0,1357.35,1351.0,1356.9,1540450.0,200.0
NIFTY,26-DEC-2024,26000.0,12-12-2024 13:54:00,8.3,8.35,8.25,8.35,5414525.0,2100.0,1356.9,1356.9,1356.9,1356.9,1540450.0,0.0
NIFTY,26-DEC-2024,26000.0,12-12-2024 13:55:00,8.25,8.35,8.25,8.25,5416350.0,4125.0,1356.9,1356.9,1356.9,1356.9,1540450.0,0.0
NIFTY,26-DEC-2024,26000.0,12-12-2024 13:56:00,8.25,8.3,8.25,8.3,5416350.0,275.0,1356.9,1356.9,1354.7,1355.2,1540350.0,150.0
NIFTY,26-DEC-2024,26000.0,12-12-2024 13:57:00,8.3,8.35,8.2,8.3,5416350.0,1175.0,1355.2,1363.0,1355.2,1363.0,1540350.0,100.0
NIFTY,26-DEC-2024,26000.0,12-12-2024 13:58:00,8.25,8.4,8.25,8.25,5417225.0,6900.0,1363.0,1363.0,1363.0,1363.0,1540350.0,75.0
NIFTY,26-DEC-2024,26000.0,12-12-2024 13:59:00,8.25,8.35,8.25,8.3,5417225.0,750.0,1363.0,1363.0,1358.3,1358.3,1540350.0,25.0
NIFTY,26-DEC-2024,26000.0,12-12-2024 14:00:00,8.3,8.35,8.25,8.3,5417225.0,525.0,1358.3,1358.3,1358.3,1358.3,1540350.0,0.0
NIFTY,26-DEC-2024,26000.0,12-12-2024 14:01:00,8.3,8.3,8.25,8.25,5416100.0,125.0,1358.3,1358.3,1358.3,1358.3,1540350.0,0.0
NIFTY,26-DEC-2024,26000.0,12-12-2024 14:02:00,8.3,8.3,8.2,8.3,5416100.0,1325.0,1358.3,1358.3,1358.3,1358.3,1540350.0,0.0
NIFTY,26-DEC-2024,26000.0,12-12-2024 14:03:00,8.3,8.3,8.15,8.2,5416100.0,8175.0,1358.3,1358.3,1358.3,1358.3,1540350.0,0.0
NIFTY,26-DEC-2024,26000.0,12-12-2024 14:04:00,8.2,8.25,8.2,8.25,5416100.0,25.0,1358.3,1358.3,1358.3,1358.3,1540350.0,0.0
NIFTY,26-DEC-2024,26000.0,12-12-2024 14:05:00,8.2,8.25,8.15,8.15,5412750.0,3075.0,1358.3,1358.3,1358.3,1358.3,1540350.0,0.0
NIFTY,26-DEC-2024,26000.0,12-12-2024 14:06:00,8.15,8.3,8.15,8.3,5412750.0,3450.0,1358.3,1358.3,1351.5,1351.5,1540350.0,75.0
NIFTY,26-DEC-2024,26000.0,12-12-2024 14:07:00,8.2,8.2,8.1,8.1,5413600.0,800.0,1351.5,1351.5,1351.5,1351.5,1540350.0,0.0
NIFTY,26-DEC-2024,26000.0,12-12-2024 14:08:00,8.1,8.25,8.1,8.15,5413600.0,6625.0,1351.5,1351.5,1351.5,1351.5,1540350.0,0.0
NIFTY,26-DEC-2024,26000.0,12-12-2024 14:09:00,8.2,8.2,8.1,8.1,5413600.0,1100.0,1351.5,1351.5,1351.5,1351.5,1540350.0,0.0
NIFTY,26-DEC-2024,26000.0,12-12-2024 14:10:00,8.1,8.15,8.05,8.15,5413375.0,2700.0,1351.5,1351.5,1350.0,1350.0,1540175.0,100.0
NIFTY,26-DEC-2024,26000.0,12-12-2024 14:11:00,8.15,8.15,8.05,8.1,5413375.0,3300.0,1350.0,1350.0,1350.0,1350.0,1540175.0,0.0
NIFTY,26-DEC-2024,26000.0,12-12-2024 14:12:00,8.1,8.15,8.0,8.0,5413375.0,2975.0,1350.0,1353.0,1350.0,1353.0,1540175.0,100.0
NIFTY,26-DEC-2024,26000.0,12-12-2024 14:13:00,8.0,8.05,7.95,7.95,5416450.0,4975.0,1353.0,1353.0,1353.0,1353.0,1540175.0,0.0
NIFTY,26-DEC-2024,26000.0,12-12-2024 14:14:00,7.95,8.0,7.85,8.0,5416450.0,2750.0,1353.0,1353.0,1347.65,1347.65,1540025.0,50.0
NIFTY,26-DEC-2024,26000.0,12-12-2024 14:15:00,8.0,8.0,7.9,8.0,5416450.0,4375.0,1347.65,1347.65,1335.95,1335.95,1540025.0,50.0
NIFTY,26-DEC-2024,26000.0,12-12-2024 14:16:00,8.0,8.0,7.85,7.85,5415600.0,250.0,1335.95,1338.2,1335.95,1338.2,1539975.0,25.0
NIFTY,26-DEC-2024,26000.0,12-12-2024 14:17:00,7.9,7.9,7.8,7.85,5415600.0,1925.0,1338.2,1338.2,1333.7,1333.7,1539975.0,25.0
NIFTY,26-DEC-2024,26000.0,12-12-2024 14:18:00,7.9,7.9,7.8,7.85,5415600.0,800.0,1333.7,1335.85,1333.7,1335.85,1539975.0,100.0
NIFTY,26-DEC-2024,26000.0,12-12-2024 14:19:00,7.8,7.8,7.7,7.75,5417300.0,14150.0,1335.85,1335.85,1335.85,1335.85,1539975.0,0.0
NIFTY,26-DEC-2024,26000.0,12-12-2024 14:20:00,7.75,7.8,7.7,7.75,5417300.0,5100.0,1335.85,1335.85,1335.85,1335.85,1539975.0,0.0
NIFTY,26-DEC-2024,26000.0,12-12-2024 14:21:00,7.7,7.7,7.7,7.7,5417300.0,4075.0,1335.85,1335.85,1335.85,1335.85,1539975.0,0.0
NIFTY,26-DEC-2024,26000.0,12-12-2024 14:22:00,7.65,7.7,7.65,7.7,5418575.0,1800.0,1335.85,1335.85,1335.85,1335.85,1539975.0,0.0
NIFTY,26-DEC-2024,26000.0,12-12-2024 14:23:00,7.7,7.8,7.7,7.7,5418575.0,3275.0,1335.85,1349.35,1335.85,1349.35,1539850.0,50.0
NIFTY,26-DEC-2024,26000.0,12-12-2024 14:24:00,7.75,7.75,7.6,7.75,5418575.0,4100.0,1349.35,1349.35,1349.35,1349.35,1539850.0,0.0
NIFTY,26-DEC-2024,26000.0,12-12-2024 14:25:00,7.75,7.75,7.55,7.6,5413350.0,7375.0,1349.35,1349.35,1345.6,1345.6,1539850.0,200.0
NIFTY,26-DEC-2024,26000.0,12-12-2024 14:26:00,7.55,7.65,7.55,7.65,5413350.0,3675.0,1345.6,1345.6,1345.6,1345.6,1539850.0,0.0
NIFTY,26-DEC-2024,26000.0,12-12-2024 14:27:00,7.65,7.65,7.55,7.55,5413350.0,4475.0,1345.6,1345.6,1345.6,1345.6,1539850.0,0.0
NIFTY,26-DEC-2024,26000.0,12-12-2024 14:28:00,7.5,7.5,7.5,7.5,5413350.0,1775.0,1345.6,1352.35,1345.6,1348.5,1539875.0,250.0
NIFTY,26-DEC-2024,26000.0,12-12-2024 14:29:00,7.5,7.55,7.45,7.45,5413575.0,4075.0,1348.5,1348.5,1348.5,1348.5,1539875.0,0.0
NIFTY,26-DEC-2024,26000.0,12-12-2024 14:30:00,7.5,7.5,7.4,7.45,5413575.0,4950.0,1348.5,1350.8,1345.75,1345.75,1539850.0,175.0
NIFTY,26-DEC-2024,26000.0,12-12-2024 14:31:00,7.45,7.45,7.4,7.4,5416075.0,5650.0,1345.75,1348.15,1345.75,1348.15,1539850.0,50.0
NIFTY,26-DEC-2024,26000.0,12-12-2024 14:32:00,7.45,7.65,7.45,7.6,5416075.0,27150.0,1348.15,1348.15,1348.15,1348.15,1539850.0,0.0
NIFTY,26-DEC-2024,26000.0,12-12-2024 14:33:00,7.55,7.65,7.55,7.6,5416075.0,1250.0,1348.15,1348.15,1348.15,1348.15,1539850.0,0.0
NIFTY,26-DEC-2024,26000.0,12-12-2024 14:34:00,7.6,7.6,7.5,7.5,5416075.0,3025.0,1348.15,1348.15,1348.15,1348.15,1539850.0,0.0
NIFTY,26-DEC-2024,26000.0,12-12-2024 14:35:00,7.5,7.55,7.5,7.55,5413575.0,300.0,1348.15,1348.15,1348.15,1348.15,1539850.0,0.0
NIFTY,26-DEC-2024,26000.0,12-12-2024 14:36:00,7.55,7.55,7.45,7.45,5413575.0,25.0,1348.15,1348.15,1348.15,1348.15,1539850.0,0.0
NIFTY,26-DEC-2024,26000.0,12-12-2024 14:37:00,7.45,7.45,7.4,7.4,5418675.0,8950.0,1348.15,1348.15,1348.15,1348.15,1539850.0,0.0
NIFTY,26-DEC-2024,26000.0,12-12-2024 14:38:00,7.4,7.45,7.35,7.35,5418675.0,1500.0,1348.15,1348.15,1348.15,1348.15,1539850.0,0.0
NIFTY,26-DEC-2024,26000.0,12-12-2024 14:39:00,7.35,7.45,7.3,7.4,5418675.0,23375.0,1348.15,1348.15,1348.15,1348.15,1539850.0,0.0
NIFTY,26-DEC-2024,26000.0,12-12-2024 14:40:00,7.4,7.4,7.3,7.35,5423500.0,6625.0,1348.15,1348.2,1348.15,1348.2,1539800.0,50.0
NIFTY,26-DEC-2024,26000.0,12-12-2024 14:41:00,7.35,7.35,7.3,7.35,5423500.0,6200.0,1348.2,1348.2,1348.2,1348.2,1539800.0,0.0
NIFTY,26-DEC-2024,26000.0,12-12-2024 14:42:00,7.35,7.35,7.3,7.35,5423500.0,9175.0,1348.2,1348.2,1345.75,1345.75,1539750.0,50.0
NIFTY,26-DEC-2024,26000.0,12-12-2024 14:43:00,7.35,7.4,7.25,7.4,5442800.0,34650.0,1345.75,1345.75,1345.75,1345.75,1539750.0,0.0
NIFTY,26-DEC-2024,26000.0,12-12-2024 14:44:00,7.4,7.4,7.25,7.35,5442800.0,10150.0,1345.75,1345.75,1345.75,1345.75,1539750.0,0.0
NIFTY,26-DEC-2024,26000.0,12-12-2024 14:45:00,7.35,7.4,7.3,7.4,5442800.0,6675.0,1345.75,1345.75,1345.75,1345.75,1539750.0,0.0
NIFTY,26-DEC-2024,26000.0,12-12-2024 14:46:00,7.4,7.65,7.25,7.65,5447425.0,10525.0,1345.75,1350.0,1345.75,1349.6,1539700.0,825.0
NIFTY,26-DEC-2024,26000.0,12-12-2024 14:47:00,7.6,7.6,7.5,7.5,5447425.0,1750.0,1349.6,1349.6,1349.6,1349.6,1539700.0,0.0
NIFTY,26-DEC-2024,26000.0,12-12-2024 14:48:00,7.5,7.55,7.4,7.55,5447425.0,1750.0,1349.6,1355.0,1349.6,1355.0,1539400.0,125.0
NIFTY,26-DEC-2024,26000.0,12-12-2024 14:49:00,7.5,7.5,7.35,7.45,5453000.0,15900.0,1355.0,1355.0,1350.55,1350.55,1539200.0,225.0
NIFTY,26-DEC-2024,26000.0,12-12-2024 14:50:00,7.35,7.5,7.35,7.45,5453000.0,7850.0,1350.55,1351.3,1349.6,1351.3,1539200.0,125.0
NIFTY,26-DEC-2024,26000.0,12-12-2024 14:51:00,7.4,7.45,7.35,7.35,5453000.0,350.0,1351.3,1354.6,1351.3,1354.6,1539200.0,175.0
NIFTY,26-DEC-2024,26000.0,12-12-2024 14:52:00,7.35,7.35,7.3,7.35,5452100.0,5550.0,1354.6,1356.95,1354.6,1355.8,1539200.0,75.0
NIFTY,26-DEC-2024,26000.0,12-12-2024 14:53:00,7.4,7.4,7.3,7.3,5452100.0,3650.0,1355.8,1357.4,1355.8,1357.1,1539175.0,75.0
NIFTY,26-DEC-2024,26000.0,12-12-2024 14:54:00,7.3,7.35,7.25,7.3,5452100.0,10625.0,1357.1,1359.0,1356.35,1356.35,1539175.0,325.0
NIFTY,26-DEC-2024,26000.0,12-12-2024 14:55:00,7.25,7.3,7.2,7.25,5454125.0,4600.0,1356.35,1356.35,1356.35,1356.35,1539175.0,0.0
NIFTY,26-DEC-2024,26000.0,12-12-2024 14:56:00,7.25,7.25,7.2,7.2,5454125.0,10000.0,1356.35,1356.35,1354.1,1354.1,1538850.0,25.0
NIFTY,26-DEC-2024,26000.0,12-12-2024 14:57:00,7.2,7.25,7.15,7.25,5454125.0,17675.0,1354.1,1354.1,1354.1,1354.1,1538850.0,0.0
NIFTY,26-DEC-2024,26000.0,12-12-2024 14:58:00,7.25,7.25,7.15,7.15,5463525.0,11675.0,1354.1,1354.1,1354.1,1354.1,1538850.0,0.0
NIFTY,26-DEC-2024,26000.0,12-12-2024 14:59:00,7.1,7.15,6.95,7.0,5463525.0,44000.0,1354.1,1354.1,1352.0,1352.0,1538850.0,375.0
NIFTY,26-DEC-2024,26000.0,12-12-2024 15:00:00,6.95,7.0,6.9,6.9,5463525.0,7850.0,1352.0,1359.9,1352.0,1359.9,1538850.0,200.0
NIFTY,26-DEC-2024,26000.0,12-12-2024 15:01:00,6.85,6.9,6.8,6.9,5477900.0,13875.0,1359.9,1359.9,1359.9,1359.9,1538850.0,0.0
NIFTY,26-DEC-2024,26000.0,12-12-2024 15:02:00,6.9,6.9,6.8,6.8,5477900.0,21300.0,1359.9,1360.9,1358.6,1360.9,1538275.0,100.0
NIFTY,26-DEC-2024,26000.0,12-12-2024 15:03:00,6.8,6.8,6.7,6.75,5477900.0,30700.0,1360.9,1360.9,1358.8,1358.8,1538275.0,25.0
NIFTY,26-DEC-2024,26000.0,12-12-2024 15:04:00,6.7,6.7,6.6,6.65,5493725.0,19100.0,1358.8,1358.8,1350.0,1350.0,1538150.0,50.0
NIFTY,26-DEC-2024,26000.0,12-12-2024 15:05:00,6.65,6.65,6.6,6.6,5493725.0,27200.0,1350.0,1351.0,1349.7,1350.6,1538150.0,1475.0
NIFTY,26-DEC-2024,26000.0,12-12-2024 15:06:00,6.6,6.65,6.5,6.5,5493725.0,14950.0,1350.6,1350.6,1347.0,1347.0,1538150.0,275.0
NIFTY,26-DEC-2024,26000.0,12-12-2024 15:07:00,6.6,6.6,6.4,6.5,5510350.0,27550.0,1347.0,1349.0,1344.0,1349.0,1538750.0,700.0
NIFTY,26-DEC-2024,26000.0,12-12-2024 15:08:00,6.5,6.5,6.4,6.5,5510350.0,45325.0,1349.0,1349.0,1345.1,1346.0,1538750.0,1375.0
NIFTY,26-DEC-2024,26000.0,12-12-2024 15:09:00,6.5,6.5,6.4,6.5,5510350.0,44350.0,1346.0,1346.0,1346.0,1346.0,1538750.0,0.0
NIFTY,26-DEC-2024,26000.0,12-12-2024 15:10:00,6.5,6.55,6.45,6.5,5564675.0,9475.0,1344.45,1346.95,1344.45,1346.95,1538750.0,200.0
NIFTY,26-DEC-2024,26000.0,12-12-2024 15:11:00,6.5,6.5,6.4,6.45,5564675.0,23300.0,1346.95,1346.95,1344.3,1346.0,1539550.0,750.0
NIFTY,26-DEC-2024,26000.0,12-12-2024 15:12:00,6.4,6.45,6.4,6.4,5564675.0,19825.0,1346.0,1348.05,1345.6,1348.05,1539550.0,200.0
NIFTY,26-DEC-2024,26000.0,12-12-2024 15:13:00,6.35,6.4,6.35,6.35,5587275.0,16725.0,1345.35,1345.35,1345.35,1345.35,1539550.0,125.0
NIFTY,26-DEC-2024,26000.0,12-12-2024 15:14:00,6.35,6.4,6.3,6.35,5587275.0,5625.0,1345.35,1345.35,1345.35,1345.35,1539550.0,0.0
NIFTY,26-DEC-2024,26000.0,12-12-2024 15:15:00,6.4,6.4,6.35,6.35,5587275.0,24050.0,1345.35,1349.5,1344.0,1345.3,1539600.0,3725.0
NIFTY,26-DEC-2024,26000.0,12-12-2024 15:16:00,6.35,6.35,6.2,6.2,5605350.0,32650.0,1345.3,1347.35,1345.3,1347.0,1539600.0,2750.0
NIFTY,26-DEC-2024,26000.0,12-12-2024 15:17:00,6.25,6.3,6.2,6.2,5605350.0,8400.0,1347.0,1348.0,1345.1,1345.1,1542525.0,50.0
NIFTY,26-DEC-2024,26000.0,12-12-2024 15:18:00,6.2,6.25,6.15,6.2,5605350.0,16400.0,1345.1,1345.1,1345.1,1345.1,1542525.0,0.0
NIFTY,26-DEC-2024,26000.0,12-12-2024 15:19:00,6.25,6.3,6.2,6.3,5607425.0,7750.0,1345.1,1345.1,1343.05,1343.45,1542525.0,75.0
NIFTY,26-DEC-2024,26000.0,12-12-2024 15:20:00,6.35,6.45,6.3,6.45,5607425.0,64150.0,1343.45,1343.45,1342.3,1342.4,1542575.0,75.0
NIFTY,26-DEC-2024,26000.0,12-12-2024 15:21:00,6.45,6.5,6.4,6.4,5607425.0,28025.0,1342.05,1342.2,1341.35,1341.65,1542575.0,475.0
NIFTY,26-DEC-2024,26000.0,12-12-2024 15:22:00,6.4,6.55,6.35,6.5,5615725.0,34425.0,1341.65,1341.65,1339.65,1340.0,1542575.0,225.0
NIFTY,26-DEC-2024,26000.0,12-12-2024 15:23:00,6.55,6.6,6.5,6.55,5615725.0,26850.0,1340.0,1341.25,1340.0,1341.1,1543075.0,475.0
NIFTY,26-DEC-2024,26000.0,12-12-2024 15:24:00,6.5,6.55,6.45,6.5,5615725.0,14975.0,1341.1,1346.8,1341.1,1346.8,1543075.0,625.0
NIFTY,26-DEC-2024,26000.0,12-12-2024 15:25:00,6.5,6.6,6.5,6.55,5631450.0,16150.0,1346.8,1346.8,1344.7,1344.7,1543075.0,25.0
NIFTY,26-DEC-2024,26000.0,12-12-2024 15:26:00,6.6,6.6,6.5,6.5,5631450.0,27625.0,1344.7,1344.7,1343.0,1343.0,1543525.0,350.0
NIFTY,26-DEC-2024,26000.0,12-12-2024 15:27:00,6.45,6.5,6.35,6.4,5631450.0,9350.0,1343.0,1346.2,1342.2,1343.2,1543525.0,325.0
NIFTY,26-DEC-2024,26000.0,12-12-2024 15:28:00,6.4,6.45,6.35,6.35,5651575.0,22475.0,1343.2,1346.55,1343.05,1344.15,1543525.0,450.0
NIFTY,26-DEC-2024,26000.0,12-12-2024 15:29:00,6.4,6.5,6.35,6.5,5651575.0,14275.0,1344.15,1349.95,1344.15,1349.95,1544325.0,250.0
NIFTY,26-DEC-2024,26000.0,13-12-2024 09:15:00,6.7,6.7,5.65,5.7,5654900.0,27400.0,1398.55,1452.75,1398.55,1435.0,1544100.0,875.0
NIFTY,26-DEC-2024,26000.0,13-12-2024 09:16:00,5.65,5.75,5.6,5.6,5654900.0,33100.0,1435.0,1454.95,1435.0,1454.95,1544100.0,750.0
NIFTY,26-DEC-2024,26000.0,13-12-2024 09:17:00,5.6,5.8,5.6,5.7,5654900.0,27850.0,1456.0,1460.25,1454.0,1459.6,1544100.0,875.0
NIFTY,26-DEC-2024,26000.0,13-12-2024 09:18:00,5.7,5.7,5.55,5.7,5684225.0,26050.0,1459.6,1460.0,1458.0,1458.0,1544100.0,750.0
NIFTY,26-DEC-2024,26000.0,13-12-2024 09:19:00,5.6,5.7,5.6,5.6,5684225.0,17775.0,1458.0,1469.25,1458.0,1469.25,1542200.0,300.0
NIFTY,26-DEC-2024,26000.0,13-12-2024 09:20:00,5.6,5.7,5.5,5.55,5684225.0,18600.0,1469.25,1495.0,1469.25,1489.4,1542200.0,550.0
NIFTY,26-DEC-2024,26000.0,13-12-2024 09:21:00,5.55,5.7,5.5,5.6,5674300.0,24325.0,1489.4,1492.0,1489.4,1490.15,1541675.0,75.0
NIFTY,26-DEC-2024,26000.0,13-12-2024 09:22:00,5.6,5.8,5.6,5.65,5674300.0,37550.0,1490.15,1500.0,1490.15,1500.0,1541675.0,475.0
NIFTY,26-DEC-2024,26000.0,13-12-2024 09:23:00,5.65,5.7,5.5,5.5,5674300.0,33900.0,1500.0,1510.0,1500.0,1509.35,1541675.0,950.0
NIFTY,26-DEC-2024,26000.0,13-12-2024 09:24:00,5.5,5.55,5.5,5.55,5685875.0,21525.0,1509.35,1525.0,1509.35,1525.0,1541075.0,550.0
NIFTY,26-DEC-2024,26000.0,13-12-2024 09:25:00,5.55,5.65,5.5,5.55,5685875.0,22650.0,1525.0,1525.0,1519.2,1521.0,1541075.0,375.0
NIFTY,26-DEC-2024,26000.0,13-12-2024 09:26:00,5.55,5.65,5.5,5.55,5685875.0,18700.0,1521.0,1521.0,1509.35,1509.35,1541075.0,650.0
NIFTY,26-DEC-2024,26000.0,13-12-2024 09:27:00,5.6,5.6,5.5,5.55,5701400.0,22300.0,1509.35,1535.0,1509.35,1531.4,1541075.0,400.0
NIFTY,26-DEC-2024,26000.0,13-12-2024 09:28:00,5.55,5.65,5.5,5.5,5701400.0,26100.0,1528.2,1536.0,1528.2,1536.0,1540475.0,375.0
NIFTY,26-DEC-2024,26000.0,13-12-2024 09:29:00,5.5,5.55,5.45,5.5,5701400.0,19000.0,1535.15,1536.65,1531.8,1531.8,1540475.0,225.0
NIFTY,26-DEC-2024,26000.0,13-12-2024 09:30:00,5.55,5.55,5.45,5.5,5703525.0,21525.0,1531.8,1535.8,1525.3,1535.8,1540475.0,625.0
NIFTY,26-DEC-2024,26000.0,13-12-2024 09:31:00,5.5,5.5,5.1,5.15,5703525.0,23175.0,1540.0,1550.9,1539.55,1550.9,1540075.0,725.0
NIFTY,26-DEC-2024,26000.0,13-12-2024 09:32:00,5.25,5.3,5.15,5.15,5703525.0,12600.0,1550.9,1551.9,1550.0,1550.0,1540075.0,425.0
NIFTY,26-DEC-2024,26000.0,13-12-2024 09:33:00,5.2,5.3,5.15,5.2,5697925.0,16100.0,1550.0,1556.0,1550.0,1552.4,1539775.0,700.0
NIFTY,26-DEC-2024,26000.0,13-12-2024 09:34:00,5.2,5.3,5.1,5.2,5697925.0,56350.0,1552.4,1559.75,1552.4,1556.0,1539775.0,75.0
NIFTY,26-DEC-2024,26000.0,13-12-2024 09:35:00,5.2,5.3,5.1,5.2,5697925.0,127400.0,1556.0,1556.95,1556.0,1556.95,1539775.0,75.0
NIFTY,26-DEC-2024,26000.0,13-12-2024 09:36:00,5.2,5.25,5.15,5.2,5695350.0,17475.0,1556.95,1556.95,1556.95,1556.95,1539775.0,0.0
NIFTY,26-DEC-2024,26000.0,13-12-2024 09:37:00,5.2,5.2,5.05,5.1,5695350.0,18925.0,1556.95,1559.75,1556.95,1558.95,1540225.0,150.0
NIFTY,26-DEC-2024,26000.0,13-12-2024 09:38:00,5.1,5.15,5.0,5.0,5695350.0,9000.0,1558.95,1558.95,1555.25,1555.25,1540225.0,125.0
NIFTY,26-DEC-2024,26000.0,13-12-2024 09:39:00,5.0,5.0,4.95,4.95,5703975.0,63275.0,1555.25,1555.25,1550.15,1550.15,1540225.0,300.0
NIFTY,26-DEC-2024,26000.0,13-12-2024 09:40:00,4.95,5.15,4.95,5.0,5703975.0,47150.0,1550.15,1556.8,1550.15,1556.8,1539825.0,175.0
NIFTY,26-DEC-2024,26000.0,13-12-2024 09:41:00,5.0,5.0,4.9,5.0,5703975.0,40525.0,1556.8,1556.8,1546.45,1546.45,1539825.0,50.0
NIFTY,26-DEC-2024,26000.0,13-12-2024 09:42:00,5.05,5.05,5.0,5.05,5704200.0,9625.0,1546.45,1546.45,1539.25,1545.0,1539825.0,225.0
NIFTY,26-DEC-2024,26000.0,13-12-2024 09:43:00,5.05,5.05,4.95,5.0,5704200.0,17275.0,1545.0,1545.0,1536.4,1536.4,1539900.0,50.0
NIFTY,26-DEC-2024,26000.0,13-12-2024 09:44:00,5.0,5.05,4.95,5.0,5704200.0,13375.0,1536.4,1537.15,1536.4,1537.15,1539900.0,25.0
NIFTY,26-DEC-2024,26000.0,13-12-2024 09:45:00,5.0,5.05,4.95,4.95,5706425.0,4825.0,1537.15,1555.0,1537.15,1555.0,1539900.0,50.0
NIFTY,26-DEC-2024,26000.0,13-12-2024 09:46:00,4.95,5.0,4.95,5.0,5706425.0,15600.0,1555.0,1577.0,1555.0,1577.0,1539750.0,725.0
NIFTY,26-DEC-2024,26000.0,13-12-2024 09:47:00,5.0,5.0,4.85,4.95,5706425.0,34250.0,1577.0,1577.0,1568.55,1570.8,1539750.0,150.0
NIFTY,26-DEC-2024,26000.0,13-12-2024 09:48:00,4.95,5.0,4.9,4.95,5701450.0,23275.0,1570.8,1570.8,1570.8,1570.8,1539750.0,0.0
NIFTY,26-DEC-2024,26000.0,13-12-2024 09:49:00,4.95,5.0,4.9,4.95,5701450.0,27450.0,1570.8,1570.8,1560.0,1560.0,1540225.0,25.0
NIFTY,26-DEC-2024,26000.0,13-12-2024 09:50:00,4.95,5.05,4.95,5.0,5701450.0,51050.0,1560.0,1560.0,1560.0,1560.0,1540225.0,0.0
NIFTY,26-DEC-2024,26000.0,13-12-2024 09:51:00,5.05,5.15,5.0,5.05,5739850.0,42425.0,1560.0,1560.0,1560.0,1560.0,1540225.0,0.0
NIFTY,26-DEC-2024,26000.0,13-12-2024 09:52:00,5.1,5.15,5.0,5.1,5739850.0,14425.0,1560.0,1560.0,1560.0,1560.0,1540225.0,0.0
NIFTY,26-DEC-2024,26000.0,13-12-2024 09:53:00,5.1,5.2,5.05,5.05,5739850.0,51575.0,1560.0,1560.0,1560.0,1560.0,1540225.0,0.0
NIFTY,26-DEC-2024,26000.0,13-12-2024 09:54:00,5.05,5.1,5.05,5.1,5781300.0,5425.0,1560.0,1566.0,1560.0,1566.0,1540200.0,500.0
NIFTY,26-DEC-2024,26000.0,13-12-2024 09:55:00,5.1,5.1,5.05,5.1,5781300.0,5550.0,1566.0,1566.0,1566.0,1566.0,1540200.0,0.0
NIFTY,26-DEC-2024,26000.0,13-12-2024 09:56:00,5.1,5.1,5.05,5.1,5781300.0,6450.0,1566.0,1566.0,1560.0,1560.0,1539700.0,25.0
NIFTY,26-DEC-2024,26000.0,13-12-2024 09:57:00,5.1,5.1,5.05,5.1,5777800.0,3125.0,1560.0,1560.0,1557.6,1557.6,1539700.0,300.0
NIFTY,26-DEC-2024,26000.0,13-12-2024 09:58:00,5.15,5.15,5.05,5.1,5777800.0,13150.0,1557.6,1557.6,1550.0,1550.0,1539450.0,125.0
NIFTY,26-DEC-2024,26000.0,13-12-2024 09:59:00,5.15,5.15,5.1,5.15,5777800.0,4650.0,1550.0,1550.0,1550.0,1550.0,1539450.0,0.0
NIFTY,26-DEC-2024,26000.0,13-12-2024 10:00:00,5.15,5.15,5.1,5.1,5780525.0,5950.0,1550.0,1550.0,1550.0,1550.0,1539450.0,0.0
NIFTY,26-DEC-2024,26000.0,13-12-2024 10:01:00,5.05,5.15,5.05,5.15,5780525.0,14350.0,1550.0,1565.0,1550.0,1565.0,1539450.0,200.0
NIFTY,26-DEC-2024,26000.0,13-12-2024 10:02:00,5.15,5.15,5.05,5.15,5780525.0,19650.0,1565.0,1565.0,1550.0,1550.0,1539375.0,125.0
NIFTY,26-DEC-2024,26000.0,13-12-2024 10:03:00,5.15,5.2,5.1,5.15,5783125.0,24550.0,1545.0,1545.0,1545.0,1545.0,1539375.0,25.0
NIFTY,26-DEC-2024,26000.0,13-12-2024 10:04:00,5.1,5.2,5.1,5.15,5783125.0,1450.0,1545.0,1545.0,1545.0,1545.0,1539375.0,0.0
NIFTY,26-DEC-2024,26000.0,13-12-2024 10:05:00,5.1,5.15,5.05,5.05,5783125.0,14375.0,1545.0,1550.75,1545.0,1550.75,1539050.0,75.0
NIFTY,26-DEC-2024,26000.0,13-12-2024 10:06:00,5.05,5.1,5.0,5.0,5785400.0,24575.0,1550.75,1550.75,1550.75,1550.75,1539050.0,0.0
NIFTY,26-DEC-2024,26000.0,13-12-2024 10:07:00,5.0,5.05,5.0,5.05,5785400.0,14125.0,1550.75,1550.75,1550.75,1550.75,1539050.0,0.0
NIFTY,26-DEC-2024,26000.0,13-12-2024 10:08:00,5.05,5.1,5.0,5.0,5785400.0,12450.0,1550.75,1550.75,1550.75,1550.75,1539050.0,0.0
NIFTY,26-DEC-2024,26000.0,13-12-2024 10:09:00,5.0,5.05,4.95,5.0,5787200.0,13425.0,1550.75,1591.9,1550.75,1591.9,1539050.0,225.0
NIFTY,26-DEC-2024,26000.0,13-12-2024 10:10:00,5.0,5.15,4.95,5.1,5787200.0,11300.0,1591.9,1600.0,1591.9,1598.4,1539175.0,200.0
NIFTY,26-DEC-2024,26000.0,13-12-2024 10:11:00,5.15,5.2,5.1,5.2,5787200.0,6475.0,1598.4,1601.7,1598.4,1600.0,1539175.0,175.0
NIFTY,26-DEC-2024,26000.0,13-12-2024 10:12:00,5.2,5.2,5.1,5.1,5786275.0,20125.0,1600.0,1600.0,1593.0,1593.0,1539175.0,100.0
NIFTY,26-DEC-2024,26000.0,13-12-2024 10:13:00,5.15,5.15,5.1,5.1,5786275.0,13400.0,1593.0,1597.0,1593.0,1597.0,1539075.0,25.0
NIFTY,26-DEC-2024,26000.0,13-12-2024 10:14:00,5.1,5.15,5.1,5.15,5786275.0,8900.0,1597.3,1601.9,1597.3,1600.0,1539075.0,250.0
NIFTY,26-DEC-2024,26000.0,13-12-2024 10:15:00,5.1,5.2,5.05,5.1,5778925.0,22925.0,1600.0,1626.75,1600.0,1626.75,1539075.0,100.0
NIFTY,26-DEC-2024,26000.0,13-12-2024 10:16:00,5.1,5.2,5.1,5.2,5778925.0,0.0,1626.75,1650.0,1626.75,1646.15,1539075.0,100.0
NIFTY,26-DEC-2024,26000.0,13-12-2024 10:17:00,5.15,5.2,5.1,5.2,5778925.0,43150.0,1646.15,1647.4,1640.0,1642.15,1539075.0,1025.0
NIFTY,26-DEC-2024,26000.0,13-12-2024 10:18:00,5.2,5.25,5.15,5.25,5743575.0,39400.0,1642.15,1642.15,1639.5,1639.5,1539075.0,25.0
NIFTY,26-DEC-2024,26000.0,13-12-2024 10:19:00,5.25,5.25,5.15,5.2,5743575.0,8325.0,1647.0,1647.0,1642.0,1645.0,1538500.0,125.0
NIFTY,26-DEC-2024,26000.0,13-12-2024 10:20:00,5.2,5.3,5.15,5.2,5743575.0,12025.0,1645.0,1652.8,1645.0,1652.8,1538500.0,25.0
NIFTY,26-DEC-2024,26000.0,13-12-2024 10:21:00,5.2,5.25,5.15,5.2,5734550.0,17275.0,1652.8,1691.0,1652.8,1691.0,1538500.0,675.0
NIFTY,26-DEC-2024,26000.0,13-12-2024 10:22:00,5.2,5.25,5.15,5.2,5734550.0,8575.0,1699.65,1699.65,1681.65,1681.65,1538075.0,425.0
NIFTY,26-DEC-2024,26000.0,13-12-2024 10:23:00,5.25,5.35,5.2,5.3,5734550.0,46075.0,1681.65,1689.05,1681.65,1689.05,1538075.0,125.0
NIFTY,26-DEC-2024,26000.0,13-12-2024 10:24:00,5.3,5.4,5.25,5.35,5717550.0,27400.0,1689.05,1701.9,1689.05,1696.4,1537825.0,125.0
NIFTY,26-DEC-2024,26000.0,13-12-2024 10:25:00,5.35,5.4,5.3,5.3,5717550.0,13025.0,1696.4,1696.4,1692.75,1693.55,1537825.0,50.0
NIFTY,26-DEC-2024,26000.0,13-12-2024 10:26:00,5.35,5.45,5.3,5.4,5717550.0,47225.0,1693.55,1693.55,1682.2,1685.1,1537825.0,300.0
NIFTY,26-DEC-2024,26000.0,13-12-2024 10:27:00,5.4,5.4,5.25,5.3,5696750.0,15300.0,1685.1,1685.15,1674.65,1685.15,1537825.0,425.0
NIFTY,26-DEC-2024,26000.0,13-12-2024 10:28:00,5.35,5.4,5.25,5.35,5696750.0,21175.0,1685.15,1687.85,1685.15,1687.85,1537825.0,25.0
NIFTY,26-DEC-2024,26000.0,13-12-2024 10:29:00,5.35,5.4,5.35,5.35,5696750.0,15300.0,1687.85,1690.0,1683.25,1690.0,1538125.0,425.0
NIFTY,26-DEC-2024,26000.0,13-12-2024 10:30:00,5.45,5.45,5.25,5.25,5686875.0,14400.0,1690.0,1698.6,1689.0,1698.6,1538125.0,1125.0
NIFTY,26-DEC-2024,26000.0,13-12-2024 10:31:00,5.25,5.3,5.2,5.3,5686875.0,34350.0,1698.6,1712.1,1698.6,1712.1,1536875.0,125.0
NIFTY,26-DEC-2024,26000.0,13-12-2024 10:32:00,5.3,5.35,5.25,5.25,5686875.0,30850.0,1712.1,1742.9,1712.1,1733.9,1536875.0,325.0
NIFTY,26-DEC-2024,26000.0,13-12-2024 10:33:00,5.25,5.35,5.2,5.3,5647000.0,33050.0,1733.9,1761.9,1733.9,1758.15,1536875.0,9425.0
NIFTY,26-DEC-2024,26000.0,13-12-2024 10:34:00,5.3,5.45,5.3,5.4,5647000.0,26225.0,1758.15,1758.15,1732.15,1739.4,1530425.0,400.0
NIFTY,26-DEC-2024,26000.0,13-12-2024 10:35:00,5.4,5.45,5.35,5.35,5647000.0,21050.0,1739.4,1739.7,1719.55,1725.0,1530425.0,775.0
NIFTY,26-DEC-2024,26000.0,13-12-2024 10:36:00,5.3,5.4,5.25,5.3,5628600.0,9100.0,1725.0,1732.7,1725.0,1727.95,1530425.0,225.0
NIFTY,26-DEC-2024,26000.0,13-12-2024 10:37:00,5.25,5.3,5.2,5.3,5628600.0,21875.0,1727.95,1736.35,1727.5,1735.6,1529500.0,75.0
NIFTY,26-DEC-2024,26000.0,13-12-2024 10:38:00,5.3,5.35,5.3,5.3,5628600.0,8025.0,1728.6,1728.6,1728.6,1728.6,1529500.0,50.0
NIFTY,26-DEC-2024,26000.0,13-12-2024 10:39:00,5.3,5.4,5.25,5.4,5624000.0,4675.0,1728.6,1741.45,1728.6,1741.45,1529500.0,25.0
NIFTY,26-DEC-2024,26000.0,13-12-2024 10:40:00,5.35,5.45,5.35,5.35,5624000.0,32000.0,1741.45,1741.45,1730.45,1730.45,1529500.0,25.0
NIFTY,26-DEC-2024,26000.0,13-12-2024 10:41:00,5.35,5.5,5.35,5.5,5624000.0,9300.0,1730.45,1750.0,1730.45,1750.0,1529500.0,500.0
NIFTY,26-DEC-2024,26000.0,13-12-2024 10:42:00,5.5,5.6,5.5,5.5,5624000.0,18550.0,1750.0,1750.0,1735.0,1735.0,1529500.0,50.0
NIFTY,26-DEC-2024,26000.0,13-12-2024 10:43:00,5.55,5.6,5.5,5.5,5624425.0,8875.0,1735.0,1735.0,1735.0,1735.0,1529500.0,0.0
NIFTY,26-DEC-2024,26000.0,13-12-2024 10:44:00,5.6,5.6,5.5,5.5,5624425.0,23875.0,1735.0,1735.0,1715.0,1715.0,1530050.0,1175.0
NIFTY,26-DEC-2024,26000.0,13-12-2024 10:45:00,5.5,5.55,5.45,5.5,5615700.0,14275.0,1715.0,1731.75,1715.0,1731.75,1530050.0,75.0
NIFTY,26-DEC-2024,26000.0,13-12-2024 10:46:00,5.45,5.65,5.45,5.6,5615700.0,44275.0,1731.75,1740.0,1731.75,1740.0,1530025.0,175.0
NIFTY,26-DEC-2024,26000.0,13-12-2024 10:47:00,5.6,5.7,5.55,5.55,5615700.0,19550.0,1740.0,1740.0,1740.0,1740.0,1530025.0,0.0
NIFTY,26-DEC-2024,26000.0,13-12-2024 10:48:00,5.6,5.6,5.5,5.55,5602075.0,7825.0,1740.0,1744.9,1740.0,1744.9,1530025.0,75.0
NIFTY,26-DEC-2024,26000.0,13-12-2024 10:49:00,5.6,5.7,5.55,5.7,5602075.0,37500.0,1744.9,1744.9,1736.5,1737.9,1530075.0,75.0
NIFTY,26-DEC-2024,26000.0,13-12-2024 10:50:00,5.7,5.75,5.6,5.7,5602075.0,16525.0,1737.9,1737.9,1730.0,1732.2,1530075.0,400.0
NIFTY,26-DEC-2024,26000.0,13-12-2024 10:51:00,5.65,5.7,5.55,5.55,5602075.0,16225.0,1732.2,1732.2,1703.45,1711.7,1530075.0,600.0
NIFTY,26-DEC-2024,26000.0,13-12-2024 10:52:00,5.55,5.6,5.5,5.5,5592775.0,15500.0,1711.7,1722.7,1710.15,1722.7,1529675.0,1075.0
NIFTY,26-DEC-2024,26000.0,13-12-2024 10:53:00,5.6,5.6,5.5,5.55,5592775.0,13100.0,1718.95,1724.6,1714.45,1718.15,1529675.0,1625.0
NIFTY,26-DEC-2024,26000.0,13-12-2024 10:54:00,5.55,5.55,5.45,5.55,5596850.0,10900.0,1722.8,1727.15,1713.65,1720.35,1524825.0,3250.0
NIFTY,26-DEC-2024,26000.0,13-12-2024 10:55:00,5.5,5.6,5.45,5.45,5596850.0,10650.0,1720.35,1726.5,1716.2,1716.2,1524825.0,1350.0
NIFTY,26-DEC-2024,26000.0,13-12-2024 10:56:00,5.55,5.6,5.45,5.45,5596850.0,5225.0,1716.2,1716.2,1698.1,1703.85,1524825.0,100.0
NIFTY,26-DEC-2024,26000.0,13-12-2024 10:57:00,5.5,5.55,5.45,5.5,5590275.0,15475.0,1703.85,1705.7,1703.85,1705.7,1524825.0,50.0
NIFTY,26-DEC-2024,26000.0,13-12-2024 10:58:00,5.5,5.5,5.4,5.5,5590275.0,11200.0,1705.7,1705.7,1705.7,1705.7,1524825.0,0.0
NIFTY,26-DEC-2024,26000.0,13-12-2024 10:59:00,5.5,5.5,5.45,5.5,5590275.0,8250.0,1705.7,1705.7,1685.35,1685.35,1524075.0,50.0
NIFTY,26-DEC-2024,26000.0,13-12-2024 11:00:00,5.4,5.5,5.4,5.45,5590275.0,10600.0,1685.35,1700.55,1685.35,1700.55,1524075.0,50.0
NIFTY,26-DEC-2024,26000.0,13-12-2024 11:01:00,5.45,5.5,5.4,5.4,5588425.0,20625.0,1700.55,1700.55,1700.55,1700.55,1524075.0,0.0
NIFTY,26-DEC-2024,26000.0,13-12-2024 11:02:00,5.4,5.5,5.4,5.4,5588425.0,6925.0,1700.55,1700.55,1683.0,1683.0,1524075.0,50.0
NIFTY,26-DEC-2024,26000.0,13-12-2024 11:03:00,5.45,5.45,5.35,5.35,5587175.0,8125.0,1683.0,1685.35,1683.0,1685.35,1524075.0,25.0
NIFTY,26-DEC-2024,26000.0,13-12-2024 11:04:00,5.35,5.4,5.35,5.35,5587175.0,8400.0,1685.35,1685.35,1685.35,1685.35,1524075.0,0.0
NIFTY,26-DEC-2024,26000.0,13-12-2024 11:05:00,5.35,5.6,5.35,5.5,5587175.0,2925.0,1685.35,1685.35,1685.35,1685.35,1524075.0,0.0
NIFTY,26-DEC-2024,26000.0,13-12-2024 11:06:00,5.5,5.5,5.4,5.45,5587400.0,8475.0,1685.35,1685.35,1685.35,1685.35,1524075.0,0.0
NIFTY,26-DEC-2024,26000.0,13-12-2024 11:07:00,5.5,5.5,5.4,5.45,5587400.0,6250.0,1685.35,1717.45,1685.35,1713.05,1524125.0,300.0
NIFTY,26-DEC-2024,26000.0,13-12-2024 11:08:00,5.4,5.45,5.4,5.45,5587400.0,6275.0,1713.05,1713.05,1710.7,1710.7,1524125.0,50.0
NIFTY,26-DEC-2024,26000.0,13-12-2024 11:09:00,5.4,5.5,5.4,5.5,5585850.0,7300.0,1710.7,1710.7,1710.15,1710.15,1524125.0,25.0
NIFTY,26-DEC-2024,26000.0,13-12-2024 11:10:00,5.5,5.5,5.45,5.5,5585850.0,8575.0,1710.15,1710.15,1702.65,1702.65,1524125.0,25.0
NIFTY,26-DEC-2024,26000.0,13-12-2024 11:11:00,5.55,5.55,5.35,5.45,5585850.0,43775.0,1702.65,1709.05,1702.65,1709.05,1523975.0,500.0
NIFTY,26-DEC-2024,26000.0,13-12-2024 11:12:00,5.45,5.6,5.4,5.4,5585850.0,12550.0,1709.05,1709.05,1640.0,1640.0,1523975.0,475.0
NIFTY,26-DEC-2024,26000.0,13-12-2024 11:13:00,5.4,5.5,5.4,5.4,5596800.0,22000.0,1640.0,1640.0,1640.0,1640.0,1523850.0,25.0
NIFTY,26-DEC-2024,26000.0,13-12-2024 11:14:00,5.4,5.4,5.3,5.35,5596800.0,32400.0,1640.0,1667.0,1640.0,1667.0,1523850.0,500.0
NIFTY,26-DEC-2024,26000.0,13-12-2024 11:15:00,5.3,5.5,5.25,5.5,5596800.0,27450.0,1667.0,1674.4,1667.0,1674.4,1523850.0,100.0
NIFTY,26-DEC-2024,26000.0,13-12-2024 11:16:00,5.45,5.55,5.45,5.5,5642575.0,7425.0,1674.4,1674.4,1666.1,1666.65,1523850.0,1750.0
NIFTY,26-DEC-2024,26000.0,13-12-2024 11:17:00,5.45,5.6,5.35,5.55,5642575.0,5800.0,1666.65,1666.65,1650.0,1650.0,1524400.0,25.0
NIFTY,26-DEC-2024,26000.0,13-12-2024 11:18:00,5.5,5.6,5.35,5.4,5642575.0,11800.0,1650.0,1650.0,1645.5,1645.5,1524400.0,25.0
NIFTY,26-DEC-2024,26000.0,13-12-2024 11:19:00,5.4,5.4,5.3,5.35,5645925.0,16575.0,1645.5,1645.5,1630.0,1630.0,1524725.0,100.0
NIFTY,26-DEC-2024,26000.0,13-12-2024 11:20:00,5.25,5.3,5.25,5.25,5645925.0,4950.0,1630.0,1630.0,1630.0,1630.0,1524725.0,0.0
NIFTY,26-DEC-2024,26000.0,13-12-2024 11:21:00,5.25,5.25,5.15,5.25,5645925.0,6575.0,1630.0,1656.85,1630.0,1656.85,1524725.0,425.0
NIFTY,26-DEC-2024,26000.0,13-12-2024 11:22:00,5.25,5.35,5.25,5.3,5646150.0,3225.0,1656.85,1656.85,1656.85,1656.85,1524725.0,0.0
NIFTY,26-DEC-2024,26000.0,13-12-2024 11:23:00,5.3,5.35,5.3,5.3,5646150.0,2775.0,1656.85,1656.85,1644.05,1644.05,1524725.0,25.0
NIFTY,26-DEC-2024,26000.0,13-12-2024 11:24:00,5.3,5.35,5.3,5.3,5646150.0,2475.0,1644.05,1644.05,1640.0,1644.05,1524600.0,50.0
NIFTY,26-DEC-2024,26000.0,13-12-2024 11:25:00,5.25,5.35,5.2,5.35,5646975.0,8325.0,1644.05,1644.05,1632.4,1632.4,1524600.0,25.0
NIFTY,26-DEC-2024,26000.0,13-12-2024 11:26:00,5.35,5.4,5.25,5.3,5646975.0,3825.0,1632.4,1632.4,1619.9,1619.9,1524600.0,150.0
NIFTY,26-DEC-2024,26000.0,13-12-2024 11:27:00,5.3,5.35,5.3,5.3,5646975.0,1800.0,1619.9,1635.0,1619.9,1635.0,1524600.0,25.0
NIFTY,26-DEC-2024,26000.0,13-12-2024 11:28:00,5.3,5.35,5.25,5.3,5649925.0,12650.0,1635.0,1635.0,1635.0,1635.0,1524600.0,0.0
NIFTY,26-DEC-2024,26000.0,13-12-2024 11:29:00,5.3,5.3,5.2,5.3,5649925.0,3775.0,1635.0,1635.0,1635.0,1635.0,1524600.0,0.0
NIFTY,26-DEC-2024,26000.0,13-12-2024 11:30:00,5.3,5.4,5.3,5.35,5649925.0,3800.0,1635.0,1658.8,1635.0,1658.8,1524425.0,150.0
NIFTY,26-DEC-2024,26000.0,13-12-2024 11:31:00,5.35,5.4,5.3,5.3,5648925.0,12350.0,1658.8,1658.8,1655.0,1655.0,1524425.0,250.0
NIFTY,26-DEC-2024,26000.0,13-12-2024 11:32:00,5.3,5.35,5.25,5.35,5648925.0,6050.0,1655.0,1655.0,1630.0,1630.0,1524350.0,175.0
NIFTY,26-DEC-2024,26000.0,13-12-2024 11:33:00,5.35,5.35,5.25,5.25,5648925.0,2150.0,1630.0,1630.0,1622.9,1623.0,1524350.0,350.0
NIFTY,26-DEC-2024,26000.0,13-12-2024 11:34:00,5.3,5.3,5.2,5.2,5646050.0,0.0,1623.0,1623.0,1611.35,1611.35,1523775.0,200.0
NIFTY,26-DEC-2024,26000.0,13-12-2024 11:35:00,5.3,5.3,5.2,5.2,5646050.0,10775.0,1611.35,1611.35,1594.6,1594.6,1523775.0,300.0
NIFTY,26-DEC-2024,26000.0,13-12-2024 11:36:00,5.25,5.25,5.2,5.25,5646050.0,3175.0,1594.6,1596.9,1594.6,1596.9,1523775.0,50.0
NIFTY,26-DEC-2024,26000.0,13-12-2024 11:37:00,5.25,5.25,5.15,5.15,5646125.0,3150.0,1596.9,1596.9,1596.9,1596.9,1523775.0,0.0
NIFTY,26-DEC-2024,26000.0,13-12-2024 11:38:00,5.15,5.15,5.1,5.15,5646125.0,1725.0,1596.9,1620.0,1596.9,1620.0,1523800.0,25.0
NIFTY,26-DEC-2024,26000.0,13-12-2024 11:39:00,5.15,5.3,5.15,5.2,5646125.0,10300.0,1620.0,1620.0,1613.6,1613.6,1523800.0,25.0
NIFTY,26-DEC-2024,26000.0,13-12-2024 11:40:00,5.2,5.2,5.1,5.15,5655050.0,6075.0,1613.6,1613.6,1613.6,1613.6,1523800.0,0.0
NIFTY,26-DEC-2024,26000.0,13-12-2024 11:41:00,5.15,5.2,5.15,5.2,5655050.0,4250.0,1613.6,1613.6,1613.6,1613.6,1523800.0,0.0
NIFTY,26-DEC-2024,26000.0,13-12-2024 11:42:00,5.2,5.3,5.1,5.15,5655050.0,5575.0,1613.6,1613.6,1605.45,1605.45,1523775.0,25.0
NIFTY,26-DEC-2024,26000.0,13-12-2024 11:43:00,5.15,5.3,5.15,5.25,5654225.0,7600.0,1605.45,1605.45,1587.0,1587.0,1523800.0,75.0
NIFTY,26-DEC-2024,26000.0,13-12-2024 11:44:00,5.2,5.25,5.2,5.2,5654225.0,4050.0,1587.0,1587.0,1584.85,1587.0,1523800.0,50.0
NIFTY,26-DEC-2024,26000.0,13-12-2024 11:45:00,5.2,5.2,5.1,5.15,5654225.0,9975.0,1587.0,1587.0,1580.45,1580.45,1523800.0,725.0
NIFTY,26-DEC-2024,26000.0,13-12-2024 11:46:00,5.15,5.25,5.1,5.25,5655325.0,1675.0,1580.45,1580.45,1580.45,1580.45,1523800.0,0.0
NIFTY,26-DEC-2024,26000.0,13-12-2024 11:47:00,5.25,5.3,5.15,5.15,5655325.0,19925.0,1580.45,1581.9,1580.45,1581.9,1523800.0,25.0
NIFTY,26-DEC-2024,26000.0,13-12-2024 11:48:00,5.15,5.15,5.1,5.15,5655325.0,5950.0,1580.85,1580.85,1580.85,1580.85,1523800.0,25.0
NIFTY,26-DEC-2024,26000.0,13-12-2024 11:49:00,5.15,5.2,5.1,5.15,5655875.0,2000.0,1580.85,1580.85,1580.85,1580.85,1523800.0,0.0
NIFTY,26-DEC-2024,26000.0,13-12-2024 11:50:00,5.15,5.15,5.1,5.15,5655875.0,8475.0,1580.85,1580.85,1572.85,1574.45,1524100.0,425.0
NIFTY,26-DEC-2024,26000.0,13-12-2024 11:51:00,5.1,5.2,5.1,5.2,5655875.0,14575.0,1574.45,1574.45,1566.0,1566.0,1524100.0,150.0
NIFTY,26-DEC-2024,26000.0,13-12-2024 11:52:00,5.15,5.35,5.15,5.3,5658475.0,12125.0,1566.0,1566.0,1549.9,1553.3,1524375.0,525.0
NIFTY,26-DEC-2024,26000.0,13-12-2024 11:53:00,5.3,5.3,5.25,5.3,5658475.0,9325.0,1553.3,1559.15,1553.0,1559.15,1524375.0,125.0
NIFTY,26-DEC-2024,26000.0,13-12-2024 11:54:00,5.3,5.45,5.3,5.45,5658475.0,6875.0,1559.15,1559.15,1559.15,1559.15,1524375.0,25.0
NIFTY,26-DEC-2024,26000.0,13-12-2024 11:55:00,5.55,5.9,5.55,5.8,5665150.0,39625.0,1540.0,1540.0,1496.9,1496.9,1524350.0,850.0
NIFTY,26-DEC-2024,26000.0,13-12-2024 11:56:00,5.95,6.15,5.8,5.85,5665150.0,43475.0,1480.9,1480.9,1453.7,1479.1,1524350.0,625.0
NIFTY,26-DEC-2024,26000.0,13-12-2024 11:57:00,5.7,5.9,5.65,5.8,5665150.0,23525.0,1479.1,1485.7,1475.25,1475.35,1524350.0,100.0
NIFTY,26-DEC-2024,26000.0,13-12-2024 11:58:00,5.8,6.45,5.8,6.45,5664025.0,29100.0,1475.35,1475.35,1430.0,1430.0,1523375.0,675.0
NIFTY,26-DEC-2024,26000.0,13-12-2024 11:59:00,6.4,7.1,6.4,6.85,5664025.0,55375.0,1430.0,1430.0,1385.0,1385.0,1523375.0,225.0
NIFTY,26-DEC-2024,26000.0,13-12-2024 12:00:00,6.9,7.45,6.85,7.2,5664025.0,65650.0,1385.0,1385.0,1350.0,1361.9,1523375.0,2350.0
NIFTY,26-DEC-2024,26000.0,13-12-2024 12:01:00,7.15,7.15,5.7,5.75,5669250.0,53725.0,1369.55,1452.0,1369.55,1446.3,1520650.0,800.0
NIFTY,26-DEC-2024,26000.0,13-12-2024 12:02:00,5.8,6.65,5.8,6.55,5669250.0,40350.0,1446.3,1446.3,1410.6,1411.0,1520650.0,100.0
NIFTY,26-DEC-2024,26000.0,13-12-2024 12:03:00,6.55,6.55,6.2,6.25,5669250.0,26925.0,1411.0,1414.25,1401.65,1403.65,1520650.0,550.0
NIFTY,26-DEC-2024,26000.0,13-12-2024 12:04:00,6.25,6.4,6.2,6.35,5668225.0,15300.0,1403.65,1413.3,1403.65,1405.0,1520125.0,450.0
NIFTY,26-DEC-2024,26000.0,13-12-2024 12:05:00,6.4,6.4,6.1,6.1,5668225.0,3725.0,1405.0,1405.0,1405.0,1405.0,1520125.0,0.0
NIFTY,26-DEC-2024,26000.0,13-12-2024 12:06:00,6.05,6.05,5.9,5.95,5668225.0,20400.0,1405.0,1428.65,1405.0,1428.65,1520125.0,100.0
NIFTY,26-DEC-2024,26000.0,13-12-2024 12:07:00,5.95,6.1,5.9,6.1,5677175.0,20500.0,1428.65,1435.45,1428.65,1435.45,1520125.0,25.0
NIFTY,26-DEC-2024,26000.0,13-12-2024 12:08:00,6.1,6.25,6.05,6.25,5677175.0,16350.0,1435.45,1435.45,1403.25,1403.25,1519925.0,175.0
NIFTY,26-DEC-2024,26000.0,13-12-2024 12:09:00,6.3,6.3,6.2,6.2,5677175.0,12000.0,1403.25,1408.8,1403.25,1408.8,1519925.0,100.0
NIFTY,26-DEC-2024,26000.0,13-12-2024 12:10:00,6.15,6.2,6.1,6.2,5681100.0,14275.0,1408.8,1408.8,1408.8,1408.8,1519925.0,50.0
NIFTY,26-DEC-2024,26000.0,13-12-2024 12:11:00,6.2,6.2,6.1,6.2,5681100.0,18400.0,1408.8,1408.8,1408.8,1408.8,1519925.0,0.0
NIFTY,26-DEC-2024,26000.0,13-12-2024 12:12:00,6.2,6.2,6.1,6.1,5681100.0,20650.0,1408.8,1430.45,1408.8,1424.65,1519825.0,175.0
NIFTY,26-DEC-2024,26000.0,13-12-2024 12:13:00,6.1,6.45,6.1,6.35,5700325.0,13600.0,1424.65,1424.65,1403.1,1403.1,1519875.0,75.0
NIFTY,26-DEC-2024,26000.0,13-12-2024 12:14:00,6.4,6.6,6.4,6.45,5700325.0,23950.0,1403.1,1403.1,1380.0,1380.0,1519875.0,100.0
NIFTY,26-DEC-2024,26000.0,13-12-2024 12:15:00,6.45,6.8,6.4,6.75,5700325.0,22250.0,1380.0,1382.5,1380.0,1382.35,1519875.0,75.0
NIFTY,26-DEC-2024,26000.0,13-12-2024 12:16:00,6.75,6.8,6.6,6.6,5700025.0,21450.0,1382.35,1385.05,1382.35,1385.05,1519875.0,50.0
NIFTY,26-DEC-2024,26000.0,13-12-2024 12:17:00,6.6,6.9,6.45,6.75,5700025.0,32650.0,1385.05,1385.05,1360.0,1362.0,1519875.0,300.0
NIFTY,26-DEC-2024,26000.0,13-12-2024 12:18:00,6.75,6.8,6.45,6.7,5700025.0,53675.0,1369.0,1369.0,1351.0,1351.95,1519875.0,125.0
NIFTY,26-DEC-2024,26000.0,13-12-2024 12:19:00,6.7,6.9,6.6,6.8,5704175.0,76200.0,1351.95,1355.0,1351.95,1355.0,1519875.0,125.0
NIFTY,26-DEC-2024,26000.0,13-12-2024 12:20:00,6.8,7.3,6.8,7.1,5704175.0,114250.0,1355.35,1365.0,1350.0,1365.0,1519875.0,350.0
NIFTY,26-DEC-2024,26000.0,13-12-2024 12:21:00,7.1,7.15,6.65,6.8,5704175.0,55125.0,1365.0,1367.65,1365.0,1367.65,1519875.0,75.0
NIFTY,26-DEC-2024,26000.0,13-12-2024 12:22:00,6.85,6.85,6.55,6.75,5688025.0,57600.0,1367.65,1367.65,1367.65,1367.65,1519875.0,50.0
NIFTY,26-DEC-2024,26000.0,13-12-2024 12:23:00,6.8,6.9,6.65,6.65,5688025.0,75700.0,1367.65,1376.0,1367.65,1376.0,1519925.0,125.0
NIFTY,26-DEC-2024,26000.0,13-12-2024 12:24:00,6.65,7.05,6.6,7.05,5688025.0,86325.0,1376.0,1376.0,1368.0,1368.0,1519925.0,25.0
NIFTY,26-DEC-2024,26000.0,13-12-2024 12:25:00,7.1,7.1,6.85,7.0,5662625.0,62125.0,1368.0,1368.0,1368.0,1368.0,1519925.0,0.0
NIFTY,26-DEC-2024,26000.0,13-12-2024 12:26:00,7.0,7.0,6.9,7.0,5662625.0,37650.0,1368.0,1368.0,1327.2,1330.4,1519875.0,275.0
NIFTY,26-DEC-2024,26000.0,13-12-2024 12:27:00,7.0,7.0,6.8,6.8,5662625.0,24550.0,1330.4,1335.0,1322.8,1322.8,1519875.0,100.0
NIFTY,26-DEC-2024,26000.0,13-12-2024 12:28:00,6.8,6.85,6.7,6.75,5614175.0,17300.0,1322.8,1355.55,1322.8,1355.55,1519600.0,375.0
NIFTY,26-DEC-2024,26000.0,13-12-2024 12:29:00,6.8,6.9,6.7,6.8,5614175.0,7925.0,1355.55,1367.9,1355.55,1367.9,1519600.0,250.0
NIFTY,26-DEC-2024,26000.0,13-12-2024 12:30:00,6.8,6.85,6.65,6.65,5614175.0,8900.0,1359.3,1359.3,1359.3,1359.3,1519600.0,25.0
NIFTY,26-DEC-2024,26000.0,13-12-2024 12:31:00,6.7,6.75,6.5,6.55,5619975.0,35075.0,1359.3,1370.0,1359.3,1368.4,1519175.0,625.0
NIFTY,26-DEC-2024,26000.0,13-12-2024 12:32:00,6.6,6.6,6.4,6.45,5619975.0,10525.0,1368.4,1385.75,1368.4,1385.75,1519175.0,125.0
NIFTY,26-DEC-2024,26000.0,13-12-2024 12:33:00,6.45,6.45,6.05,6.3,5619975.0,8475.0,1385.75,1406.1,1378.9,1378.9,1519175.0,350.0
NIFTY,26-DEC-2024,26000.0,13-12-2024 12:34:00,6.3,6.3,6.0,6.0,5629125.0,12025.0,1378.9,1396.0,1378.9,1396.0,1518850.0,100.0
NIFTY,26-DEC-2024,26000.0,13-12-2024 12:35:00,6.05,6.25,6.05,6.25,5629125.0,4550.0,1402.9,1402.9,1402.9,1402.9,1518850.0,25.0
NIFTY,26-DEC-2024,26000.0,13-12-2024 12:36:00,6.25,6.25,6.1,6.15,5629125.0,7925.0,1402.9,1402.9,1402.9,1402.9,1518850.0,100.0
NIFTY,26-DEC-2024,26000.0,13-12-2024 12:37:00,6.15,6.25,6.15,6.25,5628975.0,5950.0,1402.9,1402.9,1402.9,1402.9,1518850.0,0.0
NIFTY,26-DEC-2024,26000.0,13-12-2024 12:38:00,6.25,6.3,6.2,6.2,5628975.0,4125.0,1402.9,1402.9,1402.9,1402.9,1518850.0,0.0
NIFTY,26-DEC-2024,26000.0,13-12-2024 12:39:00,6.25,6.45,6.2,6.45,5628975.0,11400.0,1393.8,1393.8,1389.2,1390.0,1518800.0,100.0
NIFTY,26-DEC-2024,26000.0,13-12-2024 12:40:00,6.45,6.45,6.25,6.3,5628975.0,8125.0,1390.0,1397.7,1390.0,1397.7,1518850.0,50.0
NIFTY,26-DEC-2024,26000.0,13-12-2024 12:41:00,6.3,6.3,6.25,6.25,5628975.0,550.0,1397.7,1405.45,1397.7,1405.45,1518850.0,25.0
NIFTY,26-DEC-2024,26000.0,13-12-2024 12:42:00,6.4,6.4,6.2,6.3,5628975.0,6075.0,1405.45,1405.45,1405.45,1405.45,1518850.0,0.0
NIFTY,26-DEC-2024,26000.0,13-12-2024 12:43:00,6.3,6.5,6.3,6.3,5632325.0,4250.0,1405.45,1405.45,1405.25,1405.25,1518850.0,25.0
NIFTY,26-DEC-2024,26000.0,13-12-2024 12:44:00,6.3,6.3,6.2,6.25,5632325.0,8725.0,1405.25,1414.25,1400.3,1408.0,1518850.0,125.0
NIFTY,26-DEC-2024,26000.0,13-12-2024 12:45:00,6.2,6.3,6.1,6.2,5632325.0,6325.0,1408.0,1426.8,1408.0,1426.8,1518850.0,75.0
NIFTY,26-DEC-2024,26000.0,13-12-2024 12:46:00,6.25,6.4,6.2,6.4,5636400.0,9000.0,1426.8,1429.4,1419.6,1419.6,1518850.0,50.0
NIFTY,26-DEC-2024,26000.0,13-12-2024 12:47:00,6.4,6.4,6.3,6.3,5636400.0,6975.0,1409.75,1409.75,1409.35,1409.35,1518850.0,75.0
NIFTY,26-DEC-2024,26000.0,13-12-2024 12:48:00,6.35,6.35,6.25,6.3,5636400.0,4975.0,1399.0,1399.0,1393.75,1393.75,1518850.0,50.0
NIFTY,26-DEC-2024,26000.0,13-12-2024 12:49:00,6.3,6.4,6.25,6.4,5630475.0,7175.0,1393.75,1393.75,1383.3,1383.3,1518775.0,25.0
NIFTY,26-DEC-2024,26000.0,13-12-2024 12:50:00,6.4,6.5,6.35,6.45,5630475.0,2125.0,1383.3,1383.3,1375.0,1380.75,1518775.0,250.0
NIFTY,26-DEC-2024,26000.0,13-12-2024 12:51:00,6.5,6.5,6.4,6.45,5630475.0,3200.0,1380.75,1380.75,1380.05,1380.05,1518775.0,175.0
NIFTY,26-DEC-2024,26000.0,13-12-2024 12:52:00,6.45,6.55,6.4,6.45,5633800.0,7925.0,1384.25,1384.25,1375.6,1375.6,1518525.0,125.0
NIFTY,26-DEC-2024,26000.0,13-12-2024 12:53:00,6.45,6.55,6.45,6.45,5633800.0,1975.0,1375.6,1375.6,1375.2,1375.2,1518525.0,50.0
NIFTY,26-DEC-2024,26000.0,13-12-2024 12:54:00,6.45,6.5,6.4,6.4,5633800.0,4300.0,1375.2,1375.2,1370.0,1370.0,1518525.0,100.0
NIFTY,26-DEC-2024,26000.0,13-12-2024 12:55:00,6.4,6.5,6.4,6.5,5626800.0,2875.0,1370.0,1370.0,1370.0,1370.0,1518525.0,0.0
NIFTY,26-DEC-2024,26000.0,13-12-2024 12:56:00,6.55,6.6,6.45,6.45,5626800.0,9800.0,1366.0,1366.0,1366.0,1366.0,1518525.0,25.0
NIFTY,26-DEC-2024,26000.0,13-12-2024 12:57:00,6.55,6.65,6.45,6.6,5626800.0,5200.0,1366.0,1366.7,1362.45,1366.7,1518500.0,125.0
NIFTY,26-DEC-2024,26000.0,13-12-2024 12:58:00,6.6,6.65,6.55,6.6,5633550.0,4250.0,1366.7,1366.7,1366.7,1366.7,1518500.0,0.0
NIFTY,26-DEC-2024,26000.0,13-12-2024 12:59:00,6.65,7.2,6.65,7.05,5633550.0,34500.0,1366.7,1366.7,1321.05,1321.05,1518525.0,25.0
NIFTY,26-DEC-2024,26000.0,13-12-2024 13:00:00,7.1,7.5,7.0,7.45,5633550.0,39175.0,1299.0,1299.0,1276.35,1276.35,1518525.0,775.0
NIFTY,26-DEC-2024,26000.0,13-12-2024 13:01:00,7.5,7.5,7.05,7.2,5605150.0,60575.0,1265.55,1281.65,1265.55,1278.05,1518350.0,275.0
NIFTY,26-DEC-2024,26000.0,13-12-2024 13:02:00,7.15,7.35,7.0,7.05,5605150.0,39400.0,1272.0,1272.0,1260.0,1263.75,1518350.0,600.0
NIFTY,26-DEC-2024,26000.0,13-12-2024 13:03:00,7.15,7.15,6.85,6.85,5605150.0,46150.0,1263.75,1278.0,1263.0,1276.6,1518350.0,350.0
NIFTY,26-DEC-2024,26000.0,13-12-2024 13:04:00,6.8,7.3,6.8,7.3,5583525.0,50250.0,1276.6,1285.0,1276.6,1277.6,1518050.0,1100.0
NIFTY,26-DEC-2024,26000.0,13-12-2024 13:05:00,7.3,7.4,7.25,7.35,5583525.0,14475.0,1277.6,1279.5,1277.6,1279.2,1518050.0,50.0
NIFTY,26-DEC-2024,26000.0,13-12-2024 13:06:00,7.35,7.35,7.15,7.25,5583525.0,11525.0,1279.2,1283.0,1273.0,1283.0,1518050.0,1125.0
NIFTY,26-DEC-2024,26000.0,13-12-2024 13:07:00,7.3,7.35,7.1,7.35,5584650.0,10625.0,1283.0,1289.5,1283.0,1289.5,1518350.0,75.0
NIFTY,26-DEC-2024,26000.0,13-12-2024 13:08:00,7.4,7.4,7.2,7.2,5584650.0,9300.0,1274.3,1288.2,1274.3,1288.2,1518350.0,375.0
NIFTY,26-DEC-2024,26000.0,13-12-2024 13:09:00,7.2,7.25,7.05,7.15,5584650.0,23150.0,1288.0,1290.5,1288.0,1288.15,1518350.0,125.0
NIFTY,26-DEC-2024,26000.0,13-12-2024 13:10:00,7.15,7.3,7.15,7.25,5592275.0,2850.0,1285.6,1285.6,1285.6,1285.6,1518350.0,200.0
NIFTY,26-DEC-2024,26000.0,13-12-2024 13:11:00,7.3,7.35,6.8,6.9,5592275.0,35275.0,1285.6,1300.0,1274.1,1292.2,1518050.0,550.0
NIFTY,26-DEC-2024,26000.0,13-12-2024 13:12:00,6.9,6.95,6.7,6.8,5592275.0,10800.0,1292.2,1313.95,1292.2,1307.35,1518050.0,650.0
NIFTY,26-DEC-2024,26000.0,13-12-2024 13:13:00,6.85,6.85,6.55,6.7,5597250.0,4700.0,1307.35,1315.0,1307.35,1310.5,1517800.0,500.0
NIFTY,26-DEC-2024,26000.0,13-12-2024 13:14:00,6.65,6.75,6.6,6.75,5597250.0,6550.0,1311.6,1312.5,1310.0,1310.0,1517800.0,1025.0
NIFTY,26-DEC-2024,26000.0,13-12-2024 13:15:00,6.75,6.9,6.7,6.9,5597250.0,2675.0,1310.0,1310.0,1290.25,1290.25,1517800.0,175.0
NIFTY,26-DEC-2024,26000.0,13-12-2024 13:16:00,6.8,6.8,6.6,6.6,5599675.0,6975.0,1290.25,1325.0,1290.25,1325.0,1516525.0,350.0
NIFTY,26-DEC-2024,26000.0,13-12-2024 13:17:00,6.65,6.75,6.5,6.6,5599675.0,14350.0,1325.0,1329.5,1325.0,1329.5,1516525.0,25.0
NIFTY,26-DEC-2024,26000.0,13-12-2024 13:18:00,6.6,6.6,6.45,6.5,5599675.0,4750.0,1329.5,1329.5,1329.5,1329.5,1516525.0,0.0
NIFTY,26-DEC-2024,26000.0,13-12-2024 13:19:00,6.5,6.75,6.5,6.5,5606050.0,20225.0,1329.5,1329.5,1322.5,1322.5,1516550.0,100.0
NIFTY,26-DEC-2024,26000.0,13-12-2024 13:20:00,6.5,6.5,6.4,6.45,5606050.0,18075.0,1322.5,1341.0,1322.5,1341.0,1516550.0,100.0
NIFTY,26-DEC-2024,26000.0,13-12-2024 13:21:00,6.5,6.5,6.35,6.5,5606050.0,4150.0,1341.0,1350.15,1340.0,1340.0,1516550.0,175.0
NIFTY,26-DEC-2024,26000.0,13-12-2024 13:22:00,6.5,6.75,6.4,6.75,5616300.0,9175.0,1340.0,1345.0,1332.4,1332.4,1516950.0,1350.0
NIFTY,26-DEC-2024,26000.0,13-12-2024 13:23:00,6.75,6.8,6.7,6.75,5616300.0,4800.0,1332.4,1332.4,1312.85,1312.85,1516950.0,650.0
NIFTY,26-DEC-2024,26000.0,13-12-2024 13:24:00,6.8,7.0,6.75,6.85,5616300.0,17250.0,1312.85,1312.85,1312.85,1312.85,1516950.0,0.0
NIFTY,26-DEC-2024,26000.0,13-12-2024 13:25:00,6.95,7.05,6.9,6.9,5612975.0,9800.0,1312.85,1312.85,1312.85,1312.85,1516950.0,0.0
NIFTY,26-DEC-2024,26000.0,13-12-2024 13:26:00,6.9,7.0,6.85,6.85,5612975.0,1325.0,1312.85,1312.85,1285.4,1304.8,1516950.0,575.0
NIFTY,26-DEC-2024,26000.0,13-12-2024 13:27:00,7.0,7.0,6.75,6.95,5612975.0,4350.0,1304.8,1304.8,1300.0,1300.0,1516425.0,500.0
NIFTY,26-DEC-2024,26000.0,13-12-2024 13:28:00,7.0,7.0,6.7,7.0,5611925.0,3575.0,1296.75,1296.75,1293.0,1293.0,1516425.0,1025.0
NIFTY,26-DEC-2024,26000.0,13-12-2024 13:29:00,6.95,7.0,6.65,6.75,5611925.0,26525.0,1293.0,1293.0,1285.0,1285.0,1516425.0,175.0
NIFTY,26-DEC-2024,26000.0,13-12-2024 13:30:00,6.75,6.8,6.65,6.75,5611925.0,6025.0,1285.0,1292.45,1285.0,1290.85,1516425.0,525.0
NIFTY,26-DEC-2024,26000.0,13-12-2024 13:31:00,6.75,6.8,6.55,6.6,5601650.0,2750.0,1290.85,1290.85,1284.0,1290.0,1516975.0,700.0
NIFTY,26-DEC-2024,26000.0,13-12-2024 13:32:00,6.6,6.9,6.55,6.8,5601650.0,30525.0,1290.0,1295.0,1290.0,1295.0,1516975.0,500.0
NIFTY,26-DEC-2024,26000.0,13-12-2024 13:33:00,6.8,6.85,6.7,6.7,5601650.0,7675.0,1295.0,1295.0,1270.0,1270.0,1516975.0,350.0
NIFTY,26-DEC-2024,26000.0,13-12-2024 13:34:00,6.7,6.75,6.55,6.55,5603900.0,3975.0,1270.0,1278.45,1270.0,1275.0,1516875.0,300.0
NIFTY,26-DEC-2024,26000.0,13-12-2024 13:35:00,6.55,6.85,6.55,6.8,5603900.0,8975.0,1275.7,1279.3,1260.95,1263.1,1516875.0,450.0
NIFTY,26-DEC-2024,26000.0,13-12-2024 13:36:00,6.9,7.15,6.9,6.9,5603900.0,6975.0,1260.0,1260.0,1255.0,1257.6,1516875.0,400.0
NIFTY,26-DEC-2024,26000.0,13-12-2024 13:37:00,6.95,7.15,6.95,6.95,5609575.0,4650.0,1253.0,1260.5,1252.0,1260.5,1516275.0,2100.0
NIFTY,26-DEC-2024,26000.0,13-12-2024 13:38:00,6.95,7.15,6.95,7.15,5609575.0,7075.0,1256.0,1256.0,1250.0,1252.45,1516275.0,375.0
NIFTY,26-DEC-2024,26000.0,13-12-2024 13:39:00,7.15,7.2,7.1,7.2,5609575.0,9500.0,1252.45,1252.45,1250.0,1250.0,1516275.0,25.0
NIFTY,26-DEC-2024,26000.0,13-12-2024 13:40:00,7.1,7.3,7.1,7.25,5614250.0,38350.0,1253.6,1262.15,1250.0,1262.15,1516275.0,450.0
NIFTY,26-DEC-2024,26000.0,13-12-2024 13:41:00,7.25,7.3,7.1,7.2,5614250.0,10700.0,1262.15,1262.15,1245.0,1245.0,1515900.0,50.0
NIFTY,26-DEC-2024,26000.0,13-12-2024 13:42:00,7.2,7.45,7.2,7.4,5614250.0,25275.0,1240.0,1240.0,1218.05,1218.05,1515900.0,1625.0
NIFTY,26-DEC-2024,26000.0,13-12-2024 13:43:00,7.4,7.45,7.25,7.45,5605650.0,26550.0,1218.05,1225.3,1218.05,1225.3,1514375.0,325.0
NIFTY,26-DEC-2024,26000.0,13-12-2024 13:44:00,7.45,7.5,7.05,7.1,5605650.0,30975.0,1225.0,1232.65,1225.0,1232.65,1514375.0,375.0
NIFTY,26-DEC-2024,26000.0,13-12-2024 13:45:00,7.1,7.25,7.05,7.25,5605650.0,10275.0,1232.65,1232.65,1220.0,1220.0,1514375.0,200.0
NIFTY,26-DEC-2024,26000.0,13-12-2024 13:46:00,7.2,7.45,7.1,7.4,5615375.0,10350.0,1223.5,1232.65,1216.0,1216.0,1514375.0,175.0
NIFTY,26-DEC-2024,26000.0,13-12-2024 13:47:00,7.4,7.45,7.3,7.4,5615375.0,6050.0,1216.0,1217.6,1214.2,1215.0,1514200.0,475.0
NIFTY,26-DEC-2024,26000.0,13-12-2024 13:48:00,7.45,7.45,7.3,7.35,5615375.0,21850.0,1215.0,1224.6,1215.0,1215.0,1514200.0,350.0
NIFTY,26-DEC-2024,26000.0,13-12-2024 13:49:00,7.45,7.45,7.3,7.3,5623050.0,47750.0,1214.55,1219.55,1214.4,1219.55,1513675.0,500.0
NIFTY,26-DEC-2024,26000.0,13-12-2024 13:50:00,7.3,7.35,7.2,7.25,5623050.0,14200.0,1219.55,1224.95,1219.55,1223.65,1513675.0,50.0
NIFTY,26-DEC-2024,26000.0,13-12-2024 13:51:00,7.25,7.35,7.15,7.35,5623050.0,6950.0,1223.65,1223.65,1223.65,1223.65,1513675.0,0.0
NIFTY,26-DEC-2024,26000.0,13-12-2024 13:52:00,7.35,7.4,7.2,7.35,5613200.0,13025.0,1212.0,1212.0,1199.35,1199.35,1513900.0,1100.0
NIFTY,26-DEC-2024,26000.0,13-12-2024 13:53:00,7.35,7.4,7.2,7.2,5613200.0,6400.0,1199.35,1213.05,1199.35,1213.05,1513900.0,100.0
NIFTY,26-DEC-2024,26000.0,13-12-2024 13:54:00,7.2,7.2,6.9,6.9,5613200.0,16000.0,1215.0,1235.0,1215.0,1235.0,1513900.0,925.0
NIFTY,26-DEC-2024,26000.0,13-12-2024 13:55:00,6.9,6.95,6.7,6.8,5619000.0,13750.0,1235.0,1240.95,1230.65,1240.95,1512925.0,550.0
NIFTY,26-DEC-2024,26000.0,13-12-2024 13:56:00,6.7,6.95,6.7,6.95,5619000.0,14975.0,1240.95,1244.45,1230.0,1230.0,1512925.0,550.0
NIFTY,26-DEC-2024,26000.0,13-12-2024 13:57:00,6.95,7.15,6.95,7.0,5619000.0,12475.0,1230.0,1233.65,1230.0,1230.0,1512925.0,275.0
NIFTY,26-DEC-2024,26000.0,13-12-2024 13:58:00,7.0,7.05,6.85,7.05,5617625.0,11025.0,1230.0,1230.0,1222.3,1222.3,1512800.0,275.0
NIFTY,26-DEC-2024,26000.0,13-12-2024 13:59:00,7.05,7.05,6.9,7.0,5617625.0,23525.0,1222.3,1222.3,1216.4,1216.6,1512800.0,2150.0
NIFTY,26-DEC-2024,26000.0,13-12-2024 14:00:00,7.0,7.1,6.95,7.1,5617625.0,8375.0,1216.6,1218.7,1216.6,1217.85,1512800.0,2800.0
NIFTY,26-DEC-2024,26000.0,13-12-2024 14:01:00,7.1,7.3,7.1,7.25,5613825.0,2925.0,1217.85,1217.85,1200.0,1200.0,1512800.0,175.0
NIFTY,26-DEC-2024,26000.0,13-12-2024 14:02:00,7.25,7.45,7.2,7.35,5613825.0,15000.0,1202.0,1202.0,1195.0,1196.75,1513000.0,3025.0
NIFTY,26-DEC-2024,26000.0,13-12-2024 14:03:00,7.35,7.4,7.15,7.15,5613825.0,8175.0,1196.75,1216.1,1196.75,1214.55,1513000.0,1500.0
NIFTY,26-DEC-2024,26000.0,13-12-2024 14:04:00,7.15,7.25,7.1,7.2,5612550.0,5400.0,1214.55,1225.7,1212.1,1221.05,1513125.0,125.0
NIFTY,26-DEC-2024,26000.0,13-12-2024 14:05:00,7.2,7.2,7.0,7.15,5612550.0,4025.0,1221.05,1226.6,1221.05,1226.6,1513125.0,325.0
NIFTY,26-DEC-2024,26000.0,13-12-2024 14:06:00,7.05,7.1,6.9,6.95,5612550.0,11100.0,1226.6,1226.6,1222.35,1224.55,1513125.0,425.0
NIFTY,26-DEC-2024,26000.0,13-12-2024 14:07:00,6.9,6.9,6.75,6.75,5610775.0,5250.0,1224.55,1234.95,1224.55,1234.95,1512575.0,75.0
NIFTY,26-DEC-2024,26000.0,13-12-2024 14:08:00,6.9,7.1,6.85,7.05,5610775.0,53875.0,1234.95,1234.95,1213.95,1213.95,1512575.0,175.0
NIFTY,26-DEC-2024,26000.0,13-12-2024 14:09:00,7.05,7.15,7.0,7.05,5610775.0,18200.0,1213.95,1213.95,1207.8,1208.0,1512575.0,225.0
NIFTY,26-DEC-2024,26000.0,13-12-2024 14:10:00,7.1,7.15,7.05,7.15,5610625.0,8750.0,1208.0,1208.95,1205.0,1205.0,1512300.0,550.0
NIFTY,26-DEC-2024,26000.0,13-12-2024 14:11:00,7.15,7.15,7.0,7.15,5610625.0,5825.0,1205.0,1210.0,1205.0,1208.65,1512300.0,700.0
NIFTY,26-DEC-2024,26000.0,13-12-2024 14:12:00,7.15,7.15,7.0,7.05,5610625.0,2600.0,1208.65,1208.65,1208.65,1208.65,1512300.0,0.0
NIFTY,26-DEC-2024,26000.0,13-12-2024 14:13:00,7.05,7.05,6.9,6.9,5611675.0,5850.0,1208.65,1223.1,1208.65,1223.1,1512300.0,375.0
NIFTY,26-DEC-2024,26000.0,13-12-2024 14:14:00,6.85,6.9,6.75,6.8,5611675.0,23550.0,1223.1,1223.1,1220.0,1220.0,1511475.0,1075.0
NIFTY,26-DEC-2024,26000.0,13-12-2024 14:15:00,6.8,6.8,6.6,6.65,5611675.0,10400.0,1220.0,1228.1,1220.0,1228.1,1511475.0,50.0
NIFTY,26-DEC-2024,26000.0,13-12-2024 14:16:00,6.65,6.9,6.65,6.75,5622525.0,23000.0,1228.1,1228.1,1200.0,1200.0,1510200.0,75.0
NIFTY,26-DEC-2024,26000.0,13-12-2024 14:17:00,6.75,6.8,6.7,6.75,5622525.0,15275.0,1198.0,1198.0,1198.0,1198.0,1510200.0,25.0
NIFTY,26-DEC-2024,26000.0,13-12-2024 14:18:00,6.8,6.9,6.75,6.75,5622525.0,17475.0,1198.0,1198.0,1195.0,1195.0,1510200.0,325.0
NIFTY,26-DEC-2024,26000.0,13-12-2024 14:19:00,6.75,6.8,6.65,6.8,5625850.0,12300.0,1195.0,1208.0,1195.0,1207.75,1509925.0,125.0
NIFTY,26-DEC-2024,26000.0,13-12-2024 14:20:00,6.75,6.85,6.75,6.8,5625850.0,6150.0,1207.75,1207.75,1199.3,1199.3,1509925.0,50.0
NIFTY,26-DEC-2024,26000.0,13-12-2024 14:21:00,6.8,6.8,6.6,6.6,5625850.0,8050.0,1199.3,1200.0,1197.4,1200.0,1509925.0,250.0
NIFTY,26-DEC-2024,26000.0,13-12-2024 14:22:00,6.6,6.7,6.45,6.5,5622675.0,23825.0,1203.45,1203.45,1203.45,1203.45,1509925.0,75.0
NIFTY,26-DEC-2024,26000.0,13-12-2024 14:23:00,6.5,6.6,6.4,6.6,5622675.0,10375.0,1203.45,1205.25,1203.45,1205.25,1509825.0,125.0
NIFTY,26-DEC-2024,26000.0,13-12-2024 14:24:00,6.6,6.75,6.55,6.75,5622675.0,4850.0,1205.25,1205.25,1200.0,1200.0,1509825.0,175.0
NIFTY,26-DEC-2024,26000.0,13-12-2024 14:25:00,6.75,6.85,6.7,6.8,5620175.0,6400.0,1200.0,1202.25,1200.0,1202.25,1509700.0,225.0
NIFTY,26-DEC-2024,26000.0,13-12-2024 14:26:00,6.8,6.95,6.8,6.9,5620175.0,7475.0,1202.25,1202.25,1202.25,1202.25,1509700.0,0.0
NIFTY,26-DEC-2024,26000.0,13-12-2024 14:27:00,6.85,7.25,6.85,7.15,5620175.0,17975.0,1202.25,1202.25,1175.2,1175.2,1509700.0,2775.0
NIFTY,26-DEC-2024,26000.0,13-12-2024 14:28:00,7.15,7.25,7.1,7.15,5621075.0,7250.0,1177.0,1185.45,1177.0,1185.45,1509250.0,300.0
NIFTY,26-DEC-2024,26000.0,13-12-2024 14:29:00,7.05,7.1,6.9,6.95,5621075.0,12325.0,1180.4,1185.0,1180.4,1185.0,1509250.0,75.0
NIFTY,26-DEC-2024,26000.0,13-12-2024 14:30:00,7.0,7.0,6.85,6.9,5621075.0,5525.0,1185.0,1197.0,1185.0,1197.0,1509250.0,100.0
NIFTY,26-DEC-2024,26000.0,13-12-2024 14:31:00,6.9,7.1,6.85,7.05,5627500.0,9350.0,1198.25,1198.25,1185.2,1185.2,1509200.0,150.0
NIFTY,26-DEC-2024,26000.0,13-12-2024 14:32:00,7.05,7.15,7.0,7.1,5627500.0,8350.0,1185.2,1189.95,1185.2,1189.95,1509200.0,50.0
NIFTY,26-DEC-2024,26000.0,13-12-2024 14:33:00,7.1,7.15,6.9,7.0,5627500.0,11475.0,1189.95,1195.0,1189.95,1195.0,1509200.0,75.0
NIFTY,26-DEC-2024,26000.0,13-12-2024 14:34:00,7.0,7.0,6.8,6.9,5634900.0,3625.0,1195.0,1198.0,1195.0,1198.0,1509200.0,200.0
NIFTY,26-DEC-2024,26000.0,13-12-2024 14:35:00,6.85,6.9,6.7,6.75,5634900.0,7250.0,1198.0,1203.1,1198.0,1203.1,1509075.0,200.0
NIFTY,26-DEC-2024,26000.0,13-12-2024 14:36:00,6.75,6.9,6.7,6.75,5634900.0,9150.0,1197.0,1199.9,1190.9,1199.9,1509075.0,325.0
NIFTY,26-DEC-2024,26000.0,13-12-2024 14:37:00,6.8,6.9,6.75,6.8,5638900.0,6550.0,1199.9,1199.9,1193.0,1197.05,1508875.0,50.0
NIFTY,26-DEC-2024,26000.0,13-12-2024 14:38:00,6.75,6.75,6.5,6.5,5638900.0,10225.0,1204.0,1207.9,1204.0,1207.9,1508875.0,250.0
NIFTY,26-DEC-2024,26000.0,13-12-2024 14:39:00,6.55,6.6,6.4,6.4,5638900.0,14150.0,1207.9,1224.0,1207.9,1223.65,1508875.0,350.0
NIFTY,26-DEC-2024,26000.0,13-12-2024 14:40:00,6.4,6.45,6.3,6.4,5644450.0,3900.0,1223.65,1228.0,1218.5,1226.15,1508825.0,250.0
NIFTY,26-DEC-2024,26000.0,13-12-2024 14:41:00,6.45,6.55,6.3,6.55,5644450.0,10175.0,1226.15,1235.25,1220.0,1220.0,1508825.0,375.0
NIFTY,26-DEC-2024,26000.0,13-12-2024 14:42:00,6.55,6.65,6.45,6.65,5644450.0,9400.0,1215.0,1215.0,1215.0,1215.0,1508825.0,25.0
NIFTY,26-DEC-2024,26000.0,13-12-2024 14:43:00,6.65,6.65,6.55,6.65,5644450.0,6350.0,1215.0,1215.0,1204.95,1204.95,1508825.0,100.0
NIFTY,26-DEC-2024,26000.0,13-12-2024 14:44:00,6.6,6.7,6.6,6.7,5649775.0,8725.0,1204.95,1212.0,1204.95,1210.75,1508675.0,100.0
NIFTY,26-DEC-2024,26000.0,13-12-2024 14:45:00,6.7,6.75,6.6,6.6,5649775.0,14200.0,1210.75,1215.4,1210.75,1214.95,1508675.0,125.0
NIFTY,26-DEC-2024,26000.0,13-12-2024 14:46:00,6.6,6.65,6.45,6.5,5659450.0,4875.0,1214.95,1225.0,1214.95,1225.0,1508475.0,100.0
NIFTY,26-DEC-2024,26000.0,13-12-2024 14:47:00,6.5,6.5,6.35,6.5,5659450.0,7900.0,1225.0,1230.0,1225.0,1230.0,1508475.0,25.0
NIFTY,26-DEC-2024,26000.0,13-12-2024 14:48:00,6.5,6.5,6.4,6.45,5659450.0,6200.0,1230.0,1230.0,1227.65,1227.65,1508475.0,100.0
NIFTY,26-DEC-2024,26000.0,13-12-2024 14:49:00,6.45,6.5,6.45,6.5,5665600.0,3800.0,1227.65,1234.3,1227.65,1234.3,1508475.0,50.0
NIFTY,26-DEC-2024,26000.0,13-12-2024 14:50:00,6.5,6.7,6.45,6.65,5665600.0,8950.0,1234.3,1234.3,1232.95,1232.95,1508425.0,25.0
NIFTY,26-DEC-2024,26000.0,13-12-2024 14:51:00,6.65,6.7,6.6,6.65,5665600.0,10700.0,1232.95,1232.95,1230.0,1230.0,1508425.0,100.0
NIFTY,26-DEC-2024,26000.0,13-12-2024 14:52:00,6.7,6.7,6.55,6.7,5673725.0,19050.0,1230.0,1241.15,1230.0,1241.15,1508425.0,600.0
NIFTY,26-DEC-2024,26000.0,13-12-2024 14:53:00,6.65,6.7,6.65,6.7,5673725.0,7175.0,1241.15,1241.15,1233.0,1233.0,1508425.0,100.0
NIFTY,26-DEC-2024,26000.0,13-12-2024 14:54:00,6.8,7.0,6.8,6.95,5673725.0,17550.0,1233.0,1233.0,1215.0,1216.3,1508425.0,25.0
NIFTY,26-DEC-2024,26000.0,13-12-2024 14:55:00,6.95,7.0,6.65,6.75,5679025.0,25075.0,1216.3,1216.3,1208.0,1213.35,1508200.0,275.0
NIFTY,26-DEC-2024,26000.0,13-12-2024 14:56:00,6.75,6.85,6.7,6.8,5679025.0,12625.0,1213.35,1213.35,1213.35,1213.35,1508200.0,0.0
NIFTY,26-DEC-2024,26000.0,13-12-2024 14:57:00,6.75,6.85,6.75,6.8,5679025.0,2925.0,1213.35,1213.35,1206.0,1206.0,1508200.0,425.0
NIFTY,26-DEC-2024,26000.0,13-12-2024 14:58:00,6.8,6.8,6.7,6.8,5679950.0,3350.0,1206.0,1208.1,1206.0,1208.1,1508200.0,525.0
NIFTY,26-DEC-2024,26000.0,13-12-2024 14:59:00,6.8,6.8,6.6,6.7,5679950.0,22375.0,1208.1,1210.0,1208.1,1210.0,1508100.0,25.0
NIFTY,26-DEC-2024,26000.0,13-12-2024 15:00:00,6.6,6.65,6.5,6.6,5679950.0,16275.0,1210.0,1210.55,1203.0,1209.55,1508100.0,375.0
NIFTY,26-DEC-2024,26000.0,13-12-2024 15:01:00,6.6,6.6,6.45,6.5,5684550.0,9025.0,1210.05,1215.0,1210.05,1215.0,1508100.0,550.0
NIFTY,26-DEC-2024,26000.0,13-12-2024 15:02:00,6.5,6.5,6.3,6.3,5684550.0,12050.0,1215.0,1215.0,1215.0,1215.0,1508100.0,0.0
NIFTY,26-DEC-2024,26000.0,13-12-2024 15:03:00,6.4,6.4,6.3,6.3,5684550.0,7050.0,1215.0,1215.0,1215.0,1215.0,1508100.0,0.0
NIFTY,26-DEC-2024,26000.0,13-12-2024 15:04:00,6.3,6.4,6.3,6.35,5685150.0,13725.0,1215.0,1215.2,1215.0,1215.2,1508100.0,25.0
NIFTY,26-DEC-2024,26000.0,13-12-2024 15:05:00,6.4,6.5,6.4,6.45,5685150.0,12900.0,1215.2,1215.2,1189.45,1193.0,1508600.0,925.0
NIFTY,26-DEC-2024,26000.0,13-12-2024 15:06:00,6.45,6.45,6.35,6.4,5685150.0,14625.0,1193.0,1193.0,1184.2,1188.5,1508600.0,1100.0
NIFTY,26-DEC-2024,26000.0,13-12-2024 15:07:00,6.45,6.5,6.4,6.45,5685575.0,9825.0,1186.35,1190.1,1181.05,1182.3,1507750.0,3250.0
NIFTY,26-DEC-2024,26000.0,13-12-2024 15:08:00,6.45,6.65,6.45,6.65,5685575.0,12875.0,1181.65,1181.65,1171.5,1173.75,1507750.0,2725.0
NIFTY,26-DEC-2024,26000.0,13-12-2024 15:09:00,6.55,6.7,6.55,6.65,5685575.0,9525.0,1172.9,1176.9,1170.05,1170.95,1507750.0,2350.0
NIFTY,26-DEC-2024,26000.0,13-12-2024 15:10:00,6.7,6.7,6.55,6.6,5680875.0,23400.0,1170.25,1173.3,1169.1,1173.3,1507750.0,1125.0
NIFTY,26-DEC-2024,26000.0,13-12-2024 15:11:00,6.55,6.65,6.5,6.5,5680875.0,7725.0,1176.0,1186.6,1175.0,1180.85,1507350.0,5275.0
NIFTY,26-DEC-2024,26000.0,13-12-2024 15:12:00,6.5,6.65,6.5,6.55,5680875.0,12375.0,1180.85,1187.0,1175.0,1175.0,1507350.0,1450.0
NIFTY,26-DEC-2024,26000.0,13-12-2024 15:13:00,6.55,6.6,6.5,6.5,5687850.0,5400.0,1174.9,1175.85,1171.05,1171.05,1507350.0,1025.0
NIFTY,26-DEC-2024,26000.0,13-12-2024 15:14:00,6.5,6.55,6.45,6.55,5687850.0,21325.0,1171.05,1175.3,1167.5,1167.5,1503600.0,675.0
NIFTY,26-DEC-2024,26000.0,13-12-2024 15:15:00,6.55,6.55,6.4,6.5,5687850.0,19175.0,1167.5,1184.05,1167.5,1180.05,1503600.0,550.0
NIFTY,26-DEC-2024,26000.0,13-12-2024 15:16:00,6.5,6.5,6.4,6.4,5687575.0,22125.0,1180.05,1181.9,1172.3,1177.05,1503750.0,975.0
NIFTY,26-DEC-2024,26000.0,13-12-2024 15:17:00,6.4,6.5,6.35,6.4,5687575.0,25850.0,1177.8,1177.8,1172.9,1173.65,1503750.0,2450.0
NIFTY,26-DEC-2024,26000.0,13-12-2024 15:18:00,6.4,6.5,6.35,6.45,5687575.0,48775.0,1173.35,1175.0,1171.75,1172.7,1503750.0,2550.0
NIFTY,26-DEC-2024,26000.0,13-12-2024 15:19:00,6.4,6.5,6.4,6.5,5713925.0,28450.0,1171.95,1175.0,1171.5,1172.4,1504450.0,1750.0
NIFTY,26-DEC-2024,26000.0,13-12-2024 15:20:00,6.5,6.6,6.45,6.55,5713925.0,35050.0,1172.35,1180.0,1171.95,1173.85,1504450.0,3675.0
NIFTY,26-DEC-2024,26000.0,13-12-2024 15:21:00,6.6,6.65,6.5,6.6,5713925.0,24825.0,1173.0,1174.25,1170.85,1171.45,1504450.0,2750.0
NIFTY,26-DEC-2024,26000.0,13-12-2024 15:22:00,6.5,6.65,6.5,6.65,5753550.0,41550.0,1171.15,1171.15,1161.4,1161.4,1505375.0,2125.0
NIFTY,26-DEC-2024,26000.0,13-12-2024 15:23:00,6.6,6.8,6.6,6.7,5753550.0,54125.0,1161.4,1161.45,1149.75,1149.75,1505375.0,2200.0
NIFTY,26-DEC-2024,26000.0,13-12-2024 15:24:00,6.7,6.8,6.7,6.8,5753550.0,37750.0,1149.75,1155.65,1149.75,1149.9,1505375.0,1750.0
NIFTY,26-DEC-2024,26000.0,13-12-2024 15:25:00,6.75,6.95,6.75,6.9,5787775.0,37475.0,1149.9,1151.6,1149.9,1151.6,1504525.0,700.0
NIFTY,26-DEC-2024,26000.0,13-12-2024 15:26:00,6.9,7.0,6.9,6.95,5787775.0,29300.0,1151.6,1153.5,1147.6,1147.6,1504525.0,1475.0
NIFTY,26-DEC-2024,26000.0,13-12-2024 15:27:00,6.95,6.95,6.8,6.9,5787775.0,38825.0,1152.15,1152.15,1148.65,1148.65,1504525.0,750.0
NIFTY,26-DEC-2024,26000.0,13-12-2024 15:28:00,6.9,6.9,6.6,6.6,5809850.0,33575.0,1148.65,1148.65,1146.0,1146.0,1504525.0,125.0
NIFTY,26-DEC-2024,26000.0,13-12-2024 15:29:00,6.6,7.25,6.6,7.25,5809850.0,73050.0,1146.0,1146.0,1131.7,1131.7,1504400.0,175.0
NIFTY,26-DEC-2024,26000.0,16-12-2024 09:15:00,6.0,7.45,6.0,6.45,5774075.0,28675.0,1131.7,1200.0,1131.7,1199.45,1504150.0,475.0
NIFTY,26-DEC-2024,26000.0,16-12-2024 09:16:00,6.5,6.7,6.45,6.65,5774075.0,16100.0,1206.0,1217.0,1206.0,1214.5,1504150.0,4125.0
NIFTY,26-DEC-2024,26000.0,16-12-2024 09:17:00,6.65,6.75,6.55,6.7,5774075.0,19500.0,1214.5,1214.5,1199.35,1204.05,1504150.0,50.0
NIFTY,26-DEC-2024,26000.0,16-12-2024 09:18:00,6.65,6.75,6.6,6.7,5785350.0,26675.0,1212.9,1219.05,1206.15,1206.15,1499575.0,2600.0
NIFTY,26-DEC-2024,26000.0,16-12-2024 09:19:00,6.7,6.8,6.6,6.8,5785350.0,34050.0,1206.15,1214.0,1206.15,1214.0,1499575.0,575.0
NIFTY,26-DEC-2024,26000.0,16-12-2024 09:20:00,6.8,6.95,6.7,6.7,5785350.0,21200.0,1214.0,1214.0,1196.75,1206.0,1499575.0,525.0
NIFTY,26-DEC-2024,26000.0,16-12-2024 09:21:00,6.7,6.7,6.45,6.45,5804725.0,25525.0,1210.0,1210.0,1210.0,1210.0,1499575.0,500.0
NIFTY,26-DEC-2024,26000.0,16-12-2024 09:22:00,6.45,6.65,6.45,6.55,5804725.0,15750.0,1210.0,1210.0,1210.0,1210.0,1499575.0,0.0
NIFTY,26-DEC-2024,26000.0,16-12-2024 09:23:00,6.5,6.6,6.45,6.45,5804725.0,16725.0,1212.35,1220.0,1212.35,1213.0,1500025.0,450.0
NIFTY,26-DEC-2024,26000.0,16-12-2024 09:24:00,6.45,6.45,6.2,6.3,5812575.0,26850.0,1213.0,1223.8,1213.0,1223.8,1500025.0,75.0
NIFTY,26-DEC-2024,26000.0,16-12-2024 09:25:00,6.3,6.3,6.1,6.1,5812575.0,22750.0,1223.8,1225.0,1223.8,1223.8,1500025.0,100.0
NIFTY,26-DEC-2024,26000.0,16-12-2024 09:26:00,6.05,6.3,6.05,6.2,5812575.0,6575.0,1223.8,1223.8,1215.4,1215.4,1500375.0,25.0
NIFTY,26-DEC-2024,26000.0,16-12-2024 09:27:00,6.2,6.4,6.2,6.35,5828500.0,38550.0,1215.4,1215.4,1213.3,1213.3,1500375.0,50.0
NIFTY,26-DEC-2024,26000.0,16-12-2024 09:28:00,6.35,6.4,6.2,6.25,5828500.0,27800.0,1213.3,1230.0,1213.3,1226.85,1500425.0,75.0
NIFTY,26-DEC-2024,26000.0,16-12-2024 09:29:00,6.2,6.2,6.05,6.1,5828500.0,32800.0,1226.85,1243.0,1226.85,1243.0,1500425.0,875.0
NIFTY,26-DEC-2024,26000.0,16-12-2024 09:30:00,6.1,6.15,6.0,6.0,5838300.0,13950.0,1243.0,1254.6,1240.75,1250.0,1501000.0,975.0
NIFTY,26-DEC-2024,26000.0,16-12-2024 09:31:00,6.05,6.15,6.0,6.15,5838300.0,11800.0,1253.65,1253.65,1250.0,1250.0,1501000.0,150.0
NIFTY,26-DEC-2024,26000.0,16-12-2024 09:32:00,6.1,6.2,6.1,6.2,5838300.0,16125.0,1250.0,1250.0,1240.0,1240.0,1501000.0,300.0
NIFTY,26-DEC-2024,26000.0,16-12-2024 09:33:00,6.2,6.25,6.1,6.2,5827675.0,17850.0,1240.0,1252.0,1240.0,1252.0,1501700.0,1125.0
NIFTY,26-DEC-2024,26000.0,16-12-2024 09:34:00,6.2,6.25,6.1,6.15,5827675.0,8475.0,1252.0,1253.75,1248.75,1249.3,1501700.0,250.0
NIFTY,26-DEC-2024,26000.0,16-12-2024 09:35:00,6.15,6.2,6.1,6.15,5827675.0,20425.0,1249.3,1253.3,1241.0,1241.0,1501700.0,525.0
NIFTY,26-DEC-2024,26000.0,16-12-2024 09:36:00,6.15,6.2,6.05,6.2,5833525.0,16950.0,1241.0,1263.35,1241.0,1263.35,1501700.0,1700.0
NIFTY,26-DEC-2024,26000.0,16-12-2024 09:37:00,6.2,6.45,6.2,6.3,5833525.0,23375.0,1263.35,1263.35,1241.15,1241.15,1502125.0,500.0
NIFTY,26-DEC-2024,26000.0,16-12-2024 09:38:00,6.3,6.5,6.3,6.4,5833525.0,11450.0,1241.15,1246.9,1241.15,1245.2,1502125.0,400.0
NIFTY,26-DEC-2024,26000.0,16-12-2024 09:39:00,6.4,6.4,6.2,6.2,5835575.0,18900.0,1245.2,1249.5,1245.2,1249.05,1502125.0,275.0
NIFTY,26-DEC-2024,26000.0,16-12-2024 09:40:00,6.2,6.4,6.2,6.4,5835575.0,30600.0,1249.05,1252.0,1249.05,1252.0,1503125.0,300.0
NIFTY,26-DEC-2024,26000.0,16-12-2024 09:41:00,6.4,6.7,6.4,6.6,5835575.0,26225.0,1252.0,1252.0,1226.0,1229.0,1503125.0,500.0
NIFTY,26-DEC-2024,26000.0,16-12-2024 09:42:00,6.65,6.9,6.6,6.75,5834325.0,21600.0,1229.0,1229.0,1212.35,1212.35,1502525.0,525.0
NIFTY,26-DEC-2024,26000.0,16-12-2024 09:43:00,6.75,7.1,6.7,6.8,5834325.0,53075.0,1212.35,1214.05,1200.0,1202.6,1502525.0,375.0
NIFTY,26-DEC-2024,26000.0,16-12-2024 09:44:00,6.9,7.0,6.7,7.0,5834325.0,22075.0,1202.6,1202.6,1200.0,1202.6,1502525.0,200.0
NIFTY,26-DEC-2024,26000.0,16-12-2024 09:45:00,6.95,7.4,6.95,7.1,5832150.0,66825.0,1202.6,1202.6,1180.0,1181.0,1502525.0,50.0
NIFTY,26-DEC-2024,26000.0,16-12-2024 09:46:00,7.1,7.3,7.1,7.25,5832150.0,49300.0,1193.1,1193.1,1189.1,1189.1,1502100.0,200.0
NIFTY,26-DEC-2024,26000.0,16-12-2024 09:47:00,7.2,7.35,7.15,7.3,5832150.0,58150.0,1189.1,1197.2,1189.1,1197.2,1502100.0,25.0
NIFTY,26-DEC-2024,26000.0,16-12-2024 09:48:00,7.3,7.6,7.25,7.6,5868400.0,25150.0,1192.4,1192.4,1190.0,1190.0,1502100.0,375.0
NIFTY,26-DEC-2024,26000.0,16-12-2024 09:49:00,7.55,7.65,7.5,7.5,5868400.0,16200.0,1190.0,1195.05,1186.35,1188.0,1501800.0,100.0
NIFTY,26-DEC-2024,26000.0,16-12-2024 09:50:00,7.5,7.6,7.4,7.55,5868400.0,16400.0,1188.0,1190.0,1188.0,1190.0,1501800.0,100.0
NIFTY,26-DEC-2024,26000.0,16-12-2024 09:51:00,7.55,7.65,7.5,7.6,5883025.0,17600.0,1190.0,1190.0,1186.35,1186.35,1501800.0,75.0
NIFTY,26-DEC-2024,26000.0,16-12-2024 09:52:00,7.65,7.85,7.65,7.7,5883025.0,18200.0,1186.35,1186.35,1176.0,1179.5,1501750.0,425.0
NIFTY,26-DEC-2024,26000.0,16-12-2024 09:53:00,7.7,7.75,7.6,7.6,5883025.0,30075.0,1179.5,1179.5,1173.75,1173.75,1501750.0,75.0
NIFTY,26-DEC-2024,26000.0,16-12-2024 09:54:00,7.6,7.6,7.25,7.25,5905525.0,15150.0,1173.75,1193.25,1173.75,1193.25,1501950.0,800.0
NIFTY,26-DEC-2024,26000.0,16-12-2024 09:55:00,7.25,7.5,7.2,7.5,5905525.0,34775.0,1193.25,1193.25,1180.7,1180.7,1501950.0,200.0
NIFTY,26-DEC-2024,26000.0,16-12-2024 09:56:00,7.55,7.6,7.05,7.1,5905525.0,16300.0,1180.7,1200.25,1180.7,1199.35,1501950.0,625.0
NIFTY,26-DEC-2024,26000.0,16-12-2024 09:57:00,7.05,7.1,6.7,6.85,5909025.0,22875.0,1199.35,1199.35,1199.35,1199.35,1501950.0,125.0
NIFTY,26-DEC-2024,26000.0,16-12-2024 09:58:00,6.85,7.0,6.75,6.8,5909025.0,20625.0,1199.35,1215.0,1199.35,1215.0,1502850.0,25.0
NIFTY,26-DEC-2024,26000.0,16-12-2024 09:59:00,6.8,6.85,6.7,6.8,5909025.0,10525.0,1215.0,1221.65,1215.0,1219.75,1502850.0,200.0
NIFTY,26-DEC-2024,26000.0,16-12-2024 10:00:00,6.8,6.95,6.75,6.8,5913625.0,12825.0,1219.75,1219.75,1219.75,1219.75,1502850.0,0.0
NIFTY,26-DEC-2024,26000.0,16-12-2024 10:01:00,6.8,6.85,6.5,6.5,5913625.0,11350.0,1219.75,1248.05,1219.75,1248.05,1502800.0,200.0
NIFTY,26-DEC-2024,26000.0,16-12-2024 10:02:00,6.5,6.7,6.45,6.7,5913625.0,17450.0,1248.05,1248.05,1240.85,1240.85,1502800.0,375.0
NIFTY,26-DEC-2024,26000.0,16-12-2024 10:03:00,6.7,6.75,6.45,6.5,5925825.0,13550.0,1240.85,1240.85,1240.85,1240.85,1502800.0,0.0
NIFTY,26-DEC-2024,26000.0,16-12-2024 10:04:00,6.5,6.6,6.5,6.6,5925825.0,10975.0,1240.85,1240.85,1240.85,1240.85,1502800.0,0.0
NIFTY,26-DEC-2024,26000.0,16-12-2024 10:05:00,6.6,6.6,6.4,6.5,5925825.0,5875.0,1240.85,1240.85,1230.8,1230.8,1502475.0,25.0
NIFTY,26-DEC-2024,26000.0,16-12-2024 10:06:00,6.5,6.5,6.4,6.5,5931200.0,12800.0,1230.8,1239.15,1230.8,1231.55,1502475.0,100.0
NIFTY,26-DEC-2024,26000.0,16-12-2024 10:07:00,6.5,6.55,6.4,6.45,5931200.0,4550.0,1231.55,1235.0,1221.95,1225.35,1502475.0,125.0
NIFTY,26-DEC-2024,26000.0,16-12-2024 10:08:00,6.5,6.7,6.5,6.7,5931200.0,3375.0,1225.35,1225.35,1225.35,1225.35,1502475.0,25.0
NIFTY,26-DEC-2024,26000.0,16-12-2024 10:09:00,6.7,6.9,6.7,6.9,5936300.0,13325.0,1225.35,1225.35,1208.0,1208.0,1502475.0,575.0
NIFTY,26-DEC-2024,26000.0,16-12-2024 10:10:00,6.9,6.9,6.75,6.9,5936300.0,14500.0,1208.0,1208.0,1208.0,1208.0,1502450.0,50.0
NIFTY,26-DEC-2024,26000.0,16-12-2024 10:11:00,6.9,6.9,6.7,6.7,5936300.0,13525.0,1208.0,1231.0,1208.0,1226.75,1502450.0,150.0
NIFTY,26-DEC-2024,26000.0,16-12-2024 10:12:00,6.7,6.75,6.65,6.65,5953525.0,8800.0,1226.75,1233.0,1226.75,1232.2,1502450.0,100.0
NIFTY,26-DEC-2024,26000.0,16-12-2024 10:13:00,6.65,6.8,6.6,6.65,5953525.0,11875.0,1232.2,1232.95,1232.0,1232.0,1502350.0,150.0
NIFTY,26-DEC-2024,26000.0,16-12-2024 10:14:00,6.65,6.8,6.65,6.8,5953525.0,21775.0,1232.0,1233.0,1232.0,1233.0,1502350.0,25.0
NIFTY,26-DEC-2024,26000.0,16-12-2024 10:15:00,6.8,6.8,6.55,6.7,5954775.0,12000.0,1233.0,1266.25,1233.0,1261.85,1502350.0,175.0
NIFTY,26-DEC-2024,26000.0,16-12-2024 10:16:00,6.7,6.8,6.7,6.7,5954775.0,5375.0,1261.85,1261.85,1249.0,1250.0,1502575.0,1375.0
NIFTY,26-DEC-2024,26000.0,16-12-2024 10:17:00,6.7,6.7,6.45,6.6,5954775.0,13975.0,1250.0,1260.55,1250.0,1260.55,1502575.0,75.0
NIFTY,26-DEC-2024,26000.0,16-12-2024 10:18:00,6.6,6.6,6.4,6.4,5939325.0,18700.0,1260.0,1275.0,1260.0,1275.0,1501975.0,675.0
NIFTY,26-DEC-2024,26000.0,16-12-2024 10:19:00,6.45,6.5,6.35,6.35,5939325.0,56100.0,1275.0,1275.0,1275.0,1275.0,1501975.0,0.0
NIFTY,26-DEC-2024,26000.0,16-12-2024 10:20:00,6.35,6.35,6.2,6.3,5939325.0,34250.0,1275.0,1275.0,1266.0,1266.0,1501975.0,25.0
NIFTY,26-DEC-2024,26000.0,16-12-2024 10:21:00,6.35,6.35,6.3,6.3,5937750.0,4075.0,1266.0,1266.0,1266.0,1266.0,1501975.0,0.0
NIFTY,26-DEC-2024,26000.0,16-12-2024 10:22:00,6.3,6.35,6.2,6.25,5937750.0,21550.0,1266.0,1266.0,1262.25,1262.25,1501925.0,2025.0
NIFTY,26-DEC-2024,26000.0,16-12-2024 10:23:00,6.25,6.3,6.2,6.25,5937750.0,4325.0,1262.25,1262.25,1262.25,1262.25,1501925.0,0.0
NIFTY,26-DEC-2024,26000.0,16-12-2024 10:24:00,6.25,6.3,6.15,6.15,5943575.0,13325.0,1262.25,1262.25,1262.25,1262.25,1501925.0,0.0
NIFTY,26-DEC-2024,26000.0,16-12-2024 10:25:00,6.15,6.25,6.15,6.2,5943575.0,31150.0,1262.25,1278.0,1262.25,1278.0,1503925.0,75.0
NIFTY,26-DEC-2024,26000.0,16-12-2024 10:26:00,6.2,6.2,6.15,6.2,5943575.0,2975.0,1278.0,1278.0,1278.0,1278.0,1503925.0,0.0
NIFTY,26-DEC-2024,26000.0,16-12-2024 10:27:00,6.2,6.2,6.0,6.1,5964075.0,23525.0,1278.0,1296.15,1278.0,1286.0,1502925.0,1175.0
NIFTY,26-DEC-2024,26000.0,16-12-2024 10:28:00,6.1,6.1,6.0,6.0,5964075.0,9125.0,1286.0,1286.0,1286.0,1286.0,1502925.0,0.0
NIFTY,26-DEC-2024,26000.0,16-12-2024 10:29:00,6.0,6.1,6.0,6.0,5964075.0,24750.0,1286.0,1291.2,1286.0,1291.2,1502925.0,100.0
NIFTY,26-DEC-2024,26000.0,16-12-2024 10:30:00,6.0,6.25,6.0,6.2,5987200.0,20625.0,1291.2,1300.0,1287.6,1297.35,1502925.0,525.0
NIFTY,26-DEC-2024,26000.0,16-12-2024 10:31:00,6.2,6.35,6.15,6.35,5987200.0,11200.0,1297.35,1297.35,1280.55,1280.55,1502875.0,325.0
NIFTY,26-DEC-2024,26000.0,16-12-2024 10:32:00,6.25,6.35,6.25,6.35,5987200.0,6375.0,1280.55,1288.9,1280.55,1288.9,1502875.0,50.0
NIFTY,26-DEC-2024,26000.0,16-12-2024 10:33:00,6.35,6.45,6.3,6.35,5992875.0,6125.0,1288.9,1288.9,1275.3,1279.4,1502925.0,600.0
NIFTY,26-DEC-2024,26000.0,16-12-2024 10:34:00,6.35,6.5,6.35,6.5,5992875.0,3800.0,1279.4,1279.4,1275.0,1275.0,1502925.0,100.0
NIFTY,26-DEC-2024,26000.0,16-12-2024 10:35:00,6.5,6.5,6.35,6.35,5992875.0,9000.0,1275.0,1275.0,1275.0,1275.0,1502925.0,0.0
NIFTY,26-DEC-2024,26000.0,16-12-2024 10:36:00,6.35,6.6,6.35,6.5,5999100.0,10825.0,1275.0,1280.0,1275.0,1280.0,1502925.0,375.0
NIFTY,26-DEC-2024,26000.0,16-12-2024 10:37:00,6.5,6.7,6.5,6.6,5999100.0,18050.0,1280.0,1280.0,1260.65,1264.45,1503600.0,350.0
NIFTY,26-DEC-2024,26000.0,16-12-2024 10:38:00,6.6,6.8,6.5,6.8,5999100.0,24900.0,1264.45,1264.45,1247.85,1251.0,1503600.0,425.0
NIFTY,26-DEC-2024,26000.0,16-12-2024 10:39:00,6.75,6.85,6.75,6.8,6000950.0,19650.0,1251.0,1254.65,1251.0,1254.65,1503600.0,1000.0
NIFTY,26-DEC-2024,26000.0,16-12-2024 10:40:00,6.8,6.9,6.75,6.9,6000950.0,16925.0,1254.65,1260.0,1254.65,1260.0,1504225.0,525.0
NIFTY,26-DEC-2024,26000.0,16-12-2024 10:41:00,6.85,6.9,6.8,6.8,6000950.0,10700.0,1260.0,1260.0,1260.0,1260.0,1504225.0,0.0
NIFTY,26-DEC-2024,26000.0,16-12-2024 10:42:00,6.8,6.85,6.65,6.7,6000950.0,7450.0,1260.0,1268.0,1260.0,1268.0,1504225.0,600.0
NIFTY,26-DEC-2024,26000.0,16-12-2024 10:43:00,6.7,6.7,6.6,6.65,5993900.0,11700.0,1268.0,1273.45,1268.0,1273.45,1503350.0,25.0
NIFTY,26-DEC-2024,26000.0,16-12-2024 10:44:00,6.65,6.7,6.55,6.65,5993900.0,4800.0,1273.45,1273.45,1273.45,1273.45,1503350.0,0.0
NIFTY,26-DEC-2024,26000.0,16-12-2024 10:45:00,6.65,6.7,6.6,6.7,5988900.0,5125.0,1273.45,1280.0,1273.05,1273.05,1503350.0,125.0
NIFTY,26-DEC-2024,26000.0,16-12-2024 10:46:00,6.7,6.75,6.65,6.65,5988900.0,8200.0,1273.05,1273.05,1273.05,1273.05,1503350.0,0.0
NIFTY,26-DEC-2024,26000.0,16-12-2024 10:47:00,6.65,6.75,6.6,6.75,5988900.0,1750.0,1273.05,1280.65,1273.05,1275.35,1503350.0,75.0
NIFTY,26-DEC-2024,26000.0,16-12-2024 10:48:00,6.7,6.75,6.65,6.75,5984975.0,2925.0,1275.35,1275.35,1275.35,1275.35,1503350.0,0.0
NIFTY,26-DEC-2024,26000.0,16-12-2024 10:49:00,6.8,6.8,6.65,6.75,5984975.0,4675.0,1275.35,1275.35,1275.35,1275.35,1503350.0,0.0
NIFTY,26-DEC-2024,26000.0,16-12-2024 10:50:00,6.75,6.85,6.75,6.85,5984975.0,14000.0,1275.35,1275.35,1275.35,1275.35,1503350.0,0.0
NIFTY,26-DEC-2024,26000.0,16-12-2024 10:51:00,6.85,6.85,6.7,6.7,5996375.0,4800.0,1275.35,1275.35,1275.35,1275.35,1503350.0,25.0
NIFTY,26-DEC-2024,26000.0,16-12-2024 10:52:00,6.7,6.8,6.65,6.75,5996375.0,9075.0,1275.35,1275.35,1275.35,1275.35,1503350.0,0.0
NIFTY,26-DEC-2024,26000.0,16-12-2024 10:53:00,6.8,6.8,6.7,6.7,5996375.0,5400.0,1275.35,1275.35,1275.35,1275.35,1503350.0,0.0
NIFTY,26-DEC-2024,26000.0,16-12-2024 10:54:00,6.65,6.7,6.55,6.6,5992400.0,6000.0,1275.35,1285.3,1275.35,1285.3,1503375.0,100.0
NIFTY,26-DEC-2024,26000.0,16-12-2024 10:55:00,6.6,6.65,6.55,6.65,5992400.0,3750.0,1285.3,1285.3,1284.0,1284.0,1503300.0,500.0
NIFTY,26-DEC-2024,26000.0,16-12-2024 10:56:00,6.65,6.65,6.55,6.65,5992400.0,2825.0,1284.0,1284.0,1284.0,1284.0,1503300.0,0.0
NIFTY,26-DEC-2024,26000.0,16-12-2024 10:57:00,6.65,6.65,6.55,6.6,5988875.0,6050.0,1284.0,1284.0,1284.0,1284.0,1503300.0,0.0
NIFTY,26-DEC-2024,26000.0,16-12-2024 10:58:00,6.6,6.65,6.55,6.65,5988875.0,4675.0,1291.35,1291.35,1291.35,1291.35,1503275.0,25.0
NIFTY,26-DEC-2024,26000.0,16-12-2024 10:59:00,6.65,6.7,6.6,6.6,5988875.0,1275.0,1291.35,1294.5,1291.35,1294.5,1503275.0,25.0
NIFTY,26-DEC-2024,26000.0,16-12-2024 11:00:00,6.6,6.8,6.5,6.75,5991925.0,7425.0,1294.5,1294.5,1287.7,1287.7,1503275.0,100.0
NIFTY,26-DEC-2024,26000.0,16-12-2024 11:01:00,6.7,6.8,6.7,6.75,5991925.0,19825.0,1287.7,1287.7,1287.7,1287.7,1503275.0,0.0
NIFTY,26-DEC-2024,26000.0,16-12-2024 11:02:00,6.75,6.9,6.75,6.8,5991925.0,21525.0,1287.7,1297.0,1287.7,1297.0,1503250.0,25.0
NIFTY,26-DEC-2024,26000.0,16-12-2024 11:03:00,6.8,6.85,6.7,6.7,6005700.0,11650.0,1297.0,1297.0,1291.85,1291.85,1503250.0,50.0
NIFTY,26-DEC-2024,26000.0,16-12-2024 11:04:00,6.75,6.8,6.65,6.7,6005700.0,12425.0,1291.85,1291.85,1291.85,1291.85,1503250.0,0.0
NIFTY,26-DEC-2024,26000.0,16-12-2024 11:05:00,6.7,6.8,6.7,6.75,6005700.0,17550.0,1291.85,1291.85,1291.85,1291.85,1503250.0,0.0
NIFTY,26-DEC-2024,26000.0,16-12-2024 11:06:00,6.75,6.8,6.65,6.65,6005700.0,10550.0,1291.85,1291.85,1275.0,1275.0,1503250.0,50.0
NIFTY,26-DEC-2024,26000.0,16-12-2024 11:07:00,6.7,6.7,6.55,6.55,5999475.0,14475.0,1275.0,1294.65,1275.0,1294.65,1503250.0,0.0
NIFTY,26-DEC-2024,26000.0,16-12-2024 11:08:00,6.55,6.75,6.55,6.75,5999475.0,5925.0,1294.65,1294.65,1279.55,1279.55,1503250.0,75.0
NIFTY,26-DEC-2024,26000.0,16-12-2024 11:09:00,6.7,6.8,6.7,6.75,5989575.0,9825.0,1279.55,1279.55,1279.55,1279.55,1503250.0,0.0
NIFTY,26-DEC-2024,26000.0,16-12-2024 11:10:00,6.75,6.85,6.75,6.85,5989575.0,24800.0,1279.55,1279.55,1279.55,1279.55,1503250.0,0.0
NIFTY,26-DEC-2024,26000.0,16-12-2024 11:11:00,6.8,6.8,6.65,6.7,5989575.0,7725.0,1279.55,1279.55,1278.0,1278.0,1503275.0,200.0
NIFTY,26-DEC-2024,26000.0,16-12-2024 11:12:00,6.65,6.75,6.65,6.65,5999125.0,8750.0,1278.0,1278.0,1278.0,1278.0,1503275.0,0.0
NIFTY,26-DEC-2024,26000.0,16-12-2024 11:13:00,6.65,6.7,6.6,6.6,5999125.0,3325.0,1278.0,1278.0,1278.0,1278.0,1503275.0,0.0
NIFTY,26-DEC-2024,26000.0,16-12-2024 11:14:00,6.6,6.65,6.4,6.5,5999125.0,21250.0,1278.0,1328.0,1278.0,1317.15,1503275.0,600.0
NIFTY,26-DEC-2024,26000.0,16-12-2024 11:15:00,6.5,6.6,6.3,6.55,6004175.0,15700.0,1317.15,1334.1,1316.25,1316.25,1503275.0,150.0
NIFTY,26-DEC-2024,26000.0,16-12-2024 11:16:00,6.6,6.6,6.25,6.35,6004175.0,12375.0,1316.25,1316.25,1300.0,1300.0,1503600.0,50.0
NIFTY,26-DEC-2024,26000.0,16-12-2024 11:17:00,6.35,6.35,6.3,6.35,6004175.0,3825.0,1300.0,1304.45,1297.4,1304.45,1503600.0,50.0
NIFTY,26-DEC-2024,26000.0,16-12-2024 11:18:00,6.3,6.55,6.25,6.4,6006175.0,14475.0,1304.45,1305.85,1304.45,1305.85,1503600.0,200.0
NIFTY,26-DEC-2024,26000.0,16-12-2024 11:19:00,6.4,6.45,6.4,6.45,6006175.0,1600.0,1305.85,1306.9,1305.85,1306.9,1503725.0,75.0
NIFTY,26-DEC-2024,26000.0,16-12-2024 11:20:00,6.45,6.55,6.45,6.45,6006175.0,20100.0,1306.9,1306.9,1299.15,1301.85,1503725.0,50.0
NIFTY,26-DEC-2024,26000.0,16-12-2024 11:21:00,6.45,6.75,6.45,6.6,6006175.0,13300.0,1301.85,1303.5,1300.0,1300.0,1503725.0,100.0
NIFTY,26-DEC-2024,26000.0,16-12-2024 11:22:00,6.6,6.7,6.6,6.6,6003300.0,4525.0,1300.0,1300.0,1295.05,1295.1,1503975.0,100.0
NIFTY,26-DEC-2024,26000.0,16-12-2024 11:23:00,6.6,6.7,6.55,6.6,6003300.0,1550.0,1295.1,1304.7,1295.1,1300.0,1503975.0,175.0
NIFTY,26-DEC-2024,26000.0,16-12-2024 11:24:00,6.6,6.75,6.6,6.75,6003300.0,22875.0,1300.0,1300.0,1288.2,1291.45,1504325.0,625.0
NIFTY,26-DEC-2024,26000.0,16-12-2024 11:25:00,6.7,6.75,6.55,6.55,6008300.0,6625.0,1291.45,1300.0,1289.05,1299.2,1504325.0,600.0
NIFTY,26-DEC-2024,26000.0,16-12-2024 11:26:00,6.55,6.65,6.55,6.55,6008300.0,3175.0,1299.2,1305.0,1299.2,1305.0,1504325.0,575.0
NIFTY,26-DEC-2024,26000.0,16-12-2024 11:27:00,6.55,6.6,6.5,6.6,6008300.0,7250.0,1305.0,1305.0,1302.3,1302.3,1504325.0,75.0
NIFTY,26-DEC-2024,26000.0,16-12-2024 11:28:00,6.6,6.65,6.55,6.65,6010525.0,1100.0,1302.3,1302.3,1295.0,1299.3,1505600.0,75.0
NIFTY,26-DEC-2024,26000.0,16-12-2024 11:29:00,6.65,6.65,6.55,6.6,6010525.0,375.0,1299.3,1299.3,1299.3,1299.3,1505600.0,0.0
NIFTY,26-DEC-2024,26000.0,16-12-2024 11:30:00,6.6,6.65,6.55,6.65,6008700.0,34275.0,1299.3,1305.75,1299.3,1305.75,1505600.0,75.0
NIFTY,26-DEC-2024,26000.0,16-12-2024 11:31:00,6.6,6.7,6.55,6.55,6008700.0,9200.0,1305.75,1307.8,1305.75,1307.8,1505700.0,150.0
NIFTY,26-DEC-2024,26000.0,16-12-2024 11:32:00,6.6,6.65,6.55,6.65,6008700.0,12675.0,1307.8,1307.8,1307.8,1307.8,1505700.0,0.0
NIFTY,26-DEC-2024,26000.0,16-12-2024 11:33:00,6.65,6.75,6.55,6.7,6008700.0,27225.0,1307.8,1307.8,1307.8,1307.8,1505700.0,0.0
NIFTY,26-DEC-2024,26000.0,16-12-2024 11:34:00,6.7,6.8,6.7,6.75,6026675.0,14350.0,1307.8,1307.8,1307.8,1307.8,1505700.0,0.0
NIFTY,26-DEC-2024,26000.0,16-12-2024 11:35:00,6.75,6.8,6.75,6.8,6026675.0,1750.0,1307.8,1307.8,1307.8,1307.8,1505700.0,0.0
NIFTY,26-DEC-2024,26000.0,16-12-2024 11:36:00,6.8,6.85,6.8,6.8,6026675.0,5375.0,1307.8,1307.8,1307.8,1307.8,1505700.0,0.0
NIFTY,26-DEC-2024,26000.0,16-12-2024 11:37:00,6.85,7.25,6.85,7.1,6033575.0,45900.0,1307.8,1307.8,1270.45,1270.45,1505550.0,100.0
NIFTY,26-DEC-2024,26000.0,16-12-2024 11:38:00,7.1,7.1,6.95,7.05,6033575.0,8600.0,1270.45,1290.0,1270.45,1290.0,1505550.0,250.0
NIFTY,26-DEC-2024,26000.0,16-12-2024 11:39:00,7.05,7.1,6.95,7.05,6033575.0,6975.0,1290.0,1290.0,1285.25,1285.25,1505550.0,25.0
NIFTY,26-DEC-2024,26000.0,16-12-2024 11:40:00,7.05,7.1,7.0,7.1,6025450.0,4625.0,1285.25,1285.25,1285.25,1285.25,1505550.0,0.0
NIFTY,26-DEC-2024,26000.0,16-12-2024 11:41:00,7.0,7.1,6.95,7.0,6025450.0,6550.0,1285.25,1285.25,1285.25,1285.25,1505550.0,0.0
NIFTY,26-DEC-2024,26000.0,16-12-2024 11:42:00,7.0,7.15,7.0,7.0,6025450.0,24475.0,1285.25,1285.25,1285.25,1285.25,1505550.0,0.0
NIFTY,26-DEC-2024,26000.0,16-12-2024 11:43:00,7.0,7.0,6.85,6.85,6024525.0,4175.0,1285.25,1286.45,1283.95,1283.95,1505400.0,75.0
NIFTY,26-DEC-2024,26000.0,16-12-2024 11:44:00,6.85,6.9,6.75,6.85,6024525.0,3575.0,1283.95,1283.95,1283.95,1283.95,1505400.0,0.0
NIFTY,26-DEC-2024,26000.0,16-12-2024 11:45:00,6.85,6.95,6.8,6.95,6024525.0,6650.0,1283.95,1296.4,1283.95,1295.0,1505400.0,50.0
NIFTY,26-DEC-2024,26000.0,16-12-2024 11:46:00,6.95,6.95,6.9,6.95,6030875.0,1850.0,1295.0,1295.0,1291.0,1291.0,1505375.0,25.0
NIFTY,26-DEC-2024,26000.0,16-12-2024 11:47:00,6.95,6.95,6.8,6.8,6030875.0,4200.0,1291.0,1300.0,1291.0,1300.0,1505375.0,25.0
NIFTY,26-DEC-2024,26000.0,16-12-2024 11:48:00,6.8,7.0,6.8,7.0,6030875.0,16025.0,1300.0,1300.0,1290.0,1290.0,1505375.0,25.0
NIFTY,26-DEC-2024,26000.0,16-12-2024 11:49:00,7.0,7.1,7.0,7.1,6024825.0,2525.0,1290.0,1290.0,1290.0,1290.0,1505375.0,0.0
NIFTY,26-DEC-2024,26000.0,16-12-2024 11:50:00,7.1,7.15,7.05,7.1,6024825.0,5000.0,1290.0,1290.0,1290.0,1290.0,1505375.0,0.0
NIFTY,26-DEC-2024,26000.0,16-12-2024 11:51:00,7.1,7.1,7.05,7.05,6024825.0,1400.0,1290.0,1290.0,1290.0,1290.0,1505375.0,0.0
NIFTY,26-DEC-2024,26000.0,16-12-2024 11:52:00,7.05,7.15,7.05,7.15,6024675.0,17750.0,1290.0,1290.0,1290.0,1290.0,1505375.0,0.0
NIFTY,26-DEC-2024,26000.0,16-12-2024 11:53:00,7.15,7.15,7.0,7.1,6024675.0,12125.0,1290.0,1290.0,1272.1,1276.3,1505425.0,525.0
NIFTY,26-DEC-2024,26000.0,16-12-2024 11:54:00,7.1,7.1,6.95,7.0,6024675.0,11100.0,1276.3,1292.0,1276.3,1292.0,1505425.0,200.0
NIFTY,26-DEC-2024,26000.0,16-12-2024 11:55:00,7.0,7.1,7.0,7.05,6031200.0,21900.0,1292.0,1297.75,1292.0,1297.75,1504950.0,25.0
NIFTY,26-DEC-2024,26000.0,16-12-2024 11:56:00,7.05,7.05,6.9,6.95,6031200.0,6450.0,1297.75,1308.9,1297.75,1308.9,1504950.0,100.0
NIFTY,26-DEC-2024,26000.0,16-12-2024 11:57:00,6.95,7.05,6.9,7.0,6031200.0,5975.0,1308.9,1308.9,1305.0,1306.0,1504950.0,325.0
NIFTY,26-DEC-2024,26000.0,16-12-2024 11:58:00,7.0,7.05,6.9,7.0,6038850.0,4125.0,1306.0,1309.25,1305.0,1309.25,1504950.0,375.0
NIFTY,26-DEC-2024,26000.0,16-12-2024 11:59:00,7.0,7.05,6.95,7.05,6038850.0,10650.0,1309.25,1310.0,1309.25,1310.0,1505050.0,25.0
NIFTY,26-DEC-2024,26000.0,16-12-2024 12:00:00,7.05,7.05,6.95,6.95,6038850.0,4725.0,1310.0,1310.0,1310.0,1310.0,1505050.0,25.0
NIFTY,26-DEC-2024,26000.0,16-12-2024 12:01:00,6.95,7.05,6.9,6.95,6038975.0,7275.0,1310.0,1310.0,1310.0,1310.0,1505050.0,0.0
NIFTY,26-DEC-2024,26000.0,16-12-2024 12:02:00,6.95,6.95,6.8,6.85,6038975.0,4475.0,1310.0,1314.0,1310.0,1314.0,1505025.0,50.0
NIFTY,26-DEC-2024,26000.0,16-12-2024 12:03:00,6.85,6.95,6.85,6.95,6038975.0,6700.0,1314.0,1314.0,1314.0,1314.0,1505025.0,0.0
NIFTY,26-DEC-2024,26000.0,16-12-2024 12:04:00,6.95,7.1,6.9,7.1,6038075.0,11100.0,1314.0,1314.0,1310.0,1310.0,1505050.0,75.0
NIFTY,26-DEC-2024,26000.0,16-12-2024 12:05:00,7.05,7.1,6.95,6.95,6038075.0,4250.0,1310.0,1310.0,1310.0,1310.0,1505050.0,0.0
NIFTY,26-DEC-2024,26000.0,16-12-2024 12:06:00,6.95,7.0,6.8,6.8,6038075.0,5125.0,1310.0,1310.0,1301.55,1303.25,1505050.0,2000.0
NIFTY,26-DEC-2024,26000.0,16-12-2024 12:07:00,6.8,6.85,6.75,6.85,6041075.0,1425.0,1303.25,1311.8,1303.25,1311.8,1505050.0,25.0
NIFTY,26-DEC-2024,26000.0,16-12-2024 12:08:00,6.75,6.85,6.75,6.8,6041075.0,475.0,1311.8,1311.8,1311.8,1311.8,1505050.0,0.0
NIFTY,26-DEC-2024,26000.0,16-12-2024 12:09:00,6.8,6.8,6.65,6.75,6041075.0,8175.0,1311.8,1311.8,1311.8,1311.8,1505050.0,0.0
NIFTY,26-DEC-2024,26000.0,16-12-2024 12:10:00,6.75,6.85,6.7,6.85,6040100.0,12050.0,1311.8,1312.8,1311.8,1312.8,1506925.0,100.0
NIFTY,26-DEC-2024,26000.0,16-12-2024 12:11:00,6.8,6.85,6.8,6.85,6040100.0,4400.0,1312.8,1319.95,1312.8,1314.6,1506925.0,50.0
NIFTY,26-DEC-2024,26000.0,16-12-2024 12:12:00,6.85,6.85,6.75,6.75,6040100.0,5325.0,1314.6,1316.6,1311.05,1311.05,1506925.0,50.0
NIFTY,26-DEC-2024,26000.0,16-12-2024 12:13:00,6.75,6.85,6.75,6.85,6052400.0,2275.0,1311.05,1319.05,1311.05,1319.05,1506925.0,100.0
NIFTY,26-DEC-2024,26000.0,16-12-2024 12:14:00,6.85,6.85,6.7,6.75,6052400.0,1450.0,1319.05,1325.8,1319.05,1325.8,1506925.0,75.0
NIFTY,26-DEC-2024,26000.0,16-12-2024 12:15:00,6.8,6.8,6.7,6.8,6052400.0,7700.0,1325.8,1327.9,1325.0,1325.0,1506925.0,75.0
NIFTY,26-DEC-2024,26000.0,16-12-2024 12:16:00,6.8,6.8,6.65,6.8,6060050.0,12875.0,1325.0,1325.0,1315.0,1315.0,1506925.0,200.0
NIFTY,26-DEC-2024,26000.0,16-12-2024 12:17:00,6.8,6.8,6.7,6.7,6060050.0,5200.0,1315.0,1315.0,1315.0,1315.0,1506925.0,0.0
NIFTY,26-DEC-2024,26000.0,16-12-2024 12:18:00,6.7,6.75,6.65,6.7,6060050.0,22675.0,1315.0,1323.85,1315.0,1323.85,1506875.0,25.0
NIFTY,26-DEC-2024,26000.0,16-12-2024 12:19:00,6.7,6.7,6.65,6.7,6067300.0,5025.0,1323.85,1323.85,1315.0,1316.95,1506850.0,225.0
NIFTY,26-DEC-2024,26000.0,16-12-2024 12:20:00,6.7,6.75,6.65,6.7,6067300.0,3975.0,1316.95,1316.95,1315.0,1315.0,1506850.0,375.0
NIFTY,26-DEC-2024,26000.0,16-12-2024 12:21:00,6.7,6.75,6.7,6.7,6067300.0,2450.0,1315.4,1315.5,1306.4,1306.4,1506850.0,525.0
NIFTY,26-DEC-2024,26000.0,16-12-2024 12:22:00,6.7,6.75,6.65,6.65,6067900.0,6525.0,1306.4,1316.65,1306.4,1316.65,1506850.0,25.0
NIFTY,26-DEC-2024,26000.0,16-12-2024 12:23:00,6.7,6.7,6.6,6.6,6067900.0,14675.0,1316.65,1321.2,1316.65,1321.2,1506375.0,50.0
NIFTY,26-DEC-2024,26000.0,16-12-2024 12:24:00,6.6,6.7,6.6,6.7,6067900.0,11250.0,1321.2,1321.2,1320.45,1320.45,1506375.0,50.0
NIFTY,26-DEC-2024,26000.0,16-12-2024 12:25:00,6.7,6.8,6.7,6.8,6080275.0,2375.0,1320.45,1320.45,1309.55,1309.55,1506275.0,325.0
NIFTY,26-DEC-2024,26000.0,16-12-2024 12:26:00,6.8,6.8,6.7,6.75,6080275.0,6650.0,1309.55,1310.25,1304.0,1309.65,1506275.0,100.0
NIFTY,26-DEC-2024,26000.0,16-12-2024 12:27:00,6.75,6.75,6.65,6.7,6080275.0,5125.0,1309.65,1309.65,1306.65,1306.65,1506275.0,25.0
NIFTY,26-DEC-2024,26000.0,16-12-2024 12:28:00,6.7,6.7,6.65,6.65,6086475.0,5625.0,1306.65,1306.65,1306.65,1306.65,1506275.0,0.0
NIFTY,26-DEC-2024,26000.0,16-12-2024 12:29:00,6.65,6.65,6.55,6.6,6086475.0,9525.0,1306.65,1315.0,1306.65,1315.0,1506275.0,25.0
NIFTY,26-DEC-2024,26000.0,16-12-2024 12:30:00,6.6,6.65,6.5,6.55,6086475.0,28750.0,1315.0,1315.0,1315.0,1315.0,1506275.0,0.0
NIFTY,26-DEC-2024,26000.0,16-12-2024 12:31:00,6.55,6.6,6.5,6.6,6099550.0,8000.0,1315.0,1327.9,1315.0,1327.9,1505900.0,25.0
NIFTY,26-DEC-2024,26000.0,16-12-2024 12:32:00,6.7,6.75,6.65,6.65,6099550.0,5525.0,1327.9,1327.9,1327.9,1327.9,1505900.0,0.0
NIFTY,26-DEC-2024,26000.0,16-12-2024 12:33:00,6.75,6.75,6.65,6.65,6099550.0,3100.0,1327.9,1327.9,1327.9,1327.9,1505900.0,0.0
NIFTY,26-DEC-2024,26000.0,16-12-2024 12:34:00,6.65,6.8,6.65,6.7,6098525.0,8300.0,1327.9,1327.9,1309.15,1309.15,1505900.0,25.0
NIFTY,26-DEC-2024,26000.0,16-12-2024 12:35:00,6.75,6.8,6.65,6.65,6098525.0,6475.0,1296.0,1296.0,1287.05,1287.05,1505875.0,175.0
NIFTY,26-DEC-2024,26000.0,16-12-2024 12:36:00,6.65,6.85,6.65,6.8,6098525.0,3775.0,1287.05,1297.15,1287.05,1293.4,1505875.0,125.0
NIFTY,26-DEC-2024,26000.0,16-12-2024 12:37:00,6.9,6.9,6.8,6.85,6102375.0,6525.0,1293.4,1293.4,1293.4,1293.4,1505875.0,0.0
NIFTY,26-DEC-2024,26000.0,16-12-2024 12:38:00,6.85,6.9,6.8,6.9,6102375.0,2600.0,1293.4,1293.4,1293.4,1293.4,1505875.0,0.0
NIFTY,26-DEC-2024,26000.0,16-12-2024 12:39:00,6.85,6.85,6.7,6.8,6102375.0,5300.0,1293.4,1293.4,1293.4,1293.4,1505875.0,0.0
NIFTY,26-DEC-2024,26000.0,16-12-2024 12:40:00,6.8,6.9,6.7,6.9,6107325.0,5575.0,1293.4,1293.4,1289.05,1289.05,1505875.0,75.0
NIFTY,26-DEC-2024,26000.0,16-12-2024 12:41:00,6.9,6.9,6.8,6.85,6107325.0,3775.0,1289.05,1290.0,1289.05,1290.0,1505875.0,25.0
NIFTY,26-DEC-2024,26000.0,16-12-2024 12:42:00,6.85,6.9,6.85,6.9,6107325.0,10100.0,1290.0,1291.0,1288.0,1288.0,1505875.0,50.0
NIFTY,26-DEC-2024,26000.0,16-12-2024 12:43:00,6.9,6.9,6.8,6.9,6111100.0,3500.0,1288.0,1288.0,1288.0,1288.0,1505875.0,0.0
NIFTY,26-DEC-2024,26000.0,16-12-2024 12:44:00,6.9,6.95,6.85,6.9,6111100.0,825.0,1288.0,1288.0,1288.0,1288.0,1505875.0,0.0
NIFTY,26-DEC-2024,26000.0,16-12-2024 12:45:00,6.9,7.05,6.9,6.9,6111100.0,5275.0,1288.0,1289.3,1288.0,1289.3,1505925.0,25.0
NIFTY,26-DEC-2024,26000.0,16-12-2024 12:46:00,6.9,7.0,6.9,7.0,6112275.0,2125.0,1289.3,1289.3,1289.3,1289.3,1505925.0,0.0
NIFTY,26-DEC-2024,26000.0,16-12-2024 12:47:00,7.0,7.0,6.9,6.95,6112275.0,2075.0,1292.0,1292.0,1288.55,1288.55,1505925.0,50.0
NIFTY,26-DEC-2024,26000.0,16-12-2024 12:48:00,6.95,7.0,6.9,7.0,6112275.0,3175.0,1288.55,1288.55,1288.55,1288.55,1505925.0,0.0
NIFTY,26-DEC-2024,26000.0,16-12-2024 12:49:00,7.0,7.0,6.9,7.0,6114150.0,3300.0,1288.55,1288.55,1288.55,1288.55,1505925.0,0.0
NIFTY,26-DEC-2024,26000.0,16-12-2024 12:50:00,7.0,7.0,6.9,6.95,6114150.0,3125.0,1288.55,1288.55,1288.55,1288.55,1505925.0,0.0
NIFTY,26-DEC-2024,26000.0,16-12-2024 12:51:00,6.95,7.0,6.8,6.8,6114150.0,10950.0,1288.55,1288.55,1288.55,1288.55,1505925.0,0.0
NIFTY,26-DEC-2024,26000.0,16-12-2024 12:52:00,6.9,7.0,6.9,6.95,6121350.0,7500.0,1288.55,1295.0,1288.55,1295.0,1505925.0,100.0
NIFTY,26-DEC-2024,26000.0,16-12-2024 12:53:00,6.95,7.0,6.9,6.9,6121350.0,6475.0,1295.0,1295.0,1295.0,1295.0,1505925.0,0.0
NIFTY,26-DEC-2024,26000.0,16-12-2024 12:54:00,6.9,7.0,6.85,7.0,6121350.0,12150.0,1295.0,1295.0,1295.0,1295.0,1505925.0,0.0
NIFTY,26-DEC-2024,26000.0,16-12-2024 12:55:00,7.0,7.0,6.8,6.8,6120550.0,14800.0,1295.0,1295.0,1289.5,1289.5,1505925.0,25.0
NIFTY,26-DEC-2024,26000.0,16-12-2024 12:56:00,6.8,6.9,6.8,6.85,6120550.0,11175.0,1289.5,1298.95,1289.5,1298.95,1505850.0,125.0
NIFTY,26-DEC-2024,26000.0,16-12-2024 12:57:00,6.85,6.85,6.8,6.8,6120550.0,2675.0,1298.95,1298.95,1298.95,1298.95,1505850.0,0.0
NIFTY,26-DEC-2024,26000.0,16-12-2024 12:58:00,6.8,6.85,6.8,6.8,6118075.0,900.0,1298.95,1298.95,1295.0,1295.0,1505950.0,1100.0
NIFTY,26-DEC-2024,26000.0,16-12-2024 12:59:00,6.8,6.8,6.75,6.75,6118075.0,1550.0,1295.0,1295.6,1295.0,1295.0,1505950.0,1100.0
NIFTY,26-DEC-2024,26000.0,16-12-2024 13:00:00,6.75,6.85,6.75,6.75,6118075.0,925.0,1295.0,1295.0,1282.9,1282.9,1505950.0,25.0
NIFTY,26-DEC-2024,26000.0,16-12-2024 13:01:00,6.7,6.8,6.7,6.8,6116450.0,4000.0,1282.9,1284.6,1282.9,1284.6,1505950.0,25.0
NIFTY,26-DEC-2024,26000.0,16-12-2024 13:02:00,6.8,6.85,6.8,6.8,6116450.0,2925.0,1284.6,1284.6,1282.05,1282.05,1505950.0,1000.0
NIFTY,26-DEC-2024,26000.0,16-12-2024 13:03:00,6.8,6.9,6.75,6.75,6116450.0,3100.0,1282.05,1282.05,1275.05,1275.05,1506050.0,175.0
NIFTY,26-DEC-2024,26000.0,16-12-2024 13:04:00,6.75,6.9,6.75,6.85,6122650.0,2250.0,1275.05,1275.05,1275.05,1275.05,1506050.0,0.0
NIFTY,26-DEC-2024,26000.0,16-12-2024 13:05:00,6.85,6.9,6.75,6.8,6122650.0,8950.0,1275.05,1275.05,1272.1,1272.1,1505050.0,25.0
NIFTY,26-DEC-2024,26000.0,16-12-2024 13:06:00,6.75,6.85,6.7,6.85,6122650.0,5225.0,1272.1,1272.1,1272.1,1272.1,1505050.0,0.0
NIFTY,26-DEC-2024,26000.0,16-12-2024 13:07:00,6.85,6.9,6.85,6.9,6120600.0,6225.0,1272.1,1272.1,1272.1,1272.1,1505050.0,0.0
NIFTY,26-DEC-2024,26000.0,16-12-2024 13:08:00,6.9,6.9,6.85,6.9,6120600.0,725.0,1272.1,1272.1,1272.1,1272.1,1505050.0,0.0
NIFTY,26-DEC-2024,26000.0,16-12-2024 13:09:00,6.9,6.95,6.9,6.9,6120600.0,1550.0,1272.1,1272.1,1272.1,1272.1,1505050.0,0.0
NIFTY,26-DEC-2024,26000.0,16-12-2024 13:10:00,6.9,6.95,6.85,6.85,6121025.0,4925.0,1272.1,1272.1,1272.1,1272.1,1505050.0,0.0
NIFTY,26-DEC-2024,26000.0,16-12-2024 13:11:00,6.9,6.9,6.8,6.9,6121025.0,6200.0,1272.1,1275.9,1264.25,1275.9,1505025.0,800.0
NIFTY,26-DEC-2024,26000.0,16-12-2024 13:12:00,6.9,6.9,6.7,6.7,6121025.0,6875.0,1275.9,1280.75,1275.9,1280.75,1505025.0,50.0
NIFTY,26-DEC-2024,26000.0,16-12-2024 13:13:00,6.7,6.75,6.7,6.75,6127725.0,6550.0,1280.75,1280.75,1280.75,1280.75,1505025.0,0.0
NIFTY,26-DEC-2024,26000.0,16-12-2024 13:14:00,6.75,6.8,6.7,6.8,6127725.0,6250.0,1280.75,1280.75,1280.75,1280.75,1505025.0,0.0
NIFTY,26-DEC-2024,26000.0,16-12-2024 13:15:00,6.8,6.85,6.75,6.75,6127725.0,2475.0,1280.75,1280.75,1280.75,1280.75,1505025.0,0.0
NIFTY,26-DEC-2024,26000.0,16-12-2024 13:16:00,6.75,6.75,6.7,6.75,6124850.0,1300.0,1280.75,1280.75,1280.75,1280.75,1505025.0,0.0
NIFTY,26-DEC-2024,26000.0,16-12-2024 13:17:00,6.75,6.85,6.7,6.75,6124850.0,2475.0,1280.75,1280.75,1280.75,1280.75,1505025.0,0.0
NIFTY,26-DEC-2024,26000.0,16-12-2024 13:18:00,6.8,6.9,6.75,6.75,6124850.0,3700.0,1280.75,1280.75,1280.75,1280.75,1505025.0,0.0
NIFTY,26-DEC-2024,26000.0,16-12-2024 13:19:00,6.7,6.8,6.65,6.75,6125675.0,11900.0,1268.5,1268.5,1268.5,1268.5,1505025.0,75.0
NIFTY,26-DEC-2024,26000.0,16-12-2024 13:20:00,6.75,6.8,6.65,6.7,6125675.0,14025.0,1268.5,1268.5,1268.5,1268.5,1505025.0,0.0
NIFTY,26-DEC-2024,26000.0,16-12-2024 13:21:00,6.7,6.7,6.6,6.65,6125675.0,3975.0,1268.5,1268.5,1250.9,1250.9,1505025.0,200.0
NIFTY,26-DEC-2024,26000.0,16-12-2024 13:22:00,6.65,6.65,6.6,6.65,6130200.0,1475.0,1250.9,1260.85,1250.9,1260.85,1505400.0,25.0
NIFTY,26-DEC-2024,26000.0,16-12-2024 13:23:00,6.65,6.65,6.55,6.55,6130200.0,3150.0,1260.85,1260.85,1260.85,1260.85,1505400.0,0.0
NIFTY,26-DEC-2024,26000.0,16-12-2024 13:24:00,6.55,6.6,6.5,6.5,6130200.0,0.0,1260.85,1260.85,1260.85,1260.85,1505400.0,0.0
NIFTY,26-DEC-2024,26000.0,16-12-2024 13:25:00,6.5,6.65,6.5,6.65,6133750.0,5000.0,1260.85,1280.0,1260.85,1280.0,1505400.0,200.0
NIFTY,26-DEC-2024,26000.0,16-12-2024 13:26:00,6.65,6.65,6.5,6.5,6133750.0,525.0,1280.0,1291.5,1280.0,1290.0,1505175.0,1125.0
NIFTY,26-DEC-2024,26000.0,16-12-2024 13:27:00,6.5,6.6,6.5,6.6,6133750.0,200.0,1290.0,1290.0,1290.0,1290.0,1505175.0,0.0
NIFTY,26-DEC-2024,26000.0,16-12-2024 13:28:00,6.6,6.6,6.55,6.55,6132775.0,250.0,1290.0,1290.0,1290.0,1290.0,1505175.0,0.0
NIFTY,26-DEC-2024,26000.0,16-12-2024 13:29:00,6.6,6.6,6.5,6.5,6132775.0,400.0,1290.0,1290.0,1290.0,1290.0,1505175.0,0.0
NIFTY,26-DEC-2024,26000.0,16-12-2024 13:30:00,6.5,6.6,6.5,6.55,6132775.0,1725.0,1290.0,1290.0,1290.0,1290.0,1505175.0,0.0
NIFTY,26-DEC-2024,26000.0,16-12-2024 13:31:00,6.5,6.6,6.5,6.6,6136425.0,4750.0,1290.0,1290.0,1290.0,1290.0,1505175.0,0.0
NIFTY,26-DEC-2024,26000.0,16-12-2024 13:32:00,6.55,6.55,6.45,6.5,6136425.0,3150.0,1290.0,1290.0,1290.0,1290.0,1505175.0,0.0
NIFTY,26-DEC-2024,26000.0,16-12-2024 13:33:00,6.5,6.5,6.45,6.5,6136425.0,5150.0,1290.0,1290.0,1285.0,1285.0,1505625.0,300.0
NIFTY,26-DEC-2024,26000.0,16-12-2024 13:34:00,6.45,6.5,6.35,6.45,6137950.0,3825.0,1285.0,1285.0,1285.0,1285.0,1505625.0,0.0
NIFTY,26-DEC-2024,26000.0,16-12-2024 13:35:00,6.45,6.45,6.4,6.4,6137950.0,4850.0,1283.0,1285.55,1283.0,1285.55,1505325.0,100.0
NIFTY,26-DEC-2024,26000.0,16-12-2024 13:36:00,6.4,6.45,6.4,6.45,6137950.0,25.0,1285.55,1285.55,1281.35,1281.35,1505325.0,25.0
NIFTY,26-DEC-2024,26000.0,16-12-2024 13:37:00,6.45,6.5,6.45,6.5,6141400.0,2200.0,1281.35,1281.35,1281.35,1281.35,1505325.0,0.0
NIFTY,26-DEC-2024,26000.0,16-12-2024 13:38:00,6.5,6.5,6.4,6.4,6141400.0,2800.0,1281.35,1281.35,1281.35,1281.35,1505325.0,0.0
NIFTY,26-DEC-2024,26000.0,16-12-2024 13:39:00,6.4,6.45,6.25,6.25,6141400.0,12350.0,1281.35,1281.35,1281.35,1281.35,1505325.0,0.0
NIFTY,26-DEC-2024,26000.0,16-12-2024 13:40:00,6.25,6.35,6.2,6.35,6153275.0,15500.0,1281.35,1281.35,1271.35,1271.35,1505200.0,25.0
NIFTY,26-DEC-2024,26000.0,16-12-2024 13:41:00,6.35,6.45,6.35,6.45,6153275.0,900.0,1271.35,1271.35,1262.7,1262.7,1505175.0,350.0
NIFTY,26-DEC-2024,26000.0,16-12-2024 13:42:00,6.45,6.45,6.4,6.45,6153275.0,1675.0,1263.15,1267.0,1263.15,1267.0,1505175.0,50.0
NIFTY,26-DEC-2024,26000.0,16-12-2024 13:43:00,6.4,6.45,6.35,6.4,6155975.0,4000.0,1267.0,1269.45,1267.0,1269.45,1505175.0,25.0
NIFTY,26-DEC-2024,26000.0,16-12-2024 13:44:00,6.4,6.5,6.4,6.45,6155975.0,1025.0,1269.45,1269.45,1269.45,1269.45,1505175.0,0.0
NIFTY,26-DEC-2024,26000.0,16-12-2024 13:45:00,6.45,6.5,6.45,6.5,6155975.0,4700.0,1269.45,1269.45,1269.45,1269.45,1505175.0,0.0
NIFTY,26-DEC-2024,26000.0,16-12-2024 13:46:00,6.5,6.5,6.45,6.45,6157725.0,6400.0,1269.45,1269.45,1269.45,1269.45,1505175.0,0.0
NIFTY,26-DEC-2024,26000.0,16-12-2024 13:47:00,6.45,6.5,6.45,6.45,6157725.0,7275.0,1269.45,1274.0,1269.45,1274.0,1504825.0,100.0
NIFTY,26-DEC-2024,26000.0,16-12-2024 13:48:00,6.45,6.45,6.35,6.35,6157725.0,11000.0,1274.0,1274.0,1274.0,1274.0,1504825.0,0.0
NIFTY,26-DEC-2024,26000.0,16-12-2024 13:49:00,6.3,6.4,6.3,6.3,6169450.0,4575.0,1274.0,1274.0,1274.0,1274.0,1504825.0,0.0
NIFTY,26-DEC-2024,26000.0,16-12-2024 13:50:00,6.35,6.35,6.25,6.25,6169450.0,6025.0,1274.0,1274.0,1274.0,1274.0,1504825.0,0.0
NIFTY,26-DEC-2024,26000.0,16-12-2024 13:51:00,6.25,6.25,6.2,6.25,6169450.0,2350.0,1274.0,1274.0,1274.0,1274.0,1504825.0,0.0
NIFTY,26-DEC-2024,26000.0,16-12-2024 13:52:00,6.25,6.3,6.2,6.3,6173575.0,1200.0,1274.0,1274.0,1274.0,1274.0,1504825.0,0.0
NIFTY,26-DEC-2024,26000.0,16-12-2024 13:53:00,6.25,6.35,6.25,6.3,6173575.0,4350.0,1274.0,1274.0,1274.0,1274.0,1504825.0,0.0
NIFTY,26-DEC-2024,26000.0,16-12-2024 13:54:00,6.3,6.35,6.3,6.3,6173575.0,8475.0,1274.0,1274.0,1267.35,1267.35,1504925.0,25.0
NIFTY,26-DEC-2024,26000.0,16-12-2024 13:55:00,6.3,6.35,6.25,6.35,6171525.0,11650.0,1267.35,1267.35,1267.35,1267.35,1504925.0,25.0
NIFTY,26-DEC-2024,26000.0,16-12-2024 13:56:00,6.35,6.35,6.1,6.15,6171525.0,6200.0,1267.35,1268.5,1267.35,1268.5,1504925.0,1100.0
NIFTY,26-DEC-2024,26000.0,16-12-2024 13:57:00,6.2,6.2,6.1,6.2,6171525.0,4325.0,1268.5,1270.0,1268.4,1268.4,1504925.0,850.0
NIFTY,26-DEC-2024,26000.0,16-12-2024 13:58:00,6.15,6.2,6.1,6.1,6172375.0,8700.0,1268.4,1268.4,1267.0,1267.0,1506825.0,875.0
NIFTY,26-DEC-2024,26000.0,16-12-2024 13:59:00,6.1,6.2,6.1,6.2,6172375.0,9275.0,1267.0,1270.0,1260.0,1260.0,1506825.0,200.0
NIFTY,26-DEC-2024,26000.0,16-12-2024 14:00:00,6.2,6.2,6.0,6.05,6172375.0,21300.0,1260.0,1265.0,1259.0,1259.0,1506825.0,400.0
NIFTY,26-DEC-2024,26000.0,16-12-2024 14:01:00,6.1,6.25,6.05,6.2,6177100.0,12950.0,1259.0,1259.0,1248.45,1250.4,1506850.0,350.0
NIFTY,26-DEC-2024,26000.0,16-12-2024 14:02:00,6.2,6.25,6.2,6.2,6177100.0,5825.0,1250.4,1250.4,1250.4,1250.4,1506850.0,0.0
NIFTY,26-DEC-2024,26000.0,16-12-2024 14:03:00,6.2,6.2,6.15,6.15,6177100.0,2325.0,1250.4,1261.65,1250.4,1261.65,1506850.0,200.0
NIFTY,26-DEC-2024,26000.0,16-12-2024 14:04:00,6.15,6.25,6.15,6.25,6178225.0,4900.0,1261.65,1261.65,1252.0,1252.0,1506850.0,400.0
NIFTY,26-DEC-2024,26000.0,16-12-2024 14:05:00,6.2,6.25,6.15,6.2,6178225.0,5800.0,1252.0,1252.0,1251.15,1251.15,1507000.0,0.0
NIFTY,26-DEC-2024,26000.0,16-12-2024 14:06:00,6.2,6.2,6.15,6.15,6178225.0,1475.0,1251.15,1254.0,1251.15,1254.0,1507000.0,1625.0
NIFTY,26-DEC-2024,26000.0,16-12-2024 14:07:00,6.15,6.3,6.15,6.3,6179200.0,11325.0,1254.0,1254.0,1252.0,1252.0,1507000.0,375.0
NIFTY,26-DEC-2024,26000.0,16-12-2024 14:08:00,6.3,6.3,6.2,6.2,6179200.0,3275.0,1252.0,1252.0,1252.0,1252.0,1507000.0,0.0
NIFTY,26-DEC-2024,26000.0,16-12-2024 14:09:00,6.2,6.35,6.2,6.35,6179200.0,2325.0,1252.0,1254.0,1252.0,1254.0,1508300.0,25.0
NIFTY,26-DEC-2024,26000.0,16-12-2024 14:10:00,6.3,6.4,6.3,6.35,6188100.0,6950.0,1254.0,1254.0,1243.3,1243.3,1508300.0,25.0
NIFTY,26-DEC-2024,26000.0,16-12-2024 14:11:00,6.35,6.35,6.15,6.15,6188100.0,1150.0,1243.3,1243.3,1243.3,1243.3,1508300.0,0.0
NIFTY,26-DEC-2024,26000.0,16-12-2024 14:12:00,6.15,6.2,6.1,6.1,6188100.0,15900.0,1243.3,1243.3,1243.3,1243.3,1508300.0,0.0
NIFTY,26-DEC-2024,26000.0,16-12-2024 14:13:00,6.1,6.2,6.0,6.1,6190900.0,13925.0,1243.3,1243.3,1243.3,1243.3,1508300.0,0.0
NIFTY,26-DEC-2024,26000.0,16-12-2024 14:14:00,6.1,6.25,6.1,6.25,6190900.0,11450.0,1243.3,1243.3,1243.3,1243.3,1508300.0,0.0
NIFTY,26-DEC-2024,26000.0,16-12-2024 14:15:00,6.25,6.25,6.2,6.2,6190900.0,1750.0,1243.3,1267.1,1243.3,1267.1,1508325.0,25.0
NIFTY,26-DEC-2024,26000.0,16-12-2024 14:16:00,6.2,6.2,6.1,6.15,6190675.0,12925.0,1267.1,1267.2,1267.1,1267.2,1508325.0,25.0
NIFTY,26-DEC-2024,26000.0,16-12-2024 14:17:00,6.15,6.15,6.15,6.15,6190675.0,0.0,1267.2,1267.2,1267.2,1267.2,1508325.0,0.0
NIFTY,26-DEC-2024,26000.0,16-12-2024 14:18:00,6.1,6.1,6.05,6.05,6190675.0,1525.0,1267.2,1267.2,1267.2,1267.2,1508325.0,0.0
NIFTY,26-DEC-2024,26000.0,16-12-2024 14:19:00,6.05,6.25,6.05,6.2,6192625.0,40275.0,1267.2,1267.2,1267.2,1267.2,1508325.0,0.0
NIFTY,26-DEC-2024,26000.0,16-12-2024 14:20:00,6.25,6.25,6.25,6.25,6192625.0,15175.0,1267.2,1267.2,1267.2,1267.2,1508325.0,0.0
NIFTY,26-DEC-2024,26000.0,16-12-2024 14:21:00,6.25,6.25,6.2,6.25,6192625.0,10925.0,1267.2,1270.1,1267.2,1270.1,1508325.0,25.0
NIFTY,26-DEC-2024,26000.0,16-12-2024 14:22:00,6.25,6.3,6.2,6.25,6182600.0,19725.0,1270.1,1270.1,1270.1,1270.1,1508325.0,0.0
NIFTY,26-DEC-2024,26000.0,16-12-2024 14:23:00,6.25,6.25,6.15,6.2,6182600.0,25850.0,1270.1,1284.85,1270.1,1284.85,1508350.0,50.0
NIFTY,26-DEC-2024,26000.0,16-12-2024 14:24:00,6.2,6.3,6.2,6.3,6182600.0,8850.0,1284.85,1284.85,1278.0,1278.0,1508350.0,250.0
NIFTY,26-DEC-2024,26000.0,16-12-2024 14:25:00,6.25,6.3,6.25,6.3,6180125.0,8250.0,1278.0,1278.0,1278.0,1278.0,1508350.0,425.0
NIFTY,26-DEC-2024,26000.0,16-12-2024 14:26:00,6.3,6.3,6.2,6.25,6180125.0,8025.0,1278.0,1278.0,1277.0,1277.0,1508350.0,300.0
NIFTY,26-DEC-2024,26000.0,16-12-2024 14:27:00,6.25,6.35,6.25,6.35,6180125.0,36375.0,1277.0,1280.0,1277.0,1277.0,1507800.0,575.0
NIFTY,26-DEC-2024,26000.0,16-12-2024 14:28:00,6.35,6.4,6.3,6.35,6174350.0,4275.0,1277.0,1280.0,1277.0,1279.0,1507800.0,325.0
NIFTY,26-DEC-2024,26000.0,16-12-2024 14:29:00,6.35,6.35,6.3,6.35,6174350.0,6900.0,1279.0,1279.0,1279.0,1279.0,1507800.0,0.0
NIFTY,26-DEC-2024,26000.0,16-12-2024 14:30:00,6.35,6.4,6.35,6.4,6174350.0,1175.0,1279.0,1279.0,1275.0,1275.0,1507725.0,200.0
NIFTY,26-DEC-2024,26000.0,16-12-2024 14:31:00,6.4,6.4,6.35,6.4,6177350.0,3875.0,1275.0,1275.0,1270.0,1270.0,1507400.0,150.0
NIFTY,26-DEC-2024,26000.0,16-12-2024 14:32:00,6.4,6.4,6.3,6.35,6177350.0,3675.0,1270.0,1270.0,1270.0,1270.0,1507400.0,0.0
NIFTY,26-DEC-2024,26000.0,16-12-2024 14:33:00,6.35,6.4,6.3,6.35,6177350.0,4325.0,1270.0,1270.85,1270.0,1270.85,1507400.0,150.0
NIFTY,26-DEC-2024,26000.0,16-12-2024 14:34:00,6.3,6.35,6.3,6.3,6178425.0,2600.0,1270.85,1270.85,1269.0,1269.0,1507400.0,200.0
NIFTY,26-DEC-2024,26000.0,16-12-2024 14:35:00,6.35,6.35,6.3,6.3,6178425.0,2550.0,1269.0,1269.0,1269.0,1269.0,1507400.0,0.0
NIFTY,26-DEC-2024,26000.0,16-12-2024 14:36:00,6.35,6.35,6.3,6.35,6178425.0,1825.0,1269.0,1269.0,1269.0,1269.0,1507400.0,0.0
NIFTY,26-DEC-2024,26000.0,16-12-2024 14:37:00,6.35,6.35,6.3,6.3,6181050.0,1900.0,1269.0,1269.0,1250.35,1250.35,1507750.0,75.0
NIFTY,26-DEC-2024,26000.0,16-12-2024 14:38:00,6.35,6.35,6.3,6.35,6181050.0,1800.0,1250.35,1250.35,1250.35,1250.35,1507750.0,0.0
NIFTY,26-DEC-2024,26000.0,16-12-2024 14:39:00,6.3,6.35,6.3,6.3,6181050.0,575.0,1251.65,1251.65,1251.55,1251.55,1507750.0,75.0
NIFTY,26-DEC-2024,26000.0,16-12-2024 14:40:00,6.3,6.35,6.3,6.3,6178900.0,7225.0,1252.0,1252.0,1252.0,1252.0,1507750.0,25.0
NIFTY,26-DEC-2024,26000.0,16-12-2024 14:41:00,6.35,6.35,6.25,6.25,6178900.0,4000.0,1251.35,1251.35,1251.35,1251.35,1507750.0,100.0
NIFTY,26-DEC-2024,26000.0,16-12-2024 14:42:00,6.25,6.25,6.25,6.25,6178900.0,1350.0,1251.35,1251.35,1251.35,1251.35,1507750.0,0.0
NIFTY,26-DEC-2024,26000.0,16-12-2024 14:43:00,6.25,6.35,6.25,6.3,6178175.0,8200.0,1251.35,1251.35,1251.35,1251.35,1507750.0,0.0
NIFTY,26-DEC-2024,26000.0,16-12-2024 14:44:00,6.3,6.35,6.3,6.35,6178175.0,3100.0,1251.35,1251.35,1251.35,1251.35,1507750.0,0.0
NIFTY,26-DEC-2024,26000.0,16-12-2024 14:45:00,6.35,6.35,6.3,6.3,6178175.0,5825.0,1251.35,1251.35,1240.2,1245.15,1507800.0,50.0
NIFTY,26-DEC-2024,26000.0,16-12-2024 14:46:00,6.3,6.35,6.2,6.2,6184900.0,750.0,1245.15,1245.15,1245.15,1245.15,1507800.0,0.0
NIFTY,26-DEC-2024,26000.0,16-12-2024 14:47:00,6.3,6.35,6.25,6.35,6184900.0,1200.0,1245.15,1245.15,1245.15,1245.15,1507800.0,0.0
NIFTY,26-DEC-2024,26000.0,16-12-2024 14:48:00,6.35,6.35,6.3,6.35,6184900.0,1025.0,1245.15,1247.8,1245.15,1247.8,1507800.0,25.0
NIFTY,26-DEC-2024,26000.0,16-12-2024 14:49:00,6.4,6.4,6.3,6.35,6186100.0,3200.0,1247.8,1250.0,1247.2,1249.05,1507900.0,275.0
NIFTY,26-DEC-2024,26000.0,16-12-2024 14:50:00,6.35,6.35,6.3,6.3,6186100.0,1825.0,1250.0,1250.0,1250.0,1250.0,1507900.0,75.0
NIFTY,26-DEC-2024,26000.0,16-12-2024 14:51:00,6.3,6.35,6.3,6.3,6186100.0,1175.0,1250.0,1250.0,1250.0,1250.0,1507900.0,0.0
NIFTY,26-DEC-2024,26000.0,16-12-2024 14:52:00,6.3,6.3,6.25,6.3,6190100.0,2825.0,1250.0,1250.0,1245.8,1248.0,1508075.0,150.0
NIFTY,26-DEC-2024,26000.0,16-12-2024 14:53:00,6.25,6.3,6.15,6.15,6190100.0,4275.0,1248.0,1250.2,1248.0,1250.2,1508075.0,100.0
NIFTY,26-DEC-2024,26000.0,16-12-2024 14:54:00,6.15,6.15,6.0,6.05,6190100.0,34150.0,1250.2,1250.2,1250.2,1250.2,1508075.0,0.0
NIFTY,26-DEC-2024,26000.0,16-12-2024 14:55:00,6.05,6.1,6.0,6.05,6168775.0,4125.0,1250.2,1260.0,1250.2,1256.0,1508050.0,275.0
NIFTY,26-DEC-2024,26000.0,16-12-2024 14:56:00,6.0,6.1,6.0,6.0,6168775.0,5475.0,1256.0,1256.0,1256.0,1256.0,1508050.0,0.0
NIFTY,26-DEC-2024,26000.0,16-12-2024 14:57:00,6.0,6.1,6.0,6.05,6168775.0,700.0,1256.0,1256.0,1250.0,1250.0,1508050.0,100.0
NIFTY,26-DEC-2024,26000.0,16-12-2024 14:58:00,6.0,6.15,6.0,6.1,6164600.0,10425.0,1250.0,1250.0,1250.0,1250.0,1508050.0,0.0
NIFTY,26-DEC-2024,26000.0,16-12-2024 14:59:00,6.1,6.3,6.1,6.2,6164600.0,20600.0,1250.0,1250.0,1250.0,1250.0,1508050.0,0.0
NIFTY,26-DEC-2024,26000.0,16-12-2024 15:00:00,6.2,6.35,6.2,6.2,6164600.0,19875.0,1250.0,1250.0,1231.0,1239.8,1508175.0,450.0
NIFTY,26-DEC-2024,26000.0,16-12-2024 15:01:00,6.15,6.3,6.1,6.2,6156625.0,12425.0,1239.8,1239.8,1239.8,1239.8,1508175.0,0.0
NIFTY,26-DEC-2024,26000.0,16-12-2024 15:02:00,6.1,6.4,6.1,6.35,6156625.0,49775.0,1260.05,1260.05,1258.4,1258.4,1507725.0,625.0
NIFTY,26-DEC-2024,26000.0,16-12-2024 15:03:00,6.35,6.4,6.25,6.3,6156625.0,1675.0,1258.4,1258.4,1252.95,1256.0,1507725.0,50.0
NIFTY,26-DEC-2024,26000.0,16-12-2024 15:04:00,6.3,6.3,6.25,6.25,6145600.0,5100.0,1256.0,1256.15,1255.05,1256.15,1507150.0,125.0
NIFTY,26-DEC-2024,26000.0,16-12-2024 15:05:00,6.25,6.3,6.2,6.25,6145600.0,975.0,1256.15,1256.15,1250.0,1250.0,1507150.0,175.0
NIFTY,26-DEC-2024,26000.0,16-12-2024 15:06:00,6.2,6.25,6.1,6.1,6145600.0,10450.0,1250.0,1262.45,1250.0,1262.45,1507150.0,250.0
NIFTY,26-DEC-2024,26000.0,16-12-2024 15:07:00,6.1,6.15,6.05,6.1,6148725.0,21000.0,1262.45,1272.2,1262.45,1272.2,1507150.0,250.0
NIFTY,26-DEC-2024,26000.0,16-12-2024 15:08:00,6.1,6.3,6.05,6.3,6148725.0,58825.0,1272.2,1272.2,1269.0,1269.0,1507500.0,200.0
NIFTY,26-DEC-2024,26000.0,16-12-2024 15:09:00,6.3,6.35,6.3,6.35,6148725.0,10575.0,1269.0,1271.0,1269.0,1271.0,1507500.0,300.0
NIFTY,26-DEC-2024,26000.0,16-12-2024 15:10:00,6.35,6.4,6.25,6.25,6133650.0,17675.0,1271.0,1272.35,1270.0,1271.0,1508000.0,500.0
NIFTY,26-DEC-2024,26000.0,16-12-2024 15:11:00,6.25,6.3,6.25,6.3,6133650.0,8150.0,1271.0,1273.0,1270.7,1270.7,1508000.0,150.0
NIFTY,26-DEC-2024,26000.0,16-12-2024 15:12:00,6.3,6.3,6.25,6.3,6133650.0,3325.0,1270.7,1272.0,1267.9,1267.9,1508000.0,475.0
NIFTY,26-DEC-2024,26000.0,16-12-2024 15:13:00,6.3,6.3,6.15,6.15,6130725.0,5000.0,1267.9,1269.0,1265.45,1269.0,1508000.0,525.0
NIFTY,26-DEC-2024,26000.0,16-12-2024 15:14:00,6.15,6.2,6.15,6.2,6130725.0,7050.0,1269.0,1269.0,1269.0,1269.0,1508000.0,0.0
NIFTY,26-DEC-2024,26000.0,16-12-2024 15:15:00,6.2,6.3,6.2,6.3,6130725.0,56850.0,1269.0,1269.0,1269.0,1269.0,1508000.0,0.0
NIFTY,26-DEC-2024,26000.0,16-12-2024 15:16:00,6.3,6.3,6.2,6.2,6127425.0,6250.0,1269.0,1269.0,1262.25,1263.0,1508475.0,325.0
NIFTY,26-DEC-2024,26000.0,16-12-2024 15:17:00,6.2,6.25,6.2,6.25,6127425.0,4950.0,1263.0,1263.0,1261.0,1261.75,1508475.0,400.0
NIFTY,26-DEC-2024,26000.0,16-12-2024 15:18:00,6.2,6.2,6.1,6.1,6127425.0,9650.0,1261.75,1266.0,1261.75,1266.0,1508475.0,125.0
NIFTY,26-DEC-2024,26000.0,16-12-2024 15:19:00,6.15,6.2,6.1,6.2,6127000.0,15550.0,1266.0,1270.1,1265.0,1265.15,1509475.0,700.0
NIFTY,26-DEC-2024,26000.0,16-12-2024 15:20:00,6.2,6.25,6.15,6.2,6127000.0,29575.0,1265.15,1265.15,1265.0,1265.0,1509475.0,150.0
NIFTY,26-DEC-2024,26000.0,16-12-2024 15:21:00,6.2,6.3,6.2,6.2,6127000.0,19525.0,1262.0,1262.0,1262.0,1262.0,1509475.0,100.0
NIFTY,26-DEC-2024,26000.0,16-12-2024 15:22:00,6.2,6.2,6.0,6.0,6126950.0,23825.0,1262.0,1273.95,1262.0,1273.9,1510000.0,475.0
NIFTY,26-DEC-2024,26000.0,16-12-2024 15:23:00,6.0,6.1,6.0,6.0,6126950.0,9950.0,1273.9,1273.9,1273.9,1273.9,1510000.0,0.0
NIFTY,26-DEC-2024,26000.0,16-12-2024 15:24:00,6.0,6.05,6.0,6.05,6126950.0,34100.0,1273.9,1273.9,1267.0,1267.95,1510000.0,350.0
NIFTY,26-DEC-2024,26000.0,16-12-2024 15:25:00,6.05,6.1,6.0,6.0,6129625.0,30975.0,1267.95,1271.2,1267.4,1267.4,1510000.0,175.0
NIFTY,26-DEC-2024,26000.0,16-12-2024 15:26:00,6.0,6.05,5.9,5.9,6129625.0,62300.0,1267.4,1267.4,1267.4,1267.4,1510000.0,0.0
NIFTY,26-DEC-2024,26000.0,16-12-2024 15:27:00,5.9,6.0,5.8,5.8,6129625.0,79475.0,1267.4,1274.0,1267.4,1274.0,1510000.0,25.0
NIFTY,26-DEC-2024,26000.0,16-12-2024 15:28:00,5.8,5.9,5.75,5.85,6136775.0,52500.0,1274.0,1278.5,1274.0,1278.5,1510325.0,275.0
NIFTY,26-DEC-2024,26000.0,16-12-2024 15:29:00,5.85,5.95,5.7,5.95,6136775.0,33300.0,1278.5,1282.0,1276.0,1282.0,1510325.0,150.0
NIFTY,26-DEC-2024,26000.0,17-12-2024 09:15:00,5.6,5.8,5.0,5.05,6131000.0,47175.0,1282.0,1346.15,1282.0,1346.15,1510350.0,200.0
NIFTY,26-DEC-2024,26000.0,17-12-2024 09:16:00,5.1,5.15,4.85,5.0,6131000.0,41875.0,1346.15,1358.0,1345.0,1345.0,1510350.0,900.0
NIFTY,26-DEC-2024,26000.0,17-12-2024 09:17:00,5.0,5.3,4.95,5.3,6131000.0,20850.0,1345.0,1345.05,1342.35,1342.85,1510350.0,250.0
NIFTY,26-DEC-2024,26000.0,17-12-2024 09:18:00,5.3,5.35,5.1,5.3,6128775.0,39200.0,1342.85,1356.0,1342.85,1350.0,1510250.0,175.0
NIFTY,26-DEC-2024,26000.0,17-12-2024 09:19:00,5.35,5.4,5.3,5.4,6128775.0,22700.0,1350.0,1350.0,1340.1,1342.8,1510250.0,150.0
NIFTY,26-DEC-2024,26000.0,17-12-2024 09:20:00,5.4,5.4,5.3,5.35,6128775.0,22400.0,1341.5,1348.9,1341.5,1344.15,1510250.0,925.0
NIFTY,26-DEC-2024,26000.0,17-12-2024 09:21:00,5.35,5.4,5.3,5.35,6158000.0,28375.0,1344.65,1344.65,1328.55,1328.55,1510175.0,350.0
NIFTY,26-DEC-2024,26000.0,17-12-2024 09:22:00,5.35,5.6,5.35,5.4,6158000.0,21850.0,1328.55,1328.55,1319.9,1327.6,1510175.0,1150.0
NIFTY,26-DEC-2024,26000.0,17-12-2024 09:23:00,5.4,5.45,5.3,5.4,6158000.0,15725.0,1327.6,1335.2,1322.55,1322.55,1510175.0,1075.0
NIFTY,26-DEC-2024,26000.0,17-12-2024 09:24:00,5.35,5.45,5.3,5.45,6155325.0,15925.0,1327.8,1327.8,1320.6,1325.0,1510150.0,775.0
NIFTY,26-DEC-2024,26000.0,17-12-2024 09:25:00,5.45,5.5,5.45,5.5,6155325.0,19050.0,1325.0,1325.0,1311.4,1317.7,1510150.0,900.0
NIFTY,26-DEC-2024,26000.0,17-12-2024 09:26:00,5.45,5.5,5.3,5.4,6155325.0,23025.0,1317.7,1335.2,1317.7,1331.2,1510150.0,1550.0
NIFTY,26-DEC-2024,26000.0,17-12-2024 09:27:00,5.4,5.45,5.3,5.35,6168175.0,14825.0,1331.2,1339.85,1329.25,1338.0,1510150.0,900.0
NIFTY,26-DEC-2024,26000.0,17-12-2024 09:28:00,5.35,5.45,5.35,5.45,6168175.0,5125.0,1338.0,1338.0,1326.55,1326.55,1509350.0,25.0
NIFTY,26-DEC-2024,26000.0,17-12-2024 09:29:00,5.4,5.4,5.25,5.25,6168175.0,23750.0,1326.55,1345.5,1326.55,1345.5,1509350.0,525.0
NIFTY,26-DEC-2024,26000.0,17-12-2024 09:30:00,5.25,5.3,5.2,5.25,6168725.0,13000.0,1345.5,1353.4,1345.15,1353.4,1509300.0,425.0
NIFTY,26-DEC-2024,26000.0,17-12-2024 09:31:00,5.25,5.4,5.2,5.3,6168725.0,17825.0,1353.4,1353.4,1340.0,1340.85,1509300.0,100.0
NIFTY,26-DEC-2024,26000.0,17-12-2024 09:32:00,5.35,5.45,5.3,5.4,6168725.0,39350.0,1340.85,1341.4,1338.25,1338.65,1509300.0,225.0
NIFTY,26-DEC-2024,26000.0,17-12-2024 09:33:00,5.4,5.5,5.35,5.4,6200550.0,12525.0,1338.65,1338.65,1326.45,1330.55,1509600.0,225.0
NIFTY,26-DEC-2024,26000.0,17-12-2024 09:34:00,5.4,5.5,5.3,5.45,6200550.0,85100.0,1330.55,1347.05,1330.55,1347.05,1509600.0,800.0
NIFTY,26-DEC-2024,26000.0,17-12-2024 09:35:00,5.45,5.6,5.3,5.6,6200550.0,83725.0,1347.05,1377.05,1347.05,1377.05,1509600.0,250.0
NIFTY,26-DEC-2024,26000.0,17-12-2024 09:36:00,5.6,5.6,5.35,5.4,6307225.0,58150.0,1377.05,1378.1,1368.75,1378.1,1509975.0,275.0
NIFTY,26-DEC-2024,26000.0,17-12-2024 09:37:00,5.4,5.55,5.35,5.35,6307225.0,143300.0,1378.1,1379.3,1375.0,1375.0,1509975.0,200.0
NIFTY,26-DEC-2024,26000.0,17-12-2024 09:38:00,5.4,5.4,5.2,5.25,6307225.0,85875.0,1375.0,1375.15,1370.95,1374.2,1509975.0,825.0
NIFTY,26-DEC-2024,26000.0,17-12-2024 09:39:00,5.25,5.3,5.2,5.2,6402600.0,18925.0,1374.2,1375.15,1374.2,1374.95,1509975.0,125.0
NIFTY,26-DEC-2024,26000.0,17-12-2024 09:40:00,5.25,5.3,5.2,5.3,6402600.0,33500.0,1374.95,1377.75,1374.95,1377.75,1509975.0,50.0
NIFTY,26-DEC-2024,26000.0,17-12-2024 09:41:00,5.3,5.3,5.25,5.3,6402600.0,8375.0,1377.75,1377.75,1377.4,1377.4,1509500.0,50.0
NIFTY,26-DEC-2024,26000.0,17-12-2024 09:42:00,5.3,5.35,5.2,5.3,6424300.0,34125.0,1370.0,1379.9,1368.65,1379.9,1509600.0,175.0
NIFTY,26-DEC-2024,26000.0,17-12-2024 09:43:00,5.3,5.3,5.2,5.25,6424300.0,10100.0,1379.9,1379.9,1379.0,1379.0,1509600.0,25.0
NIFTY,26-DEC-2024,26000.0,17-12-2024 09:44:00,5.2,5.25,5.2,5.25,6424300.0,7650.0,1379.0,1379.0,1370.05,1372.95,1509600.0,50.0
NIFTY,26-DEC-2024,26000.0,17-12-2024 09:45:00,5.2,5.25,5.15,5.2,6432275.0,23950.0,1372.95,1385.0,1372.95,1385.0,1509600.0,50.0
NIFTY,26-DEC-2024,26000.0,17-12-2024 09:46:00,5.25,5.35,5.2,5.3,6432275.0,40625.0,1385.0,1392.0,1385.0,1390.0,1509650.0,375.0
NIFTY,26-DEC-2024,26000.0,17-12-2024 09:47:00,5.25,5.35,5.25,5.3,6432275.0,26625.0,1390.0,1391.25,1389.85,1390.0,1509650.0,250.0
NIFTY,26-DEC-2024,26000.0,17-12-2024 09:48:00,5.3,5.35,5.25,5.3,6429150.0,54875.0,1390.0,1407.0,1385.5,1407.0,1509550.0,250.0
NIFTY,26-DEC-2024,26000.0,17-12-2024 09:49:00,5.3,5.35,5.25,5.25,6429150.0,26275.0,1407.0,1420.55,1407.0,1416.0,1509550.0,100.0
NIFTY,26-DEC-2024,26000.0,17-12-2024 09:50:00,5.3,5.4,5.25,5.4,6429150.0,54225.0,1416.0,1425.0,1415.05,1415.05,1509550.0,175.0
NIFTY,26-DEC-2024,26000.0,17-12-2024 09:51:00,5.4,5.4,5.35,5.35,6425400.0,15575.0,1414.15,1418.0,1412.65,1418.0,1509550.0,1425.0
NIFTY,26-DEC-2024,26000.0,17-12-2024 09:52:00,5.35,5.45,5.3,5.3,6425400.0,41300.0,1418.0,1430.7,1418.0,1425.3,1509525.0,2000.0
NIFTY,26-DEC-2024,26000.0,17-12-2024 09:53:00,5.3,5.35,5.2,5.3,6425400.0,18700.0,1425.25,1428.0,1417.7,1418.5,1509525.0,525.0
NIFTY,26-DEC-2024,26000.0,17-12-2024 09:54:00,5.3,5.3,5.2,5.2,6428800.0,12050.0,1418.5,1421.45,1418.2,1418.2,1509525.0,1000.0
NIFTY,26-DEC-2024,26000.0,17-12-2024 09:55:00,5.25,5.35,5.25,5.35,6428800.0,28775.0,1418.2,1418.2,1412.25,1412.25,1509575.0,25.0
NIFTY,26-DEC-2024,26000.0,17-12-2024 09:56:00,5.35,5.4,5.35,5.35,6428800.0,9275.0,1412.25,1424.15,1412.25,1424.15,1509575.0,250.0
NIFTY,26-DEC-2024,26000.0,17-12-2024 09:57:00,5.35,5.4,5.35,5.4,6438925.0,3600.0,1424.15,1424.15,1405.45,1410.0,1509725.0,100.0
NIFTY,26-DEC-2024,26000.0,17-12-2024 09:58:00,5.35,5.4,5.3,5.35,6438925.0,22350.0,1410.05,1416.0,1410.05,1416.0,1509725.0,450.0
NIFTY,26-DEC-2024,26000.0,17-12-2024 09:59:00,5.4,5.4,5.3,5.3,6438925.0,20125.0,1416.0,1416.0,1416.0,1416.0,1509725.0,0.0
NIFTY,26-DEC-2024,26000.0,17-12-2024 10:00:00,5.3,5.4,5.25,5.35,6437650.0,34550.0,1416.0,1435.0,1416.0,1433.5,1509600.0,1075.0
NIFTY,26-DEC-2024,26000.0,17-12-2024 10:01:00,5.35,5.4,5.25,5.25,6437650.0,22050.0,1433.5,1437.1,1430.65,1434.75,1509600.0,425.0
NIFTY,26-DEC-2024,26000.0,17-12-2024 10:02:00,5.25,5.3,5.2,5.2,6437650.0,5350.0,1434.75,1434.75,1428.0,1432.25,1509600.0,275.0
NIFTY,26-DEC-2024,26000.0,17-12-2024 10:03:00,5.25,5.3,5.25,5.25,6433575.0,9975.0,1432.25,1434.95,1430.0,1430.0,1509600.0,275.0
NIFTY,26-DEC-2024,26000.0,17-12-2024 10:04:00,5.3,5.3,5.15,5.15,6433575.0,6125.0,1431.0,1433.5,1431.0,1433.5,1509750.0,350.0
NIFTY,26-DEC-2024,26000.0,17-12-2024 10:05:00,5.2,5.2,5.1,5.2,6433575.0,17900.0,1433.5,1436.85,1426.75,1426.75,1509750.0,125.0
NIFTY,26-DEC-2024,26000.0,17-12-2024 10:06:00,5.15,5.2,5.15,5.2,6428400.0,4100.0,1426.75,1429.4,1426.4,1429.0,1509750.0,150.0
NIFTY,26-DEC-2024,26000.0,17-12-2024 10:07:00,5.2,5.2,5.1,5.15,6428400.0,5400.0,1429.0,1429.25,1422.0,1429.25,1509625.0,75.0
NIFTY,26-DEC-2024,26000.0,17-12-2024 10:08:00,5.15,5.15,5.1,5.15,6428400.0,30025.0,1429.25,1429.25,1427.65,1427.65,1509625.0,25.0
NIFTY,26-DEC-2024,26000.0,17-12-2024 10:09:00,5.15,5.15,5.05,5.05,6439725.0,21500.0,1427.65,1427.65,1418.3,1424.9,1509725.0,225.0
NIFTY,26-DEC-2024,26000.0,17-12-2024 10:10:00,5.05,5.15,5.05,5.1,6439725.0,11750.0,1424.9,1425.0,1424.9,1425.0,1509725.0,200.0
NIFTY,26-DEC-2024,26000.0,17-12-2024 10:11:00,5.1,5.15,5.1,5.1,6439725.0,21675.0,1425.0,1425.0,1418.05,1422.7,1509725.0,75.0
NIFTY,26-DEC-2024,26000.0,17-12-2024 10:12:00,5.15,5.15,5.1,5.15,6446550.0,8375.0,1422.7,1434.25,1422.7,1434.25,1509725.0,400.0
NIFTY,26-DEC-2024,26000.0,17-12-2024 10:13:00,5.15,5.15,5.1,5.15,6446550.0,4525.0,1430.0,1430.0,1420.9,1420.9,1509500.0,75.0
NIFTY,26-DEC-2024,26000.0,17-12-2024 10:14:00,5.15,5.2,5.15,5.2,6446550.0,7625.0,1420.9,1422.3,1420.9,1422.3,1509500.0,25.0
NIFTY,26-DEC-2024,26000.0,17-12-2024 10:15:00,5.2,5.2,5.1,5.2,6439650.0,21425.0,1422.3,1427.3,1422.3,1427.3,1509500.0,175.0
NIFTY,26-DEC-2024,26000.0,17-12-2024 10:16:00,5.15,5.2,5.1,5.1,6439650.0,17350.0,1427.3,1427.3,1417.0,1421.75,1509525.0,175.0
NIFTY,26-DEC-2024,26000.0,17-12-2024 10:17:00,5.1,5.15,5.1,5.1,6439650.0,6425.0,1425.0,1428.2,1421.95,1421.95,1509525.0,1500.0
NIFTY,26-DEC-2024,26000.0,17-12-2024 10:18:00,5.15,5.15,5.1,5.15,6441975.0,5650.0,1422.3,1427.65,1422.3,1427.2,1509525.0,250.0
NIFTY,26-DEC-2024,26000.0,17-12-2024 10:19:00,5.15,5.15,5.1,5.1,6441975.0,11275.0,1427.2,1431.15,1425.3,1431.15,1509925.0,150.0
NIFTY,26-DEC-2024,26000.0,17-12-2024 10:20:00,5.1,5.15,5.0,5.05,6441975.0,0.0,1431.15,1489.0,1431.15,1489.0,1509925.0,650.0
NIFTY,26-DEC-2024,26000.0,17-12-2024 10:21:00,5.1,5.1,5.0,5.0,6427850.0,31950.0,1489.0,1489.0,1484.0,1484.0,1509925.0,25.0
NIFTY,26-DEC-2024,26000.0,17-12-2024 10:22:00,5.05,5.1,4.95,5.0,6427850.0,53250.0,1498.0,1498.0,1493.3,1494.5,1510275.0,100.0
NIFTY,26-DEC-2024,26000.0,17-12-2024 10:23:00,5.0,5.05,5.0,5.05,6427850.0,13600.0,1492.9,1498.0,1492.9,1497.1,1510275.0,450.0
NIFTY,26-DEC-2024,26000.0,17-12-2024 10:24:00,5.05,5.1,5.0,5.1,6418250.0,29275.0,1497.1,1518.25,1497.1,1510.0,1510675.0,525.0
NIFTY,26-DEC-2024,26000.0,17-12-2024 10:25:00,5.05,5.15,5.05,5.1,6418250.0,18300.0,1510.0,1518.25,1502.65,1502.65,1510675.0,400.0
NIFTY,26-DEC-2024,26000.0,17-12-2024 10:26:00,5.1,5.15,5.05,5.15,6418250.0,20125.0,1505.0,1505.4,1505.0,1505.4,1510675.0,200.0
NIFTY,26-DEC-2024,26000.0,17-12-2024 10:27:00,5.1,5.2,5.1,5.15,6415625.0,13100.0,1505.4,1505.4,1505.4,1505.4,1510675.0,0.0
NIFTY,26-DEC-2024,26000.0,17-12-2024 10:28:00,5.15,5.2,5.1,5.15,6415625.0,17800.0,1505.4,1505.4,1493.5,1496.0,1510700.0,300.0
NIFTY,26-DEC-2024,26000.0,17-12-2024 10:29:00,5.15,5.2,5.1,5.2,6415625.0,4975.0,1496.0,1496.0,1494.9,1494.9,1510700.0,50.0
NIFTY,26-DEC-2024,26000.0,17-12-2024 10:30:00,5.2,5.2,5.15,5.2,6414650.0,9150.0,1494.9,1501.85,1494.9,1501.85,1510700.0,25.0
NIFTY,26-DEC-2024,26000.0,17-12-2024 10:31:00,5.2,5.2,5.15,5.2,6414650.0,9125.0,1501.85,1520.8,1501.85,1520.8,1510825.0,350.0
NIFTY,26-DEC-2024,26000.0,17-12-2024 10:32:00,5.2,5.2,5.15,5.2,6414650.0,0.0,1520.8,1525.0,1520.8,1522.0,1510825.0,575.0
NIFTY,26-DEC-2024,26000.0,17-12-2024 10:33:00,5.2,5.2,5.15,5.15,6412725.0,21225.0,1522.0,1522.0,1522.0,1522.0,1510825.0,0.0
NIFTY,26-DEC-2024,26000.0,17-12-2024 10:34:00,5.2,5.2,5.1,5.1,6412725.0,17875.0,1522.0,1522.0,1522.0,1522.0,1510825.0,0.0
NIFTY,26-DEC-2024,26000.0,17-12-2024 10:35:00,5.05,5.1,5.0,5.1,6412725.0,11425.0,1522.0,1522.0,1507.85,1509.3,1510600.0,100.0
NIFTY,26-DEC-2024,26000.0,17-12-2024 10:36:00,5.1,5.1,5.0,5.05,6393500.0,37900.0,1509.3,1509.3,1507.0,1507.0,1510600.0,100.0
NIFTY,26-DEC-2024,26000.0,17-12-2024 10:37:00,5.0,5.05,4.95,5.0,6393500.0,21975.0,1507.0,1507.0,1507.0,1507.0,1510800.0,0.0
NIFTY,26-DEC-2024,26000.0,17-12-2024 10:38:00,5.0,5.0,4.95,5.0,6393500.0,7750.0,1507.0,1508.85,1507.0,1508.85,1510800.0,400.0
NIFTY,26-DEC-2024,26000.0,17-12-2024 10:39:00,5.0,5.0,4.95,5.0,6375150.0,9600.0,1508.85,1515.75,1505.55,1515.15,1510800.0,350.0
NIFTY,26-DEC-2024,26000.0,17-12-2024 10:40:00,4.95,5.05,4.9,5.0,6375150.0,19425.0,1515.15,1548.55,1515.15,1548.55,1510725.0,225.0
NIFTY,26-DEC-2024,26000.0,17-12-2024 10:41:00,5.0,5.0,4.95,4.95,6375150.0,18925.0,1548.55,1548.55,1519.55,1519.55,1510725.0,125.0
NIFTY,26-DEC-2024,26000.0,17-12-2024 10:42:00,5.0,5.05,4.95,5.0,6352725.0,21750.0,1519.55,1519.55,1498.85,1498.85,1510725.0,125.0
NIFTY,26-DEC-2024,26000.0,17-12-2024 10:43:00,5.0,5.0,4.95,5.0,6352725.0,17950.0,1498.85,1504.55,1497.0,1501.35,1510625.0,225.0
NIFTY,26-DEC-2024,26000.0,17-12-2024 10:44:00,5.0,5.0,4.95,4.95,6352725.0,19475.0,1495.8,1496.25,1485.0,1485.0,1510625.0,525.0
NIFTY,26-DEC-2024,26000.0,17-12-2024 10:45:00,4.9,4.95,4.85,4.85,6352725.0,29300.0,1485.85,1501.55,1485.85,1501.55,1510625.0,300.0
NIFTY,26-DEC-2024,26000.0,17-12-2024 10:46:00,4.9,4.9,4.85,4.85,6334800.0,24025.0,1501.55,1501.55,1471.15,1474.0,1510900.0,175.0
NIFTY,26-DEC-2024,26000.0,17-12-2024 10:47:00,4.9,4.9,4.85,4.85,6334800.0,14000.0,1474.0,1485.6,1471.25,1485.0,1510900.0,250.0
NIFTY,26-DEC-2024,26000.0,17-12-2024 10:48:00,4.9,4.95,4.85,4.95,6302600.0,35175.0,1481.6,1481.6,1473.0,1473.0,1510850.0,125.0
NIFTY,26-DEC-2024,26000.0,17-12-2024 10:49:00,4.95,5.0,4.95,4.95,6302600.0,9300.0,1473.0,1473.0,1468.0,1468.4,1510850.0,175.0
NIFTY,26-DEC-2024,26000.0,17-12-2024 10:50:00,5.0,5.0,4.9,4.95,6302600.0,2125.0,1474.4,1483.55,1474.4,1483.55,1510850.0,350.0
NIFTY,26-DEC-2024,26000.0,17-12-2024 10:51:00,4.95,5.1,4.9,5.1,6302600.0,50350.0,1483.55,1483.55,1465.0,1465.0,1510850.0,25.0
NIFTY,26-DEC-2024,26000.0,17-12-2024 10:52:00,5.15,5.2,5.1,5.15,6273750.0,10875.0,1465.0,1465.0,1465.0,1465.0,1510850.0,25.0
NIFTY,26-DEC-2024,26000.0,17-12-2024 10:53:00,5.15,5.25,5.15,5.2,6273750.0,20350.0,1465.0,1472.3,1465.0,1472.3,1510925.0,50.0
NIFTY,26-DEC-2024,26000.0,17-12-2024 10:54:00,5.2,5.2,5.15,5.15,6273750.0,13800.0,1472.3,1472.3,1472.3,1472.3,1510925.0,0.0
NIFTY,26-DEC-2024,26000.0,17-12-2024 10:55:00,5.2,5.25,5.1,5.2,6270300.0,7350.0,1472.3,1498.75,1472.3,1498.75,1510925.0,100.0
NIFTY,26-DEC-2024,26000.0,17-12-2024 10:56:00,5.2,5.25,5.1,5.2,6270300.0,9025.0,1498.75,1498.75,1484.8,1484.8,1510975.0,25.0
NIFTY,26-DEC-2024,26000.0,17-12-2024 10:57:00,5.25,5.3,5.2,5.25,6270300.0,16950.0,1484.8,1484.8,1450.1,1455.0,1510975.0,450.0
NIFTY,26-DEC-2024,26000.0,17-12-2024 10:58:00,5.25,5.35,5.2,5.3,6273325.0,6800.0,1455.6,1460.0,1445.0,1445.0,1510650.0,300.0
NIFTY,26-DEC-2024,26000.0,17-12-2024 10:59:00,5.3,5.35,5.25,5.3,6273325.0,6625.0,1445.0,1450.0,1444.75,1448.35,1510650.0,350.0
NIFTY,26-DEC-2024,26000.0,17-12-2024 11:00:00,5.3,5.45,5.3,5.45,6273325.0,22225.0,1448.35,1448.35,1440.0,1442.0,1510650.0,75.0
NIFTY,26-DEC-2024,26000.0,17-12-2024 11:01:00,5.5,5.5,5.3,5.3,6267200.0,12350.0,1442.0,1450.2,1442.0,1450.2,1510475.0,200.0
NIFTY,26-DEC-2024,26000.0,17-12-2024 11:02:00,5.25,5.3,5.2,5.2,6267200.0,25900.0,1450.2,1455.0,1450.2,1455.0,1510475.0,75.0
NIFTY,26-DEC-2024,26000.0,17-12-2024 11:03:00,5.2,5.25,5.1,5.15,6267200.0,33425.0,1455.0,1465.0,1454.05,1455.0,1510475.0,250.0
NIFTY,26-DEC-2024,26000.0,17-12-2024 11:04:00,5.2,5.25,5.15,5.25,6258775.0,19325.0,1455.0,1464.35,1455.0,1459.4,1510750.0,500.0
NIFTY,26-DEC-2024,26000.0,17-12-2024 11:05:00,5.25,5.3,5.2,5.2,6258775.0,9925.0,1459.4,1459.4,1459.4,1459.4,1510750.0,0.0
NIFTY,26-DEC-2024,26000.0,17-12-2024 11:06:00,5.2,5.2,5.15,5.2,6258775.0,5475.0,1459.4,1459.4,1459.4,1459.4,1510750.0,0.0
NIFTY,26-DEC-2024,26000.0,17-12-2024 11:07:00,5.2,5.3,5.2,5.25,6263950.0,3750.0,1459.4,1459.4,1459.4,1459.4,1510750.0,0.0
NIFTY,26-DEC-2024,26000.0,17-12-2024 11:08:00,5.3,5.3,5.25,5.25,6263950.0,2500.0,1459.4,1459.4,1459.4,1459.4,1510750.0,0.0
NIFTY,26-DEC-2024,26000.0,17-12-2024 11:09:00,5.25,5.3,5.25,5.3,6263950.0,1900.0,1459.4,1459.4,1459.4,1459.4,1510750.0,0.0
NIFTY,26-DEC-2024,26000.0,17-12-2024 11:10:00,5.3,5.3,5.25,5.3,6267575.0,4675.0,1450.95,1450.95,1450.95,1450.95,1510750.0,25.0
NIFTY,26-DEC-2024,26000.0,17-12-2024 11:11:00,5.25,5.3,5.2,5.25,6267575.0,10075.0,1450.95,1466.0,1450.95,1458.2,1510725.0,425.0
NIFTY,26-DEC-2024,26000.0,17-12-2024 11:12:00,5.3,5.35,5.25,5.3,6267575.0,18200.0,1458.2,1464.6,1453.25,1464.6,1510725.0,100.0
NIFTY,26-DEC-2024,26000.0,17-12-2024 11:13:00,5.25,5.35,5.25,5.35,6263625.0,5325.0,1464.6,1465.4,1461.0,1465.4,1510425.0,275.0
NIFTY,26-DEC-2024,26000.0,17-12-2024 11:14:00,5.35,5.35,5.25,5.25,6263625.0,16125.0,1465.4,1466.9,1465.4,1466.9,1510425.0,100.0
NIFTY,26-DEC-2024,26000.0,17-12-2024 11:15:00,5.3,5.35,5.3,5.35,6263625.0,6025.0,1466.9,1469.75,1466.9,1469.75,1510425.0,125.0
NIFTY,26-DEC-2024,26000.0,17-12-2024 11:16:00,5.35,5.35,5.25,5.25,6266650.0,4875.0,1467.65,1477.35,1467.65,1477.35,1510300.0,250.0
NIFTY,26-DEC-2024,26000.0,17-12-2024 11:17:00,5.25,5.3,5.2,5.2,6266650.0,7750.0,1462.6,1462.6,1456.3,1461.1,1510300.0,400.0
NIFTY,26-DEC-2024,26000.0,17-12-2024 11:18:00,5.25,5.25,5.1,5.1,6266650.0,3100.0,1461.1,1465.0,1459.9,1465.0,1510300.0,1175.0
NIFTY,26-DEC-2024,26000.0,17-12-2024 11:19:00,5.1,5.15,5.0,5.05,6266000.0,8675.0,1465.0,1470.6,1465.0,1470.6,1511300.0,125.0
NIFTY,26-DEC-2024,26000.0,17-12-2024 11:20:00,5.05,5.05,5.0,5.05,6266000.0,7825.0,1470.6,1470.6,1470.6,1470.6,1511300.0,0.0
NIFTY,26-DEC-2024,26000.0,17-12-2024 11:21:00,5.05,5.1,5.05,5.05,6266000.0,31125.0,1470.6,1480.0,1470.6,1480.0,1511300.0,50.0
NIFTY,26-DEC-2024,26000.0,17-12-2024 11:22:00,5.05,5.05,5.0,5.05,6266100.0,6150.0,1480.0,1480.0,1480.0,1480.0,1511300.0,0.0
NIFTY,26-DEC-2024,26000.0,17-12-2024 11:23:00,5.0,5.1,5.0,5.05,6266100.0,21150.0,1480.0,1483.45,1480.0,1482.75,1511300.0,250.0
NIFTY,26-DEC-2024,26000.0,17-12-2024 11:24:00,5.05,5.15,5.05,5.1,6266100.0,7875.0,1482.75,1482.75,1482.75,1482.75,1511300.0,0.0
NIFTY,26-DEC-2024,26000.0,17-12-2024 11:25:00,5.15,5.15,5.05,5.05,6268725.0,13500.0,1482.75,1485.0,1482.75,1485.0,1511375.0,25.0
NIFTY,26-DEC-2024,26000.0,17-12-2024 11:26:00,5.05,5.1,4.95,4.95,6268725.0,3075.0,1485.0,1494.7,1485.0,1494.7,1511375.0,25.0
NIFTY,26-DEC-2024,26000.0,17-12-2024 11:27:00,5.0,5.1,4.95,5.1,6268725.0,6250.0,1494.7,1505.0,1494.7,1498.05,1511375.0,50.0
NIFTY,26-DEC-2024,26000.0,17-12-2024 11:28:00,5.1,5.1,5.0,5.0,6266800.0,0.0,1498.05,1516.6,1498.05,1516.6,1511450.0,175.0
NIFTY,26-DEC-2024,26000.0,17-12-2024 11:29:00,5.05,5.25,5.05,5.25,6266800.0,30425.0,1516.6,1526.65,1516.6,1524.35,1511450.0,425.0
NIFTY,26-DEC-2024,26000.0,17-12-2024 11:30:00,5.25,5.25,5.2,5.2,6266800.0,16525.0,1526.1,1526.1,1525.4,1525.4,1511450.0,200.0
NIFTY,26-DEC-2024,26000.0,17-12-2024 11:31:00,5.2,5.2,5.1,5.2,6264550.0,9075.0,1525.4,1527.0,1525.4,1527.0,1511525.0,75.0
NIFTY,26-DEC-2024,26000.0,17-12-2024 11:32:00,5.2,5.2,5.15,5.2,6264550.0,7300.0,1527.0,1528.8,1524.0,1524.0,1511525.0,100.0
NIFTY,26-DEC-2024,26000.0,17-12-2024 11:33:00,5.2,5.25,5.2,5.2,6264550.0,8375.0,1524.0,1524.0,1504.9,1504.9,1511525.0,150.0
NIFTY,26-DEC-2024,26000.0,17-12-2024 11:34:00,5.2,5.2,5.15,5.2,6257575.0,4350.0,1504.9,1516.65,1504.9,1516.65,1511525.0,1375.0
NIFTY,26-DEC-2024,26000.0,17-12-2024 11:35:00,5.15,5.2,5.1,5.1,6257575.0,1475.0,1516.65,1522.05,1516.65,1522.05,1511525.0,125.0
NIFTY,26-DEC-2024,26000.0,17-12-2024 11:36:00,5.1,5.2,5.1,5.15,6257575.0,7375.0,1522.05,1522.05,1509.2,1510.05,1511525.0,575.0
NIFTY,26-DEC-2024,26000.0,17-12-2024 11:37:00,5.15,5.15,5.1,5.1,6256000.0,1625.0,1510.05,1515.1,1506.85,1515.1,1511600.0,275.0
NIFTY,26-DEC-2024,26000.0,17-12-2024 11:38:00,5.1,5.15,5.1,5.1,6256000.0,650.0,1515.1,1515.1,1510.3,1512.3,1511600.0,275.0
NIFTY,26-DEC-2024,26000.0,17-12-2024 11:39:00,5.1,5.15,5.1,5.15,6256000.0,1475.0,1512.3,1518.3,1512.3,1518.3,1511600.0,275.0
NIFTY,26-DEC-2024,26000.0,17-12-2024 11:40:00,5.1,5.15,5.1,5.15,6257775.0,2675.0,1518.3,1518.55,1512.7,1512.7,1511600.0,125.0
NIFTY,26-DEC-2024,26000.0,17-12-2024 11:41:00,5.15,5.2,5.1,5.2,6257775.0,9150.0,1512.7,1549.9,1512.7,1549.9,1511600.0,2725.0
NIFTY,26-DEC-2024,26000.0,17-12-2024 11:42:00,5.2,5.2,5.1,5.15,6257775.0,4000.0,1549.6,1561.25,1549.6,1561.25,1511600.0,400.0
NIFTY,26-DEC-2024,26000.0,17-12-2024 11:43:00,5.15,5.25,5.15,5.2,6259150.0,9825.0,1561.25,1561.25,1555.0,1555.0,1512125.0,50.0
NIFTY,26-DEC-2024,26000.0,17-12-2024 11:44:00,5.2,5.2,5.0,5.05,6259150.0,60375.0,1555.0,1555.0,1548.05,1548.05,1512125.0,25.0
NIFTY,26-DEC-2024,26000.0,17-12-2024 11:45:00,5.05,5.1,5.0,5.05,6259150.0,1450.0,1548.05,1550.4,1548.05,1550.4,1512125.0,75.0
NIFTY,26-DEC-2024,26000.0,17-12-2024 11:46:00,5.1,5.1,5.1,5.1,6270025.0,1800.0,1550.4,1550.4,1539.05,1539.05,1512125.0,25.0
NIFTY,26-DEC-2024,26000.0,17-12-2024 11:47:00,5.1,5.1,5.05,5.1,6270025.0,12375.0,1534.4,1534.4,1534.4,1534.4,1512125.0,25.0
NIFTY,26-DEC-2024,26000.0,17-12-2024 11:48:00,5.1,5.15,5.05,5.1,6270025.0,13350.0,1534.4,1550.0,1534.4,1550.0,1512125.0,50.0
NIFTY,26-DEC-2024,26000.0,17-12-2024 11:49:00,5.05,5.15,5.05,5.1,6274025.0,2575.0,1550.0,1550.0,1550.0,1550.0,1512125.0,0.0
NIFTY,26-DEC-2024,26000.0,17-12-2024 11:50:00,5.05,5.15,5.05,5.1,6274025.0,13600.0,1550.0,1550.0,1548.2,1548.9,1512100.0,150.0
NIFTY,26-DEC-2024,26000.0,17-12-2024 11:51:00,5.1,5.1,5.05,5.05,6274025.0,12175.0,1548.9,1548.9,1548.9,1548.9,1512100.0,0.0
NIFTY,26-DEC-2024,26000.0,17-12-2024 11:52:00,5.15,5.15,5.1,5.1,6277450.0,2550.0,1548.9,1548.9,1535.55,1540.2,1512025.0,75.0
NIFTY,26-DEC-2024,26000.0,17-12-2024 11:53:00,5.1,5.1,5.05,5.1,6277450.0,2850.0,1540.2,1557.5,1540.2,1557.5,1512025.0,75.0
NIFTY,26-DEC-2024,26000.0,17-12-2024 11:54:00,5.15,5.2,5.15,5.15,6277450.0,8500.0,1557.5,1557.5,1528.0,1528.0,1512025.0,225.0
NIFTY,26-DEC-2024,26000.0,17-12-2024 11:55:00,5.15,5.15,5.1,5.1,6276325.0,3500.0,1528.0,1528.0,1528.0,1528.0,1512025.0,0.0
NIFTY,26-DEC-2024,26000.0,17-12-2024 11:56:00,5.1,5.15,5.1,5.15,6276325.0,5425.0,1528.0,1528.0,1528.0,1528.0,1512025.0,0.0
NIFTY,26-DEC-2024,26000.0,17-12-2024 11:57:00,5.15,5.2,5.15,5.2,6276325.0,3725.0,1528.0,1533.4,1528.0,1533.4,1512225.0,25.0
NIFTY,26-DEC-2024,26000.0,17-12-2024 11:58:00,5.2,5.2,5.2,5.2,6276125.0,3625.0,1533.4,1533.4,1533.4,1533.4,1512225.0,0.0
NIFTY,26-DEC-2024,26000.0,17-12-2024 11:59:00,5.2,5.2,5.15,5.15,6276125.0,1200.0,1533.4,1533.4,1533.4,1533.4,1512225.0,0.0
NIFTY,26-DEC-2024,26000.0,17-12-2024 12:00:00,5.2,5.25,5.15,5.2,6276125.0,4575.0,1533.4,1552.25,1533.4,1552.1,1512225.0,400.0
NIFTY,26-DEC-2024,26000.0,17-12-2024 12:01:00,5.2,5.35,5.2,5.3,6275975.0,4900.0,1553.6,1565.9,1553.6,1565.9,1512225.0,200.0
NIFTY,26-DEC-2024,26000.0,17-12-2024 12:02:00,5.3,5.3,5.25,5.3,6275975.0,43450.0,1565.9,1565.9,1548.3,1548.3,1512250.0,150.0
NIFTY,26-DEC-2024,26000.0,17-12-2024 12:03:00,5.3,5.3,5.2,5.2,6275975.0,225.0,1548.3,1548.3,1537.85,1544.3,1512250.0,450.0
NIFTY,26-DEC-2024,26000.0,17-12-2024 12:04:00,5.2,5.3,5.15,5.3,6263525.0,30475.0,1544.3,1546.4,1533.85,1533.85,1511950.0,300.0
NIFTY,26-DEC-2024,26000.0,17-12-2024 12:05:00,5.3,5.35,5.25,5.3,6263525.0,17750.0,1533.85,1541.15,1533.85,1538.9,1511950.0,500.0
NIFTY,26-DEC-2024,26000.0,17-12-2024 12:06:00,5.3,5.35,5.3,5.3,6263525.0,7300.0,1538.9,1542.55,1538.9,1541.6,1511950.0,275.0
NIFTY,26-DEC-2024,26000.0,17-12-2024 12:07:00,5.35,5.35,5.25,5.35,6263550.0,21600.0,1541.6,1552.75,1541.6,1548.0,1511950.0,300.0
NIFTY,26-DEC-2024,26000.0,17-12-2024 12:08:00,5.35,5.35,5.3,5.3,6263550.0,3925.0,1548.0,1548.0,1546.5,1546.5,1511950.0,50.0
NIFTY,26-DEC-2024,26000.0,17-12-2024 12:09:00,5.3,5.4,5.3,5.35,6263550.0,15375.0,1546.5,1548.25,1544.15,1544.15,1511950.0,75.0
NIFTY,26-DEC-2024,26000.0,17-12-2024 12:10:00,5.35,5.4,5.35,5.35,6262900.0,12450.0,1544.15,1544.15,1544.15,1544.15,1511950.0,0.0
NIFTY,26-DEC-2024,26000.0,17-12-2024 12:11:00,5.4,5.4,5.25,5.25,6262900.0,18350.0,1544.15,1545.55,1540.4,1540.4,1511850.0,400.0
NIFTY,26-DEC-2024,26000.0,17-12-2024 12:12:00,5.25,5.5,5.25,5.45,6262900.0,37700.0,1540.4,1549.7,1540.4,1543.3,1511850.0,200.0
NIFTY,26-DEC-2024,26000.0,17-12-2024 12:13:00,5.5,5.5,5.4,5.45,6247000.0,27950.0,1543.3,1543.3,1543.3,1543.3,1511850.0,0.0
NIFTY,26-DEC-2024,26000.0,17-12-2024 12:14:00,5.45,5.5,5.4,5.45,6247000.0,6700.0,1543.3,1550.0,1543.3,1550.0,1511800.0,25.0
NIFTY,26-DEC-2024,26000.0,17-12-2024 12:15:00,5.4,5.45,5.35,5.4,6247000.0,1775.0,1550.0,1558.0,1550.0,1551.45,1511800.0,325.0
NIFTY,26-DEC-2024,26000.0,17-12-2024 12:16:00,5.35,5.5,5.35,5.45,6248750.0,27075.0,1551.45,1551.45,1551.45,1551.45,1511800.0,0.0
NIFTY,26-DEC-2024,26000.0,17-12-2024 12:17:00,5.45,5.5,5.45,5.45,6248750.0,3175.0,1551.45,1551.45,1541.2,1541.2,1511450.0,25.0
NIFTY,26-DEC-2024,26000.0,17-12-2024 12:18:00,5.45,5.5,5.4,5.4,6248750.0,8075.0,1541.2,1541.2,1541.2,1541.2,1511450.0,0.0
NIFTY,26-DEC-2024,26000.0,17-12-2024 12:19:00,5.4,5.5,5.4,5.5,6248675.0,10075.0,1560.0,1568.75,1560.0,1568.75,1511500.0,375.0
NIFTY,26-DEC-2024,26000.0,17-12-2024 12:20:00,5.5,5.55,5.45,5.55,6248675.0,12050.0,1568.75,1572.0,1565.5,1572.0,1511500.0,375.0
NIFTY,26-DEC-2024,26000.0,17-12-2024 12:21:00,5.5,5.55,5.5,5.55,6248675.0,13025.0,1572.0,1572.0,1558.7,1561.0,1511500.0,50.0
NIFTY,26-DEC-2024,26000.0,17-12-2024 12:22:00,5.5,5.55,5.5,5.55,6252550.0,5025.0,1561.0,1561.0,1558.4,1561.0,1510875.0,125.0
NIFTY,26-DEC-2024,26000.0,17-12-2024 12:23:00,5.55,5.55,5.45,5.5,6252550.0,2575.0,1561.0,1561.0,1561.0,1561.0,1510875.0,75.0
NIFTY,26-DEC-2024,26000.0,17-12-2024 12:24:00,5.55,5.6,5.5,5.55,6252550.0,4000.0,1561.0,1561.0,1555.6,1555.6,1510875.0,75.0
NIFTY,26-DEC-2024,26000.0,17-12-2024 12:25:00,5.55,5.65,5.55,5.65,6253000.0,11350.0,1555.6,1555.6,1552.75,1552.75,1510875.0,350.0
NIFTY,26-DEC-2024,26000.0,17-12-2024 12:26:00,5.65,5.75,5.65,5.75,6253000.0,12150.0,1552.75,1552.75,1524.65,1524.65,1510875.0,25.0
NIFTY,26-DEC-2024,26000.0,17-12-2024 12:27:00,5.75,5.8,5.65,5.65,6253000.0,250.0,1524.65,1526.0,1524.65,1526.0,1510750.0,25.0
NIFTY,26-DEC-2024,26000.0,17-12-2024 12:28:00,5.65,5.65,5.55,5.55,6257050.0,87775.0,1526.0,1528.0,1526.0,1528.0,1510425.0,25.0
NIFTY,26-DEC-2024,26000.0,17-12-2024 12:29:00,5.6,5.9,5.6,5.9,6257050.0,35400.0,1529.0,1529.0,1498.55,1498.55,1510425.0,525.0
NIFTY,26-DEC-2024,26000.0,17-12-2024 12:30:00,5.9,6.2,5.9,6.1,6257050.0,85900.0,1495.65,1495.65,1491.2,1495.0,1510425.0,325.0
NIFTY,26-DEC-2024,26000.0,17-12-2024 12:31:00,6.1,6.15,5.9,5.9,6243450.0,37325.0,1495.0,1497.85,1492.6,1497.85,1510425.0,125.0
NIFTY,26-DEC-2024,26000.0,17-12-2024 12:32:00,5.9,5.95,5.8,5.9,6243450.0,25775.0,1497.85,1498.25,1493.4,1495.45,1510425.0,225.0
NIFTY,26-DEC-2024,26000.0,17-12-2024 12:33:00,5.8,5.8,5.7,5.7,6243450.0,21050.0,1495.45,1502.0,1495.45,1500.05,1510425.0,175.0
NIFTY,26-DEC-2024,26000.0,17-12-2024 12:34:00,5.7,5.8,5.65,5.7,6261100.0,20275.0,1500.05,1500.05,1487.35,1487.35,1510475.0,75.0
NIFTY,26-DEC-2024,26000.0,17-12-2024 12:35:00,5.7,5.75,5.5,5.55,6261100.0,25050.0,1487.7,1500.15,1487.7,1500.15,1510475.0,400.0
NIFTY,26-DEC-2024,26000.0,17-12-2024 12:36:00,5.6,5.6,5.45,5.5,6261100.0,18475.0,1500.15,1501.2,1500.15,1501.2,1510475.0,100.0
NIFTY,26-DEC-2024,26000.0,17-12-2024 12:37:00,5.5,5.6,5.45,5.55,6268325.0,7050.0,1501.2,1508.25,1501.2,1508.25,1510575.0,50.0
NIFTY,26-DEC-2024,26000.0,17-12-2024 12:38:00,5.55,5.6,5.55,5.6,6268325.0,4150.0,1508.25,1508.25,1508.25,1508.25,1510575.0,0.0
NIFTY,26-DEC-2024,26000.0,17-12-2024 12:39:00,5.6,5.65,5.45,5.5,6268325.0,18475.0,1508.25,1525.0,1508.25,1525.0,1510575.0,125.0
NIFTY,26-DEC-2024,26000.0,17-12-2024 12:40:00,5.55,5.55,5.5,5.5,6270275.0,5375.0,1525.0,1525.0,1525.0,1525.0,1510575.0,0.0
NIFTY,26-DEC-2024,26000.0,17-12-2024 12:41:00,5.5,5.6,5.5,5.6,6270275.0,750.0,1525.0,1525.0,1525.0,1525.0,1510575.0,0.0
NIFTY,26-DEC-2024,26000.0,17-12-2024 12:42:00,5.6,5.6,5.5,5.5,6270275.0,10775.0,1525.0,1525.0,1525.0,1525.0,1510575.0,0.0
NIFTY,26-DEC-2024,26000.0,17-12-2024 12:43:00,5.5,5.55,5.45,5.45,6264300.0,18725.0,1525.0,1525.0,1525.0,1525.0,1510575.0,0.0
NIFTY,26-DEC-2024,26000.0,17-12-2024 12:44:00,5.45,5.5,5.45,5.5,6264300.0,10675.0,1525.0,1533.85,1525.0,1530.15,1510725.0,1925.0
NIFTY,26-DEC-2024,26000.0,17-12-2024 12:45:00,5.5,5.5,5.4,5.4,6264300.0,6375.0,1536.8,1539.8,1535.0,1539.8,1510725.0,700.0
NIFTY,26-DEC-2024,26000.0,17-12-2024 12:46:00,5.4,5.5,5.4,5.45,6248575.0,9425.0,1539.8,1539.8,1530.0,1530.0,1508975.0,50.0
NIFTY,26-DEC-2024,26000.0,17-12-2024 12:47:00,5.45,5.5,5.45,5.45,6248575.0,7750.0,1530.0,1530.0,1530.0,1530.0,1508975.0,0.0
NIFTY,26-DEC-2024,26000.0,17-12-2024 12:48:00,5.45,5.5,5.45,5.45,6248575.0,3375.0,1530.0,1530.0,1530.0,1530.0,1508975.0,0.0
NIFTY,26-DEC-2024,26000.0,17-12-2024 12:49:00,5.45,5.55,5.45,5.5,6255550.0,2950.0,1530.0,1541.05,1530.0,1541.05,1509025.0,75.0
NIFTY,26-DEC-2024,26000.0,17-12-2024 12:50:00,5.5,5.55,5.45,5.45,6255550.0,4250.0,1541.05,1541.05,1533.0,1533.0,1509025.0,75.0
NIFTY,26-DEC-2024,26000.0,17-12-2024 12:51:00,5.5,5.5,5.45,5.5,6255550.0,1850.0,1533.0,1533.0,1533.0,1533.0,1509025.0,0.0
NIFTY,26-DEC-2024,26000.0,17-12-2024 12:52:00,5.5,5.5,5.4,5.5,6255900.0,5225.0,1533.0,1533.0,1522.9,1522.9,1509025.0,350.0
NIFTY,26-DEC-2024,26000.0,17-12-2024 12:53:00,5.5,5.5,5.4,5.4,6255900.0,12275.0,1522.9,1522.9,1520.0,1520.0,1509425.0,25.0
NIFTY,26-DEC-2024,26000.0,17-12-2024 12:54:00,5.45,5.5,5.45,5.5,6255900.0,775.0,1520.0,1520.0,1513.85,1513.85,1509425.0,50.0
NIFTY,26-DEC-2024,26000.0,17-12-2024 12:55:00,5.5,5.5,5.4,5.4,6250500.0,4200.0,1513.85,1513.85,1513.85,1513.85,1509425.0,0.0
NIFTY,26-DEC-2024,26000.0,17-12-2024 12:56:00,5.4,5.5,5.4,5.5,6250500.0,6525.0,1513.85,1513.85,1505.05,1505.05,1509350.0,25.0
NIFTY,26-DEC-2024,26000.0,17-12-2024 12:57:00,5.5,5.5,5.4,5.4,6250500.0,3575.0,1505.05,1510.0,1503.0,1510.0,1509350.0,150.0
NIFTY,26-DEC-2024,26000.0,17-12-2024 12:58:00,5.45,5.45,5.4,5.45,6257100.0,5200.0,1510.0,1515.0,1510.0,1512.0,1509350.0,225.0
NIFTY,26-DEC-2024,26000.0,17-12-2024 12:59:00,5.45,5.5,5.45,5.5,6257100.0,6500.0,1512.0,1512.0,1503.95,1503.95,1509350.0,50.0
NIFTY,26-DEC-2024,26000.0,17-12-2024 13:00:00,5.45,5.5,5.45,5.5,6257100.0,3850.0,1503.95,1503.95,1503.95,1503.95,1509350.0,0.0
NIFTY,26-DEC-2024,26000.0,17-12-2024 13:01:00,5.5,5.5,5.4,5.4,6252875.0,5025.0,1503.95,1520.0,1503.95,1520.0,1509850.0,600.0
NIFTY,26-DEC-2024,26000.0,17-12-2024 13:02:00,5.4,5.4,5.3,5.4,6252875.0,7025.0,1520.0,1532.85,1520.0,1532.85,1509850.0,50.0
NIFTY,26-DEC-2024,26000.0,17-12-2024 13:03:00,5.4,5.4,5.4,5.4,6252875.0,8000.0,1532.85,1532.85,1532.85,1532.85,1509850.0,0.0
NIFTY,26-DEC-2024,26000.0,17-12-2024 13:04:00,5.4,5.45,5.4,5.45,6248750.0,3600.0,1532.85,1533.2,1532.85,1533.2,1509850.0,25.0
NIFTY,26-DEC-2024,26000.0,17-12-2024 13:05:00,5.45,5.5,5.4,5.4,6248750.0,13550.0,1533.2,1533.2,1533.2,1533.2,1509850.0,0.0
NIFTY,26-DEC-2024,26000.0,17-12-2024 13:06:00,5.45,5.5,5.35,5.5,6248750.0,4800.0,1533.2,1536.3,1533.2,1536.0,1510375.0,75.0
NIFTY,26-DEC-2024,26000.0,17-12-2024 13:07:00,5.5,5.5,5.45,5.45,6244175.0,600.0,1536.0,1536.0,1533.95,1533.95,1510375.0,25.0
NIFTY,26-DEC-2024,26000.0,17-12-2024 13:08:00,5.45,5.45,5.4,5.4,6244175.0,400.0,1533.95,1533.95,1531.5,1531.5,1510375.0,25.0
NIFTY,26-DEC-2024,26000.0,17-12-2024 13:09:00,5.4,5.4,5.4,5.4,6244175.0,9650.0,1531.5,1531.5,1531.5,1531.5,1510375.0,0.0
NIFTY,26-DEC-2024,26000.0,17-12-2024 13:10:00,5.45,5.45,5.35,5.35,6238625.0,1000.0,1531.5,1531.5,1531.5,1531.5,1510375.0,0.0
NIFTY,26-DEC-2024,26000.0,17-12-2024 13:11:00,5.4,5.4,5.35,5.35,6238625.0,16325.0,1531.5,1540.45,1531.5,1540.45,1510425.0,25.0
NIFTY,26-DEC-2024,26000.0,17-12-2024 13:12:00,5.35,5.45,5.35,5.4,6238625.0,17650.0,1540.45,1544.3,1540.45,1544.3,1510425.0,25.0
NIFTY,26-DEC-2024,26000.0,17-12-2024 13:13:00,5.4,5.45,5.4,5.4,6239925.0,6150.0,1550.0,1557.25,1550.0,1557.25,1510425.0,525.0
NIFTY,26-DEC-2024,26000.0,17-12-2024 13:14:00,5.4,5.4,5.25,5.25,6239925.0,14775.0,1557.25,1568.5,1557.25,1568.5,1510925.0,50.0
NIFTY,26-DEC-2024,26000.0,17-12-2024 13:15:00,5.25,5.35,5.2,5.3,6239925.0,24600.0,1568.5,1568.5,1558.0,1558.0,1510925.0,100.0
NIFTY,26-DEC-2024,26000.0,17-12-2024 13:16:00,5.3,5.4,5.3,5.35,6213100.0,1850.0,1558.0,1575.0,1558.0,1575.0,1511025.0,75.0
NIFTY,26-DEC-2024,26000.0,17-12-2024 13:17:00,5.35,5.4,5.3,5.4,6213100.0,10975.0,1575.0,1575.0,1575.0,1575.0,1511025.0,0.0
NIFTY,26-DEC-2024,26000.0,17-12-2024 13:18:00,5.4,5.45,5.4,5.4,6213100.0,10325.0,1575.0,1575.0,1567.0,1567.0,1511025.0,75.0
NIFTY,26-DEC-2024,26000.0,17-12-2024 13:19:00,5.45,5.45,5.4,5.45,6213100.0,2400.0,1567.0,1567.0,1567.0,1567.0,1511025.0,0.0
NIFTY,26-DEC-2024,26000.0,17-12-2024 13:20:00,5.4,5.45,5.4,5.45,6209625.0,2625.0,1567.0,1567.0,1567.0,1567.0,1511025.0,0.0
NIFTY,26-DEC-2024,26000.0,17-12-2024 13:21:00,5.45,5.5,5.45,5.45,6209625.0,7250.0,1567.0,1572.6,1566.65,1566.65,1511100.0,125.0
NIFTY,26-DEC-2024,26000.0,17-12-2024 13:22:00,5.45,5.5,5.45,5.45,6210225.0,1125.0,1560.55,1560.55,1560.55,1560.55,1511150.0,125.0
NIFTY,26-DEC-2024,26000.0,17-12-2024 13:23:00,5.5,5.5,5.45,5.45,6210225.0,8375.0,1560.55,1561.0,1560.55,1561.0,1511150.0,425.0
NIFTY,26-DEC-2024,26000.0,17-12-2024 13:24:00,5.45,5.55,5.45,5.5,6210225.0,125.0,1561.0,1561.0,1561.0,1561.0,1511150.0,0.0
NIFTY,26-DEC-2024,26000.0,17-12-2024 13:25:00,5.5,5.5,5.45,5.45,6213875.0,20350.0,1561.0,1561.0,1561.0,1561.0,1511150.0,0.0
NIFTY,26-DEC-2024,26000.0,17-12-2024 13:26:00,5.45,5.5,5.45,5.45,6213875.0,4875.0,1557.3,1557.3,1557.0,1557.0,1510775.0,75.0
NIFTY,26-DEC-2024,26000.0,17-12-2024 13:27:00,5.45,5.5,5.4,5.4,6213875.0,0.0,1557.0,1557.0,1557.0,1557.0,1510775.0,0.0
NIFTY,26-DEC-2024,26000.0,17-12-2024 13:28:00,5.4,5.45,5.35,5.4,6201875.0,22125.0,1557.0,1590.0,1557.0,1590.0,1510775.0,50.0
NIFTY,26-DEC-2024,26000.0,17-12-2024 13:29:00,5.4,5.45,5.35,5.35,6201875.0,0.0,1587.0,1587.0,1587.0,1587.0,1510850.0,25.0
NIFTY,26-DEC-2024,26000.0,17-12-2024 13:30:00,5.4,5.6,5.35,5.55,6201875.0,8675.0,1587.0,1596.3,1586.0,1586.0,1510850.0,500.0
NIFTY,26-DEC-2024,26000.0,17-12-2024 13:31:00,5.55,5.65,5.55,5.6,6194000.0,104800.0,1586.0,1586.0,1586.0,1586.0,1510850.0,0.0
NIFTY,26-DEC-2024,26000.0,17-12-2024 13:32:00,5.65,5.65,5.6,5.65,6194000.0,11700.0,1596.0,1596.0,1592.9,1592.9,1510750.0,50.0
NIFTY,26-DEC-2024,26000.0,17-12-2024 13:33:00,5.65,5.7,5.6,5.6,6194000.0,20100.0,1596.1,1596.1,1590.0,1590.0,1510750.0,675.0
NIFTY,26-DEC-2024,26000.0,17-12-2024 13:34:00,5.65,5.7,5.6,5.65,6192600.0,4925.0,1590.0,1590.0,1582.1,1582.25,1510800.0,1575.0
NIFTY,26-DEC-2024,26000.0,17-12-2024 13:35:00,5.7,5.7,5.65,5.65,6192600.0,14500.0,1582.25,1582.25,1577.3,1577.3,1510800.0,1125.0
NIFTY,26-DEC-2024,26000.0,17-12-2024 13:36:00,5.7,5.75,5.65,5.7,6192600.0,16775.0,1577.3,1577.3,1568.7,1568.7,1510800.0,500.0
NIFTY,26-DEC-2024,26000.0,17-12-2024 13:37:00,5.7,5.8,5.7,5.8,6181225.0,28225.0,1568.7,1568.7,1556.05,1556.65,1510875.0,1275.0
NIFTY,26-DEC-2024,26000.0,17-12-2024 13:38:00,5.75,5.8,5.7,5.7,6181225.0,20100.0,1556.65,1556.65,1555.0,1555.0,1510875.0,500.0
NIFTY,26-DEC-2024,26000.0,17-12-2024 13:39:00,5.65,5.75,5.65,5.75,6181225.0,1650.0,1555.0,1561.3,1555.0,1555.0,1510875.0,825.0
NIFTY,26-DEC-2024,26000.0,17-12-2024 13:40:00,5.75,5.85,5.75,5.85,6178275.0,5575.0,1555.0,1555.0,1549.4,1549.8,1510775.0,1000.0
NIFTY,26-DEC-2024,26000.0,17-12-2024 13:41:00,5.8,5.8,5.7,5.75,6178275.0,2450.0,1549.8,1565.3,1549.8,1565.3,1510775.0,3400.0
NIFTY,26-DEC-2024,26000.0,17-12-2024 13:42:00,5.75,5.8,5.7,5.7,6178275.0,9750.0,1564.85,1564.85,1555.0,1559.5,1510775.0,2250.0
NIFTY,26-DEC-2024,26000.0,17-12-2024 13:43:00,5.7,5.75,5.7,5.75,6176175.0,2900.0,1559.6,1567.55,1559.15,1559.8,1510725.0,2075.0
NIFTY,26-DEC-2024,26000.0,17-12-2024 13:44:00,5.75,5.75,5.7,5.7,6176175.0,7975.0,1562.45,1571.6,1560.8,1571.6,1510725.0,2775.0
NIFTY,26-DEC-2024,26000.0,17-12-2024 13:45:00,5.75,5.75,5.65,5.7,6176175.0,16050.0,1571.6,1582.7,1571.6,1580.25,1510725.0,2900.0
NIFTY,26-DEC-2024,26000.0,17-12-2024 13:46:00,5.7,5.85,5.7,5.85,6175000.0,13750.0,1580.25,1580.25,1557.95,1562.35,1510725.0,875.0
NIFTY,26-DEC-2024,26000.0,17-12-2024 13:47:00,5.85,5.85,5.75,5.8,6175000.0,32275.0,1562.35,1562.35,1558.55,1559.85,1510725.0,2000.0
NIFTY,26-DEC-2024,26000.0,17-12-2024 13:48:00,5.75,5.75,5.7,5.7,6175000.0,4450.0,1559.85,1559.85,1559.85,1559.85,1510725.0,0.0
NIFTY,26-DEC-2024,26000.0,17-12-2024 13:49:00,5.75,5.75,5.7,5.75,6164025.0,8200.0,1559.85,1565.15,1559.7,1559.7,1510625.0,1400.0
NIFTY,26-DEC-2024,26000.0,17-12-2024 13:50:00,5.75,5.8,5.7,5.8,6164025.0,12350.0,1559.7,1571.35,1559.7,1564.2,1510625.0,4000.0
NIFTY,26-DEC-2024,26000.0,17-12-2024 13:51:00,5.8,5.9,5.75,5.85,6164025.0,8125.0,1564.2,1564.4,1551.2,1551.2,1510625.0,3575.0
NIFTY,26-DEC-2024,26000.0,17-12-2024 13:52:00,5.9,5.95,5.9,5.95,6161375.0,11400.0,1551.2,1551.2,1538.7,1544.4,1510550.0,4625.0
NIFTY,26-DEC-2024,26000.0,17-12-2024 13:53:00,5.95,5.95,5.85,5.9,6161375.0,12150.0,1544.4,1553.95,1544.4,1553.95,1510550.0,500.0
NIFTY,26-DEC-2024,26000.0,17-12-2024 13:54:00,5.9,5.9,5.8,5.8,6161375.0,1825.0,1553.95,1553.95,1549.9,1549.9,1510550.0,50.0
NIFTY,26-DEC-2024,26000.0,17-12-2024 13:55:00,5.8,5.9,5.8,5.85,6168750.0,4000.0,1549.9,1553.75,1549.9,1553.75,1510525.0,475.0
NIFTY,26-DEC-2024,26000.0,17-12-2024 13:56:00,5.85,5.95,5.85,5.85,6168750.0,11375.0,1553.75,1553.75,1548.0,1548.0,1510525.0,25.0
NIFTY,26-DEC-2024,26000.0,17-12-2024 13:57:00,5.85,5.9,5.8,5.85,6168750.0,4450.0,1548.0,1560.3,1548.0,1560.3,1510525.0,25.0
NIFTY,26-DEC-2024,26000.0,17-12-2024 13:58:00,5.8,5.95,5.8,5.95,6167875.0,6600.0,1560.3,1567.75,1560.3,1567.75,1510525.0,1200.0
NIFTY,26-DEC-2024,26000.0,17-12-2024 13:59:00,5.9,5.9,5.9,5.9,6167875.0,2100.0,1567.75,1567.75,1555.0,1555.0,1510450.0,25.0
NIFTY,26-DEC-2024,26000.0,17-12-2024 14:00:00,5.9,6.0,5.9,5.95,6167875.0,9375.0,1555.0,1555.0,1535.25,1537.25,1510450.0,2800.0
NIFTY,26-DEC-2024,26000.0,17-12-2024 14:01:00,5.9,5.95,5.9,5.95,6169900.0,1350.0,1537.25,1544.5,1537.25,1544.25,1510450.0,2000.0
NIFTY,26-DEC-2024,26000.0,17-12-2024 14:02:00,5.9,5.9,5.85,5.9,6169900.0,12075.0,1544.25,1558.6,1544.25,1557.2,1510450.0,7400.0
NIFTY,26-DEC-2024,26000.0,17-12-2024 14:03:00,5.9,5.9,5.8,5.9,6169900.0,17100.0,1557.45,1563.65,1557.45,1559.0,1510450.0,4525.0
NIFTY,26-DEC-2024,26000.0,17-12-2024 14:04:00,5.9,5.9,5.8,5.85,6178125.0,4000.0,1559.0,1559.0,1557.3,1557.3,1510450.0,725.0
NIFTY,26-DEC-2024,26000.0,17-12-2024 14:05:00,5.8,5.85,5.75,5.8,6178125.0,7975.0,1559.95,1567.5,1559.95,1565.05,1510450.0,5650.0
NIFTY,26-DEC-2024,26000.0,17-12-2024 14:06:00,5.8,5.9,5.75,5.85,6178125.0,16475.0,1564.6,1569.3,1563.5,1564.0,1510450.0,5250.0
NIFTY,26-DEC-2024,26000.0,17-12-2024 14:07:00,5.85,5.9,5.85,5.9,6179375.0,4075.0,1564.0,1564.0,1555.7,1555.7,1510425.0,1875.0
NIFTY,26-DEC-2024,26000.0,17-12-2024 14:08:00,5.9,5.9,5.85,5.85,6179375.0,4525.0,1555.7,1575.0,1555.6,1575.0,1510425.0,200.0
NIFTY,26-DEC-2024,26000.0,17-12-2024 14:09:00,5.9,5.9,5.8,5.85,6179375.0,3150.0,1575.0,1580.0,1570.5,1580.0,1510425.0,400.0
NIFTY,26-DEC-2024,26000.0,17-12-2024 14:10:00,5.85,5.9,5.8,5.8,6176825.0,7175.0,1580.0,1583.1,1577.0,1577.0,1510425.0,625.0
NIFTY,26-DEC-2024,26000.0,17-12-2024 14:11:00,5.8,5.85,5.8,5.85,6176825.0,23800.0,1577.0,1581.7,1573.8,1581.7,1510425.0,425.0
NIFTY,26-DEC-2024,26000.0,17-12-2024 14:12:00,5.8,5.9,5.8,5.85,6176825.0,8350.0,1581.7,1588.1,1581.35,1588.1,1510425.0,1725.0
NIFTY,26-DEC-2024,26000.0,17-12-2024 14:13:00,5.85,5.95,5.85,5.9,6188725.0,23925.0,1588.1,1590.55,1581.3,1587.7,1510375.0,2800.0
NIFTY,26-DEC-2024,26000.0,17-12-2024 14:14:00,5.9,5.95,5.9,5.9,6188725.0,15225.0,1587.7,1587.7,1581.4,1586.9,1510375.0,3400.0
NIFTY,26-DEC-2024,26000.0,17-12-2024 14:15:00,5.9,5.95,5.85,5.9,6188725.0,22475.0,1586.9,1588.85,1579.95,1583.2,1510375.0,2300.0
NIFTY,26-DEC-2024,26000.0,17-12-2024 14:16:00,5.9,5.9,5.8,5.9,6186800.0,8200.0,1581.0,1589.9,1580.55,1588.0,1510600.0,3100.0
NIFTY,26-DEC-2024,26000.0,17-12-2024 14:17:00,5.85,5.9,5.8,5.9,6186800.0,5875.0,1588.0,1588.0,1580.0,1581.9,1510600.0,2025.0
NIFTY,26-DEC-2024,26000.0,17-12-2024 14:18:00,5.9,5.95,5.85,5.95,6186800.0,3125.0,1583.1,1589.4,1578.45,1578.45,1510600.0,3000.0
NIFTY,26-DEC-2024,26000.0,17-12-2024 14:19:00,5.9,5.95,5.85,5.9,6182800.0,6325.0,1578.45,1578.45,1573.1,1577.45,1513350.0,3425.0
NIFTY,26-DEC-2024,26000.0,17-12-2024 14:20:00,5.9,5.95,5.85,5.9,6182800.0,9075.0,1577.45,1583.55,1572.75,1583.55,1513350.0,2900.0
NIFTY,26-DEC-2024,26000.0,17-12-2024 14:21:00,5.9,5.9,5.85,5.9,6182800.0,2975.0,1583.55,1584.4,1583.45,1584.4,1513350.0,1025.0
NIFTY,26-DEC-2024,26000.0,17-12-2024 14:22:00,5.9,5.9,5.85,5.9,6185475.0,13375.0,1584.4,1604.4,1584.4,1603.85,1514400.0,4475.0
NIFTY,26-DEC-2024,26000.0,17-12-2024 14:23:00,5.9,5.95,5.85,5.9,6185475.0,11350.0,1604.55,1605.2,1601.85,1603.6,1514400.0,825.0
NIFTY,26-DEC-2024,26000.0,17-12-2024 14:24:00,5.9,5.95,5.8,5.95,6185475.0,4475.0,1603.6,1610.3,1601.25,1603.7,1514400.0,650.0
NIFTY,26-DEC-2024,26000.0,17-12-2024 14:25:00,5.95,5.95,5.85,5.95,6180700.0,19050.0,1603.9,1604.65,1599.4,1604.65,1516000.0,3350.0
NIFTY,26-DEC-2024,26000.0,17-12-2024 14:26:00,5.95,6.0,5.95,6.0,6180700.0,6275.0,1604.65,1604.65,1599.6,1599.6,1516000.0,875.0
NIFTY,26-DEC-2024,26000.0,17-12-2024 14:27:00,6.0,6.0,5.85,5.9,6180700.0,22275.0,1599.9,1605.45,1598.7,1601.6,1516000.0,1800.0
NIFTY,26-DEC-2024,26000.0,17-12-2024 14:28:00,5.85,5.95,5.85,5.95,6182900.0,9525.0,1601.6,1617.3,1601.6,1617.15,1514875.0,1650.0
NIFTY,26-DEC-2024,26000.0,17-12-2024 14:29:00,5.95,5.95,5.85,5.95,6182900.0,5075.0,1616.55,1616.55,1611.45,1614.5,1514875.0,450.0
NIFTY,26-DEC-2024,26000.0,17-12-2024 14:30:00,5.95,6.0,5.9,5.9,6182900.0,32975.0,1613.4,1613.4,1607.25,1609.55,1514875.0,550.0
NIFTY,26-DEC-2024,26000.0,17-12-2024 14:31:00,5.95,5.95,5.85,5.9,6172225.0,38075.0,1609.55,1609.55,1609.55,1609.55,1514875.0,0.0
NIFTY,26-DEC-2024,26000.0,17-12-2024 14:32:00,5.85,5.85,5.8,5.8,6172225.0,8775.0,1609.55,1609.55,1602.35,1605.0,1514000.0,50.0
NIFTY,26-DEC-2024,26000.0,17-12-2024 14:33:00,5.8,5.9,5.8,5.85,6172225.0,25100.0,1605.0,1606.95,1605.0,1606.9,1514000.0,525.0
NIFTY,26-DEC-2024,26000.0,17-12-2024 14:34:00,5.85,6.0,5.85,6.0,6170400.0,4600.0,1600.05,1600.05,1600.05,1600.05,1514000.0,25.0
NIFTY,26-DEC-2024,26000.0,17-12-2024 14:35:00,6.0,6.1,6.0,6.05,6170400.0,13225.0,1600.05,1607.7,1600.05,1607.7,1513400.0,550.0
NIFTY,26-DEC-2024,26000.0,17-12-2024 14:36:00,6.05,6.2,6.0,6.15,6170400.0,18525.0,1607.7,1607.7,1600.0,1600.0,1513400.0,125.0
NIFTY,26-DEC-2024,26000.0,17-12-2024 14:37:00,6.15,6.25,6.15,6.15,6154550.0,12975.0,1600.0,1600.0,1593.35,1595.9,1513400.0,100.0
NIFTY,26-DEC-2024,26000.0,17-12-2024 14:38:00,6.15,6.15,6.1,6.1,6154550.0,19750.0,1595.9,1607.7,1595.9,1603.3,1512900.0,1350.0
NIFTY,26-DEC-2024,26000.0,17-12-2024 14:39:00,6.15,6.15,6.05,6.05,6154550.0,26825.0,1603.3,1608.5,1600.65,1600.65,1512900.0,1675.0
NIFTY,26-DEC-2024,26000.0,17-12-2024 14:40:00,6.1,6.15,6.05,6.1,6147625.0,18075.0,1600.65,1600.65,1593.0,1593.0,1512900.0,50.0
NIFTY,26-DEC-2024,26000.0,17-12-2024 14:41:00,6.1,6.15,6.05,6.1,6147625.0,14875.0,1593.0,1593.0,1593.0,1593.0,1512900.0,0.0
NIFTY,26-DEC-2024,26000.0,17-12-2024 14:42:00,6.1,6.1,6.0,6.05,6147625.0,11200.0,1593.0,1597.05,1593.0,1596.4,1511025.0,100.0
NIFTY,26-DEC-2024,26000.0,17-12-2024 14:43:00,6.0,6.05,6.0,6.05,6153375.0,6050.0,1596.4,1601.55,1596.4,1601.55,1511025.0,25.0
NIFTY,26-DEC-2024,26000.0,17-12-2024 14:44:00,6.05,6.1,6.0,6.1,6153375.0,20700.0,1601.55,1601.55,1597.7,1597.9,1511025.0,125.0
NIFTY,26-DEC-2024,26000.0,17-12-2024 14:45:00,6.1,6.1,6.05,6.05,6153375.0,19275.0,1597.9,1597.9,1595.85,1595.85,1511025.0,200.0
NIFTY,26-DEC-2024,26000.0,17-12-2024 14:46:00,6.05,6.1,6.0,6.05,6152325.0,2275.0,1595.85,1595.85,1590.0,1590.0,1511025.0,200.0
NIFTY,26-DEC-2024,26000.0,17-12-2024 14:47:00,6.05,6.1,6.0,6.0,6152325.0,8600.0,1590.0,1590.0,1590.0,1590.0,1511025.0,0.0
NIFTY,26-DEC-2024,26000.0,17-12-2024 14:48:00,6.1,6.1,5.85,5.85,6152325.0,11975.0,1590.0,1590.0,1578.45,1580.85,1511025.0,300.0
NIFTY,26-DEC-2024,26000.0,17-12-2024 14:49:00,5.8,5.8,5.75,5.8,6160050.0,6375.0,1580.85,1580.85,1580.85,1580.85,1511025.0,0.0
NIFTY,26-DEC-2024,26000.0,17-12-2024 14:50:00,5.8,5.8,5.75,5.8,6160050.0,1300.0,1580.85,1582.5,1580.85,1582.5,1511075.0,75.0
NIFTY,26-DEC-2024,26000.0,17-12-2024 14:51:00,5.7,5.75,5.7,5.7,6160050.0,16150.0,1582.5,1582.5,1582.5,1582.5,1511075.0,0.0
NIFTY,26-DEC-2024,26000.0,17-12-2024 14:52:00,5.75,5.75,5.65,5.65,6157150.0,4775.0,1582.5,1596.0,1582.5,1596.0,1511075.0,50.0
NIFTY,26-DEC-2024,26000.0,17-12-2024 14:53:00,5.65,5.7,5.6,5.6,6157150.0,20950.0,1596.0,1612.75,1596.0,1612.75,1511125.0,100.0
NIFTY,26-DEC-2024,26000.0,17-12-2024 14:54:00,5.55,5.6,5.55,5.6,6157150.0,15100.0,1612.75,1612.75,1612.0,1612.75,1511125.0,200.0
NIFTY,26-DEC-2024,26000.0,17-12-2024 14:55:00,5.5,5.6,5.5,5.55,6145350.0,21950.0,1612.75,1612.75,1612.75,1612.75,1511125.0,0.0
NIFTY,26-DEC-2024,26000.0,17-12-2024 14:56:00,5.45,5.65,5.45,5.65,6145350.0,26225.0,1612.75,1612.75,1612.75,1612.75,1511125.0,50.0
NIFTY,26-DEC-2024,26000.0,17-12-2024 14:57:00,5.6,5.6,5.5,5.5,6145350.0,3650.0,1612.75,1612.75,1601.55,1601.55,1511100.0,25.0
NIFTY,26-DEC-2024,26000.0,17-12-2024 14:58:00,5.5,5.5,5.4,5.4,6148700.0,7600.0,1601.55,1601.55,1600.0,1600.0,1511100.0,350.0
NIFTY,26-DEC-2024,26000.0,17-12-2024 14:59:00,5.4,5.5,5.4,5.4,6148700.0,21425.0,1600.0,1600.0,1592.6,1592.6,1511100.0,100.0
NIFTY,26-DEC-2024,26000.0,17-12-2024 15:00:00,5.4,5.5,5.4,5.4,6148700.0,20700.0,1592.85,1592.85,1565.35,1565.35,1511100.0,250.0
NIFTY,26-DEC-2024,26000.0,17-12-2024 15:01:00,5.45,5.5,5.4,5.5,6150600.0,14950.0,1565.35,1575.85,1565.35,1574.0,1510750.0,150.0
NIFTY,26-DEC-2024,26000.0,17-12-2024 15:02:00,5.45,5.55,5.4,5.5,6150600.0,26200.0,1574.0,1583.1,1574.0,1583.1,1510750.0,25.0
NIFTY,26-DEC-2024,26000.0,17-12-2024 15:03:00,5.5,5.6,5.5,5.6,6150600.0,31750.0,1583.1,1583.1,1583.1,1583.1,1510750.0,0.0
NIFTY,26-DEC-2024,26000.0,17-12-2024 15:04:00,5.55,5.6,5.5,5.5,6153350.0,8500.0,1583.1,1583.1,1575.0,1575.0,1510750.0,125.0
NIFTY,26-DEC-2024,26000.0,17-12-2024 15:05:00,5.55,5.55,5.45,5.5,6153350.0,17550.0,1575.0,1575.0,1575.0,1575.0,1510750.0,50.0
NIFTY,26-DEC-2024,26000.0,17-12-2024 15:06:00,5.55,5.55,5.5,5.5,6153350.0,5775.0,1575.0,1575.0,1575.0,1575.0,1510750.0,0.0
NIFTY,26-DEC-2024,26000.0,17-12-2024 15:07:00,5.5,5.55,5.5,5.5,6145675.0,12050.0,1575.0,1575.0,1570.0,1570.0,1510650.0,225.0
NIFTY,26-DEC-2024,26000.0,17-12-2024 15:08:00,5.55,5.55,5.45,5.5,6145675.0,4200.0,1570.0,1576.15,1570.0,1576.15,1510550.0,100.0
NIFTY,26-DEC-2024,26000.0,17-12-2024 15:09:00,5.5,5.6,5.45,5.6,6145675.0,18500.0,1576.15,1578.0,1576.15,1578.0,1510550.0,150.0
NIFTY,26-DEC-2024,26000.0,17-12-2024 15:10:00,5.7,5.75,5.6,5.6,6147900.0,22825.0,1578.0,1578.0,1570.0,1570.0,1510550.0,100.0
NIFTY,26-DEC-2024,26000.0,17-12-2024 15:11:00,5.65,5.65,5.6,5.6,6147900.0,7900.0,1570.0,1577.0,1570.0,1577.0,1510550.0,300.0
NIFTY,26-DEC-2024,26000.0,17-12-2024 15:12:00,5.6,5.7,5.6,5.6,6147900.0,30525.0,1577.0,1577.85,1577.0,1577.85,1510500.0,500.0
NIFTY,26-DEC-2024,26000.0,17-12-2024 15:13:00,5.65,5.7,5.6,5.6,6148775.0,13750.0,1577.85,1581.0,1577.85,1581.0,1511250.0,800.0
NIFTY,26-DEC-2024,26000.0,17-12-2024 15:14:00,5.6,5.65,5.6,5.65,6148775.0,11450.0,1581.0,1589.3,1580.0,1589.3,1511250.0,500.0
NIFTY,26-DEC-2024,26000.0,17-12-2024 15:15:00,5.65,5.7,5.6,5.6,6148775.0,20100.0,1589.3,1589.3,1575.2,1578.75,1511250.0,125.0
NIFTY,26-DEC-2024,26000.0,17-12-2024 15:16:00,5.6,5.7,5.6,5.7,6153375.0,24300.0,1578.75,1581.0,1578.75,1581.0,1512075.0,600.0
NIFTY,26-DEC-2024,26000.0,17-12-2024 15:17:00,5.7,5.75,5.6,5.75,6153375.0,30575.0,1580.0,1580.0,1578.1,1578.1,1512075.0,150.0
NIFTY,26-DEC-2024,26000.0,17-12-2024 15:18:00,5.75,5.9,5.75,5.85,6153375.0,44800.0,1578.1,1580.0,1578.1,1580.0,1512075.0,25.0
NIFTY,26-DEC-2024,26000.0,17-12-2024 15:19:00,5.8,5.8,5.65,5.65,6144675.0,35675.0,1580.0,1580.0,1578.0,1578.25,1512375.0,325.0
NIFTY,26-DEC-2024,26000.0,17-12-2024 15:20:00,5.7,5.75,5.65,5.7,6144675.0,21250.0,1578.25,1578.25,1578.25,1578.25,1512375.0,0.0
NIFTY,26-DEC-2024,26000.0,17-12-2024 15:21:00,5.7,5.7,5.55,5.55,6144675.0,30300.0,1578.25,1579.0,1574.4,1579.0,1512375.0,825.0
NIFTY,26-DEC-2024,26000.0,17-12-2024 15:22:00,5.55,5.55,5.4,5.4,6145825.0,17675.0,1579.0,1586.8,1579.0,1586.8,1512375.0,725.0
NIFTY,26-DEC-2024,26000.0,17-12-2024 15:23:00,5.4,5.55,5.4,5.45,6145825.0,12250.0,1586.85,1586.85,1585.0,1585.0,1513475.0,250.0
NIFTY,26-DEC-2024,26000.0,17-12-2024 15:24:00,5.45,5.5,5.4,5.45,6145825.0,32150.0,1585.0,1593.65,1585.0,1591.2,1513475.0,325.0
NIFTY,26-DEC-2024,26000.0,17-12-2024 15:25:00,5.45,5.7,5.45,5.7,6135800.0,38425.0,1591.2,1591.35,1585.55,1585.55,1514275.0,325.0
NIFTY,26-DEC-2024,26000.0,17-12-2024 15:26:00,5.65,5.7,5.6,5.65,6135800.0,16250.0,1585.55,1595.15,1585.55,1593.2,1514275.0,1725.0
NIFTY,26-DEC-2024,26000.0,17-12-2024 15:27:00,5.7,5.8,5.65,5.8,6135800.0,34600.0,1593.2,1595.85,1592.0,1593.65,1514275.0,1725.0
NIFTY,26-DEC-2024,26000.0,17-12-2024 15:28:00,5.8,5.8,5.65,5.75,6135925.0,38175.0,1593.65,1593.65,1593.65,1593.65,1514275.0,125.0
NIFTY,26-DEC-2024,26000.0,17-12-2024 15:29:00,5.75,5.85,5.6,5.75,6135925.0,27150.0,1593.65,1600.0,1593.65,1598.2,1515200.0,125.0
NIFTY,26-DEC-2024,26000.0,18-12-2024 09:15:00,5.75,5.75,4.65,4.65,6137650.0,23500.0,1598.2,1628.8,1598.2,1628.8,1515175.0,625.0
NIFTY,26-DEC-2024,26000.0,18-12-2024 09:16:00,4.65,4.8,4.5,4.7,6137650.0,31175.0,1628.8,1641.4,1628.8,1641.4,1515175.0,200.0
NIFTY,26-DEC-2024,26000.0,18-12-2024 09:17:00,4.7,4.8,4.6,4.75,6137650.0,16325.0,1643.45,1643.45,1630.75,1632.3,1515175.0,200.0
NIFTY,26-DEC-2024,26000.0,18-12-2024 09:18:00,4.75,4.75,4.6,4.7,6158475.0,21975.0,1635.0,1651.05,1630.0,1650.0,1516200.0,1700.0
NIFTY,26-DEC-2024,26000.0,18-12-2024 09:19:00,4.65,4.65,4.55,4.65,6158475.0,18000.0,1650.0,1650.0,1640.2,1640.2,1516200.0,525.0
NIFTY,26-DEC-2024,26000.0,18-12-2024 09:20:00,4.65,5.0,4.65,4.95,6158475.0,32725.0,1640.2,1640.2,1595.0,1595.0,1516200.0,50.0
NIFTY,26-DEC-2024,26000.0,18-12-2024 09:21:00,4.9,4.9,4.8,4.85,6151025.0,14925.0,1595.0,1612.55,1595.0,1612.55,1515900.0,475.0
NIFTY,26-DEC-2024,26000.0,18-12-2024 09:22:00,4.8,4.9,4.8,4.9,6151025.0,20025.0,1617.1,1635.2,1617.1,1635.2,1515900.0,500.0
NIFTY,26-DEC-2024,26000.0,18-12-2024 09:23:00,4.9,4.9,4.8,4.9,6151025.0,44500.0,1635.2,1639.05,1634.2,1639.05,1515900.0,125.0
NIFTY,26-DEC-2024,26000.0,18-12-2024 09:24:00,4.9,5.0,4.9,5.0,6147800.0,23200.0,1639.05,1640.0,1639.05,1640.0,1515900.0,50.0
NIFTY,26-DEC-2024,26000.0,18-12-2024 09:25:00,5.0,5.0,4.85,4.95,6147800.0,16675.0,1640.0,1656.0,1639.7,1656.0,1516100.0,400.0
NIFTY,26-DEC-2024,26000.0,18-12-2024 09:26:00,4.85,4.95,4.8,4.85,6147800.0,15050.0,1670.0,1680.0,1670.0,1670.35,1516100.0,300.0
NIFTY,26-DEC-2024,26000.0,18-12-2024 09:27:00,4.8,4.95,4.8,4.85,6130625.0,23550.0,1670.35,1670.35,1655.0,1655.15,1516100.0,175.0
NIFTY,26-DEC-2024,26000.0,18-12-2024 09:28:00,4.9,4.9,4.85,4.9,6130625.0,6450.0,1655.15,1655.15,1655.15,1655.15,1516100.0,0.0
NIFTY,26-DEC-2024,26000.0,18-12-2024 09:29:00,4.85,4.9,4.85,4.9,6130625.0,11475.0,1655.15,1657.5,1654.0,1654.0,1516125.0,225.0
NIFTY,26-DEC-2024,26000.0,18-12-2024 09:30:00,4.85,4.9,4.8,4.9,6124250.0,7275.0,1654.0,1654.0,1640.8,1640.8,1516300.0,25.0
NIFTY,26-DEC-2024,26000.0,18-12-2024 09:31:00,4.9,4.95,4.8,4.85,6124250.0,9075.0,1640.8,1645.7,1623.9,1638.9,1516300.0,425.0
NIFTY,26-DEC-2024,26000.0,18-12-2024 09:32:00,4.85,4.9,4.75,4.75,6124250.0,14900.0,1638.9,1638.9,1638.9,1638.9,1516300.0,0.0
NIFTY,26-DEC-2024,26000.0,18-12-2024 09:33:00,4.75,4.8,4.7,4.75,6129725.0,11350.0,1638.9,1640.0,1638.9,1640.0,1516300.0,100.0
NIFTY,26-DEC-2024,26000.0,18-12-2024 09:34:00,4.75,4.85,4.75,4.85,6129725.0,39550.0,1640.0,1640.0,1640.0,1640.0,1516300.0,0.0
NIFTY,26-DEC-2024,26000.0,18-12-2024 09:35:00,4.75,4.85,4.75,4.8,6129725.0,8025.0,1640.0,1648.9,1640.0,1648.9,1516050.0,50.0
NIFTY,26-DEC-2024,26000.0,18-12-2024 09:36:00,4.8,4.9,4.8,4.9,6129725.0,6475.0,1648.9,1648.9,1648.9,1648.9,1516050.0,0.0
NIFTY,26-DEC-2024,26000.0,18-12-2024 09:37:00,4.9,5.0,4.9,4.9,6139525.0,20800.0,1648.9,1648.9,1597.85,1597.85,1516050.0,125.0
NIFTY,26-DEC-2024,26000.0,18-12-2024 09:38:00,4.95,4.95,4.85,4.9,6139525.0,37175.0,1597.85,1610.35,1597.85,1610.35,1516050.0,25.0
NIFTY,26-DEC-2024,26000.0,18-12-2024 09:39:00,4.9,5.0,4.9,5.0,6138700.0,7700.0,1610.35,1610.35,1600.9,1600.9,1516050.0,25.0
NIFTY,26-DEC-2024,26000.0,18-12-2024 09:40:00,5.0,5.1,4.9,5.0,6138700.0,5250.0,1600.9,1600.9,1580.0,1580.0,1516100.0,175.0
NIFTY,26-DEC-2024,26000.0,18-12-2024 09:41:00,5.05,5.05,4.9,5.0,6138700.0,43550.0,1580.0,1581.9,1580.0,1581.9,1516100.0,25.0
NIFTY,26-DEC-2024,26000.0,18-12-2024 09:42:00,5.0,5.0,4.8,4.85,6138975.0,22100.0,1581.9,1585.4,1570.0,1585.4,1516100.0,250.0
NIFTY,26-DEC-2024,26000.0,18-12-2024 09:43:00,4.9,4.95,4.85,4.9,6138975.0,43050.0,1585.4,1585.4,1580.8,1580.8,1515875.0,100.0
NIFTY,26-DEC-2024,26000.0,18-12-2024 09:44:00,4.9,4.95,4.85,4.9,6138975.0,18875.0,1580.8,1580.8,1557.35,1557.35,1515875.0,125.0
NIFTY,26-DEC-2024,26000.0,18-12-2024 09:45:00,4.95,5.15,4.95,5.05,6161900.0,16850.0,1557.35,1557.35,1557.35,1557.35,1515875.0,0.0
NIFTY,26-DEC-2024,26000.0,18-12-2024 09:46:00,5.0,5.0,4.9,4.95,6161900.0,11900.0,1557.35,1578.0,1557.35,1578.0,1515700.0,350.0
NIFTY,26-DEC-2024,26000.0,18-12-2024 09:47:00,5.0,5.1,4.95,5.1,6161900.0,4500.0,1578.0,1578.0,1578.0,1578.0,1515700.0,0.0
NIFTY,26-DEC-2024,26000.0,18-12-2024 09:48:00,5.1,5.4,5.05,5.4,6167775.0,7800.0,1578.0,1578.0,1558.0,1558.0,1515700.0,400.0
NIFTY,26-DEC-2024,26000.0,18-12-2024 09:49:00,5.4,5.4,5.3,5.4,6167775.0,22150.0,1558.0,1558.0,1550.0,1550.0,1515700.0,100.0
NIFTY,26-DEC-2024,26000.0,18-12-2024 09:50:00,5.4,5.4,5.3,5.35,6167775.0,13675.0,1550.0,1558.7,1550.0,1558.7,1515125.0,50.0
NIFTY,26-DEC-2024,26000.0,18-12-2024 09:51:00,5.3,5.35,5.2,5.25,6167775.0,17450.0,1558.7,1598.15,1558.7,1598.15,1515125.0,75.0
NIFTY,26-DEC-2024,26000.0,18-12-2024 09:52:00,5.25,5.3,5.0,5.15,6169600.0,43200.0,1598.15,1620.0,1598.0,1620.0,1515025.0,125.0
NIFTY,26-DEC-2024,26000.0,18-12-2024 09:53:00,5.1,5.2,5.1,5.2,6169600.0,35275.0,1620.0,1620.0,1619.15,1619.15,1515025.0,50.0
NIFTY,26-DEC-2024,26000.0,18-12-2024 09:54:00,5.2,5.25,5.15,5.2,6161700.0,100.0,1608.2,1609.85,1598.35,1609.85,1514950.0,150.0
NIFTY,26-DEC-2024,26000.0,18-12-2024 09:55:00,5.25,5.25,5.15,5.2,6161700.0,0.0,1609.85,1609.85,1603.7,1603.7,1514950.0,1400.0
NIFTY,26-DEC-2024,26000.0,18-12-2024 09:56:00,5.2,5.2,4.9,4.95,6161700.0,31100.0,1603.7,1627.45,1603.7,1627.45,1514950.0,450.0
NIFTY,26-DEC-2024,26000.0,18-12-2024 09:57:00,5.0,5.0,4.9,5.0,6161700.0,15750.0,1630.0,1649.85,1630.0,1648.9,1514950.0,275.0
NIFTY,26-DEC-2024,26000.0,18-12-2024 09:58:00,5.0,5.0,4.9,4.95,6160275.0,10775.0,1652.95,1670.0,1652.95,1659.55,1514075.0,475.0
NIFTY,26-DEC-2024,26000.0,18-12-2024 09:59:00,4.95,5.0,4.9,4.9,6160275.0,9075.0,1659.55,1659.55,1659.55,1659.55,1514075.0,0.0
NIFTY,26-DEC-2024,26000.0,18-12-2024 10:00:00,4.85,4.9,4.8,4.8,6167750.0,48500.0,1662.35,1670.0,1662.35,1670.0,1514075.0,100.0
NIFTY,26-DEC-2024,26000.0,18-12-2024 10:01:00,4.9,4.95,4.85,4.85,6167750.0,25475.0,1670.0,1690.0,1670.0,1681.4,1514075.0,575.0
NIFTY,26-DEC-2024,26000.0,18-12-2024 10:02:00,4.85,5.0,4.85,5.0,6167750.0,6950.0,1681.4,1681.4,1656.1,1657.5,1514075.0,700.0
NIFTY,26-DEC-2024,26000.0,18-12-2024 10:03:00,4.95,5.0,4.9,5.0,6167750.0,13850.0,1657.5,1657.5,1657.5,1657.5,1514075.0,0.0
NIFTY,26-DEC-2024,26000.0,18-12-2024 10:04:00,4.95,5.0,4.95,5.0,6161575.0,58825.0,1657.5,1657.5,1657.5,1657.5,1514075.0,0.0
NIFTY,26-DEC-2024,26000.0,18-12-2024 10:05:00,5.0,5.05,4.95,5.0,6161575.0,11325.0,1657.5,1679.25,1657.5,1675.0,1512925.0,300.0
NIFTY,26-DEC-2024,26000.0,18-12-2024 10:06:00,5.0,5.05,5.0,5.05,6161575.0,15175.0,1675.0,1678.5,1670.25,1670.25,1512925.0,525.0
NIFTY,26-DEC-2024,26000.0,18-12-2024 10:07:00,5.0,5.05,4.95,5.0,6168975.0,31525.0,1670.25,1670.25,1670.25,1670.25,1512925.0,0.0
NIFTY,26-DEC-2024,26000.0,18-12-2024 10:08:00,5.05,5.05,4.95,4.95,6168975.0,6275.0,1670.25,1682.55,1670.15,1681.7,1512150.0,375.0
NIFTY,26-DEC-2024,26000.0,18-12-2024 10:09:00,5.0,5.05,4.95,5.0,6168975.0,2975.0,1681.7,1685.0,1681.7,1685.0,1512150.0,50.0
NIFTY,26-DEC-2024,26000.0,18-12-2024 10:10:00,5.1,5.15,5.05,5.1,6170575.0,0.0,1685.0,1685.0,1680.0,1685.0,1511975.0,175.0
NIFTY,26-DEC-2024,26000.0,18-12-2024 10:11:00,5.15,5.25,5.1,5.2,6170575.0,43100.0,1685.0,1692.95,1685.0,1690.0,1511975.0,150.0
NIFTY,26-DEC-2024,26000.0,18-12-2024 10:12:00,5.2,5.25,5.15,5.25,6171950.0,5750.0,1690.0,1696.0,1690.0,1695.3,1511975.0,200.0
NIFTY,26-DEC-2024,26000.0,18-12-2024 10:13:00,5.3,5.35,5.25,5.35,6171950.0,15625.0,1695.3,1695.3,1673.1,1678.8,1511625.0,125.0
NIFTY,26-DEC-2024,26000.0,18-12-2024 10:14:00,5.3,5.35,5.25,5.35,6171950.0,12025.0,1678.8,1678.8,1677.25,1677.25,1511625.0,50.0
NIFTY,26-DEC-2024,26000.0,18-12-2024 10:15:00,5.35,5.4,5.3,5.3,6171950.0,32125.0,1677.25,1694.8,1677.25,1694.4,1511625.0,50.0
NIFTY,26-DEC-2024,26000.0,18-12-2024 10:16:00,5.3,5.45,5.3,5.45,6166900.0,18625.0,1694.4,1694.4,1681.0,1681.0,1511625.0,25.0
NIFTY,26-DEC-2024,26000.0,18-12-2024 10:17:00,5.45,5.5,5.45,5.5,6166900.0,22250.0,1681.0,1681.0,1675.0,1675.0,1511600.0,125.0
NIFTY,26-DEC-2024,26000.0,18-12-2024 10:18:00,5.45,5.5,5.4,5.45,6166900.0,29150.0,1675.0,1696.0,1675.0,1696.0,1511600.0,125.0
NIFTY,26-DEC-2024,26000.0,18-12-2024 10:19:00,5.45,5.45,5.4,5.4,6158300.0,16975.0,1696.0,1696.0,1696.0,1696.0,1511600.0,0.0
NIFTY,26-DEC-2024,26000.0,18-12-2024 10:20:00,5.4,5.55,5.4,5.55,6158300.0,16225.0,1696.0,1696.0,1691.0,1691.0,1511600.0,50.0
NIFTY,26-DEC-2024,26000.0,18-12-2024 10:21:00,5.5,5.55,5.45,5.55,6151325.0,18450.0,1691.0,1695.6,1691.0,1695.6,1511400.0,25.0
NIFTY,26-DEC-2024,26000.0,18-12-2024 10:22:00,5.55,5.65,5.5,5.6,6151325.0,14475.0,1695.6,1695.6,1695.6,1695.6,1511400.0,0.0
NIFTY,26-DEC-2024,26000.0,18-12-2024 10:23:00,5.6,5.7,5.6,5.6,6151325.0,15725.0,1695.6,1695.6,1670.0,1670.0,1511325.0,325.0
NIFTY,26-DEC-2024,26000.0,18-12-2024 10:24:00,5.65,5.75,5.6,5.75,6151325.0,12400.0,1670.0,1671.95,1667.35,1667.35,1511325.0,75.0
NIFTY,26-DEC-2024,26000.0,18-12-2024 10:25:00,5.7,6.0,5.65,5.95,6149775.0,25125.0,1667.35,1673.85,1660.9,1673.85,1510975.0,150.0
NIFTY,26-DEC-2024,26000.0,18-12-2024 10:26:00,5.95,6.0,5.9,6.0,6149775.0,24450.0,1673.85,1673.85,1673.3,1673.3,1510975.0,50.0
NIFTY,26-DEC-2024,26000.0,18-12-2024 10:27:00,6.0,6.15,5.95,6.15,6149775.0,35575.0,1673.3,1674.5,1669.6,1674.5,1510975.0,50.0
NIFTY,26-DEC-2024,26000.0,18-12-2024 10:28:00,6.1,6.3,6.05,6.25,6132175.0,35250.0,1674.5,1674.5,1674.5,1674.5,1510975.0,0.0
NIFTY,26-DEC-2024,26000.0,18-12-2024 10:29:00,6.3,6.4,6.3,6.4,6132175.0,15175.0,1674.5,1674.5,1674.5,1674.5,1510975.0,0.0
NIFTY,26-DEC-2024,26000.0,18-12-2024 10:30:00,6.45,6.55,6.3,6.3,6132175.0,28850.0,1674.5,1691.7,1674.5,1676.5,1510925.0,50.0
NIFTY,26-DEC-2024,26000.0,18-12-2024 10:31:00,6.4,6.55,6.3,6.5,6113700.0,13200.0,1676.5,1676.5,1651.0,1651.0,1510925.0,175.0
NIFTY,26-DEC-2024,26000.0,18-12-2024 10:32:00,6.5,6.55,6.4,6.55,6113700.0,16425.0,1651.0,1651.0,1651.0,1651.0,1510925.0,0.0
NIFTY,26-DEC-2024,26000.0,18-12-2024 10:33:00,6.5,6.6,6.4,6.6,6113700.0,5450.0,1651.0,1658.25,1651.0,1658.25,1510925.0,25.0
NIFTY,26-DEC-2024,26000.0,18-12-2024 10:34:00,6.6,6.65,6.5,6.5,6112825.0,14425.0,1658.25,1658.25,1658.25,1658.25,1510925.0,0.0
NIFTY,26-DEC-2024,26000.0,18-12-2024 10:35:00,6.45,6.45,6.2,6.2,6112825.0,30625.0,1658.25,1658.25,1658.25,1658.25,1510925.0,0.0
NIFTY,26-DEC-2024,26000.0,18-12-2024 10:36:00,6.2,6.2,5.7,5.7,6112825.0,26000.0,1658.25,1658.25,1658.25,1658.25,1510925.0,0.0
NIFTY,26-DEC-2024,26000.0,18-12-2024 10:37:00,5.75,5.95,5.7,5.9,6106250.0,25100.0,1658.25,1658.25,1648.3,1648.3,1510925.0,25.0
NIFTY,26-DEC-2024,26000.0,18-12-2024 10:38:00,5.95,5.95,5.7,5.7,6106250.0,26475.0,1648.3,1648.3,1648.3,1648.3,1510925.0,0.0
NIFTY,26-DEC-2024,26000.0,18-12-2024 10:39:00,5.75,5.8,5.7,5.7,6106250.0,2050.0,1648.3,1653.4,1648.3,1653.4,1510925.0,25.0
NIFTY,26-DEC-2024,26000.0,18-12-2024 10:40:00,5.7,5.85,5.7,5.8,6102525.0,14475.0,1653.4,1653.4,1647.0,1647.0,1510900.0,100.0
NIFTY,26-DEC-2024,26000.0,18-12-2024 10:41:00,5.8,5.9,5.8,5.85,6102525.0,30625.0,1647.0,1660.4,1647.0,1660.4,1510900.0,75.0
NIFTY,26-DEC-2024,26000.0,18-12-2024 10:42:00,5.9,6.1,5.85,6.0,6102525.0,18900.0,1660.4,1660.4,1647.0,1649.2,1510900.0,100.0
NIFTY,26-DEC-2024,26000.0,18-12-2024 10:43:00,6.05,6.1,6.0,6.1,6110950.0,5850.0,1649.2,1649.2,1644.95,1645.5,1510700.0,150.0
NIFTY,26-DEC-2024,26000.0,18-12-2024 10:44:00,6.1,6.1,6.0,6.0,6110950.0,3350.0,1645.5,1645.5,1645.5,1645.5,1510700.0,0.0
NIFTY,26-DEC-2024,26000.0,18-12-2024 10:45:00,5.95,6.0,5.9,6.0,6110950.0,2250.0,1645.5,1645.5,1629.55,1630.0,1510700.0,50.0
NIFTY,26-DEC-2024,26000.0,18-12-2024 10:46:00,6.0,6.0,5.8,5.8,6113300.0,975.0,1630.0,1630.0,1630.0,1630.0,1510700.0,0.0
NIFTY,26-DEC-2024,26000.0,18-12-2024 10:47:00,5.8,5.85,5.7,5.7,6113300.0,1200.0,1630.0,1630.0,1630.0,1630.0,1510700.0,0.0
NIFTY,26-DEC-2024,26000.0,18-12-2024 10:48:00,5.7,5.75,5.6,5.65,6113300.0,9625.0,1630.0,1652.35,1630.0,1652.35,1510600.0,625.0
NIFTY,26-DEC-2024,26000.0,18-12-2024 10:49:00,5.6,5.7,5.6,5.65,6111975.0,10275.0,1652.35,1668.35,1652.35,1668.35,1510875.0,675.0
NIFTY,26-DEC-2024,26000.0,18-12-2024 10:50:00,5.6,5.6,5.4,5.55,6111975.0,15325.0,1668.35,1670.0,1668.35,1670.0,1510875.0,300.0
NIFTY,26-DEC-2024,26000.0,18-12-2024 10:51:00,5.55,5.55,5.5,5.5,6111975.0,5500.0,1670.0,1670.0,1670.0,1670.0,1510875.0,0.0
NIFTY,26-DEC-2024,26000.0,18-12-2024 10:52:00,5.5,5.5,5.4,5.4,6111975.0,5375.0,1670.0,1670.0,1670.0,1670.0,1510875.0,0.0
NIFTY,26-DEC-2024,26000.0,18-12-2024 10:53:00,5.5,5.5,5.4,5.45,6111975.0,16200.0,1670.0,1670.0,1670.0,1670.0,1510875.0,0.0
NIFTY,26-DEC-2024,26000.0,18-12-2024 10:54:00,5.4,5.45,5.35,5.45,6111975.0,16475.0,1670.0,1670.0,1670.0,1670.0,1510875.0,0.0
NIFTY,26-DEC-2024,26000.0,18-12-2024 10:55:00,5.45,5.55,5.45,5.55,6105500.0,13100.0,1670.0,1682.95,1670.0,1682.55,1511450.0,275.0
NIFTY,26-DEC-2024,26000.0,18-12-2024 10:56:00,5.55,5.6,5.5,5.55,6105500.0,3500.0,1682.55,1696.0,1682.55,1696.0,1511450.0,75.0
NIFTY,26-DEC-2024,26000.0,18-12-2024 10:57:00,5.55,5.6,5.5,5.6,6105500.0,22500.0,1696.0,1700.0,1696.0,1700.0,1511450.0,50.0
NIFTY,26-DEC-2024,26000.0,18-12-2024 10:58:00,5.55,5.6,5.5,5.5,6103825.0,10750.0,1700.0,1710.0,1700.0,1710.0,1511325.0,325.0
NIFTY,26-DEC-2024,26000.0,18-12-2024 10:59:00,5.5,5.6,5.5,5.5,6103825.0,6975.0,1710.0,1710.0,1700.0,1700.0,1511325.0,100.0
NIFTY,26-DEC-2024,26000.0,18-12-2024 11:00:00,5.55,5.6,5.5,5.55,6103825.0,9775.0,1700.0,1700.0,1700.0,1700.0,1511325.0,0.0
NIFTY,26-DEC-2024,26000.0,18-12-2024 11:01:00,5.6,5.65,5.55,5.6,6104100.0,31400.0,1700.0,1705.0,1700.0,1705.0,1511325.0,100.0
NIFTY,26-DEC-2024,26000.0,18-12-2024 11:02:00,5.6,5.65,5.6,5.6,6104100.0,19300.0,1705.0,1712.25,1700.0,1700.0,1511150.0,400.0
NIFTY,26-DEC-2024,26000.0,18-12-2024 11:03:00,5.65,5.8,5.65,5.75,6104100.0,32450.0,1700.0,1700.0,1690.75,1690.75,1511150.0,100.0
NIFTY,26-DEC-2024,26000.0,18-12-2024 11:04:00,5.75,5.75,5.7,5.7,6116525.0,8775.0,1690.75,1696.0,1688.8,1692.85,1510725.0,350.0
NIFTY,26-DEC-2024,26000.0,18-12-2024 11:05:00,5.8,5.9,5.75,5.85,6116525.0,27975.0,1692.85,1693.45,1692.15,1693.45,1510725.0,325.0
NIFTY,26-DEC-2024,26000.0,18-12-2024 11:06:00,5.8,5.85,5.75,5.75,6116525.0,34275.0,1693.45,1699.0,1690.0,1699.0,1510725.0,125.0
NIFTY,26-DEC-2024,26000.0,18-12-2024 11:07:00,5.7,5.75,5.65,5.65,6117125.0,27525.0,1699.0,1720.0,1699.0,1720.0,1510725.0,100.0
NIFTY,26-DEC-2024,26000.0,18-12-2024 11:08:00,5.65,5.75,5.65,5.75,6117125.0,44975.0,1720.0,1720.0,1720.0,1720.0,1510725.0,0.0
NIFTY,26-DEC-2024,26000.0,18-12-2024 11:09:00,5.75,5.8,5.7,5.75,6117125.0,26650.0,1720.0,1720.0,1717.0,1717.0,1510550.0,25.0
NIFTY,26-DEC-2024,26000.0,18-12-2024 11:10:00,5.75,5.75,5.7,5.75,6157950.0,6200.0,1717.0,1719.95,1717.0,1717.0,1510475.0,50.0
NIFTY,26-DEC-2024,26000.0,18-12-2024 11:11:00,5.75,5.75,5.7,5.75,6157950.0,10400.0,1717.0,1720.0,1717.0,1720.0,1510475.0,425.0
NIFTY,26-DEC-2024,26000.0,18-12-2024 11:12:00,5.8,5.85,5.7,5.7,6157950.0,9750.0,1720.0,1720.0,1706.3,1706.3,1510475.0,125.0
NIFTY,26-DEC-2024,26000.0,18-12-2024 11:13:00,5.8,5.8,5.75,5.75,6156900.0,4475.0,1706.3,1706.3,1706.3,1706.3,1510475.0,0.0
NIFTY,26-DEC-2024,26000.0,18-12-2024 11:14:00,5.8,5.8,5.7,5.75,6156900.0,4925.0,1706.3,1706.3,1702.0,1702.0,1510475.0,100.0
NIFTY,26-DEC-2024,26000.0,18-12-2024 11:15:00,5.75,5.75,5.65,5.75,6156900.0,5225.0,1702.0,1715.0,1702.0,1715.0,1510475.0,500.0
NIFTY,26-DEC-2024,26000.0,18-12-2024 11:16:00,5.7,5.85,5.65,5.75,6155650.0,6950.0,1715.0,1724.7,1715.0,1724.7,1510575.0,50.0
NIFTY,26-DEC-2024,26000.0,18-12-2024 11:17:00,5.85,5.85,5.75,5.85,6155650.0,2875.0,1724.7,1724.7,1724.7,1724.7,1510575.0,0.0
NIFTY,26-DEC-2024,26000.0,18-12-2024 11:18:00,5.85,5.85,5.75,5.8,6155650.0,8325.0,1724.7,1724.7,1724.7,1724.7,1510575.0,0.0
NIFTY,26-DEC-2024,26000.0,18-12-2024 11:19:00,5.75,5.8,5.75,5.8,6155625.0,3700.0,1724.7,1724.7,1705.0,1705.0,1510575.0,25.0
NIFTY,26-DEC-2024,26000.0,18-12-2024 11:20:00,5.8,5.8,5.7,5.7,6155625.0,3175.0,1705.0,1705.0,1701.0,1701.0,1510550.0,25.0
NIFTY,26-DEC-2024,26000.0,18-12-2024 11:21:00,5.7,5.75,5.7,5.7,6155625.0,4725.0,1701.0,1701.0,1695.55,1695.55,1510550.0,25.0
NIFTY,26-DEC-2024,26000.0,18-12-2024 11:22:00,5.65,5.75,5.65,5.7,6156675.0,0.0,1695.55,1701.0,1695.55,1701.0,1510550.0,50.0
NIFTY,26-DEC-2024,26000.0,18-12-2024 11:23:00,5.7,5.75,5.65,5.75,6156675.0,25250.0,1701.0,1701.0,1701.0,1701.0,1510550.0,0.0
NIFTY,26-DEC-2024,26000.0,18-12-2024 11:24:00,5.75,5.75,5.6,5.7,6156675.0,6075.0,1701.0,1701.0,1701.0,1701.0,1510550.0,0.0
NIFTY,26-DEC-2024,26000.0,18-12-2024 11:25:00,5.7,5.7,5.6,5.65,6165875.0,2500.0,1701.0,1720.0,1701.0,1720.0,1510550.0,25.0
NIFTY,26-DEC-2024,26000.0,18-12-2024 11:26:00,5.65,5.7,5.6,5.65,6165875.0,7525.0,1720.0,1720.0,1693.7,1693.7,1510650.0,50.0
NIFTY,26-DEC-2024,26000.0,18-12-2024 11:27:00,5.65,5.75,5.6,5.75,6165875.0,34925.0,1693.7,1693.7,1685.0,1685.0,1510650.0,25.0
NIFTY,26-DEC-2024,26000.0,18-12-2024 11:28:00,5.75,5.75,5.7,5.7,6159975.0,10725.0,1685.0,1685.0,1685.0,1685.0,1510650.0,0.0
NIFTY,26-DEC-2024,26000.0,18-12-2024 11:29:00,5.7,5.7,5.65,5.7,6159975.0,5375.0,1685.0,1685.0,1685.0,1685.0,1510650.0,0.0
NIFTY,26-DEC-2024,26000.0,18-12-2024 11:30:00,5.7,5.7,5.65,5.7,6159975.0,12700.0,1685.0,1685.0,1685.0,1685.0,1510650.0,0.0
NIFTY,26-DEC-2024,26000.0,18-12-2024 11:31:00,5.7,5.75,5.65,5.7,6175350.0,2000.0,1685.0,1700.0,1685.0,1700.0,1510650.0,500.0
NIFTY,26-DEC-2024,26000.0,18-12-2024 11:32:00,5.6,5.65,5.6,5.65,6175350.0,14025.0,1700.0,1701.35,1696.3,1701.35,1510650.0,325.0
NIFTY,26-DEC-2024,26000.0,18-12-2024 11:33:00,5.65,5.7,5.6,5.7,6175350.0,11500.0,1701.35,1701.35,1700.0,1700.0,1510625.0,200.0
NIFTY,26-DEC-2024,26000.0,18-12-2024 11:34:00,5.7,5.7,5.7,5.7,6182425.0,2900.0,1700.0,1700.0,1700.0,1700.0,1510625.0,100.0
NIFTY,26-DEC-2024,26000.0,18-12-2024 11:35:00,5.7,5.7,5.65,5.7,6182425.0,1700.0,1698.3,1698.3,1690.0,1690.0,1510200.0,100.0
NIFTY,26-DEC-2024,26000.0,18-12-2024 11:36:00,5.7,5.8,5.7,5.7,6182425.0,42875.0,1690.0,1690.0,1690.0,1690.0,1510200.0,25.0
NIFTY,26-DEC-2024,26000.0,18-12-2024 11:37:00,5.65,5.7,5.55,5.6,6215750.0,18350.0,1690.0,1690.0,1690.0,1690.0,1510200.0,0.0
NIFTY,26-DEC-2024,26000.0,18-12-2024 11:38:00,5.6,5.65,5.55,5.55,6215750.0,23325.0,1690.0,1690.0,1690.0,1690.0,1510200.0,0.0
NIFTY,26-DEC-2024,26000.0,18-12-2024 11:39:00,5.55,5.55,5.4,5.4,6215750.0,2825.0,1690.0,1690.0,1685.45,1685.45,1510150.0,0.0
NIFTY,26-DEC-2024,26000.0,18-12-2024 11:40:00,5.45,5.45,5.4,5.4,6231350.0,19450.0,1685.45,1685.45,1685.45,1685.45,1510150.0,475.0
NIFTY,26-DEC-2024,26000.0,18-12-2024 11:41:00,5.4,5.4,5.35,5.4,6231350.0,2825.0,1685.45,1700.0,1685.45,1700.0,1510150.0,100.0
NIFTY,26-DEC-2024,26000.0,18-12-2024 11:42:00,5.35,5.35,5.3,5.35,6231350.0,5825.0,1700.0,1700.0,1700.0,1700.0,1510150.0,0.0
NIFTY,26-DEC-2024,26000.0,18-12-2024 11:43:00,5.3,5.35,5.3,5.35,6237100.0,10900.0,1698.0,1701.0,1698.0,1701.0,1510300.0,75.0
NIFTY,26-DEC-2024,26000.0,18-12-2024 11:44:00,5.35,5.4,5.35,5.35,6237100.0,10350.0,1701.0,1701.0,1701.0,1701.0,1510300.0,0.0
NIFTY,26-DEC-2024,26000.0,18-12-2024 11:45:00,5.4,5.4,5.35,5.4,6237100.0,2425.0,1703.0,1705.0,1703.0,1705.0,1510300.0,325.0
NIFTY,26-DEC-2024,26000.0,18-12-2024 11:46:00,5.4,5.4,5.4,5.4,6237100.0,0.0,1705.0,1705.0,1696.45,1696.45,1510025.0,475.0
NIFTY,26-DEC-2024,26000.0,18-12-2024 11:47:00,5.45,5.45,5.4,5.45,6237125.0,0.0,1696.45,1702.05,1696.45,1699.85,1510025.0,150.0
NIFTY,26-DEC-2024,26000.0,18-12-2024 11:48:00,5.45,5.55,5.4,5.45,6237125.0,9250.0,1699.85,1699.85,1696.45,1699.0,1510025.0,125.0
NIFTY,26-DEC-2024,26000.0,18-12-2024 11:49:00,5.45,5.45,5.4,5.4,6241050.0,3325.0,1699.0,1699.45,1699.0,1699.45,1510025.0,450.0
NIFTY,26-DEC-2024,26000.0,18-12-2024 11:50:00,5.45,5.55,5.4,5.55,6241050.0,10025.0,1699.45,1699.45,1699.45,1699.45,1510025.0,0.0
NIFTY,26-DEC-2024,26000.0,18-12-2024 11:51:00,5.55,5.6,5.5,5.6,6241050.0,7000.0,1699.45,1699.45,1699.45,1699.45,1510025.0,0.0
NIFTY,26-DEC-2024,26000.0,18-12-2024 11:52:00,5.65,5.75,5.65,5.7,6242025.0,1375.0,1699.45,1699.45,1699.45,1699.45,1510025.0,0.0
NIFTY,26-DEC-2024,26000.0,18-12-2024 11:53:00,5.7,5.95,5.7,5.95,6242025.0,13675.0,1699.45,1699.45,1699.45,1699.45,1510025.0,0.0
NIFTY,26-DEC-2024,26000.0,18-12-2024 11:54:00,5.95,6.2,5.95,6.2,6242025.0,28525.0,1699.45,1699.45,1699.45,1699.45,1510025.0,0.0
NIFTY,26-DEC-2024,26000.0,18-12-2024 11:55:00,6.15,6.2,6.1,6.2,6301700.0,54850.0,1699.45,1699.45,1699.45,1699.45,1510025.0,0.0
NIFTY,26-DEC-2024,26000.0,18-12-2024 11:56:00,6.2,6.3,6.15,6.2,6301700.0,12350.0,1699.45,1711.15,1699.45,1711.15,1509575.0,25.0
NIFTY,26-DEC-2024,26000.0,18-12-2024 11:57:00,6.25,6.35,6.2,6.35,6301700.0,8500.0,1711.15,1711.15,1711.15,1711.15,1509575.0,0.0
NIFTY,26-DEC-2024,26000.0,18-12-2024 11:58:00,6.3,6.35,6.3,6.3,6301525.0,14625.0,1711.15,1711.15,1711.15,1711.15,1509575.0,0.0
NIFTY,26-DEC-2024,26000.0,18-12-2024 11:59:00,6.3,6.35,6.3,6.3,6301525.0,9875.0,1711.15,1711.15,1705.0,1706.3,1509600.0,75.0
NIFTY,26-DEC-2024,26000.0,18-12-2024 12:00:00,6.3,6.3,6.2,6.2,6301525.0,1425.0,1706.3,1706.3,1706.3,1706.3,1509600.0,25.0
NIFTY,26-DEC-2024,26000.0,18-12-2024 12:01:00,6.2,6.25,6.1,6.15,6301100.0,9875.0,1706.3,1706.3,1706.3,1706.3,1509600.0,0.0
NIFTY,26-DEC-2024,26000.0,18-12-2024 12:02:00,6.1,6.15,6.1,6.15,6301100.0,6875.0,1703.35,1703.35,1703.35,1703.35,1509600.0,25.0
NIFTY,26-DEC-2024,26000.0,18-12-2024 12:03:00,6.15,6.15,6.05,6.15,6301100.0,2075.0,1703.35,1703.35,1703.35,1703.35,1509600.0,0.0
NIFTY,26-DEC-2024,26000.0,18-12-2024 12:04:00,6.15,6.15,6.1,6.1,6299425.0,2125.0,1703.35,1704.55,1703.35,1704.55,1509600.0,500.0
NIFTY,26-DEC-2024,26000.0,18-12-2024 12:05:00,6.05,6.1,5.95,5.95,6299425.0,2425.0,1704.55,1704.55,1703.4,1703.4,1509600.0,750.0
NIFTY,26-DEC-2024,26000.0,18-12-2024 12:06:00,5.95,5.95,5.8,5.8,6299425.0,7700.0,1703.4,1712.5,1703.4,1712.5,1509600.0,100.0
NIFTY,26-DEC-2024,26000.0,18-12-2024 12:07:00,5.75,6.0,5.75,6.0,6298875.0,850.0,1712.5,1724.6,1712.5,1724.6,1510950.0,25.0
NIFTY,26-DEC-2024,26000.0,18-12-2024 12:08:00,6.0,6.35,6.0,6.3,6298875.0,22325.0,1724.6,1724.6,1724.6,1724.6,1510950.0,0.0
NIFTY,26-DEC-2024,26000.0,18-12-2024 12:09:00,6.3,6.45,6.3,6.4,6298875.0,19400.0,1719.75,1719.95,1719.6,1719.9,1510950.0,100.0
NIFTY,26-DEC-2024,26000.0,18-12-2024 12:10:00,6.45,6.45,6.3,6.35,6285625.0,8550.0,1719.9,1719.9,1719.9,1719.9,1510950.0,0.0
NIFTY,26-DEC-2024,26000.0,18-12-2024 12:11:00,6.3,6.35,5.95,6.0,6285625.0,34350.0,1719.9,1719.9,1711.0,1711.0,1510825.0,50.0
NIFTY,26-DEC-2024,26000.0,18-12-2024 12:12:00,6.0,6.0,5.95,6.0,6285625.0,3925.0,1711.0,1715.0,1710.5,1715.0,1510825.0,50.0
NIFTY,26-DEC-2024,26000.0,18-12-2024 12:13:00,6.0,6.0,5.95,5.95,6297775.0,6400.0,1715.0,1720.0,1715.0,1720.0,1510925.0,200.0
NIFTY,26-DEC-2024,26000.0,18-12-2024 12:14:00,6.0,6.0,5.95,6.0,6297775.0,27525.0,1720.0,1720.0,1717.0,1717.0,1510925.0,125.0
NIFTY,26-DEC-2024,26000.0,18-12-2024 12:15:00,6.05,6.1,5.95,6.05,6297775.0,14825.0,1717.0,1717.0,1717.0,1717.0,1510925.0,0.0
NIFTY,26-DEC-2024,26000.0,18-12-2024 12:16:00,6.05,6.05,6.0,6.0,6311025.0,9125.0,1717.0,1717.0,1710.7,1710.7,1510925.0,25.0
NIFTY,26-DEC-2024,26000.0,18-12-2024 12:17:00,6.05,6.05,6.0,6.0,6311025.0,9875.0,1710.7,1710.7,1710.7,1710.7,1510925.0,0.0
NIFTY,26-DEC-2024,26000.0,18-12-2024 12:18:00,5.9,5.9,5.75,5.8,6311025.0,8300.0,1710.7,1715.0,1710.7,1715.0,1510875.0,225.0
NIFTY,26-DEC-2024,26000.0,18-12-2024 12:19:00,5.8,5.95,5.8,5.95,6309150.0,11050.0,1715.0,1733.85,1715.0,1733.85,1510875.0,225.0
NIFTY,26-DEC-2024,26000.0,18-12-2024 12:20:00,5.95,6.05,5.95,6.05,6309150.0,13375.0,1733.85,1733.85,1725.3,1729.65,1510750.0,75.0
NIFTY,26-DEC-2024,26000.0,18-12-2024 12:21:00,6.05,6.05,6.0,6.0,6309150.0,3675.0,1729.65,1729.65,1722.7,1722.7,1510750.0,25.0
NIFTY,26-DEC-2024,26000.0,18-12-2024 12:22:00,6.0,6.1,6.0,6.05,6307200.0,5325.0,1722.6,1722.6,1722.6,1722.6,1510750.0,25.0
NIFTY,26-DEC-2024,26000.0,18-12-2024 12:23:00,6.0,6.0,5.95,5.95,6307200.0,850.0,1722.6,1722.6,1722.6,1722.6,1510750.0,0.0
NIFTY,26-DEC-2024,26000.0,18-12-2024 12:24:00,6.0,6.05,5.95,5.95,6307200.0,7375.0,1722.6,1722.6,1722.6,1722.6,1510750.0,0.0
NIFTY,26-DEC-2024,26000.0,18-12-2024 12:25:00,5.95,6.1,5.95,6.1,6307650.0,3350.0,1722.6,1722.6,1722.6,1722.6,1510750.0,0.0
NIFTY,26-DEC-2024,26000.0,18-12-2024 12:26:00,6.1,6.1,6.05,6.05,6307650.0,200.0,1722.6,1732.0,1722.6,1732.0,1510800.0,100.0
NIFTY,26-DEC-2024,26000.0,18-12-2024 12:27:00,6.1,6.1,6.0,6.05,6307650.0,9075.0,1723.85,1738.7,1723.85,1738.7,1510800.0,175.0
NIFTY,26-DEC-2024,26000.0,18-12-2024 12:28:00,6.05,6.2,6.05,6.2,6310450.0,4300.0,1738.7,1738.7,1738.7,1738.7,1510800.0,0.0
NIFTY,26-DEC-2024,26000.0,18-12-2024 12:29:00,6.1,6.2,6.1,6.2,6310450.0,4425.0,1738.7,1738.7,1721.25,1721.25,1510825.0,175.0
NIFTY,26-DEC-2024,26000.0,18-12-2024 12:30:00,6.15,6.3,6.15,6.25,6310450.0,17250.0,1721.25,1725.0,1721.25,1725.0,1510825.0,575.0
NIFTY,26-DEC-2024,26000.0,18-12-2024 12:31:00,6.25,6.3,6.2,6.2,6313000.0,8175.0,1725.0,1726.0,1723.65,1726.0,1511450.0,200.0
NIFTY,26-DEC-2024,26000.0,18-12-2024 12:32:00,6.15,6.2,6.15,6.2,6313000.0,1200.0,1728.0,1728.65,1728.0,1728.65,1511450.0,750.0
NIFTY,26-DEC-2024,26000.0,18-12-2024 12:33:00,6.2,6.2,6.15,6.15,6313000.0,4400.0,1728.65,1728.65,1724.0,1724.0,1511450.0,150.0
NIFTY,26-DEC-2024,26000.0,18-12-2024 12:34:00,6.15,6.2,6.05,6.1,6313275.0,2700.0,1724.0,1732.25,1724.0,1732.25,1512575.0,375.0
NIFTY,26-DEC-2024,26000.0,18-12-2024 12:35:00,6.1,6.25,6.1,6.1,6313275.0,39250.0,1732.25,1735.0,1732.25,1735.0,1512575.0,800.0
NIFTY,26-DEC-2024,26000.0,18-12-2024 12:36:00,6.1,6.1,5.85,5.95,6313275.0,9975.0,1735.0,1756.0,1735.0,1755.9,1512575.0,400.0
NIFTY,26-DEC-2024,26000.0,18-12-2024 12:37:00,5.95,6.15,5.95,6.05,6306075.0,5400.0,1770.35,1770.65,1770.35,1770.6,1512575.0,875.0
NIFTY,26-DEC-2024,26000.0,18-12-2024 12:38:00,6.05,6.15,6.0,6.15,6306075.0,6225.0,1770.6,1770.6,1761.85,1765.85,1513350.0,350.0
NIFTY,26-DEC-2024,26000.0,18-12-2024 12:39:00,6.15,6.15,6.1,6.15,6306075.0,7125.0,1765.85,1770.0,1765.85,1770.0,1513350.0,625.0
NIFTY,26-DEC-2024,26000.0,18-12-2024 12:40:00,6.15,6.3,6.15,6.25,6306800.0,875.0,1770.0,1771.0,1766.0,1766.0,1513350.0,75.0
NIFTY,26-DEC-2024,26000.0,18-12-2024 12:41:00,6.25,6.3,6.2,6.2,6306800.0,23150.0,1766.0,1766.0,1766.0,1766.0,1513350.0,0.0
NIFTY,26-DEC-2024,26000.0,18-12-2024 12:42:00,6.25,6.4,6.2,6.4,6306800.0,12825.0,1766.0,1776.0,1766.0,1776.0,1513350.0,100.0
NIFTY,26-DEC-2024,26000.0,18-12-2024 12:43:00,6.4,6.4,6.3,6.4,6294825.0,33050.0,1775.0,1775.0,1775.0,1775.0,1513350.0,150.0
NIFTY,26-DEC-2024,26000.0,18-12-2024 12:44:00,6.4,6.4,6.35,6.4,6294825.0,17850.0,1775.0,1775.0,1765.05,1765.05,1513350.0,50.0
NIFTY,26-DEC-2024,26000.0,18-12-2024 12:45:00,6.4,6.4,6.35,6.35,6294825.0,24125.0,1765.05,1770.0,1765.05,1770.0,1513350.0,100.0
NIFTY,26-DEC-2024,26000.0,18-12-2024 12:46:00,6.35,6.35,6.2,6.2,6262650.0,6725.0,1770.0,1777.0,1770.0,1773.45,1514450.0,950.0
NIFTY,26-DEC-2024,26000.0,18-12-2024 12:47:00,6.2,6.2,6.1,6.2,6262650.0,26475.0,1773.45,1773.45,1773.0,1773.0,1514450.0,425.0
NIFTY,26-DEC-2024,26000.0,18-12-2024 12:48:00,6.2,6.2,6.05,6.1,6262650.0,19500.0,1773.0,1777.0,1773.0,1777.0,1514450.0,75.0
NIFTY,26-DEC-2024,26000.0,18-12-2024 12:49:00,6.05,6.1,6.0,6.05,6254375.0,20625.0,1777.0,1777.0,1771.05,1771.05,1515200.0,175.0
NIFTY,26-DEC-2024,26000.0,18-12-2024 12:50:00,6.05,6.1,6.05,6.1,6254375.0,7375.0,1771.0,1779.0,1771.0,1779.0,1515200.0,300.0
NIFTY,26-DEC-2024,26000.0,18-12-2024 12:51:00,6.1,6.1,6.0,6.1,6254375.0,9950.0,1779.0,1779.0,1770.95,1777.6,1515200.0,725.0
NIFTY,26-DEC-2024,26000.0,18-12-2024 12:52:00,6.1,6.2,6.1,6.15,6244375.0,19600.0,1777.6,1777.6,1777.6,1777.6,1515200.0,0.0
NIFTY,26-DEC-2024,26000.0,18-12-2024 12:53:00,6.15,6.2,6.15,6.15,6244375.0,6225.0,1777.6,1781.0,1777.6,1781.0,1515425.0,75.0
NIFTY,26-DEC-2024,26000.0,18-12-2024 12:54:00,6.15,6.2,6.15,6.2,6244375.0,13500.0,1781.0,1781.0,1771.5,1771.5,1515425.0,50.0
NIFTY,26-DEC-2024,26000.0,18-12-2024 12:55:00,6.2,6.3,6.15,6.25,6239575.0,10425.0,1771.5,1771.5,1764.35,1764.35,1515375.0,75.0
NIFTY,26-DEC-2024,26000.0,18-12-2024 12:56:00,6.2,6.35,6.2,6.3,6239575.0,5175.0,1764.35,1764.35,1761.0,1761.0,1515375.0,25.0
NIFTY,26-DEC-2024,26000.0,18-12-2024 12:57:00,6.3,6.4,6.3,6.3,6239575.0,12125.0,1761.0,1761.0,1761.0,1761.0,1515375.0,0.0
NIFTY,26-DEC-2024,26000.0,18-12-2024 12:58:00,6.4,6.4,6.35,6.35,6233900.0,4875.0,1761.0,1761.0,1761.0,1761.0,1515375.0,0.0
NIFTY,26-DEC-2024,26000.0,18-12-2024 12:59:00,6.35,6.4,6.35,6.4,6233900.0,3775.0,1761.0,1761.0,1761.0,1761.0,1515375.0,0.0
NIFTY,26-DEC-2024,26000.0,18-12-2024 13:00:00,6.3,6.4,6.3,6.4,6233900.0,6900.0,1761.0,1761.0,1755.4,1755.55,1515375.0,900.0
NIFTY,26-DEC-2024,26000.0,18-12-2024 13:01:00,6.4,6.45,6.35,6.4,6227400.0,30975.0,1755.55,1759.55,1755.55,1759.55,1515375.0,150.0
NIFTY,26-DEC-2024,26000.0,18-12-2024 13:02:00,6.4,6.4,6.3,6.3,6227400.0,8850.0,1759.55,1759.55,1759.55,1759.55,1515375.0,0.0
NIFTY,26-DEC-2024,26000.0,18-12-2024 13:03:00,6.3,6.3,6.25,6.25,6227400.0,17375.0,1759.55,1759.55,1745.0,1745.0,1516125.0,250.0
NIFTY,26-DEC-2024,26000.0,18-12-2024 13:04:00,6.25,6.3,6.25,6.3,6220300.0,3075.0,1742.15,1742.15,1742.15,1742.15,1516125.0,25.0
NIFTY,26-DEC-2024,26000.0,18-12-2024 13:05:00,6.3,6.3,6.3,6.3,6220300.0,6425.0,1742.15,1746.0,1738.45,1746.0,1516000.0,225.0
NIFTY,26-DEC-2024,26000.0,18-12-2024 13:06:00,6.3,6.3,6.25,6.25,6220300.0,10550.0,1746.0,1746.0,1737.0,1737.0,1516000.0,200.0
NIFTY,26-DEC-2024,26000.0,18-12-2024 13:07:00,6.15,6.3,6.15,6.3,6223525.0,1950.0,1737.0,1737.0,1732.0,1732.0,1515650.0,125.0
NIFTY,26-DEC-2024,26000.0,18-12-2024 13:08:00,6.3,6.35,5.95,5.95,6223525.0,31275.0,1732.0,1732.0,1691.7,1707.15,1515650.0,250.0
NIFTY,26-DEC-2024,26000.0,18-12-2024 13:09:00,5.9,5.9,5.8,5.9,6223525.0,12225.0,1707.15,1707.15,1707.15,1707.15,1515650.0,0.0
NIFTY,26-DEC-2024,26000.0,18-12-2024 13:10:00,5.9,6.1,5.9,6.1,6227750.0,4125.0,1707.15,1726.0,1707.15,1726.0,1515350.0,100.0
NIFTY,26-DEC-2024,26000.0,18-12-2024 13:11:00,6.1,6.3,6.1,6.3,6227750.0,16800.0,1726.0,1726.0,1720.0,1720.0,1515350.0,25.0
NIFTY,26-DEC-2024,26000.0,18-12-2024 13:12:00,6.25,6.35,6.2,6.35,6227750.0,9975.0,1720.0,1720.0,1720.0,1720.0,1515350.0,0.0
NIFTY,26-DEC-2024,26000.0,18-12-2024 13:13:00,6.35,6.35,6.25,6.35,6242950.0,7600.0,1720.0,1720.0,1720.0,1720.0,1515350.0,0.0
NIFTY,26-DEC-2024,26000.0,18-12-2024 13:14:00,6.35,6.35,6.3,6.35,6242950.0,6675.0,1720.0,1720.0,1718.7,1718.7,1515350.0,75.0
NIFTY,26-DEC-2024,26000.0,18-12-2024 13:15:00,6.35,6.35,6.3,6.35,6242950.0,23975.0,1718.7,1720.7,1718.7,1720.7,1515275.0,25.0
NIFTY,26-DEC-2024,26000.0,18-12-2024 13:16:00,6.35,6.35,6.25,6.35,6242950.0,14100.0,1720.7,1720.7,1720.7,1720.7,1515275.0,0.0
NIFTY,26-DEC-2024,26000.0,18-12-2024 13:17:00,6.35,6.35,6.25,6.3,6214125.0,5900.0,1720.7,1736.0,1720.7,1724.2,1515375.0,250.0
NIFTY,26-DEC-2024,26000.0,18-12-2024 13:18:00,6.3,6.35,6.3,6.35,6214125.0,3575.0,1724.2,1731.0,1724.2,1725.0,1515375.0,250.0
NIFTY,26-DEC-2024,26000.0,18-12-2024 13:19:00,6.3,6.4,6.15,6.15,6206350.0,65250.0,1725.0,1731.0,1723.4,1723.4,1515000.0,225.0
NIFTY,26-DEC-2024,26000.0,18-12-2024 13:20:00,6.25,6.3,6.25,6.25,6206350.0,21600.0,1723.4,1728.05,1723.4,1728.05,1515000.0,225.0
NIFTY,26-DEC-2024,26000.0,18-12-2024 13:21:00,6.3,6.3,6.25,6.25,6206350.0,9325.0,1728.05,1728.05,1717.65,1717.65,1515000.0,75.0
NIFTY,26-DEC-2024,26000.0,18-12-2024 13:22:00,6.25,6.3,6.15,6.15,6202300.0,9075.0,1717.65,1717.65,1717.65,1717.65,1515000.0,100.0
NIFTY,26-DEC-2024,26000.0,18-12-2024 13:23:00,6.15,6.2,6.15,6.2,6202300.0,8825.0,1717.65,1729.95,1717.65,1729.95,1514625.0,25.0
NIFTY,26-DEC-2024,26000.0,18-12-2024 13:24:00,6.15,6.25,6.15,6.25,6202300.0,19475.0,1729.95,1729.95,1729.95,1729.95,1514625.0,0.0
NIFTY,26-DEC-2024,26000.0,18-12-2024 13:25:00,6.25,6.3,6.15,6.3,6214475.0,8400.0,1729.95,1729.95,1719.75,1719.75,1514625.0,25.0
NIFTY,26-DEC-2024,26000.0,18-12-2024 13:26:00,6.3,6.3,6.2,6.25,6214475.0,3875.0,1719.75,1719.75,1719.75,1719.75,1514625.0,0.0
NIFTY,26-DEC-2024,26000.0,18-12-2024 13:27:00,6.25,6.3,6.2,6.2,6214475.0,7825.0,1719.75,1719.75,1719.75,1719.75,1514625.0,0.0
NIFTY,26-DEC-2024,26000.0,18-12-2024 13:28:00,6.15,6.25,6.15,6.25,6215300.0,5000.0,1719.75,1719.75,1716.0,1716.0,1514625.0,50.0
NIFTY,26-DEC-2024,26000.0,18-12-2024 13:29:00,6.25,6.25,6.2,6.25,6215300.0,8725.0,1716.0,1727.85,1716.0,1727.85,1514600.0,175.0
NIFTY,26-DEC-2024,26000.0,18-12-2024 13:30:00,6.25,6.3,6.2,6.2,6215300.0,7200.0,1727.85,1727.85,1727.85,1727.85,1514600.0,0.0
NIFTY,26-DEC-2024,26000.0,18-12-2024 13:31:00,6.2,6.25,6.05,6.05,6203150.0,48400.0,1727.85,1734.0,1725.0,1734.0,1514575.0,225.0
NIFTY,26-DEC-2024,26000.0,18-12-2024 13:32:00,6.05,6.05,5.95,5.95,6203150.0,28100.0,1734.0,1740.15,1734.0,1740.15,1514575.0,125.0
NIFTY,26-DEC-2024,26000.0,18-12-2024 13:33:00,5.95,6.05,5.85,5.95,6203150.0,40200.0,1740.15,1740.15,1740.15,1740.15,1514575.0,0.0
NIFTY,26-DEC-2024,26000.0,18-12-2024 13:34:00,5.95,5.95,5.85,5.85,6172025.0,28000.0,1735.95,1738.0,1735.95,1738.0,1514575.0,225.0
NIFTY,26-DEC-2024,26000.0,18-12-2024 13:35:00,5.9,5.9,5.7,5.7,6172025.0,15675.0,1738.0,1746.0,1738.0,1746.0,1515050.0,150.0
NIFTY,26-DEC-2024,26000.0,18-12-2024 13:36:00,5.8,5.85,5.75,5.85,6172025.0,48175.0,1746.0,1746.0,1746.0,1746.0,1515050.0,0.0
NIFTY,26-DEC-2024,26000.0,18-12-2024 13:37:00,5.85,5.95,5.85,5.9,6136225.0,37825.0,1746.0,1746.0,1746.0,1746.0,1515050.0,0.0
NIFTY,26-DEC-2024,26000.0,18-12-2024 13:38:00,5.9,5.95,5.85,5.85,6136225.0,58450.0,1746.0,1746.0,1743.0,1743.0,1515200.0,200.0
NIFTY,26-DEC-2024,26000.0,18-12-2024 13:39:00,5.85,5.95,5.8,5.9,6136225.0,39625.0,1743.0,1751.0,1743.0,1751.0,1515200.0,200.0
NIFTY,26-DEC-2024,26000.0,18-12-2024 13:40:00,5.95,5.95,5.8,5.95,6072975.0,38925.0,1751.0,1751.0,1749.0,1749.0,1515650.0,125.0
NIFTY,26-DEC-2024,26000.0,18-12-2024 13:41:00,5.9,5.95,5.8,5.9,6072975.0,39850.0,1745.4,1751.9,1745.4,1751.4,1515650.0,200.0
NIFTY,26-DEC-2024,26000.0,18-12-2024 13:42:00,5.9,5.9,5.8,5.85,6072975.0,40425.0,1751.4,1753.7,1751.4,1753.7,1515650.0,25.0
NIFTY,26-DEC-2024,26000.0,18-12-2024 13:43:00,5.85,5.9,5.75,5.8,6017200.0,18350.0,1753.7,1757.95,1753.7,1757.95,1515650.0,50.0
NIFTY,26-DEC-2024,26000.0,18-12-2024 13:44:00,5.8,5.8,5.7,5.7,6017200.0,11100.0,1757.95,1760.9,1757.95,1760.9,1515600.0,50.0
NIFTY,26-DEC-2024,26000.0,18-12-2024 13:45:00,5.7,5.75,5.65,5.65,6017200.0,16675.0,1760.9,1760.9,1757.55,1757.55,1515600.0,175.0
NIFTY,26-DEC-2024,26000.0,18-12-2024 13:46:00,5.65,5.7,5.65,5.7,5994925.0,6175.0,1757.55,1757.55,1740.55,1740.55,1515400.0,525.0
NIFTY,26-DEC-2024,26000.0,18-12-2024 13:47:00,5.7,5.7,5.65,5.65,5994925.0,17450.0,1740.55,1750.0,1740.55,1750.0,1515400.0,200.0
NIFTY,26-DEC-2024,26000.0,18-12-2024 13:48:00,5.65,5.7,5.65,5.65,5994925.0,8475.0,1750.0,1753.7,1750.0,1753.7,1515400.0,100.0
NIFTY,26-DEC-2024,26000.0,18-12-2024 13:49:00,5.7,5.7,5.6,5.65,5981375.0,5750.0,1753.7,1755.0,1749.6,1749.6,1515200.0,775.0
NIFTY,26-DEC-2024,26000.0,18-12-2024 13:50:00,5.6,5.65,5.6,5.6,5981375.0,7150.0,1749.6,1750.9,1749.45,1749.45,1515200.0,550.0
NIFTY,26-DEC-2024,26000.0,18-12-2024 13:51:00,5.6,5.6,5.55,5.55,5981375.0,13375.0,1749.45,1756.65,1749.45,1756.65,1515200.0,250.0
NIFTY,26-DEC-2024,26000.0,18-12-2024 13:52:00,5.55,5.7,5.55,5.65,5970925.0,7000.0,1756.65,1758.05,1755.1,1756.55,1515675.0,750.0
NIFTY,26-DEC-2024,26000.0,18-12-2024 13:53:00,5.65,5.75,5.65,5.65,5970925.0,11875.0,1759.2,1762.0,1752.75,1757.35,1515675.0,275.0
NIFTY,26-DEC-2024,26000.0,18-12-2024 13:54:00,5.65,5.75,5.65,5.65,5970925.0,16925.0,1757.35,1759.85,1754.0,1758.35,1515675.0,200.0
NIFTY,26-DEC-2024,26000.0,18-12-2024 13:55:00,5.65,5.7,5.65,5.7,5963375.0,4750.0,1758.35,1758.35,1741.85,1741.85,1516825.0,400.0
NIFTY,26-DEC-2024,26000.0,18-12-2024 13:56:00,5.7,5.75,5.7,5.75,5963375.0,1325.0,1737.25,1743.6,1737.25,1743.6,1516825.0,150.0
NIFTY,26-DEC-2024,26000.0,18-12-2024 13:57:00,5.75,5.75,5.7,5.75,5963375.0,9875.0,1741.4,1744.9,1741.0,1744.9,1516825.0,175.0
NIFTY,26-DEC-2024,26000.0,18-12-2024 13:58:00,5.75,5.75,5.7,5.75,5968225.0,4200.0,1744.9,1744.9,1737.55,1739.5,1517200.0,150.0
NIFTY,26-DEC-2024,26000.0,18-12-2024 13:59:00,5.75,5.75,5.65,5.65,5968225.0,2250.0,1739.5,1739.5,1723.7,1728.65,1517200.0,175.0
NIFTY,26-DEC-2024,26000.0,18-12-2024 14:00:00,5.65,5.65,5.6,5.6,5968225.0,9025.0,1728.65,1736.35,1728.4,1736.35,1517200.0,225.0
NIFTY,26-DEC-2024,26000.0,18-12-2024 14:01:00,5.6,5.65,5.6,5.65,5966325.0,3800.0,1736.35,1737.7,1733.75,1735.75,1517500.0,550.0
NIFTY,26-DEC-2024,26000.0,18-12-2024 14:02:00,5.6,5.7,5.6,5.65,5966325.0,6400.0,1735.75,1735.75,1721.4,1721.4,1517500.0,100.0
NIFTY,26-DEC-2024,26000.0,18-12-2024 14:03:00,5.65,5.7,5.6,5.7,5966325.0,13050.0,1721.4,1734.25,1721.4,1734.25,1517500.0,150.0
NIFTY,26-DEC-2024,26000.0,18-12-2024 14:04:00,5.7,5.7,5.65,5.7,5962075.0,4825.0,1734.25,1734.25,1721.1,1721.1,1517500.0,150.0
NIFTY,26-DEC-2024,26000.0,18-12-2024 14:05:00,5.75,5.75,5.6,5.7,5962075.0,26500.0,1721.1,1729.55,1721.1,1729.55,1517825.0,200.0
NIFTY,26-DEC-2024,26000.0,18-12-2024 14:06:00,5.7,5.8,5.7,5.8,5962075.0,8675.0,1729.55,1738.25,1729.55,1738.25,1517825.0,175.0
NIFTY,26-DEC-2024,26000.0,18-12-2024 14:07:00,5.8,5.9,5.8,5.85,5959750.0,20975.0,1738.25,1739.9,1734.2,1737.0,1518225.0,300.0
NIFTY,26-DEC-2024,26000.0,18-12-2024 14:08:00,5.85,5.9,5.7,5.8,5959750.0,9250.0,1737.0,1747.45,1737.0,1747.45,1518225.0,175.0
NIFTY,26-DEC-2024,26000.0,18-12-2024 14:09:00,5.8,5.8,5.7,5.8,5959750.0,10075.0,1747.45,1747.45,1743.3,1743.3,1518225.0,175.0
NIFTY,26-DEC-2024,26000.0,18-12-2024 14:10:00,5.8,5.8,5.75,5.8,5961550.0,4175.0,1743.3,1746.0,1738.9,1746.0,1518550.0,325.0
NIFTY,26-DEC-2024,26000.0,18-12-2024 14:11:00,5.8,5.85,5.75,5.85,5961550.0,9300.0,1746.0,1754.05,1742.65,1745.35,1518550.0,275.0
NIFTY,26-DEC-2024,26000.0,18-12-2024 14:12:00,5.85,5.95,5.85,5.9,5961550.0,30425.0,1745.35,1750.4,1743.7,1750.4,1518550.0,225.0
NIFTY,26-DEC-2024,26000.0,18-12-2024 14:13:00,5.9,5.9,5.85,5.9,5961550.0,1525.0,1750.4,1753.45,1749.2,1749.2,1518850.0,200.0
NIFTY,26-DEC-2024,26000.0,18-12-2024 14:14:00,5.9,5.95,5.85,5.95,5958875.0,8450.0,1749.2,1749.45,1746.2,1749.05,1518850.0,175.0
NIFTY,26-DEC-2024,26000.0,18-12-2024 14:15:00,5.95,6.0,5.95,6.0,5958875.0,8750.0,1750.55,1750.55,1736.1,1738.45,1518850.0,475.0
NIFTY,26-DEC-2024,26000.0,18-12-2024 14:16:00,6.0,6.0,5.95,5.95,5949550.0,5150.0,1744.5,1749.5,1744.4,1744.95,1518825.0,125.0
NIFTY,26-DEC-2024,26000.0,18-12-2024 14:17:00,5.95,6.0,5.55,5.7,5949550.0,87775.0,1748.05,1748.3,1736.95,1736.95,1518825.0,450.0
NIFTY,26-DEC-2024,26000.0,18-12-2024 14:18:00,5.9,5.95,5.8,5.8,5949550.0,14600.0,1736.95,1740.1,1733.8,1736.8,1518825.0,400.0
NIFTY,26-DEC-2024,26000.0,18-12-2024 14:19:00,5.8,5.9,5.8,5.9,5904050.0,12875.0,1736.8,1736.8,1729.55,1734.1,1521600.0,2200.0
NIFTY,26-DEC-2024,26000.0,18-12-2024 14:20:00,5.9,5.9,5.8,5.8,5904050.0,9225.0,1734.1,1748.1,1734.1,1738.25,1521600.0,3475.0
NIFTY,26-DEC-2024,26000.0,18-12-2024 14:21:00,5.85,5.95,5.85,5.9,5904050.0,4700.0,1738.25,1743.8,1738.25,1739.6,1521600.0,225.0
NIFTY,26-DEC-2024,26000.0,18-12-2024 14:22:00,5.9,5.95,5.9,5.9,5895850.0,8525.0,1739.6,1740.25,1735.95,1739.65,1526600.0,1950.0
NIFTY,26-DEC-2024,26000.0,18-12-2024 14:23:00,5.9,5.95,5.9,5.95,5895850.0,7050.0,1739.65,1750.0,1739.65,1750.0,1526600.0,0.0
NIFTY,26-DEC-2024,26000.0,18-12-2024 14:24:00,5.95,6.0,5.9,5.9,5895850.0,12225.0,1750.0,1752.55,1749.6,1751.15,1526600.0,225.0
NIFTY,26-DEC-2024,26000.0,18-12-2024 14:25:00,5.95,5.95,5.9,5.95,5892650.0,13600.0,1751.15,1751.25,1747.75,1750.7,1527200.0,325.0
NIFTY,26-DEC-2024,26000.0,18-12-2024 14:26:00,5.9,5.95,5.85,5.9,5892650.0,7300.0,1753.05,1759.55,1753.05,1759.55,1527200.0,225.0
NIFTY,26-DEC-2024,26000.0,18-12-2024 14:27:00,5.9,5.9,5.75,5.8,5892650.0,17725.0,1759.55,1759.55,1754.1,1756.95,1527200.0,1700.0
NIFTY,26-DEC-2024,26000.0,18-12-2024 14:28:00,5.75,5.8,5.75,5.75,5890875.0,47875.0,1757.75,1759.35,1754.45,1758.9,1529275.0,200.0
NIFTY,26-DEC-2024,26000.0,18-12-2024 14:29:00,5.8,5.85,5.8,5.85,5890875.0,63425.0,1758.9,1758.9,1754.35,1758.4,1529275.0,175.0
NIFTY,26-DEC-2024,26000.0,18-12-2024 14:30:00,5.85,5.95,5.85,5.95,5890875.0,6875.0,1758.4,1759.25,1751.55,1759.25,1529275.0,225.0
NIFTY,26-DEC-2024,26000.0,18-12-2024 14:31:00,5.95,6.05,5.9,6.0,5838550.0,6900.0,1759.25,1759.25,1756.3,1756.3,1529275.0,700.0
NIFTY,26-DEC-2024,26000.0,18-12-2024 14:32:00,6.0,6.05,6.0,6.05,5838550.0,51250.0,1756.3,1760.0,1755.5,1759.25,1529200.0,1775.0
NIFTY,26-DEC-2024,26000.0,18-12-2024 14:33:00,6.05,6.1,6.0,6.05,5838550.0,8425.0,1759.25,1762.75,1758.0,1758.0,1529200.0,200.0
NIFTY,26-DEC-2024,26000.0,18-12-2024 14:34:00,6.0,6.05,6.0,6.0,5848400.0,9625.0,1758.0,1760.55,1754.0,1760.55,1531100.0,100.0
NIFTY,26-DEC-2024,26000.0,18-12-2024 14:35:00,6.0,6.05,6.0,6.05,5848400.0,4700.0,1760.55,1760.55,1757.8,1757.8,1531100.0,50.0
NIFTY,26-DEC-2024,26000.0,18-12-2024 14:36:00,6.05,6.05,6.0,6.0,5848400.0,3800.0,1757.8,1758.4,1753.25,1755.7,1531100.0,100.0
NIFTY,26-DEC-2024,26000.0,18-12-2024 14:37:00,6.05,6.05,6.0,6.05,5849825.0,11625.0,1755.7,1761.35,1755.7,1758.0,1531275.0,125.0
NIFTY,26-DEC-2024,26000.0,18-12-2024 14:38:00,6.0,6.1,6.0,6.1,5849825.0,13450.0,1758.0,1759.3,1758.0,1758.05,1531275.0,75.0
NIFTY,26-DEC-2024,26000.0,18-12-2024 14:39:00,6.1,6.15,6.05,6.1,5849825.0,18975.0,1758.05,1765.25,1758.05,1760.0,1531275.0,650.0
NIFTY,26-DEC-2024,26000.0,18-12-2024 14:40:00,6.1,6.1,5.95,5.95,5878575.0,66400.0,1760.0,1760.0,1759.45,1759.45,1530725.0,1100.0
NIFTY,26-DEC-2024,26000.0,18-12-2024 14:41:00,6.0,6.0,5.95,5.95,5878575.0,16775.0,1759.45,1759.45,1750.8,1750.8,1530725.0,300.0
NIFTY,26-DEC-2024,26000.0,18-12-2024 14:42:00,6.0,6.1,5.95,6.1,5878575.0,14875.0,1750.8,1753.45,1744.65,1748.15,1530725.0,125.0
NIFTY,26-DEC-2024,26000.0,18-12-2024 14:43:00,6.05,6.25,6.0,6.25,5900050.0,67425.0,1748.15,1749.5,1746.0,1746.0,1529775.0,375.0
NIFTY,26-DEC-2024,26000.0,18-12-2024 14:44:00,6.15,6.3,6.15,6.25,5900050.0,40475.0,1746.0,1749.45,1746.0,1749.45,1529775.0,50.0
NIFTY,26-DEC-2024,26000.0,18-12-2024 14:45:00,6.2,6.35,6.2,6.35,5900050.0,49700.0,1749.45,1749.45,1744.35,1748.1,1529775.0,700.0
NIFTY,26-DEC-2024,26000.0,18-12-2024 14:46:00,6.35,6.35,6.2,6.25,6008350.0,63200.0,1748.1,1749.1,1746.2,1749.1,1530675.0,150.0
NIFTY,26-DEC-2024,26000.0,18-12-2024 14:47:00,6.25,6.35,6.25,6.3,6008350.0,51400.0,1746.8,1749.25,1743.9,1743.9,1530675.0,75.0
NIFTY,26-DEC-2024,26000.0,18-12-2024 14:48:00,6.3,6.45,6.3,6.35,6008350.0,82750.0,1743.9,1746.4,1730.65,1734.15,1530675.0,425.0
NIFTY,26-DEC-2024,26000.0,18-12-2024 14:49:00,6.35,6.4,6.3,6.35,6093275.0,55750.0,1734.15,1736.25,1730.7,1736.25,1531475.0,375.0
NIFTY,26-DEC-2024,26000.0,18-12-2024 14:50:00,6.3,6.45,6.3,6.35,6093275.0,54975.0,1736.4,1738.8,1734.6,1735.8,1531475.0,300.0
NIFTY,26-DEC-2024,26000.0,18-12-2024 14:51:00,6.4,6.6,6.35,6.6,6093275.0,47900.0,1735.4,1736.25,1733.1,1735.1,1531475.0,575.0
NIFTY,26-DEC-2024,26000.0,18-12-2024 14:52:00,6.6,6.65,6.5,6.5,6169725.0,112500.0,1735.1,1739.5,1733.5,1739.5,1531475.0,75.0
NIFTY,26-DEC-2024,26000.0,18-12-2024 14:53:00,6.55,6.6,6.5,6.5,6169725.0,90250.0,1739.5,1740.85,1735.75,1740.85,1531975.0,75.0
NIFTY,26-DEC-2024,26000.0,18-12-2024 14:54:00,6.55,6.8,6.55,6.75,6169725.0,59775.0,1740.85,1742.0,1736.75,1741.65,1531975.0,325.0
NIFTY,26-DEC-2024,26000.0,18-12-2024 14:55:00,6.75,6.95,6.7,6.9,6297550.0,127900.0,1741.65,1744.0,1741.65,1744.0,1531975.0,100.0
NIFTY,26-DEC-2024,26000.0,18-12-2024 14:56:00,6.95,7.15,6.9,7.0,6297550.0,170150.0,1744.0,1751.9,1744.0,1751.9,1532025.0,125.0
NIFTY,26-DEC-2024,26000.0,18-12-2024 14:57:00,7.0,7.0,6.85,6.95,6297550.0,113150.0,1751.9,1754.0,1751.65,1752.3,1532025.0,125.0
NIFTY,26-DEC-2024,26000.0,18-12-2024 14:58:00,6.9,7.1,6.85,7.05,6438825.0,111675.0,1752.3,1758.95,1752.3,1758.95,1532175.0,175.0
NIFTY,26-DEC-2024,26000.0,18-12-2024 14:59:00,7.05,7.35,7.05,7.3,6438825.0,228825.0,1758.95,1758.95,1753.6,1756.1,1532175.0,125.0
NIFTY,26-DEC-2024,26000.0,18-12-2024 15:00:00,7.3,7.35,7.1,7.1,6438825.0,33600.0,1759.8,1759.8,1750.9,1756.85,1532175.0,425.0
NIFTY,26-DEC-2024,26000.0,18-12-2024 15:01:00,7.1,7.15,7.0,7.05,6562825.0,10075.0,1756.85,1759.15,1750.7,1754.85,1532125.0,200.0
NIFTY,26-DEC-2024,26000.0,18-12-2024 15:02:00,7.05,7.05,6.85,6.85,6562825.0,74925.0,1754.85,1757.65,1746.4,1748.4,1532125.0,275.0
NIFTY,26-DEC-2024,26000.0,18-12-2024 15:03:00,6.85,6.85,6.75,6.8,6562825.0,42425.0,1748.4,1749.75,1746.85,1749.25,1532125.0,125.0
NIFTY,26-DEC-2024,26000.0,18-12-2024 15:04:00,6.85,6.85,6.65,6.7,6547050.0,50150.0,1750.0,1750.0,1742.15,1742.55,1532600.0,250.0
NIFTY,26-DEC-2024,26000.0,18-12-2024 15:05:00,6.65,6.75,6.55,6.6,6547050.0,28450.0,1745.0,1745.0,1738.15,1742.95,1532600.0,450.0
NIFTY,26-DEC-2024,26000.0,18-12-2024 15:06:00,6.6,6.6,6.5,6.55,6547050.0,84125.0,1742.6,1746.0,1741.65,1746.0,1532600.0,100.0
NIFTY,26-DEC-2024,26000.0,18-12-2024 15:07:00,6.5,6.55,6.5,6.5,6521900.0,0.0,1748.0,1757.05,1748.0,1757.05,1532600.0,325.0
NIFTY,26-DEC-2024,26000.0,18-12-2024 15:08:00,6.55,6.55,6.5,6.55,6521900.0,70525.0,1757.05,1760.0,1754.3,1760.0,1533425.0,75.0
NIFTY,26-DEC-2024,26000.0,18-12-2024 15:09:00,6.5,6.6,6.5,6.6,6521900.0,3000.0,1760.0,1762.4,1756.1,1757.1,1533425.0,525.0
NIFTY,26-DEC-2024,26000.0,18-12-2024 15:10:00,6.6,6.7,6.55,6.7,6492100.0,0.0,1757.1,1762.4,1755.5,1755.5,1532725.0,1525.0
NIFTY,26-DEC-2024,26000.0,18-12-2024 15:11:00,6.7,6.75,6.65,6.7,6492100.0,131650.0,1754.3,1756.8,1754.3,1755.1,1532725.0,250.0
NIFTY,26-DEC-2024,26000.0,18-12-2024 15:12:00,6.75,6.8,6.7,6.8,6492100.0,18800.0,1755.1,1758.0,1754.95,1756.2,1532725.0,425.0
NIFTY,26-DEC-2024,26000.0,18-12-2024 15:13:00,6.7,6.9,6.7,6.85,6520850.0,53325.0,1756.2,1756.2,1751.65,1751.65,1532725.0,125.0
NIFTY,26-DEC-2024,26000.0,18-12-2024 15:14:00,6.9,7.05,6.85,7.05,6520850.0,98925.0,1751.65,1754.55,1751.4,1753.2,1533425.0,250.0
NIFTY,26-DEC-2024,26000.0,18-12-2024 15:15:00,7.05,7.1,7.0,7.0,6520850.0,74750.0,1751.35,1751.35,1744.85,1745.45,1533425.0,400.0
NIFTY,26-DEC-2024,26000.0,18-12-2024 15:16:00,7.05,7.05,6.9,6.95,6625675.0,32800.0,1742.65,1745.2,1742.35,1745.2,1534225.0,600.0
NIFTY,26-DEC-2024,26000.0,18-12-2024 15:17:00,6.95,7.0,6.9,6.95,6625675.0,71075.0,1745.2,1745.65,1743.75,1745.65,1534225.0,275.0
NIFTY,26-DEC-2024,26000.0,18-12-2024 15:18:00,6.95,7.05,6.9,7.05,6625675.0,1525.0,1745.65,1745.9,1743.15,1745.9,1534225.0,250.0
NIFTY,26-DEC-2024,26000.0,18-12-2024 15:19:00,7.05,7.1,7.0,7.0,6669750.0,75425.0,1744.85,1744.85,1743.2,1743.2,1534225.0,575.0
NIFTY,26-DEC-2024,26000.0,18-12-2024 15:20:00,7.05,7.1,7.0,7.1,6669750.0,24600.0,1743.2,1743.2,1736.45,1736.45,1535425.0,725.0
NIFTY,26-DEC-2024,26000.0,18-12-2024 15:21:00,7.1,7.1,6.9,6.9,6669750.0,76925.0,1736.45,1736.45,1733.3,1735.7,1535425.0,500.0
NIFTY,26-DEC-2024,26000.0,18-12-2024 15:22:00,6.95,6.95,6.55,6.55,6624000.0,53075.0,1735.7,1741.15,1734.1,1734.1,1536850.0,375.0
NIFTY,26-DEC-2024,26000.0,18-12-2024 15:23:00,6.6,6.7,6.55,6.7,6624000.0,43500.0,1735.35,1736.35,1734.0,1735.5,1536850.0,725.0
NIFTY,26-DEC-2024,26000.0,18-12-2024 15:24:00,6.7,7.0,6.65,6.95,6624000.0,87600.0,1735.5,1739.35,1734.85,1737.15,1536850.0,1075.0
NIFTY,26-DEC-2024,26000.0,18-12-2024 15:25:00,6.95,7.1,6.95,7.0,6607250.0,46200.0,1736.0,1738.15,1735.55,1738.15,1536850.0,950.0
NIFTY,26-DEC-2024,26000.0,18-12-2024 15:26:00,6.9,7.0,6.85,6.85,6607250.0,31125.0,1737.9,1739.2,1737.9,1738.35,1539025.0,525.0
NIFTY,26-DEC-2024,26000.0,18-12-2024 15:27:00,6.9,6.95,6.8,6.8,6607250.0,22050.0,1739.35,1743.7,1738.05,1743.7,1539025.0,1350.0
NIFTY,26-DEC-2024,26000.0,18-12-2024 15:28:00,6.8,6.95,6.75,6.9,6615850.0,71250.0,1743.7,1743.7,1737.25,1737.25,1539775.0,700.0
NIFTY,26-DEC-2024,26000.0,18-12-2024 15:29:00,6.95,7.35,6.85,7.05,6615850.0,62000.0,1737.25,1739.75,1735.15,1739.0,1539775.0,450.0
NIFTY,26-DEC-2024,26000.0,19-12-2024 09:15:00,4.0,5.4,4.0,5.1,6548025.0,100950.0,1739.0,2000.0,1739.0,1985.6,1540000.0,575.0
NIFTY,26-DEC-2024,26000.0,19-12-2024 09:16:00,5.05,5.5,5.05,5.5,6548025.0,169625.0,2016.1,2026.05,2016.1,2026.0,1540025.0,875.0
NIFTY,26-DEC-2024,26000.0,19-12-2024 09:17:00,5.5,5.7,5.3,5.55,6548025.0,194100.0,2030.0,2057.15,2030.0,2057.15,1540025.0,525.0
NIFTY,26-DEC-2024,26000.0,19-12-2024 09:18:00,5.55,5.55,5.35,5.4,6395225.0,119550.0,2057.15,2067.35,2057.15,2066.1,1539100.0,725.0
NIFTY,26-DEC-2024,26000.0,19-12-2024 09:19:00,5.4,5.6,5.4,5.6,6395225.0,49550.0,2066.1,2066.1,2050.0,2050.0,1539100.0,75.0
NIFTY,26-DEC-2024,26000.0,19-12-2024 09:20:00,5.55,5.7,5.45,5.65,6395225.0,235825.0,2040.35,2054.95,2040.0,2054.95,1539100.0,650.0
NIFTY,26-DEC-2024,26000.0,19-12-2024 09:21:00,5.65,5.9,5.65,5.85,6313150.0,90400.0,2054.95,2060.0,2054.95,2060.0,1537175.0,1025.0
NIFTY,26-DEC-2024,26000.0,19-12-2024 09:22:00,5.85,5.85,5.7,5.8,6313150.0,82675.0,2060.0,2078.8,2060.0,2076.7,1537175.0,550.0
NIFTY,26-DEC-2024,26000.0,19-12-2024 09:23:00,5.8,5.85,5.7,5.8,6313150.0,152600.0,2076.7,2079.35,2059.85,2059.85,1537175.0,325.0
NIFTY,26-DEC-2024,26000.0,19-12-2024 09:24:00,5.85,5.9,5.8,5.8,6429925.0,46175.0,2059.85,2059.85,2040.6,2047.0,1537275.0,775.0
NIFTY,26-DEC-2024,26000.0,19-12-2024 09:25:00,5.85,5.95,5.8,5.9,6429925.0,51175.0,2047.0,2050.0,2041.6,2042.45,1537275.0,1225.0
NIFTY,26-DEC-2024,26000.0,19-12-2024 09:26:00,5.85,6.15,5.85,6.05,6429925.0,44875.0,2040.0,2040.0,2038.9,2038.9,1537275.0,900.0
NIFTY,26-DEC-2024,26000.0,19-12-2024 09:27:00,6.05,6.2,6.05,6.1,6484750.0,151700.0,2038.9,2055.0,2038.9,2055.0,1537275.0,1125.0
NIFTY,26-DEC-2024,26000.0,19-12-2024 09:28:00,6.05,6.15,6.05,6.1,6484750.0,0.0,2055.0,2055.0,2048.65,2050.3,1535200.0,450.0
NIFTY,26-DEC-2024,26000.0,19-12-2024 09:29:00,6.15,6.3,6.1,6.3,6484750.0,95950.0,2050.3,2060.0,2050.3,2060.0,1535200.0,25.0
NIFTY,26-DEC-2024,26000.0,19-12-2024 09:30:00,6.3,6.4,6.3,6.3,6493675.0,17825.0,2060.0,2067.9,2060.0,2067.45,1535000.0,50.0
NIFTY,26-DEC-2024,26000.0,19-12-2024 09:31:00,6.4,6.55,6.3,6.3,6493675.0,58475.0,2066.0,2067.0,2062.5,2063.15,1535000.0,300.0
NIFTY,26-DEC-2024,26000.0,19-12-2024 09:32:00,6.3,6.35,6.2,6.3,6493675.0,191825.0,2063.15,2071.95,2063.15,2070.85,1535000.0,100.0
NIFTY,26-DEC-2024,26000.0,19-12-2024 09:33:00,6.3,6.35,6.2,6.3,6531650.0,56375.0,2070.85,2070.85,2050.0,2055.3,1535300.0,650.0
NIFTY,26-DEC-2024,26000.0,19-12-2024 09:34:00,6.3,6.45,6.2,6.4,6531650.0,89600.0,2055.3,2060.45,2055.3,2055.3,1535300.0,250.0
NIFTY,26-DEC-2024,26000.0,19-12-2024 09:35:00,6.4,6.6,6.3,6.55,6531650.0,40225.0,2058.0,2058.0,2049.1,2049.1,1535300.0,1225.0
NIFTY,26-DEC-2024,26000.0,19-12-2024 09:36:00,6.55,6.75,6.5,6.75,6576100.0,69925.0,2045.35,2045.35,2029.7,2041.2,1535300.0,350.0
NIFTY,26-DEC-2024,26000.0,19-12-2024 09:37:00,6.75,6.75,6.35,6.35,6576100.0,179275.0,2041.2,2041.2,2028.4,2030.0,1534675.0,250.0
NIFTY,26-DEC-2024,26000.0,19-12-2024 09:38:00,6.4,6.5,6.35,6.5,6576100.0,47650.0,2030.0,2045.4,2030.0,2045.4,1534675.0,375.0
NIFTY,26-DEC-2024,26000.0,19-12-2024 09:39:00,6.5,6.75,6.45,6.75,6620750.0,50225.0,2045.4,2045.4,2020.0,2020.0,1535375.0,400.0
NIFTY,26-DEC-2024,26000.0,19-12-2024 09:40:00,6.75,6.9,6.7,6.9,6620750.0,80625.0,2020.0,2020.0,2001.75,2010.0,1535375.0,700.0
NIFTY,26-DEC-2024,26000.0,19-12-2024 09:41:00,6.9,6.9,6.65,6.8,6620750.0,110125.0,2010.0,2015.75,2008.2,2009.9,1535375.0,1450.0
NIFTY,26-DEC-2024,26000.0,19-12-2024 09:42:00,6.75,6.85,6.7,6.8,6656650.0,95950.0,2009.9,2016.8,2008.2,2009.65,1534525.0,275.0
NIFTY,26-DEC-2024,26000.0,19-12-2024 09:43:00,6.8,6.8,6.65,6.7,6656650.0,136475.0,2009.65,2009.65,1990.65,1990.65,1534525.0,600.0
NIFTY,26-DEC-2024,26000.0,19-12-2024 09:44:00,6.75,6.75,6.55,6.65,6656650.0,121400.0,1990.65,1990.65,1964.1,1978.0,1534525.0,500.0
NIFTY,26-DEC-2024,26000.0,19-12-2024 09:45:00,6.65,6.7,6.2,6.2,6848575.0,244050.0,1978.0,2005.3,1974.3,2005.3,1534525.0,375.0
NIFTY,26-DEC-2024,26000.0,19-12-2024 09:46:00,6.2,6.2,6.05,6.1,6848575.0,143025.0,2005.3,2005.3,1992.85,1996.25,1535175.0,250.0
NIFTY,26-DEC-2024,26000.0,19-12-2024 09:47:00,6.1,6.2,6.0,6.0,6848575.0,133975.0,1996.25,2005.7,1996.25,2000.95,1535175.0,250.0
NIFTY,26-DEC-2024,26000.0,19-12-2024 09:48:00,6.05,6.1,5.95,6.05,6913675.0,93150.0,2006.45,2015.6,1997.15,2006.0,1535175.0,475.0
NIFTY,26-DEC-2024,26000.0,19-12-2024 09:49:00,6.1,6.15,6.05,6.15,6913675.0,64350.0,2006.0,2006.0,1999.6,2005.0,1535275.0,400.0
NIFTY,26-DEC-2024,26000.0,19-12-2024 09:50:00,6.1,6.3,6.1,6.3,6913675.0,36900.0,2005.0,2011.8,1998.4,1998.4,1535275.0,575.0
NIFTY,26-DEC-2024,26000.0,19-12-2024 09:51:00,6.3,6.35,6.25,6.3,6960450.0,51425.0,1998.4,2005.3,1998.4,2003.85,1535450.0,750.0
NIFTY,26-DEC-2024,26000.0,19-12-2024 09:52:00,6.3,6.3,6.2,6.25,6960450.0,20425.0,2003.85,2012.6,1995.55,1995.55,1535450.0,450.0
NIFTY,26-DEC-2024,26000.0,19-12-2024 09:53:00,6.2,6.25,6.0,6.05,6960450.0,13325.0,1995.55,1995.55,1973.8,1978.05,1535450.0,175.0
NIFTY,26-DEC-2024,26000.0,19-12-2024 09:54:00,6.05,6.05,5.95,5.95,6971875.0,26925.0,1987.1,1987.1,1976.35,1979.0,1535450.0,400.0
NIFTY,26-DEC-2024,26000.0,19-12-2024 09:55:00,5.95,6.0,5.95,6.0,6971875.0,50025.0,1979.0,1979.0,1958.75,1965.95,1535125.0,275.0
NIFTY,26-DEC-2024,26000.0,19-12-2024 09:56:00,6.0,6.0,5.9,5.95,6971875.0,15150.0,1965.9,1996.4,1965.9,1996.4,1535125.0,450.0
NIFTY,26-DEC-2024,26000.0,19-12-2024 09:57:00,5.85,5.95,5.85,5.9,6973500.0,42125.0,1996.4,2000.0,1988.3,2000.0,1535575.0,200.0
NIFTY,26-DEC-2024,26000.0,19-12-2024 09:58:00,5.85,5.9,5.65,5.7,6973500.0,65700.0,2000.0,2001.15,1991.0,1996.0,1535575.0,275.0
NIFTY,26-DEC-2024,26000.0,19-12-2024 09:59:00,5.7,5.85,5.65,5.8,6973500.0,74450.0,1996.0,1996.0,1987.4,1987.9,1535575.0,4125.0
NIFTY,26-DEC-2024,26000.0,19-12-2024 10:00:00,5.85,5.95,5.8,5.95,6958300.0,61775.0,1990.95,2001.55,1990.95,2001.55,1535575.0,2300.0
NIFTY,26-DEC-2024,26000.0,19-12-2024 10:01:00,5.9,5.95,5.9,5.95,6958300.0,36575.0,2001.55,2015.0,1998.8,2010.1,1530050.0,1950.0
NIFTY,26-DEC-2024,26000.0,19-12-2024 10:02:00,5.95,6.0,5.9,5.95,6958300.0,27575.0,2010.1,2010.1,1986.05,1986.05,1530050.0,2800.0
NIFTY,26-DEC-2024,26000.0,19-12-2024 10:03:00,5.9,5.95,5.9,5.95,6958300.0,40075.0,1986.05,1992.75,1986.05,1992.75,1530050.0,225.0
NIFTY,26-DEC-2024,26000.0,19-12-2024 10:04:00,5.95,5.95,5.85,5.95,6989850.0,21175.0,1992.75,1992.75,1983.05,1984.5,1527125.0,100.0
NIFTY,26-DEC-2024,26000.0,19-12-2024 10:05:00,5.9,5.9,5.75,5.75,6989850.0,43600.0,1984.5,1984.5,1975.25,1981.4,1527125.0,250.0
NIFTY,26-DEC-2024,26000.0,19-12-2024 10:06:00,5.8,5.8,5.55,5.55,6989850.0,83650.0,1981.4,1986.2,1981.15,1983.3,1527125.0,325.0
NIFTY,26-DEC-2024,26000.0,19-12-2024 10:07:00,5.55,5.55,5.4,5.4,6965200.0,43150.0,1983.3,1992.9,1980.55,1989.5,1527400.0,225.0
NIFTY,26-DEC-2024,26000.0,19-12-2024 10:08:00,5.4,5.4,5.25,5.25,6965200.0,102075.0,1989.5,1991.55,1980.8,1980.8,1527400.0,150.0
NIFTY,26-DEC-2024,26000.0,19-12-2024 10:09:00,5.25,5.25,5.2,5.2,6965200.0,35575.0,1980.8,1994.45,1979.3,1994.45,1527400.0,450.0
NIFTY,26-DEC-2024,26000.0,19-12-2024 10:10:00,5.15,5.2,5.1,5.1,6969225.0,126600.0,1994.45,2010.9,1994.45,2010.1,1527950.0,225.0
NIFTY,26-DEC-2024,26000.0,19-12-2024 10:11:00,5.1,5.15,5.05,5.05,6969225.0,72175.0,2013.2,2021.6,2012.95,2020.0,1527950.0,450.0
NIFTY,26-DEC-2024,26000.0,19-12-2024 10:12:00,5.05,5.1,5.0,5.0,6969225.0,57300.0,2020.0,2026.3,2020.0,2023.1,1527950.0,175.0
NIFTY,26-DEC-2024,26000.0,19-12-2024 10:13:00,5.05,5.05,4.85,4.9,6953925.0,35700.0,2025.35,2025.9,2023.05,2023.05,1528150.0,100.0
NIFTY,26-DEC-2024,26000.0,19-12-2024 10:14:00,4.9,4.9,4.75,4.85,6953925.0,42600.0,2023.05,2025.9,2020.0,2020.0,1528150.0,100.0
NIFTY,26-DEC-2024,26000.0,19-12-2024 10:15:00,4.8,4.85,4.7,4.75,6953925.0,39650.0,2020.0,2024.5,2020.0,2024.5,1528150.0,50.0
NIFTY,26-DEC-2024,26000.0,19-12-2024 10:16:00,4.75,4.75,4.7,4.7,6959775.0,16325.0,2024.5,2029.85,2023.35,2029.85,1528275.0,100.0
NIFTY,26-DEC-2024,26000.0,19-12-2024 10:17:00,4.65,4.7,4.6,4.65,6959775.0,52900.0,2029.85,2029.85,2016.0,2016.0,1528275.0,125.0
NIFTY,26-DEC-2024,26000.0,19-12-2024 10:18:00,4.65,4.65,4.6,4.65,6959775.0,27625.0,2016.0,2026.9,2016.0,2026.9,1528275.0,125.0
NIFTY,26-DEC-2024,26000.0,19-12-2024 10:19:00,4.65,4.7,4.6,4.6,6979725.0,66950.0,2026.9,2027.65,2026.9,2027.65,1528375.0,25.0
NIFTY,26-DEC-2024,26000.0,19-12-2024 10:20:00,4.7,4.8,4.7,4.75,6979725.0,119150.0,2027.65,2027.65,2022.7,2022.7,1528375.0,75.0
NIFTY,26-DEC-2024,26000.0,19-12-2024 10:21:00,4.7,4.8,4.7,4.8,6979725.0,35125.0,2004.6,2006.05,2000.85,2006.05,1528375.0,150.0
NIFTY,26-DEC-2024,26000.0,19-12-2024 10:22:00,4.75,4.8,4.7,4.8,6981050.0,45350.0,2006.05,2011.45,2006.05,2010.25,1528525.0,275.0
NIFTY,26-DEC-2024,26000.0,19-12-2024 10:23:00,4.8,4.85,4.7,4.75,6981050.0,57750.0,2010.25,2010.25,2000.6,2000.6,1528525.0,25.0
NIFTY,26-DEC-2024,26000.0,19-12-2024 10:24:00,4.75,4.8,4.7,4.7,6981050.0,38600.0,2000.6,2004.55,2000.6,2002.25,1528525.0,125.0
NIFTY,26-DEC-2024,26000.0,19-12-2024 10:25:00,4.7,4.7,4.65,4.7,6992950.0,11575.0,2002.25,2009.25,2002.15,2009.25,1528825.0,125.0
NIFTY,26-DEC-2024,26000.0,19-12-2024 10:26:00,4.7,4.7,4.65,4.65,6992950.0,81150.0,2009.5,2012.35,2005.85,2009.45,1528825.0,275.0
NIFTY,26-DEC-2024,26000.0,19-12-2024 10:27:00,4.65,4.65,4.55,4.55,6992950.0,31225.0,2009.45,2010.6,1998.9,1998.9,1528825.0,100.0
NIFTY,26-DEC-2024,26000.0,19-12-2024 10:28:00,4.5,4.55,4.5,4.55,6990000.0,23650.0,1998.9,1998.9,1992.3,1997.95,1528975.0,250.0
NIFTY,26-DEC-2024,26000.0,19-12-2024 10:29:00,4.55,4.55,4.5,4.5,6990000.0,20050.0,1997.95,1998.0,1993.05,1993.05,1528975.0,125.0
NIFTY,26-DEC-2024,26000.0,19-12-2024 10:30:00,4.55,4.65,4.5,4.6,6990000.0,22975.0,1993.05,1996.8,1993.05,1996.8,1528975.0,175.0
NIFTY,26-DEC-2024,26000.0,19-12-2024 10:31:00,4.65,4.65,4.6,4.6,6973900.0,8875.0,1996.8,1996.8,1988.0,1988.0,1529275.0,225.0
NIFTY,26-DEC-2024,26000.0,19-12-2024 10:32:00,4.6,4.65,4.55,4.65,6973900.0,7600.0,1988.0,1991.7,1987.0,1989.85,1529275.0,550.0
NIFTY,26-DEC-2024,26000.0,19-12-2024 10:33:00,4.6,4.65,4.6,4.65,6973900.0,21250.0,1989.85,1993.2,1989.85,1993.2,1529275.0,450.0
NIFTY,26-DEC-2024,26000.0,19-12-2024 10:34:00,4.6,4.7,4.6,4.65,6979200.0,31350.0,1993.2,1996.3,1993.2,1996.3,1530275.0,325.0
NIFTY,26-DEC-2024,26000.0,19-12-2024 10:35:00,4.6,4.65,4.55,4.6,6979200.0,49425.0,1999.0,2000.65,1995.2,1995.2,1530275.0,125.0
NIFTY,26-DEC-2024,26000.0,19-12-2024 10:36:00,4.55,4.6,4.55,4.6,6979200.0,24425.0,1995.2,2005.5,1995.2,2005.5,1530275.0,75.0
NIFTY,26-DEC-2024,26000.0,19-12-2024 10:37:00,4.6,4.6,4.55,4.6,6976700.0,23975.0,2005.5,2005.5,1997.65,2000.55,1530775.0,75.0
NIFTY,26-DEC-2024,26000.0,19-12-2024 10:38:00,4.55,4.6,4.55,4.55,6976700.0,2200.0,2000.55,2002.2,2000.55,2002.2,1530775.0,75.0
NIFTY,26-DEC-2024,26000.0,19-12-2024 10:39:00,4.6,4.6,4.55,4.55,6976700.0,13325.0,2002.2,2003.9,1997.3,1997.3,1530775.0,75.0
NIFTY,26-DEC-2024,26000.0,19-12-2024 10:40:00,4.55,4.55,4.5,4.5,6982875.0,7300.0,1997.3,2000.2,1997.3,2000.2,1530875.0,350.0
NIFTY,26-DEC-2024,26000.0,19-12-2024 10:41:00,4.55,4.55,4.5,4.55,6982875.0,12950.0,2000.2,2000.2,1989.5,1989.8,1530875.0,50.0
NIFTY,26-DEC-2024,26000.0,19-12-2024 10:42:00,4.55,4.55,4.5,4.55,6982875.0,4325.0,1989.8,1998.45,1989.8,1998.45,1530875.0,200.0
NIFTY,26-DEC-2024,26000.0,19-12-2024 10:43:00,4.55,4.55,4.45,4.45,6990950.0,34975.0,1998.45,1998.45,1994.0,1994.0,1530650.0,25.0
NIFTY,26-DEC-2024,26000.0,19-12-2024 10:44:00,4.45,4.5,4.4,4.45,6990950.0,11350.0,1994.0,1996.35,1990.0,1996.35,1530650.0,750.0
NIFTY,26-DEC-2024,26000.0,19-12-2024 10:45:00,4.5,4.5,4.4,4.45,6990950.0,9000.0,1996.35,1999.4,1994.15,1999.4,1530650.0,100.0
NIFTY,26-DEC-2024,26000.0,19-12-2024 10:46:00,4.4,4.45,4.3,4.3,7001350.0,31300.0,1999.4,2001.55,1995.6,2001.55,1531225.0,250.0
NIFTY,26-DEC-2024,26000.0,19-12-2024 10:47:00,4.3,4.35,4.25,4.3,7001350.0,29850.0,2001.55,2001.55,2000.15,2001.0,1531225.0,150.0
NIFTY,26-DEC-2024,26000.0,19-12-2024 10:48:00,4.25,4.3,4.25,4.25,7001350.0,13850.0,2001.0,2008.55,2001.0,2008.55,1531225.0,650.0
NIFTY,26-DEC-2024,26000.0,19-12-2024 10:49:00,4.3,4.3,4.2,4.2,7003225.0,15050.0,2008.55,2013.95,2008.55,2013.95,1530975.0,950.0
NIFTY,26-DEC-2024,26000.0,19-12-2024 10:50:00,4.2,4.3,4.15,4.3,7003225.0,14250.0,2013.95,2020.0,2013.95,2016.0,1530975.0,1125.0
NIFTY,26-DEC-2024,26000.0,19-12-2024 10:51:00,4.25,4.3,4.2,4.3,7003225.0,23775.0,2016.0,2019.45,2014.25,2019.45,1530975.0,1875.0
NIFTY,26-DEC-2024,26000.0,19-12-2024 10:52:00,4.3,4.3,4.2,4.3,6999725.0,13325.0,2019.45,2021.0,2010.0,2015.0,1526275.0,3825.0
NIFTY,26-DEC-2024,26000.0,19-12-2024 10:53:00,4.3,4.3,4.2,4.3,6999725.0,27775.0,2015.0,2015.0,2008.15,2015.0,1526275.0,5600.0
NIFTY,26-DEC-2024,26000.0,19-12-2024 10:54:00,4.3,4.3,4.25,4.3,6999725.0,17250.0,2015.0,2020.0,2015.0,2017.8,1526275.0,4950.0
NIFTY,26-DEC-2024,26000.0,19-12-2024 10:55:00,4.3,4.35,4.25,4.35,6996450.0,51650.0,2017.8,2025.05,2016.9,2020.0,1512400.0,3450.0
NIFTY,26-DEC-2024,26000.0,19-12-2024 10:56:00,4.35,4.4,4.3,4.4,6996450.0,53925.0,2020.0,2021.0,2016.85,2016.85,1512400.0,3625.0
NIFTY,26-DEC-2024,26000.0,19-12-2024 10:57:00,4.35,4.4,4.35,4.4,6996450.0,13475.0,2019.2,2025.0,2019.2,2022.0,1512400.0,2425.0
NIFTY,26-DEC-2024,26000.0,19-12-2024 10:58:00,4.4,4.4,4.35,4.4,6966300.0,5725.0,2022.0,2024.0,2019.35,2021.6,1503425.0,1475.0
NIFTY,26-DEC-2024,26000.0,19-12-2024 10:59:00,4.4,4.5,4.35,4.5,6966300.0,48325.0,2021.6,2021.6,2020.3,2020.55,1503425.0,4050.0
NIFTY,26-DEC-2024,26000.0,19-12-2024 11:00:00,4.5,4.6,4.45,4.6,6966300.0,63625.0,2020.55,2022.0,2019.1,2022.0,1503425.0,5400.0
NIFTY,26-DEC-2024,26000.0,19-12-2024 11:01:00,4.5,4.55,4.45,4.5,6964675.0,43000.0,2022.0,2026.35,2021.45,2026.35,1492525.0,4525.0
NIFTY,26-DEC-2024,26000.0,19-12-2024 11:02:00,4.45,4.5,4.45,4.5,6964675.0,60575.0,2026.35,2026.35,2017.0,2021.3,1492525.0,950.0
NIFTY,26-DEC-2024,26000.0,19-12-2024 11:03:00,4.5,4.55,4.5,4.55,6964675.0,30675.0,2021.3,2025.2,2021.3,2025.2,1492525.0,50.0
NIFTY,26-DEC-2024,26000.0,19-12-2024 11:04:00,4.55,4.7,4.55,4.65,7020650.0,27300.0,2025.2,2025.2,2017.15,2024.25,1489650.0,275.0
NIFTY,26-DEC-2024,26000.0,19-12-2024 11:05:00,4.6,4.65,4.55,4.6,7020650.0,8350.0,2024.25,2025.0,2024.25,2025.0,1489650.0,2475.0
NIFTY,26-DEC-2024,26000.0,19-12-2024 11:06:00,4.6,4.6,4.55,4.6,7020650.0,13200.0,2025.0,2025.0,2022.0,2022.1,1489650.0,675.0
NIFTY,26-DEC-2024,26000.0,19-12-2024 11:07:00,4.6,4.65,4.55,4.65,7030525.0,19575.0,2022.1,2022.1,2015.0,2015.0,1486400.0,4000.0
NIFTY,26-DEC-2024,26000.0,19-12-2024 11:08:00,4.55,4.65,4.55,4.6,7030525.0,600.0,2015.0,2015.1,2015.0,2015.1,1486400.0,1150.0
NIFTY,26-DEC-2024,26000.0,19-12-2024 11:09:00,4.6,4.65,4.6,4.65,7030525.0,21025.0,2015.1,2025.0,2015.1,2022.0,1486400.0,1000.0
NIFTY,26-DEC-2024,26000.0,19-12-2024 11:10:00,4.65,4.65,4.55,4.55,7028725.0,9025.0,2022.0,2025.95,2022.0,2025.95,1482275.0,100.0
NIFTY,26-DEC-2024,26000.0,19-12-2024 11:11:00,4.6,4.65,4.55,4.6,7028725.0,18325.0,2025.95,2026.0,2024.0,2024.0,1482275.0,600.0
NIFTY,26-DEC-2024,26000.0,19-12-2024 11:12:00,4.55,4.6,4.55,4.55,7028725.0,17350.0,2024.0,2025.7,2024.0,2024.0,1482275.0,400.0
NIFTY,26-DEC-2024,26000.0,19-12-2024 11:13:00,4.55,4.6,4.55,4.55,7041975.0,8125.0,2024.0,2024.0,2024.0,2024.0,1482275.0,0.0
NIFTY,26-DEC-2024,26000.0,19-12-2024 11:14:00,4.55,4.55,4.5,4.5,7041975.0,16475.0,2024.0,2024.0,2023.0,2023.0,1481600.0,275.0
NIFTY,26-DEC-2024,26000.0,19-12-2024 11:15:00,4.55,4.55,4.45,4.5,7041975.0,15150.0,2023.0,2023.0,2017.35,2018.9,1481600.0,325.0
NIFTY,26-DEC-2024,26000.0,19-12-2024 11:16:00,4.5,4.5,4.4,4.4,7068775.0,26825.0,2018.9,2018.9,2010.55,2010.55,1481150.0,3800.0
NIFTY,26-DEC-2024,26000.0,19-12-2024 11:17:00,4.4,4.45,4.4,4.4,7068775.0,18900.0,2010.55,2016.0,2010.55,2016.0,1481150.0,1075.0
NIFTY,26-DEC-2024,26000.0,19-12-2024 11:18:00,4.4,4.4,4.35,4.4,7068775.0,2825.0,2016.0,2016.25,2010.75,2016.25,1481150.0,2700.0
NIFTY,26-DEC-2024,26000.0,19-12-2024 11:19:00,4.4,4.4,4.35,4.35,7083475.0,16600.0,2016.25,2016.9,2009.65,2010.55,1475950.0,575.0
NIFTY,26-DEC-2024,26000.0,19-12-2024 11:20:00,4.4,4.4,4.3,4.35,7083475.0,28550.0,2010.55,2012.0,2010.0,2010.65,1475950.0,350.0
NIFTY,26-DEC-2024,26000.0,19-12-2024 11:21:00,4.3,4.35,4.25,4.35,7083475.0,36400.0,2010.65,2015.0,2010.65,2015.0,1475950.0,300.0
NIFTY,26-DEC-2024,26000.0,19-12-2024 11:22:00,,,,,,,2015.0,2015.0,2015.0,2015.0,1475950.0,0.0
NIFTY,26-DEC-2024,26000.0,19-12-2024 11:23:00,4.3,4.35,4.3,4.3,7107000.0,45175.0,2015.0,2015.0,2015.0,2015.0,1475950.0,0.0
NIFTY,26-DEC-2024,26000.0,19-12-2024 11:24:00,4.25,4.25,4.25,4.25,7107000.0,124850.0,2015.0,2015.0,2010.7,2010.7,1475375.0,300.0
NIFTY,26-DEC-2024,26000.0,19-12-2024 11:25:00,4.25,4.25,4.2,4.2,7185700.0,11100.0,2010.7,2010.7,2010.7,2010.7,1475375.0,0.0
NIFTY,26-DEC-2024,26000.0,19-12-2024 11:27:00,4.2,4.2,4.15,4.2,7185700.0,62025.0,1997.2,1998.7,1997.2,1998.7,1475375.0,100.0
NIFTY,26-DEC-2024,26000.0,19-12-2024 11:28:00,4.2,4.25,4.2,4.25,7214475.0,0.0,2000.0,2000.0,2000.0,2000.0,1475375.0,175.0
NIFTY,26-DEC-2024,26000.0,19-12-2024 11:29:00,4.25,4.25,4.2,4.25,7214475.0,71900.0,2000.0,2005.6,2000.0,2005.6,1475125.0,300.0
NIFTY,26-DEC-2024,26000.0,19-12-2024 11:30:00,4.15,4.15,4.1,4.15,7214475.0,0.0,2005.95,2005.95,2005.95,2005.95,1475125.0,350.0
NIFTY,26-DEC-2024,26000.0,19-12-2024 11:31:00,4.1,4.1,4.1,4.1,7250950.0,0.0,2005.95,2005.95,2005.95,2005.95,1475125.0,0.0
NIFTY,26-DEC-2024,26000.0,19-12-2024 11:32:00,4.15,4.15,4.1,4.1,7250950.0,68150.0,2005.95,2009.0,2005.95,2009.0,1474500.0,25.0
NIFTY,26-DEC-2024,26000.0,19-12-2024 11:33:00,4.05,4.1,4.05,4.1,7250950.0,3775.0,2009.0,2009.0,2009.0,2009.0,1474500.0,25.0
NIFTY,26-DEC-2024,26000.0,19-12-2024 11:34:00,4.1,4.1,4.05,4.05,7258375.0,33100.0,2009.0,2009.0,2005.0,2006.0,1474500.0,125.0
NIFTY,26-DEC-2024,26000.0,19-12-2024 11:35:00,4.05,4.1,4.05,4.05,7258375.0,40175.0,2006.0,2006.0,2006.0,2006.0,1474500.0,175.0
NIFTY,26-DEC-2024,26000.0,19-12-2024 11:36:00,4.05,4.1,4.0,4.05,7258375.0,44000.0,2006.0,2006.0,2006.0,2006.0,1474500.0,0.0
NIFTY,26-DEC-2024,26000.0,19-12-2024 11:37:00,4.05,4.05,4.0,4.05,7264125.0,19850.0,2006.0,2006.0,2003.45,2003.45,1474250.0,1250.0
NIFTY,26-DEC-2024,26000.0,19-12-2024 11:38:00,4.1,4.15,4.1,4.15,7264125.0,7925.0,2000.75,2000.75,1970.0,1971.0,1474250.0,6875.0
NIFTY,26-DEC-2024,26000.0,19-12-2024 11:39:00,4.1,4.15,4.1,4.15,7264125.0,76025.0,1965.0,1965.0,1950.05,1964.95,1474250.0,475.0
NIFTY,26-DEC-2024,26000.0,19-12-2024 11:40:00,4.15,4.15,4.1,4.15,7280350.0,33750.0,1964.95,1964.95,1964.95,1964.95,1474250.0,0.0
NIFTY,26-DEC-2024,26000.0,19-12-2024 11:41:00,4.15,4.2,4.1,4.1,7280350.0,97800.0,1964.95,1990.0,1964.95,1990.0,1468150.0,25.0
NIFTY,26-DEC-2024,26000.0,19-12-2024 11:42:00,4.1,4.1,4.0,4.05,7280350.0,62625.0,1990.0,1990.0,1990.0,1990.0,1468150.0,0.0
NIFTY,26-DEC-2024,26000.0,19-12-2024 11:43:00,4.0,4.1,3.95,4.05,7307525.0,78550.0,1990.0,1990.0,1985.15,1985.15,1468150.0,700.0
NIFTY,26-DEC-2024,26000.0,19-12-2024 11:44:00,4.1,4.1,4.05,4.05,7307525.0,64025.0,1985.15,1996.15,1985.15,1988.4,1467875.0,2550.0
NIFTY,26-DEC-2024,26000.0,19-12-2024 11:45:00,4.05,4.15,4.05,4.05,7307525.0,17875.0,1988.4,1991.35,1983.25,1983.25,1467875.0,1850.0
NIFTY,26-DEC-2024,26000.0,19-12-2024 11:46:00,4.1,4.1,4.0,4.05,7375300.0,38600.0,1983.25,1983.25,1983.0,1983.0,1466225.0,50.0
NIFTY,26-DEC-2024,26000.0,19-12-2024 11:47:00,4.0,4.15,4.0,4.0,7375300.0,111675.0,1983.0,1983.0,1982.25,1982.25,1466225.0,25.0
NIFTY,26-DEC-2024,26000.0,19-12-2024 11:48:00,3.95,4.0,3.85,3.95,7375300.0,41600.0,1982.25,1982.25,1982.25,1982.25,1466225.0,0.0
NIFTY,26-DEC-2024,26000.0,19-12-2024 11:49:00,3.95,3.95,3.85,3.9,7496350.0,67975.0,1982.25,1982.25,1970.9,1973.85,1466175.0,50.0
NIFTY,26-DEC-2024,26000.0,19-12-2024 11:50:00,3.9,3.9,3.8,3.85,7496350.0,37850.0,1973.85,1973.85,1971.7,1971.7,1466175.0,25.0
NIFTY,26-DEC-2024,26000.0,19-12-2024 11:51:00,3.85,3.85,3.8,3.85,7496350.0,6225.0,1971.7,1977.4,1971.7,1977.4,1466175.0,75.0
NIFTY,26-DEC-2024,26000.0,19-12-2024 11:52:00,3.85,3.85,3.75,3.8,7538950.0,36825.0,1977.4,1980.4,1977.4,1980.4,1466075.0,25.0
NIFTY,26-DEC-2024,26000.0,19-12-2024 11:53:00,3.8,3.85,3.75,3.8,7538950.0,67875.0,1980.4,1992.0,1980.4,1991.35,1466075.0,825.0
NIFTY,26-DEC-2024,26000.0,19-12-2024 11:54:00,3.8,3.85,3.8,3.8,7538950.0,34050.0,1991.35,1991.35,1986.05,1988.0,1466075.0,200.0
NIFTY,26-DEC-2024,26000.0,19-12-2024 11:55:00,3.8,3.8,3.75,3.8,7563250.0,24300.0,1988.0,1988.0,1988.0,1988.0,1466075.0,0.0
NIFTY,26-DEC-2024,26000.0,19-12-2024 11:56:00,3.8,3.8,3.75,3.8,7563250.0,8675.0,1988.0,1988.0,1988.0,1988.0,1465100.0,350.0
NIFTY,26-DEC-2024,26000.0,19-12-2024 11:57:00,3.75,3.85,3.75,3.85,7563250.0,9325.0,1988.0,1988.0,1988.0,1988.0,1465100.0,25.0
NIFTY,26-DEC-2024,26000.0,19-12-2024 11:58:00,3.85,3.85,3.8,3.85,7570600.0,11925.0,1988.0,1988.0,1980.7,1984.05,1464725.0,75.0
NIFTY,26-DEC-2024,26000.0,19-12-2024 11:59:00,3.8,3.85,3.8,3.85,7570600.0,16650.0,1984.05,1984.05,1981.2,1981.2,1464725.0,25.0
NIFTY,26-DEC-2024,26000.0,19-12-2024 12:00:00,3.85,3.85,3.8,3.85,7570600.0,5375.0,1981.2,1981.2,1981.2,1981.2,1464725.0,0.0
NIFTY,26-DEC-2024,26000.0,19-12-2024 12:01:00,3.85,3.85,3.85,3.85,7568000.0,11750.0,1981.2,1981.2,1981.2,1981.2,1464725.0,0.0
NIFTY,26-DEC-2024,26000.0,19-12-2024 12:02:00,3.85,3.85,3.8,3.8,7568000.0,11750.0,1981.2,1981.2,1981.2,1981.2,1464725.0,0.0
NIFTY,26-DEC-2024,26000.0,19-12-2024 12:03:00,3.85,3.85,3.8,3.8,7568000.0,35775.0,1981.2,1987.0,1981.2,1987.0,1464650.0,75.0
NIFTY,26-DEC-2024,26000.0,19-12-2024 12:04:00,3.8,3.8,3.75,3.8,7621075.0,35000.0,1987.0,1987.0,1987.0,1987.0,1464650.0,0.0
NIFTY,26-DEC-2024,26000.0,19-12-2024 12:05:00,3.8,3.8,3.75,3.75,7621075.0,9025.0,1987.0,1987.0,1987.0,1987.0,1464650.0,0.0
NIFTY,26-DEC-2024,26000.0,19-12-2024 12:06:00,3.8,3.85,3.8,3.8,7621075.0,57100.0,1987.0,1987.0,1987.0,1987.0,1464650.0,0.0
NIFTY,26-DEC-2024,26000.0,19-12-2024 12:07:00,3.8,3.85,3.8,3.85,7623400.0,250.0,1987.0,1987.0,1976.0,1976.0,1464525.0,125.0
NIFTY,26-DEC-2024,26000.0,19-12-2024 12:08:00,3.85,3.85,3.85,3.85,7623400.0,11650.0,1976.0,1976.0,1976.0,1976.0,1464525.0,0.0
NIFTY,26-DEC-2024,26000.0,19-12-2024 12:09:00,3.85,3.85,3.8,3.85,7623400.0,6800.0,1976.0,1976.0,1976.0,1976.0,1464525.0,0.0
NIFTY,26-DEC-2024,26000.0,19-12-2024 12:10:00,3.85,3.85,3.75,3.8,7639850.0,14600.0,1971.0,1971.0,1971.0,1971.0,1464525.0,75.0
NIFTY,26-DEC-2024,26000.0,19-12-2024 12:11:00,3.8,3.8,3.75,3.8,7639850.0,28075.0,1971.0,1976.95,1971.0,1976.95,1464425.0,25.0
NIFTY,26-DEC-2024,26000.0,19-12-2024 12:12:00,3.8,3.85,3.75,3.85,7639850.0,55725.0,1976.95,1976.95,1970.0,1970.0,1464425.0,100.0
NIFTY,26-DEC-2024,26000.0,19-12-2024 12:13:00,3.85,3.85,3.8,3.8,7572775.0,6475.0,1970.0,1970.0,1970.0,1970.0,1464425.0,0.0
NIFTY,26-DEC-2024,26000.0,19-12-2024 12:14:00,3.85,3.85,3.8,3.85,7572775.0,6700.0,1970.0,1970.0,1970.0,1970.0,1464425.0,0.0
NIFTY,26-DEC-2024,26000.0,19-12-2024 12:15:00,3.85,3.85,3.8,3.85,7572775.0,26900.0,1970.0,1970.0,1970.0,1970.0,1464325.0,50.0
NIFTY,26-DEC-2024,26000.0,19-12-2024 12:16:00,3.85,3.85,3.8,3.85,7578650.0,13875.0,1970.0,1970.0,1963.3,1963.3,1464325.0,25.0
NIFTY,26-DEC-2024,26000.0,19-12-2024 12:17:00,3.85,3.85,3.8,3.85,7578650.0,39750.0,1963.3,1965.0,1963.3,1965.0,1464275.0,200.0
NIFTY,26-DEC-2024,26000.0,19-12-2024 12:18:00,3.85,3.85,3.8,3.85,7578650.0,12675.0,1965.0,1965.0,1965.0,1965.0,1464275.0,0.0
NIFTY,26-DEC-2024,26000.0,19-12-2024 12:19:00,3.85,3.85,3.85,3.85,7621250.0,18250.0,1965.0,1965.0,1965.0,1965.0,1464275.0,0.0
NIFTY,26-DEC-2024,26000.0,19-12-2024 12:20:00,3.9,3.9,3.8,3.85,7621250.0,12000.0,1965.0,1965.0,1965.0,1965.0,1464275.0,0.0
NIFTY,26-DEC-2024,26000.0,19-12-2024 12:21:00,3.85,3.9,3.85,3.9,7621250.0,8650.0,1965.0,1965.0,1965.0,1965.0,1464275.0,0.0
NIFTY,26-DEC-2024,26000.0,19-12-2024 12:22:00,3.9,3.9,3.85,3.9,7643850.0,16725.0,1965.0,1965.0,1965.0,1965.0,1464275.0,0.0
NIFTY,26-DEC-2024,26000.0,19-12-2024 12:23:00,3.9,4.0,3.85,3.95,7643850.0,28400.0,1965.0,1965.0,1965.0,1965.0,1464275.0,0.0
NIFTY,26-DEC-2024,26000.0,19-12-2024 12:24:00,3.95,3.95,3.9,3.95,7643850.0,8900.0,1965.0,1965.0,1965.0,1965.0,1464275.0,0.0
NIFTY,26-DEC-2024,26000.0,19-12-2024 12:25:00,3.95,4.05,3.95,4.05,7647050.0,30400.0,1965.0,1965.0,1965.0,1965.0,1464275.0,0.0
NIFTY,26-DEC-2024,26000.0,19-12-2024 12:26:00,4.05,4.05,3.95,4.0,7647050.0,35125.0,1965.0,1965.0,1965.0,1965.0,1464275.0,0.0
NIFTY,26-DEC-2024,26000.0,19-12-2024 12:27:00,4.0,4.15,4.0,4.1,7647050.0,45725.0,1965.0,1965.0,1965.0,1965.0,1464275.0,0.0
NIFTY,26-DEC-2024,26000.0,19-12-2024 12:28:00,4.15,4.15,4.1,4.15,7661225.0,16750.0,1965.0,1965.0,1965.0,1965.0,1464275.0,0.0
NIFTY,26-DEC-2024,26000.0,19-12-2024 12:29:00,4.15,4.15,4.1,4.15,7661225.0,8575.0,1965.0,1965.0,1965.0,1965.0,1464275.0,0.0
NIFTY,26-DEC-2024,26000.0,19-12-2024 12:30:00,4.15,4.15,4.15,4.15,7661225.0,15425.0,1965.0,1965.0,1965.0,1965.0,1464275.0,0.0
NIFTY,26-DEC-2024,26000.0,19-12-2024 12:31:00,4.15,4.2,4.15,4.2,7662100.0,14000.0,1965.0,1971.7,1965.0,1971.7,1464250.0,25.0
NIFTY,26-DEC-2024,26000.0,19-12-2024 12:32:00,4.2,4.3,4.15,4.3,7662100.0,37125.0,1971.7,1977.0,1971.7,1977.0,1464225.0,25.0
NIFTY,26-DEC-2024,26000.0,19-12-2024 12:33:00,4.25,4.3,4.25,4.3,7662100.0,8800.0,1977.0,1977.0,1977.0,1977.0,1464225.0,0.0
NIFTY,26-DEC-2024,26000.0,19-12-2024 12:34:00,4.3,4.3,4.2,4.25,7666350.0,15800.0,1977.0,1977.0,1977.0,1977.0,1464225.0,0.0
NIFTY,26-DEC-2024,26000.0,19-12-2024 12:35:00,4.2,4.25,4.2,4.25,7666350.0,4950.0,1977.0,1977.0,1977.0,1977.0,1464225.0,0.0
NIFTY,26-DEC-2024,26000.0,19-12-2024 12:36:00,4.25,4.25,4.2,4.2,7666350.0,4050.0,1979.55,1979.55,1979.55,1979.55,1464225.0,25.0
NIFTY,26-DEC-2024,26000.0,19-12-2024 12:37:00,4.2,4.3,4.2,4.3,7669525.0,3475.0,1979.55,1979.55,1979.55,1979.55,1464225.0,0.0
NIFTY,26-DEC-2024,26000.0,19-12-2024 12:38:00,4.25,4.3,4.2,4.2,7669525.0,21350.0,1979.55,1986.2,1979.55,1980.05,1464175.0,325.0
NIFTY,26-DEC-2024,26000.0,19-12-2024 12:39:00,4.2,4.2,4.15,4.2,7669525.0,46275.0,1980.05,1980.05,1980.0,1980.0,1464175.0,25.0
NIFTY,26-DEC-2024,26000.0,19-12-2024 12:40:00,4.2,4.25,4.15,4.2,7710775.0,99600.0,1980.0,1980.0,1980.0,1980.0,1464175.0,25.0
NIFTY,26-DEC-2024,26000.0,19-12-2024 12:41:00,4.2,4.2,4.15,4.2,7710775.0,21850.0,1980.0,1980.0,1979.0,1979.0,1463925.0,25.0
NIFTY,26-DEC-2024,26000.0,19-12-2024 12:42:00,4.2,4.2,4.15,4.2,7710775.0,81750.0,1979.0,1979.0,1974.5,1974.5,1463925.0,400.0
NIFTY,26-DEC-2024,26000.0,19-12-2024 12:43:00,4.2,4.2,4.15,4.2,7677975.0,64450.0,1974.5,1977.65,1974.5,1977.65,1463925.0,25.0
NIFTY,26-DEC-2024,26000.0,19-12-2024 12:44:00,4.2,4.2,4.15,4.2,7677975.0,70100.0,1977.65,1977.65,1977.65,1977.65,1463925.0,0.0
NIFTY,26-DEC-2024,26000.0,19-12-2024 12:45:00,4.2,4.25,4.15,4.25,7677975.0,17725.0,1977.65,1977.65,1977.65,1977.65,1463925.0,0.0
NIFTY,26-DEC-2024,26000.0,19-12-2024 12:46:00,4.25,4.3,4.25,4.25,7669675.0,15775.0,1977.65,1988.95,1977.65,1988.95,1463500.0,25.0
NIFTY,26-DEC-2024,26000.0,19-12-2024 12:47:00,4.3,4.3,4.25,4.25,7669675.0,12525.0,1988.95,1988.95,1987.0,1987.0,1463500.0,0.0
NIFTY,26-DEC-2024,26000.0,19-12-2024 12:48:00,4.25,4.3,4.25,4.3,7669675.0,6500.0,1987.0,1987.0,1987.0,1987.0,1463500.0,100.0
NIFTY,26-DEC-2024,26000.0,19-12-2024 12:49:00,4.3,4.3,4.2,4.3,7669650.0,20275.0,1987.0,1994.45,1987.0,1994.45,1463475.0,75.0
NIFTY,26-DEC-2024,26000.0,19-12-2024 12:50:00,4.3,4.35,4.25,4.25,7669650.0,94875.0,1994.45,1994.45,1987.05,1987.05,1463475.0,125.0
NIFTY,26-DEC-2024,26000.0,19-12-2024 12:51:00,4.25,4.3,4.2,4.3,7669650.0,28325.0,1987.05,1989.0,1987.05,1989.0,1463475.0,50.0
NIFTY,26-DEC-2024,26000.0,19-12-2024 12:52:00,4.3,4.35,4.25,4.35,7660575.0,4750.0,1989.0,1989.0,1989.0,1989.0,1463475.0,0.0
NIFTY,26-DEC-2024,26000.0,19-12-2024 12:53:00,4.4,4.4,4.3,4.35,7660575.0,51275.0,1989.0,1989.0,1987.0,1987.0,1463475.0,75.0
NIFTY,26-DEC-2024,26000.0,19-12-2024 12:54:00,4.35,4.35,4.3,4.35,7660575.0,10100.0,1987.0,1987.0,1985.55,1985.55,1463475.0,25.0
NIFTY,26-DEC-2024,26000.0,19-12-2024 12:55:00,4.35,4.35,4.3,4.35,7667275.0,12800.0,1985.55,1987.35,1985.55,1987.35,1463275.0,50.0
NIFTY,26-DEC-2024,26000.0,19-12-2024 12:56:00,4.35,4.4,4.35,4.4,7667275.0,25800.0,1987.35,1987.35,1987.35,1987.35,1463275.0,0.0
NIFTY,26-DEC-2024,26000.0,19-12-2024 12:57:00,4.4,4.4,4.4,4.4,7667275.0,2000.0,1987.35,1987.35,1985.05,1985.05,1463250.0,200.0
NIFTY,26-DEC-2024,26000.0,19-12-2024 12:58:00,4.35,4.45,4.35,4.45,7674050.0,41650.0,1985.05,1987.8,1985.05,1987.8,1463050.0,25.0
NIFTY,26-DEC-2024,26000.0,19-12-2024 12:59:00,4.45,4.5,4.4,4.45,7674050.0,28150.0,1987.8,1987.8,1985.0,1986.0,1463050.0,75.0
NIFTY,26-DEC-2024,26000.0,19-12-2024 13:00:00,4.45,4.5,4.45,4.45,7674050.0,17950.0,1986.0,1986.0,1986.0,1986.0,1463050.0,0.0
NIFTY,26-DEC-2024,26000.0,19-12-2024 13:01:00,4.45,4.45,4.4,4.45,7681925.0,3800.0,1986.0,1986.0,1986.0,1986.0,1463050.0,0.0
NIFTY,26-DEC-2024,26000.0,19-12-2024 13:02:00,4.45,4.45,4.4,4.45,7681925.0,2400.0,1986.0,1986.0,1986.0,1986.0,1463050.0,0.0
NIFTY,26-DEC-2024,26000.0,19-12-2024 13:03:00,4.45,4.45,4.35,4.4,7681925.0,6850.0,1986.0,1986.0,1986.0,1986.0,1463050.0,0.0
NIFTY,26-DEC-2024,26000.0,19-12-2024 13:04:00,4.4,4.4,4.35,4.4,7680525.0,1875.0,1986.0,1986.0,1982.0,1982.0,1463025.0,75.0
NIFTY,26-DEC-2024,26000.0,19-12-2024 13:05:00,4.4,4.4,4.35,4.4,7680525.0,7550.0,1982.0,1982.0,1982.0,1982.0,1463025.0,100.0
NIFTY,26-DEC-2024,26000.0,19-12-2024 13:06:00,4.35,4.4,4.35,4.35,7680525.0,3500.0,1982.0,1982.0,1980.0,1980.0,1463025.0,100.0
NIFTY,26-DEC-2024,26000.0,19-12-2024 13:07:00,4.4,4.4,4.35,4.4,7565675.0,9350.0,1980.0,1980.0,1980.0,1980.0,1463025.0,0.0
NIFTY,26-DEC-2024,26000.0,19-12-2024 13:08:00,4.4,4.4,4.3,4.35,7565675.0,7275.0,1980.0,1982.0,1980.0,1982.0,1463025.0,100.0
NIFTY,26-DEC-2024,26000.0,19-12-2024 13:09:00,4.35,4.35,4.3,4.35,7565675.0,5025.0,1982.0,1982.0,1979.8,1979.8,1463025.0,125.0
NIFTY,26-DEC-2024,26000.0,19-12-2024 13:10:00,4.35,4.35,4.3,4.3,7568425.0,4375.0,1979.8,1979.8,1978.0,1978.0,1463025.0,75.0
NIFTY,26-DEC-2024,26000.0,19-12-2024 13:11:00,4.3,4.35,4.3,4.3,7568425.0,2350.0,1978.0,1978.0,1978.0,1978.0,1463025.0,0.0
NIFTY,26-DEC-2024,26000.0,19-12-2024 13:12:00,4.35,4.35,4.3,4.3,7568425.0,750.0,1978.0,1986.15,1978.0,1986.15,1463025.0,150.0
NIFTY,26-DEC-2024,26000.0,19-12-2024 13:13:00,4.3,4.4,4.3,4.35,7568750.0,5725.0,1986.15,1987.35,1985.8,1985.8,1463025.0,125.0
NIFTY,26-DEC-2024,26000.0,19-12-2024 13:14:00,4.4,4.5,4.35,4.45,7568750.0,33900.0,1985.8,1985.8,1985.8,1985.8,1463025.0,0.0
NIFTY,26-DEC-2024,26000.0,19-12-2024 13:15:00,4.45,4.45,4.4,4.45,7568750.0,1950.0,1985.8,1985.8,1984.0,1984.0,1462850.0,175.0
NIFTY,26-DEC-2024,26000.0,19-12-2024 13:16:00,4.4,4.5,4.4,4.4,7589150.0,53850.0,1984.0,1984.0,1984.0,1984.0,1462850.0,0.0
NIFTY,26-DEC-2024,26000.0,19-12-2024 13:17:00,4.4,4.45,4.4,4.45,7589150.0,11700.0,1984.0,1992.5,1982.75,1992.5,1462775.0,175.0
NIFTY,26-DEC-2024,26000.0,19-12-2024 13:18:00,4.45,4.5,4.45,4.45,7589150.0,5675.0,1992.5,1992.5,1992.5,1992.5,1462775.0,0.0
NIFTY,26-DEC-2024,26000.0,19-12-2024 13:19:00,4.45,4.55,4.45,4.55,7616850.0,15625.0,1992.5,2004.4,1992.5,2004.4,1462775.0,225.0
NIFTY,26-DEC-2024,26000.0,19-12-2024 13:20:00,4.5,4.7,4.5,4.7,7616850.0,10975.0,2004.4,2010.0,2002.95,2002.95,1462750.0,250.0
NIFTY,26-DEC-2024,26000.0,19-12-2024 13:21:00,4.7,4.7,4.55,4.55,7616850.0,15100.0,2002.95,2002.95,2002.95,2002.95,1462750.0,0.0
NIFTY,26-DEC-2024,26000.0,19-12-2024 13:22:00,4.5,4.6,4.5,4.5,7615725.0,2775.0,2002.95,2002.95,1997.6,1997.6,1462650.0,300.0
NIFTY,26-DEC-2024,26000.0,19-12-2024 13:23:00,4.55,4.6,4.5,4.5,7615725.0,28100.0,1997.6,2000.0,1997.6,2000.0,1462650.0,225.0
NIFTY,26-DEC-2024,26000.0,19-12-2024 13:24:00,4.55,4.6,4.55,4.6,7615725.0,5075.0,2000.0,2000.0,2000.0,2000.0,1462650.0,0.0
NIFTY,26-DEC-2024,26000.0,19-12-2024 13:25:00,4.6,4.65,4.55,4.65,7591525.0,22000.0,2000.0,2000.0,2000.0,2000.0,1462650.0,0.0
NIFTY,26-DEC-2024,26000.0,19-12-2024 13:26:00,4.65,4.7,4.6,4.6,7591525.0,3900.0,1990.0,1990.0,1988.0,1988.0,1462250.0,900.0
NIFTY,26-DEC-2024,26000.0,19-12-2024 13:27:00,4.6,4.6,4.55,4.6,7591525.0,40500.0,1988.0,1990.1,1988.0,1990.1,1462250.0,50.0
NIFTY,26-DEC-2024,26000.0,19-12-2024 13:28:00,4.6,4.6,4.4,4.4,7631300.0,10700.0,1990.1,1991.0,1990.1,1991.0,1462250.0,0.0
NIFTY,26-DEC-2024,26000.0,19-12-2024 13:29:00,4.4,4.65,4.4,4.65,7631300.0,121150.0,1991.0,1992.0,1990.0,1992.0,1462250.0,225.0
NIFTY,26-DEC-2024,26000.0,19-12-2024 13:30:00,4.7,4.7,4.65,4.7,7631300.0,105975.0,1992.0,1995.05,1992.0,1995.05,1462250.0,50.0
NIFTY,26-DEC-2024,26000.0,19-12-2024 13:31:00,4.75,4.85,4.75,4.8,7739650.0,0.0,1995.05,1995.05,1995.05,1995.05,1462250.0,0.0
NIFTY,26-DEC-2024,26000.0,19-12-2024 13:32:00,4.85,4.85,4.8,4.85,7739650.0,13800.0,1995.05,1995.05,1995.05,1995.05,1462250.0,0.0
NIFTY,26-DEC-2024,26000.0,19-12-2024 13:33:00,4.8,4.8,4.8,4.8,7739650.0,29325.0,1995.05,1995.05,1995.05,1995.05,1462250.0,0.0
NIFTY,26-DEC-2024,26000.0,19-12-2024 13:34:00,5.0,5.25,5.0,5.25,7776725.0,79800.0,1995.05,1995.05,1995.05,1995.05,1462250.0,0.0
NIFTY,26-DEC-2024,26000.0,19-12-2024 13:35:00,5.25,5.6,5.25,5.6,7776725.0,97325.0,1995.05,1995.05,1990.0,1990.0,1462225.0,100.0
NIFTY,26-DEC-2024,26000.0,19-12-2024 13:36:00,5.6,5.6,5.3,5.45,7776725.0,266850.0,1990.0,1990.0,1990.0,1990.0,1462225.0,0.0
NIFTY,26-DEC-2024,26000.0,19-12-2024 13:37:00,5.45,5.45,5.1,5.1,7941500.0,62300.0,1990.0,1992.0,1990.0,1992.0,1462225.0,25.0
NIFTY,26-DEC-2024,26000.0,19-12-2024 13:38:00,5.1,5.1,4.85,4.85,7941500.0,106550.0,1992.0,1992.0,1992.0,1992.0,1462225.0,25.0
NIFTY,26-DEC-2024,26000.0,19-12-2024 13:39:00,4.85,4.85,4.7,4.7,7941500.0,52750.0,1992.0,1992.0,1992.0,1992.0,1462225.0,100.0
NIFTY,26-DEC-2024,26000.0,19-12-2024 13:40:00,4.7,4.75,4.45,4.55,8034000.0,126050.0,1992.0,1996.0,1991.45,1994.9,1462225.0,325.0
NIFTY,26-DEC-2024,26000.0,19-12-2024 13:41:00,4.55,4.7,4.55,4.7,8034000.0,50500.0,1994.9,1994.9,1994.9,1994.9,1462225.0,0.0
NIFTY,26-DEC-2024,26000.0,19-12-2024 13:42:00,4.65,4.7,4.55,4.6,8034000.0,61575.0,1994.9,1994.9,1994.9,1994.9,1462225.0,0.0
NIFTY,26-DEC-2024,26000.0,19-12-2024 13:43:00,4.6,4.65,4.55,4.55,8091925.0,60575.0,1994.9,1996.45,1993.2,1994.45,1462175.0,625.0
NIFTY,26-DEC-2024,26000.0,19-12-2024 13:44:00,4.55,4.55,4.5,4.5,8091925.0,28800.0,1994.45,1994.95,1992.2,1992.2,1462175.0,1800.0
NIFTY,26-DEC-2024,26000.0,19-12-2024 13:45:00,4.5,4.55,4.45,4.45,8091925.0,28875.0,1992.2,1992.2,1990.6,1991.0,1462175.0,225.0
NIFTY,26-DEC-2024,26000.0,19-12-2024 13:46:00,4.45,4.45,4.4,4.4,8130000.0,102675.0,1991.0,1993.0,1991.0,1993.0,1461675.0,375.0
NIFTY,26-DEC-2024,26000.0,19-12-2024 13:47:00,4.4,4.45,4.35,4.45,8130000.0,113150.0,1993.0,1993.0,1991.25,1991.25,1461675.0,250.0
NIFTY,26-DEC-2024,26000.0,19-12-2024 13:48:00,4.4,4.45,4.35,4.35,8130000.0,22875.0,1991.25,2000.55,1991.25,2000.55,1461675.0,175.0
NIFTY,26-DEC-2024,26000.0,19-12-2024 13:49:00,4.35,4.4,4.25,4.3,8270325.0,129050.0,2000.55,2000.55,1997.0,1997.0,1461675.0,25.0
NIFTY,26-DEC-2024,26000.0,19-12-2024 13:50:00,4.25,4.25,4.2,4.25,8270325.0,77450.0,1997.0,1997.0,1994.4,1994.75,1461675.0,275.0
NIFTY,26-DEC-2024,26000.0,19-12-2024 13:51:00,4.25,4.25,4.15,4.2,8270325.0,15400.0,1994.75,1994.75,1994.0,1994.0,1461675.0,25.0
NIFTY,26-DEC-2024,26000.0,19-12-2024 13:52:00,4.2,4.25,4.15,4.2,8375800.0,38900.0,1994.0,1994.75,1994.0,1994.75,1461675.0,125.0
NIFTY,26-DEC-2024,26000.0,19-12-2024 13:53:00,4.2,4.2,4.15,4.15,8375800.0,1225.0,1994.75,1994.75,1994.75,1994.75,1461675.0,0.0
NIFTY,26-DEC-2024,26000.0,19-12-2024 13:54:00,4.2,4.2,4.1,4.1,8375800.0,63950.0,1994.75,1994.75,1994.75,1994.75,1461675.0,0.0
NIFTY,26-DEC-2024,26000.0,19-12-2024 13:55:00,4.1,4.1,4.05,4.05,8434950.0,16500.0,1994.75,1994.75,1994.75,1994.75,1461675.0,0.0
NIFTY,26-DEC-2024,26000.0,19-12-2024 13:56:00,4.05,4.15,4.05,4.05,8434950.0,19675.0,1994.75,1994.75,1987.65,1988.8,1461750.0,3000.0
NIFTY,26-DEC-2024,26000.0,19-12-2024 13:57:00,4.1,4.15,4.05,4.1,8434950.0,17500.0,1988.8,1988.8,1988.8,1988.8,1461750.0,0.0
NIFTY,26-DEC-2024,26000.0,19-12-2024 13:58:00,4.15,4.2,4.05,4.2,8444750.0,132425.0,1988.8,1989.15,1988.8,1989.15,1461750.0,200.0
NIFTY,26-DEC-2024,26000.0,19-12-2024 13:59:00,4.2,4.2,4.1,4.2,8444750.0,59125.0,1989.15,1992.7,1989.15,1992.7,1464000.0,125.0
NIFTY,26-DEC-2024,26000.0,19-12-2024 14:00:00,4.15,4.25,4.15,4.2,8444750.0,31800.0,1992.7,1992.7,1985.15,1985.15,1464000.0,375.0
NIFTY,26-DEC-2024,26000.0,19-12-2024 14:01:00,4.2,4.25,4.15,4.2,8558700.0,13875.0,1985.15,1991.4,1985.15,1991.4,1464000.0,50.0
NIFTY,26-DEC-2024,26000.0,19-12-2024 14:02:00,4.15,4.2,4.1,4.15,8558700.0,41575.0,1991.4,1991.4,1971.4,1971.4,1463900.0,175.0
NIFTY,26-DEC-2024,26000.0,19-12-2024 14:03:00,4.15,4.2,4.05,4.1,8558700.0,54150.0,1971.4,1984.0,1971.4,1984.0,1463900.0,350.0
NIFTY,26-DEC-2024,26000.0,19-12-2024 14:04:00,4.05,4.1,3.9,4.0,8614325.0,55800.0,1984.0,1988.9,1984.0,1988.9,1463900.0,300.0
NIFTY,26-DEC-2024,26000.0,19-12-2024 14:05:00,4.05,4.05,4.0,4.05,8614325.0,48025.0,1988.9,1988.9,1988.9,1988.9,1463900.0,0.0
NIFTY,26-DEC-2024,26000.0,19-12-2024 14:06:00,4.05,4.05,4.0,4.0,8614325.0,57250.0,1988.9,1988.9,1988.9,1988.9,1463900.0,0.0
NIFTY,26-DEC-2024,26000.0,19-12-2024 14:07:00,4.05,4.05,3.95,3.95,8732575.0,43425.0,1988.9,1988.9,1980.9,1980.9,1463475.0,75.0
NIFTY,26-DEC-2024,26000.0,19-12-2024 14:08:00,4.0,4.0,3.8,3.85,8732575.0,32875.0,1980.9,1980.9,1980.75,1980.75,1463475.0,200.0
NIFTY,26-DEC-2024,26000.0,19-12-2024 14:09:00,3.85,3.85,3.75,3.8,8732575.0,26675.0,1980.75,1984.0,1980.1,1984.0,1463475.0,450.0
NIFTY,26-DEC-2024,26000.0,19-12-2024 14:10:00,3.8,3.8,3.7,3.75,8788950.0,67250.0,1984.0,1986.0,1984.0,1986.0,1463475.0,250.0
NIFTY,26-DEC-2024,26000.0,19-12-2024 14:11:00,3.75,3.75,3.6,3.65,8788950.0,48675.0,1986.0,1986.0,1983.55,1983.55,1463475.0,150.0
NIFTY,26-DEC-2024,26000.0,19-12-2024 14:12:00,3.65,3.7,3.5,3.6,8788950.0,172625.0,1983.55,1989.55,1983.55,1986.25,1463650.0,250.0
NIFTY,26-DEC-2024,26000.0,19-12-2024 14:13:00,3.6,3.7,3.55,3.7,8909800.0,110950.0,1986.25,1991.1,1986.25,1991.1,1463375.0,375.0
NIFTY,26-DEC-2024,26000.0,19-12-2024 14:14:00,3.65,3.7,3.5,3.5,8909800.0,120175.0,1991.1,1993.25,1990.0,1990.0,1463375.0,350.0
NIFTY,26-DEC-2024,26000.0,19-12-2024 14:15:00,3.45,3.5,3.4,3.5,8909800.0,32850.0,1990.0,1990.0,1982.85,1982.85,1463375.0,375.0
NIFTY,26-DEC-2024,26000.0,19-12-2024 14:16:00,3.5,3.55,3.45,3.55,9014225.0,85400.0,1982.85,1983.9,1982.85,1983.9,1463375.0,125.0
NIFTY,26-DEC-2024,26000.0,19-12-2024 14:17:00,3.55,3.55,3.4,3.5,9014225.0,87825.0,1983.9,1987.25,1983.9,1987.25,1462775.0,425.0
NIFTY,26-DEC-2024,26000.0,19-12-2024 14:18:00,3.5,3.5,3.45,3.5,9014225.0,40450.0,1987.25,1987.25,1984.6,1984.6,1462775.0,225.0
NIFTY,26-DEC-2024,26000.0,19-12-2024 14:19:00,3.45,3.45,3.35,3.35,9079100.0,74150.0,1984.6,1986.0,1980.2,1980.2,1462775.0,75.0
NIFTY,26-DEC-2024,26000.0,19-12-2024 14:20:00,3.35,3.35,3.05,3.2,9079100.0,109750.0,1980.2,1980.2,1980.2,1980.2,1462775.0,0.0
NIFTY,26-DEC-2024,26000.0,19-12-2024 14:21:00,3.25,3.3,3.2,3.3,9079100.0,75475.0,1980.2,1980.2,1980.1,1980.2,1462775.0,75.0
NIFTY,26-DEC-2024,26000.0,19-12-2024 14:22:00,3.3,3.3,3.1,3.2,9220000.0,121425.0,1980.2,1982.0,1980.1,1982.0,1462725.0,600.0
NIFTY,26-DEC-2024,26000.0,19-12-2024 14:23:00,3.2,3.25,3.15,3.2,9220000.0,133775.0,1982.0,1985.9,1982.0,1985.9,1462725.0,550.0
NIFTY,26-DEC-2024,26000.0,19-12-2024 14:24:00,3.2,3.25,3.15,3.25,9220000.0,49500.0,1985.9,1990.5,1985.9,1990.5,1462725.0,900.0
NIFTY,26-DEC-2024,26000.0,19-12-2024 14:25:00,3.25,3.3,3.2,3.3,9269725.0,26400.0,1990.5,1991.0,1989.0,1989.0,1462725.0,700.0
NIFTY,26-DEC-2024,26000.0,19-12-2024 14:26:00,3.35,3.4,3.3,3.4,9269725.0,22175.0,1989.0,1989.0,1989.0,1989.0,1462725.0,0.0
NIFTY,26-DEC-2024,26000.0,19-12-2024 14:27:00,3.35,3.4,3.35,3.35,9269725.0,46300.0,1989.0,1991.55,1989.0,1991.55,1464475.0,1025.0
NIFTY,26-DEC-2024,26000.0,19-12-2024 14:28:00,3.3,3.35,3.2,3.2,9285125.0,52425.0,1991.55,1991.55,1988.2,1988.2,1465600.0,275.0
NIFTY,26-DEC-2024,26000.0,19-12-2024 14:29:00,3.2,3.25,3.15,3.25,9285125.0,32350.0,1988.2,1991.9,1988.2,1991.9,1465600.0,175.0
NIFTY,26-DEC-2024,26000.0,19-12-2024 14:30:00,3.25,3.25,3.15,3.15,9285125.0,52525.0,1991.9,1991.9,1987.0,1987.0,1465600.0,825.0
NIFTY,26-DEC-2024,26000.0,19-12-2024 14:31:00,3.15,3.15,3.1,3.15,9340925.0,62725.0,1987.0,1987.0,1981.55,1981.55,1466775.0,2350.0
NIFTY,26-DEC-2024,26000.0,19-12-2024 14:32:00,3.1,3.15,3.1,3.1,9340925.0,9025.0,1981.55,1983.0,1979.1,1983.0,1466775.0,425.0
NIFTY,26-DEC-2024,26000.0,19-12-2024 14:33:00,3.1,3.15,3.1,3.1,9340925.0,144325.0,1983.0,1989.0,1983.0,1989.0,1466775.0,725.0
NIFTY,26-DEC-2024,26000.0,19-12-2024 14:34:00,3.05,3.15,3.05,3.15,9353575.0,43275.0,1989.0,1991.5,1988.15,1988.15,1466775.0,300.0
NIFTY,26-DEC-2024,26000.0,19-12-2024 14:35:00,3.15,3.15,3.1,3.1,9353575.0,5950.0,1988.15,1989.5,1988.0,1989.5,1467975.0,225.0
NIFTY,26-DEC-2024,26000.0,19-12-2024 14:36:00,3.1,3.15,3.0,3.05,9353575.0,88550.0,1989.5,1990.0,1989.5,1990.0,1467975.0,175.0
NIFTY,26-DEC-2024,26000.0,19-12-2024 14:37:00,3.05,3.05,3.0,3.05,9416125.0,55350.0,1990.0,1990.0,1987.6,1987.6,1467975.0,100.0
NIFTY,26-DEC-2024,26000.0,19-12-2024 14:38:00,3.05,3.1,3.05,3.1,9416125.0,41450.0,1987.6,1987.8,1987.6,1987.8,1468175.0,0.0
NIFTY,26-DEC-2024,26000.0,19-12-2024 14:39:00,3.1,3.2,3.1,3.15,9416125.0,63625.0,1987.8,1989.65,1987.8,1988.8,1468175.0,275.0
NIFTY,26-DEC-2024,26000.0,19-12-2024 14:40:00,3.2,3.2,3.15,3.15,9402550.0,34525.0,1988.8,1988.85,1988.8,1988.85,1468300.0,150.0
NIFTY,26-DEC-2024,26000.0,19-12-2024 14:41:00,3.15,3.2,3.15,3.15,9402550.0,31550.0,1988.85,1990.0,1988.85,1990.0,1468300.0,175.0
NIFTY,26-DEC-2024,26000.0,19-12-2024 14:42:00,3.15,3.2,3.15,3.15,9402550.0,70775.0,1990.0,1990.0,1988.75,1990.0,1468300.0,150.0
NIFTY,26-DEC-2024,26000.0,19-12-2024 14:43:00,3.15,3.2,3.15,3.2,9427475.0,49200.0,1990.0,1990.0,1990.0,1990.0,1469250.0,975.0
NIFTY,26-DEC-2024,26000.0,19-12-2024 14:44:00,3.15,3.15,3.1,3.1,9427475.0,64475.0,1990.0,1990.0,1990.0,1990.0,1469250.0,700.0
NIFTY,26-DEC-2024,26000.0,19-12-2024 14:45:00,3.1,3.15,3.0,3.15,9427475.0,316525.0,1990.0,1990.0,1986.95,1986.95,1469250.0,0.0
NIFTY,26-DEC-2024,26000.0,19-12-2024 14:46:00,3.1,3.1,3.1,3.1,9511200.0,28650.0,1986.95,1990.0,1986.95,1990.0,1469250.0,400.0
NIFTY,26-DEC-2024,26000.0,19-12-2024 14:47:00,3.1,3.1,3.0,3.0,9511200.0,49800.0,1990.0,1990.0,1990.0,1990.0,1469250.0,0.0
NIFTY,26-DEC-2024,26000.0,19-12-2024 14:48:00,3.05,3.05,2.9,3.0,9511200.0,121675.0,1990.0,1990.0,1990.0,1990.0,1469250.0,0.0
NIFTY,26-DEC-2024,26000.0,19-12-2024 14:49:00,2.9,3.0,2.9,2.95,9564225.0,43800.0,1990.0,1990.0,1990.0,1990.0,1469850.0,400.0
NIFTY,26-DEC-2024,26000.0,19-12-2024 14:50:00,3.0,3.0,2.9,2.95,9564225.0,53900.0,1990.0,1990.0,1985.75,1990.0,1470250.0,325.0
NIFTY,26-DEC-2024,26000.0,19-12-2024 14:51:00,2.95,3.0,2.95,3.0,9564225.0,31975.0,1990.0,1990.0,1990.0,1990.0,1470250.0,200.0
NIFTY,26-DEC-2024,26000.0,19-12-2024 14:52:00,3.0,3.0,2.9,2.95,9583875.0,264525.0,1990.0,1990.0,1988.35,1990.0,1470250.0,50.0
NIFTY,26-DEC-2024,26000.0,19-12-2024 14:53:00,2.95,2.95,2.9,2.9,9583875.0,74725.0,1990.0,1990.0,1990.0,1990.0,1470250.0,0.0
NIFTY,26-DEC-2024,26000.0,19-12-2024 14:54:00,2.9,2.9,2.8,2.85,9583875.0,126650.0,1990.0,1990.0,1987.85,1988.0,1470775.0,600.0
NIFTY,26-DEC-2024,26000.0,19-12-2024 14:55:00,2.8,2.85,2.8,2.85,9643800.0,57100.0,1988.0,1992.0,1987.45,1992.0,1477450.0,6600.0
NIFTY,26-DEC-2024,26000.0,19-12-2024 14:56:00,2.9,2.95,2.85,2.9,9643800.0,248750.0,1992.0,1993.65,1986.95,1986.95,1477450.0,575.0
NIFTY,26-DEC-2024,26000.0,19-12-2024 14:57:00,2.9,3.0,2.9,2.95,9643800.0,99100.0,1986.95,1989.0,1986.95,1987.25,1477450.0,375.0
NIFTY,26-DEC-2024,26000.0,19-12-2024 14:58:00,2.95,3.0,2.9,2.9,9762575.0,48050.0,1987.25,1989.75,1986.95,1989.75,1477450.0,500.0
NIFTY,26-DEC-2024,26000.0,19-12-2024 14:59:00,2.9,3.0,2.9,3.0,9762575.0,67800.0,1989.75,1989.75,1986.2,1986.2,1477450.0,75.0
NIFTY,26-DEC-2024,26000.0,19-12-2024 15:00:00,3.0,3.05,2.95,3.05,9762575.0,82475.0,1986.2,1990.0,1986.05,1990.0,1477450.0,700.0
NIFTY,26-DEC-2024,26000.0,19-12-2024 15:01:00,3.05,3.15,3.05,3.05,9827650.0,88025.0,1990.0,1990.0,1982.55,1982.55,1477450.0,100.0
NIFTY,26-DEC-2024,26000.0,19-12-2024 15:02:00,3.1,3.25,3.05,3.2,9827650.0,165400.0,1980.75,1983.05,1980.75,1982.75,1477600.0,275.0
NIFTY,26-DEC-2024,26000.0,19-12-2024 15:03:00,3.2,3.2,3.15,3.2,9827650.0,90675.0,1982.75,1982.75,1980.0,1980.0,1477600.0,275.0
NIFTY,26-DEC-2024,26000.0,19-12-2024 15:04:00,3.15,3.2,3.05,3.1,9920425.0,1225.0,1980.0,1980.0,1971.85,1975.0,1478075.0,275.0
NIFTY,26-DEC-2024,26000.0,19-12-2024 15:05:00,3.05,3.1,2.9,2.9,9920425.0,109975.0,1975.0,1975.0,1968.25,1970.0,1478075.0,2150.0
NIFTY,26-DEC-2024,26000.0,19-12-2024 15:06:00,2.95,2.95,2.8,2.8,9920425.0,86450.0,1970.0,1977.7,1970.0,1970.5,1478075.0,400.0
NIFTY,26-DEC-2024,26000.0,19-12-2024 15:07:00,2.8,2.85,2.65,2.7,9902075.0,74425.0,1970.5,1970.55,1970.5,1970.55,1478075.0,300.0
NIFTY,26-DEC-2024,26000.0,19-12-2024 15:08:00,2.75,2.9,2.7,2.9,9902075.0,151625.0,1970.55,1970.55,1969.55,1970.05,1480200.0,1575.0
NIFTY,26-DEC-2024,26000.0,19-12-2024 15:09:00,2.85,2.9,2.8,2.85,9902075.0,93550.0,1970.05,1970.05,1970.05,1970.05,1480200.0,0.0
NIFTY,26-DEC-2024,26000.0,19-12-2024 15:10:00,2.85,2.95,2.85,2.95,9936425.0,29275.0,1970.05,1975.0,1970.05,1975.0,1480200.0,250.0
NIFTY,26-DEC-2024,26000.0,19-12-2024 15:11:00,2.95,2.95,2.9,2.9,9936425.0,62450.0,1975.0,1978.25,1974.0,1974.0,1481675.0,225.0
NIFTY,26-DEC-2024,26000.0,19-12-2024 15:12:00,2.85,2.95,2.85,2.95,9936425.0,107050.0,1973.2,1974.0,1972.6,1974.0,1481675.0,975.0
NIFTY,26-DEC-2024,26000.0,19-12-2024 15:13:00,2.85,2.9,2.85,2.9,9963500.0,37900.0,1975.0,1978.0,1973.75,1973.75,1481675.0,425.0
NIFTY,26-DEC-2024,26000.0,19-12-2024 15:14:00,2.9,2.95,2.9,2.9,9963500.0,81650.0,1973.75,1978.0,1973.75,1978.0,1482850.0,600.0
NIFTY,26-DEC-2024,26000.0,19-12-2024 15:15:00,2.95,2.95,2.9,2.9,9963500.0,95075.0,1978.0,1978.0,1976.0,1977.0,1482850.0,800.0
NIFTY,26-DEC-2024,26000.0,19-12-2024 15:16:00,2.9,3.0,2.9,3.0,10028450.0,77600.0,1977.0,1978.0,1975.0,1975.0,1482850.0,825.0
NIFTY,26-DEC-2024,26000.0,19-12-2024 15:17:00,3.0,3.2,2.95,3.15,10028450.0,109500.0,1975.0,1977.0,1973.55,1976.7,1482675.0,1450.0
NIFTY,26-DEC-2024,26000.0,19-12-2024 15:18:00,3.2,3.2,3.05,3.1,10028450.0,192725.0,1976.7,1980.0,1976.7,1980.0,1482675.0,625.0
NIFTY,26-DEC-2024,26000.0,19-12-2024 15:19:00,3.1,3.15,3.05,3.05,10167125.0,66175.0,1980.0,1989.0,1980.0,1989.0,1484075.0,1050.0
NIFTY,26-DEC-2024,26000.0,19-12-2024 15:20:00,3.1,3.1,3.0,3.1,10167125.0,55000.0,1989.0,1989.25,1983.0,1983.0,1484075.0,100.0
NIFTY,26-DEC-2024,26000.0,19-12-2024 15:21:00,3.1,3.2,3.05,3.15,10167125.0,146800.0,1981.95,1981.95,1980.85,1980.85,1484075.0,150.0
NIFTY,26-DEC-2024,26000.0,19-12-2024 15:22:00,3.15,3.15,3.0,3.05,10270175.0,112000.0,1980.85,1980.85,1980.0,1980.0,1484075.0,225.0
NIFTY,26-DEC-2024,26000.0,19-12-2024 15:23:00,3.0,3.05,3.0,3.0,10270175.0,224075.0,1980.0,1980.0,1978.15,1980.0,1484550.0,325.0
NIFTY,26-DEC-2024,26000.0,19-12-2024 15:24:00,2.95,3.05,2.95,3.05,10270175.0,100375.0,1980.0,1980.0,1980.0,1980.0,1484550.0,0.0
NIFTY,26-DEC-2024,26000.0,19-12-2024 15:25:00,3.0,3.05,2.95,2.95,10496075.0,108825.0,1980.0,1980.0,1979.0,1979.0,1484550.0,900.0
NIFTY,26-DEC-2024,26000.0,19-12-2024 15:26:00,2.9,2.9,2.8,2.85,10496075.0,77875.0,1976.3,1976.3,1974.75,1974.9,1483925.0,1100.0
NIFTY,26-DEC-2024,26000.0,19-12-2024 15:27:00,2.9,3.0,2.9,3.0,10496075.0,173850.0,1975.15,1975.8,1975.15,1975.8,1483925.0,100.0
NIFTY,26-DEC-2024,26000.0,19-12-2024 15:28:00,2.95,3.15,2.95,3.1,10598875.0,77675.0,1975.8,1985.0,1975.8,1981.4,1484300.0,275.0
NIFTY,26-DEC-2024,26000.0,19-12-2024 15:29:00,3.05,3.1,3.05,3.05,10598875.0,76000.0,1979.55,1984.1,1979.4,1984.1,1484300.0,150.0
NIFTY,26-DEC-2024,26000.0,20-12-2024 09:15:00,2.95,2.95,2.55,2.7,10663775.0,175875.0,1975.5,2060.0,1975.5,2060.0,1484250.0,1475.0
NIFTY,26-DEC-2024,26000.0,20-12-2024 09:16:00,2.65,2.8,2.65,2.8,10663775.0,212500.0,2060.0,2079.35,2060.0,2073.7,1485600.0,775.0
NIFTY,26-DEC-2024,26000.0,20-12-2024 09:17:00,2.8,2.85,2.75,2.85,10663775.0,358200.0,2059.5,2065.0,2059.5,2065.0,1485600.0,500.0
NIFTY,26-DEC-2024,26000.0,20-12-2024 09:18:00,2.85,3.0,2.8,3.0,10772900.0,139300.0,2065.0,2079.45,2061.0,2065.8,1486325.0,175.0
NIFTY,26-DEC-2024,26000.0,20-12-2024 09:19:00,3.0,3.1,2.9,3.0,10772900.0,314975.0,2065.8,2069.55,2050.0,2050.0,1486325.0,375.0
NIFTY,26-DEC-2024,26000.0,20-12-2024 09:20:00,3.0,3.05,2.95,3.05,10772900.0,189850.0,2050.0,2053.85,2041.35,2053.55,1486325.0,250.0
NIFTY,26-DEC-2024,26000.0,20-12-2024 09:21:00,3.05,3.05,3.0,3.0,10857550.0,143650.0,2053.55,2053.55,2053.55,2053.55,1486325.0,150.0
NIFTY,26-DEC-2024,26000.0,20-12-2024 09:22:00,3.05,3.05,2.95,3.0,10857550.0,169550.0,2053.55,2053.55,2053.55,2053.55,1486325.0,0.0
NIFTY,26-DEC-2024,26000.0,20-12-2024 09:23:00,2.95,3.05,2.95,3.0,10857550.0,248025.0,2053.55,2059.9,2053.0,2053.0,1486050.0,3250.0
NIFTY,26-DEC-2024,26000.0,20-12-2024 09:24:00,3.05,3.05,3.0,3.05,10932100.0,79900.0,2053.0,2063.15,2045.0,2063.15,1482575.0,325.0
NIFTY,26-DEC-2024,26000.0,20-12-2024 09:25:00,3.05,3.05,2.95,3.05,10932100.0,25175.0,2063.15,2069.3,2053.7,2062.6,1482575.0,4000.0
NIFTY,26-DEC-2024,26000.0,20-12-2024 09:26:00,3.0,3.05,2.95,3.05,10932100.0,344450.0,2059.95,2071.9,2055.05,2055.05,1482575.0,1950.0
NIFTY,26-DEC-2024,26000.0,20-12-2024 09:27:00,3.05,3.05,2.95,3.0,10922350.0,73925.0,2055.05,2065.25,2044.95,2065.25,1482575.0,525.0
NIFTY,26-DEC-2024,26000.0,20-12-2024 09:28:00,2.95,3.0,2.9,2.95,10922350.0,114375.0,2065.25,2065.6,2057.4,2057.4,1482575.0,250.0
NIFTY,26-DEC-2024,26000.0,20-12-2024 09:29:00,2.9,2.95,2.9,2.9,10922350.0,46175.0,2057.4,2060.3,2055.45,2060.0,1482575.0,150.0
NIFTY,26-DEC-2024,26000.0,20-12-2024 09:30:00,2.95,2.95,2.9,2.9,10944850.0,29250.0,2060.0,2060.0,2060.0,2060.0,1482575.0,525.0
NIFTY,26-DEC-2024,26000.0,20-12-2024 09:31:00,2.9,2.95,2.9,2.9,10944850.0,34000.0,2060.0,2060.0,2052.2,2052.2,1482825.0,125.0
NIFTY,26-DEC-2024,26000.0,20-12-2024 09:32:00,2.9,2.95,2.9,2.95,10944850.0,34525.0,2052.2,2052.2,2040.05,2040.5,1482825.0,75.0
NIFTY,26-DEC-2024,26000.0,20-12-2024 09:33:00,2.95,2.95,2.9,2.9,10964375.0,46850.0,2040.5,2060.0,2040.5,2060.0,1482825.0,100.0
NIFTY,26-DEC-2024,26000.0,20-12-2024 09:34:00,2.9,2.95,2.8,2.85,10964375.0,26475.0,2060.0,2062.95,2030.35,2030.35,1482775.0,900.0
NIFTY,26-DEC-2024,26000.0,20-12-2024 09:35:00,2.85,2.9,2.85,2.9,10964375.0,92100.0,2045.0,2050.35,2045.0,2050.35,1482775.0,175.0
NIFTY,26-DEC-2024,26000.0,20-12-2024 09:36:00,2.9,2.9,2.85,2.9,10959800.0,84725.0,2050.35,2050.35,1988.1,1988.1,1481850.0,225.0
NIFTY,26-DEC-2024,26000.0,20-12-2024 09:37:00,2.9,2.9,2.8,2.9,10959800.0,214950.0,1988.1,1988.1,1959.9,1959.9,1481850.0,1400.0
NIFTY,26-DEC-2024,26000.0,20-12-2024 09:38:00,2.85,2.85,2.75,2.75,10959800.0,232975.0,1959.9,1980.15,1959.9,1980.15,1481850.0,475.0
NIFTY,26-DEC-2024,26000.0,20-12-2024 09:39:00,2.8,2.8,2.7,2.7,11024650.0,126675.0,1980.15,1980.15,1946.8,1946.8,1476525.0,3600.0
NIFTY,26-DEC-2024,26000.0,20-12-2024 09:40:00,2.7,2.85,2.65,2.85,11024650.0,157325.0,1946.8,1946.8,1915.05,1915.05,1476525.0,775.0
NIFTY,26-DEC-2024,26000.0,20-12-2024 09:41:00,2.8,2.85,2.75,2.75,11024650.0,112250.0,1915.05,1917.4,1909.2,1917.4,1476525.0,150.0
NIFTY,26-DEC-2024,26000.0,20-12-2024 09:42:00,2.75,2.8,2.7,2.8,11018875.0,115300.0,1917.4,1917.4,1917.4,1917.4,1476525.0,0.0
NIFTY,26-DEC-2024,26000.0,20-12-2024 09:43:00,2.8,2.8,2.75,2.8,11018875.0,92525.0,1917.4,1917.4,1910.65,1910.65,1476000.0,250.0
NIFTY,26-DEC-2024,26000.0,20-12-2024 09:44:00,2.75,2.85,2.65,2.75,11018875.0,401575.0,1910.65,1929.0,1910.65,1927.0,1476000.0,2325.0
NIFTY,26-DEC-2024,26000.0,20-12-2024 09:45:00,2.65,2.7,2.6,2.65,11076500.0,285750.0,1927.0,1927.0,1917.0,1917.0,1476000.0,25.0
NIFTY,26-DEC-2024,26000.0,20-12-2024 09:46:00,2.65,2.7,2.6,2.6,11076500.0,222675.0,1925.0,1952.75,1925.0,1952.75,1476000.0,125.0
NIFTY,26-DEC-2024,26000.0,20-12-2024 09:47:00,2.65,2.8,2.6,2.8,11076500.0,188075.0,1952.75,2039.5,1945.25,2039.5,1473425.0,400.0
NIFTY,26-DEC-2024,26000.0,20-12-2024 09:48:00,2.75,2.8,2.7,2.75,11173325.0,142650.0,2016.65,2055.8,2012.95,2055.8,1473725.0,700.0
NIFTY,26-DEC-2024,26000.0,20-12-2024 09:49:00,2.75,2.8,2.7,2.7,11173325.0,64125.0,2043.55,2115.0,2043.55,2098.8,1473725.0,1025.0
NIFTY,26-DEC-2024,26000.0,20-12-2024 09:50:00,2.7,2.75,2.65,2.75,11173325.0,112450.0,2098.8,2141.65,2098.8,2100.0,1473725.0,350.0
NIFTY,26-DEC-2024,26000.0,20-12-2024 09:51:00,2.75,2.8,2.7,2.75,11146550.0,26825.0,2100.0,2100.0,2097.65,2097.65,1473200.0,525.0
NIFTY,26-DEC-2024,26000.0,20-12-2024 09:52:00,2.75,2.8,2.7,2.7,11146550.0,82375.0,2097.65,2110.0,2097.65,2107.55,1473200.0,13375.0
NIFTY,26-DEC-2024,26000.0,20-12-2024 09:53:00,2.7,2.75,2.7,2.75,11146550.0,11575.0,2102.85,2115.0,2102.85,2115.0,1473200.0,375.0
NIFTY,26-DEC-2024,26000.0,20-12-2024 09:54:00,2.75,2.75,2.7,2.75,11113375.0,27225.0,2115.0,2115.0,2087.95,2111.35,1474125.0,175.0
NIFTY,26-DEC-2024,26000.0,20-12-2024 09:55:00,2.75,2.75,2.7,2.7,11113375.0,65200.0,2111.35,2111.35,2111.35,2111.35,1474125.0,0.0
NIFTY,26-DEC-2024,26000.0,20-12-2024 09:56:00,2.75,2.8,2.7,2.75,11113375.0,41550.0,2111.35,2111.35,2082.45,2082.45,1474125.0,25.0
NIFTY,26-DEC-2024,26000.0,20-12-2024 09:57:00,2.75,2.85,2.75,2.85,11140975.0,81900.0,2082.45,2125.0,2082.45,2125.0,1474125.0,100.0
NIFTY,26-DEC-2024,26000.0,20-12-2024 09:58:00,2.85,2.9,2.8,2.8,11140975.0,101450.0,2125.0,2125.0,2125.0,2125.0,1474125.0,0.0
NIFTY,26-DEC-2024,26000.0,20-12-2024 09:59:00,2.8,2.85,2.75,2.8,11140975.0,103025.0,2125.0,2129.35,2125.0,2129.35,1474150.0,125.0
NIFTY,26-DEC-2024,26000.0,20-12-2024 10:00:00,2.85,2.85,2.8,2.8,11079875.0,96200.0,2129.35,2150.0,2123.4,2123.4,1474025.0,775.0
NIFTY,26-DEC-2024,26000.0,20-12-2024 10:01:00,2.8,2.8,2.75,2.75,11079875.0,26000.0,2123.4,2125.0,2120.0,2120.0,1474025.0,600.0
NIFTY,26-DEC-2024,26000.0,20-12-2024 10:02:00,2.75,2.8,2.75,2.8,11079875.0,19375.0,2120.0,2120.0,2120.0,2120.0,1474025.0,0.0
NIFTY,26-DEC-2024,26000.0,20-12-2024 10:03:00,2.75,2.8,2.75,2.8,11086525.0,12400.0,2120.0,2133.45,2110.4,2133.45,1474025.0,100.0
NIFTY,26-DEC-2024,26000.0,20-12-2024 10:04:00,2.75,2.8,2.75,2.75,11086525.0,22500.0,2133.45,2152.65,2133.45,2152.65,1473625.0,600.0
NIFTY,26-DEC-2024,26000.0,20-12-2024 10:05:00,2.8,2.8,2.75,2.75,11086525.0,10275.0,2152.65,2152.65,2152.65,2152.65,1473625.0,0.0
NIFTY,26-DEC-2024,26000.0,20-12-2024 10:06:00,2.75,2.8,2.7,2.8,11070875.0,101350.0,2152.65,2152.65,2147.2,2147.2,1473175.0,100.0
NIFTY,26-DEC-2024,26000.0,20-12-2024 10:07:00,2.8,2.8,2.75,2.8,11070875.0,78525.0,2147.2,2148.5,2147.2,2148.5,1473175.0,450.0
NIFTY,26-DEC-2024,26000.0,20-12-2024 10:08:00,2.8,2.8,2.75,2.8,11070875.0,43100.0,2152.0,2160.0,2148.9,2160.0,1473175.0,75.0
NIFTY,26-DEC-2024,26000.0,20-12-2024 10:09:00,2.8,2.85,2.8,2.8,11069975.0,43225.0,2160.0,2168.2,2160.0,2168.2,1473175.0,25.0
NIFTY,26-DEC-2024,26000.0,20-12-2024 10:10:00,2.8,2.85,2.8,2.85,11069975.0,17750.0,2168.2,2168.2,2160.0,2160.0,1473550.0,825.0
NIFTY,26-DEC-2024,26000.0,20-12-2024 10:11:00,2.8,2.85,2.8,2.85,11069975.0,27950.0,2160.0,2161.75,2155.0,2155.0,1473550.0,700.0
NIFTY,26-DEC-2024,26000.0,20-12-2024 10:12:00,2.85,2.9,2.8,2.9,11047275.0,41575.0,2155.0,2155.0,2155.0,2155.0,1473550.0,25.0
NIFTY,26-DEC-2024,26000.0,20-12-2024 10:13:00,2.9,2.95,2.85,2.95,11047275.0,59475.0,2155.0,2155.0,2155.0,2155.0,1473550.0,0.0
NIFTY,26-DEC-2024,26000.0,20-12-2024 10:14:00,2.9,2.95,2.85,2.85,11047275.0,20275.0,2155.0,2155.0,2155.0,2155.0,1473550.0,0.0
NIFTY,26-DEC-2024,26000.0,20-12-2024 10:15:00,2.85,2.9,2.85,2.85,11029975.0,50475.0,2155.0,2155.0,2117.3,2117.3,1474275.0,50.0
NIFTY,26-DEC-2024,26000.0,20-12-2024 10:16:00,2.9,2.9,2.8,2.8,11029975.0,69625.0,2117.3,2119.3,2117.3,2117.3,1474275.0,50.0
NIFTY,26-DEC-2024,26000.0,20-12-2024 10:17:00,2.8,2.85,2.8,2.85,11029975.0,39100.0,2117.3,2117.3,2117.3,2117.3,1474275.0,0.0
NIFTY,26-DEC-2024,26000.0,20-12-2024 10:18:00,2.85,2.85,2.8,2.85,11011200.0,21950.0,2117.3,2117.3,2062.85,2062.85,1474225.0,75.0
NIFTY,26-DEC-2024,26000.0,20-12-2024 10:19:00,2.85,2.85,2.8,2.85,11011200.0,78775.0,2070.55,2070.55,2023.15,2034.0,1474225.0,950.0
NIFTY,26-DEC-2024,26000.0,20-12-2024 10:20:00,2.85,2.85,2.65,2.7,11011200.0,88700.0,2034.0,2071.25,2034.0,2071.25,1474225.0,225.0
NIFTY,26-DEC-2024,26000.0,20-12-2024 10:21:00,2.65,2.7,2.55,2.6,11000575.0,71650.0,2071.25,2084.6,2067.25,2067.25,1474225.0,150.0
NIFTY,26-DEC-2024,26000.0,20-12-2024 10:22:00,2.6,2.65,2.55,2.6,11000575.0,40275.0,2067.25,2067.25,2044.0,2044.0,1474225.0,25.0
NIFTY,26-DEC-2024,26000.0,20-12-2024 10:23:00,2.55,2.6,2.55,2.55,11000575.0,14200.0,2044.0,2069.1,2044.0,2065.15,1474225.0,50.0
NIFTY,26-DEC-2024,26000.0,20-12-2024 10:24:00,2.55,2.65,2.55,2.55,10999025.0,48775.0,2065.15,2076.0,2065.15,2076.0,1473025.0,25.0
NIFTY,26-DEC-2024,26000.0,20-12-2024 10:25:00,2.55,2.65,2.55,2.55,10999025.0,121150.0,2076.0,2100.0,2076.0,2086.1,1472975.0,75.0
NIFTY,26-DEC-2024,26000.0,20-12-2024 10:26:00,2.6,2.65,2.55,2.65,10999025.0,106350.0,2086.1,2096.0,2086.1,2096.0,1472975.0,25.0
NIFTY,26-DEC-2024,26000.0,20-12-2024 10:27:00,2.6,2.65,2.6,2.6,10970150.0,63000.0,2096.0,2096.0,2096.0,2096.0,1472975.0,0.0
NIFTY,26-DEC-2024,26000.0,20-12-2024 10:28:00,2.65,2.7,2.6,2.65,10970150.0,56225.0,2096.0,2096.0,2096.0,2096.0,1472975.0,0.0
NIFTY,26-DEC-2024,26000.0,20-12-2024 10:29:00,2.6,2.65,2.55,2.65,10970150.0,57275.0,2096.0,2096.0,2096.0,2096.0,1472975.0,0.0
NIFTY,26-DEC-2024,26000.0,20-12-2024 10:30:00,2.6,2.65,2.55,2.6,10959500.0,92975.0,2096.0,2096.0,2050.0,2050.0,1472900.0,125.0
NIFTY,26-DEC-2024,26000.0,20-12-2024 10:31:00,2.6,2.65,2.55,2.6,10959500.0,153225.0,2042.95,2042.95,2030.0,2030.0,1472775.0,200.0
NIFTY,26-DEC-2024,26000.0,20-12-2024 10:32:00,2.7,2.7,2.55,2.6,10959500.0,175425.0,2030.0,2040.0,2030.0,2040.0,1472775.0,225.0
NIFTY,26-DEC-2024,26000.0,20-12-2024 10:33:00,2.6,2.65,2.6,2.65,10899700.0,46000.0,2040.0,2040.0,2040.0,2040.0,1472775.0,0.0
NIFTY,26-DEC-2024,26000.0,20-12-2024 10:34:00,2.65,2.65,2.6,2.65,10899700.0,14775.0,2040.0,2040.0,2040.0,2040.0,1472775.0,0.0
NIFTY,26-DEC-2024,26000.0,20-12-2024 10:35:00,2.65,2.65,2.6,2.65,10899700.0,98150.0,2040.0,2043.8,2039.95,2043.8,1472350.0,425.0
NIFTY,26-DEC-2024,26000.0,20-12-2024 10:36:00,2.65,2.65,2.6,2.6,10858575.0,45500.0,2043.8,2043.8,2033.85,2033.85,1472350.0,25.0
NIFTY,26-DEC-2024,26000.0,20-12-2024 10:37:00,2.65,2.65,2.6,2.6,10858575.0,44850.0,2033.85,2033.85,2030.0,2030.0,1472700.0,1800.0
NIFTY,26-DEC-2024,26000.0,20-12-2024 10:38:00,2.65,2.65,2.6,2.6,10858575.0,30225.0,2030.0,2030.0,2030.0,2030.0,1472700.0,0.0
NIFTY,26-DEC-2024,26000.0,20-12-2024 10:39:00,2.6,2.65,2.6,2.6,10857000.0,46475.0,2030.0,2030.0,2025.0,2025.0,1472700.0,350.0
NIFTY,26-DEC-2024,26000.0,20-12-2024 10:40:00,2.65,2.65,2.6,2.6,10857000.0,96975.0,2025.0,2025.0,2025.0,2025.0,1470600.0,0.0
NIFTY,26-DEC-2024,26000.0,20-12-2024 10:41:00,2.6,2.65,2.6,2.65,10857000.0,45925.0,2025.0,2031.8,2025.0,2031.8,1470600.0,50.0
NIFTY,26-DEC-2024,26000.0,20-12-2024 10:42:00,2.65,2.65,2.6,2.65,10856725.0,9725.0,2031.8,2031.8,2018.4,2018.4,1470600.0,25.0
NIFTY,26-DEC-2024,26000.0,20-12-2024 10:43:00,2.65,2.65,2.6,2.65,10856725.0,88075.0,2018.4,2018.4,2000.0,2010.0,1470625.0,5200.0
NIFTY,26-DEC-2024,26000.0,20-12-2024 10:44:00,2.6,2.7,2.6,2.65,10856725.0,27775.0,2010.0,2021.2,2010.0,2021.2,1470625.0,50.0
NIFTY,26-DEC-2024,26000.0,20-12-2024 10:45:00,2.65,2.7,2.6,2.65,10866925.0,105025.0,2021.2,2036.6,2021.2,2033.35,1470525.0,200.0
NIFTY,26-DEC-2024,26000.0,20-12-2024 10:46:00,2.6,2.65,2.6,2.65,10866925.0,24425.0,2033.35,2033.35,2033.35,2033.35,1470525.0,0.0
NIFTY,26-DEC-2024,26000.0,20-12-2024 10:47:00,2.65,2.65,2.6,2.65,10866925.0,18175.0,2033.35,2050.0,2033.35,2038.1,1470525.0,825.0
NIFTY,26-DEC-2024,26000.0,20-12-2024 10:48:00,2.6,2.65,2.6,2.6,10866925.0,12550.0,2038.1,2055.0,2038.1,2045.05,1470525.0,775.0
NIFTY,26-DEC-2024,26000.0,20-12-2024 10:49:00,2.65,2.65,2.6,2.65,10854175.0,90925.0,2045.05,2055.0,2040.0,2040.0,1469375.0,50.0
NIFTY,26-DEC-2024,26000.0,20-12-2024 10:50:00,2.65,2.65,2.55,2.55,10854175.0,75700.0,2040.0,2040.0,2020.65,2020.65,1469375.0,600.0
NIFTY,26-DEC-2024,26000.0,20-12-2024 10:51:00,2.6,2.6,2.55,2.55,10868750.0,22850.0,2020.65,2020.65,2010.0,2010.0,1469375.0,300.0
NIFTY,26-DEC-2024,26000.0,20-12-2024 10:52:00,2.55,2.6,2.55,2.55,10868750.0,52225.0,2010.0,2027.75,2010.0,2016.7,1469050.0,100.0
NIFTY,26-DEC-2024,26000.0,20-12-2024 10:53:00,2.55,2.65,2.55,2.55,10868750.0,146025.0,2016.7,2016.7,1975.0,1999.9,1469050.0,775.0
NIFTY,26-DEC-2024,26000.0,20-12-2024 10:54:00,2.6,2.6,2.5,2.5,10875250.0,53325.0,1999.9,2004.0,1990.0,1990.0,1469050.0,300.0
NIFTY,26-DEC-2024,26000.0,20-12-2024 10:55:00,2.55,2.55,2.5,2.55,10875250.0,14100.0,1990.0,1994.0,1982.3,1991.65,1467925.0,400.0
NIFTY,26-DEC-2024,26000.0,20-12-2024 10:56:00,2.55,2.55,2.5,2.5,10875250.0,41225.0,1991.65,2011.6,1991.65,2011.6,1467925.0,400.0
NIFTY,26-DEC-2024,26000.0,20-12-2024 10:57:00,2.5,2.6,2.5,2.6,10864975.0,118600.0,2011.6,2011.6,2004.0,2004.0,1467925.0,475.0
NIFTY,26-DEC-2024,26000.0,20-12-2024 10:58:00,2.6,2.6,2.55,2.55,10864975.0,83675.0,2004.0,2005.85,1993.2,2005.85,1466950.0,50.0
NIFTY,26-DEC-2024,26000.0,20-12-2024 10:59:00,2.5,2.6,2.5,2.55,10864975.0,98900.0,2005.85,2005.85,2005.85,2005.85,1466950.0,0.0
NIFTY,26-DEC-2024,26000.0,20-12-2024 11:00:00,2.55,2.55,2.5,2.55,10834425.0,112550.0,2005.85,2010.0,2002.75,2002.75,1466950.0,325.0
NIFTY,26-DEC-2024,26000.0,20-12-2024 11:01:00,2.5,2.55,2.5,2.55,10834425.0,15475.0,2002.75,2010.0,2002.75,2010.0,1466625.0,450.0
NIFTY,26-DEC-2024,26000.0,20-12-2024 11:02:00,2.55,2.55,2.5,2.5,10834425.0,72775.0,2010.0,2010.0,2010.0,2010.0,1466625.0,0.0
NIFTY,26-DEC-2024,26000.0,20-12-2024 11:03:00,2.55,2.55,2.5,2.5,10813175.0,10300.0,2010.0,2016.4,2010.0,2015.6,1466625.0,900.0
NIFTY,26-DEC-2024,26000.0,20-12-2024 11:04:00,2.5,2.55,2.5,2.55,10813175.0,2275.0,2015.6,2020.2,2010.0,2010.0,1465300.0,1250.0
NIFTY,26-DEC-2024,26000.0,20-12-2024 11:05:00,2.5,2.55,2.5,2.55,10813175.0,18475.0,2010.0,2010.0,2005.0,2005.0,1465300.0,450.0
NIFTY,26-DEC-2024,26000.0,20-12-2024 11:06:00,2.55,2.55,2.5,2.5,10813175.0,20600.0,2005.0,2008.4,2005.0,2008.4,1465300.0,100.0
NIFTY,26-DEC-2024,26000.0,20-12-2024 11:07:00,2.5,2.55,2.5,2.55,10813275.0,13175.0,2008.4,2010.0,2008.4,2008.4,1463550.0,475.0
NIFTY,26-DEC-2024,26000.0,20-12-2024 11:08:00,2.55,2.55,2.5,2.55,10813275.0,22575.0,2008.4,2010.0,2000.0,2000.0,1463550.0,200.0
NIFTY,26-DEC-2024,26000.0,20-12-2024 11:09:00,2.55,2.55,2.5,2.5,10813275.0,69400.0,1995.0,1995.2,1991.5,1995.2,1463550.0,375.0
NIFTY,26-DEC-2024,26000.0,20-12-2024 11:10:00,2.55,2.55,2.5,2.5,10815175.0,11025.0,1995.2,1995.2,1990.0,1992.55,1463075.0,175.0
NIFTY,26-DEC-2024,26000.0,20-12-2024 11:11:00,2.55,2.55,2.5,2.55,10815175.0,17125.0,1992.55,1992.55,1987.8,1990.0,1463075.0,200.0
NIFTY,26-DEC-2024,26000.0,20-12-2024 11:12:00,2.5,2.55,2.5,2.5,10815175.0,3050.0,1990.0,1993.0,1990.0,1993.0,1463075.0,325.0
NIFTY,26-DEC-2024,26000.0,20-12-2024 11:13:00,2.5,2.55,2.45,2.5,10819775.0,46125.0,1993.0,1993.0,1993.0,1993.0,1463075.0,0.0
NIFTY,26-DEC-2024,26000.0,20-12-2024 11:14:00,2.45,2.5,2.45,2.45,10819775.0,33725.0,1993.0,1993.0,1993.0,1993.0,1463075.0,0.0
NIFTY,26-DEC-2024,26000.0,20-12-2024 11:15:00,2.45,2.45,2.4,2.4,10868675.0,90900.0,1993.0,1993.0,1993.0,1993.0,1463075.0,0.0
NIFTY,26-DEC-2024,26000.0,20-12-2024 11:16:00,2.4,2.45,2.35,2.35,10868675.0,28800.0,1993.0,1993.0,1993.0,1993.0,1463075.0,0.0
NIFTY,26-DEC-2024,26000.0,20-12-2024 11:17:00,2.35,2.35,2.3,2.35,10868675.0,235950.0,1993.0,2038.0,1993.0,2038.0,1462625.0,100.0
NIFTY,26-DEC-2024,26000.0,20-12-2024 11:18:00,2.35,2.35,2.3,2.3,10843750.0,64800.0,2038.0,2038.0,2038.0,2038.0,1462625.0,0.0
NIFTY,26-DEC-2024,26000.0,20-12-2024 11:19:00,2.3,2.35,2.3,2.35,10843750.0,32400.0,2038.0,2038.0,2038.0,2038.0,1462625.0,0.0
NIFTY,26-DEC-2024,26000.0,20-12-2024 11:20:00,2.3,2.3,2.2,2.25,10843750.0,53650.0,2038.0,2045.0,2035.0,2035.0,1462525.0,900.0
NIFTY,26-DEC-2024,26000.0,20-12-2024 11:21:00,2.25,2.25,2.2,2.25,10843750.0,16375.0,2035.0,2035.0,2029.4,2030.0,1462525.0,1375.0
NIFTY,26-DEC-2024,26000.0,20-12-2024 11:22:00,2.2,2.25,2.2,2.2,10845950.0,19325.0,2030.0,2030.0,2030.0,2030.0,1462525.0,0.0
NIFTY,26-DEC-2024,26000.0,20-12-2024 11:23:00,2.2,2.25,2.15,2.2,10845950.0,72800.0,2030.0,2030.0,2030.0,2030.0,1462525.0,0.0
NIFTY,26-DEC-2024,26000.0,20-12-2024 11:24:00,2.15,2.2,2.15,2.15,10845950.0,28225.0,2030.0,2030.0,2030.0,2030.0,1462525.0,0.0
NIFTY,26-DEC-2024,26000.0,20-12-2024 11:25:00,2.2,2.2,2.15,2.15,10822450.0,11550.0,2030.0,2030.0,2030.0,2030.0,1462525.0,0.0
NIFTY,26-DEC-2024,26000.0,20-12-2024 11:26:00,2.2,2.2,2.15,2.2,10822450.0,14900.0,2030.0,2030.0,2030.0,2030.0,1462525.0,0.0
NIFTY,26-DEC-2024,26000.0,20-12-2024 11:27:00,2.15,2.2,2.15,2.2,10822450.0,27825.0,2030.0,2030.0,2030.0,2030.0,1462525.0,0.0
NIFTY,26-DEC-2024,26000.0,20-12-2024 11:28:00,2.15,2.2,2.15,2.15,10806725.0,29575.0,2030.0,2030.0,2030.0,2030.0,1462525.0,0.0
NIFTY,26-DEC-2024,26000.0,20-12-2024 11:29:00,2.2,2.2,2.15,2.15,10806725.0,17875.0,2030.0,2036.0,2030.0,2036.0,1461375.0,25.0
NIFTY,26-DEC-2024,26000.0,20-12-2024 11:30:00,2.15,2.2,2.15,2.2,10806725.0,7650.0,2036.0,2042.55,2036.0,2042.55,1461375.0,25.0
NIFTY,26-DEC-2024,26000.0,20-12-2024 11:31:00,2.2,2.2,2.15,2.2,10798025.0,26750.0,2042.55,2056.0,2042.55,2056.0,1461375.0,75.0
NIFTY,26-DEC-2024,26000.0,20-12-2024 11:32:00,2.15,2.2,2.15,2.15,10798025.0,14200.0,2056.0,2061.75,2056.0,2061.75,1461375.0,25.0
NIFTY,26-DEC-2024,26000.0,20-12-2024 11:33:00,2.2,2.2,2.15,2.2,10798025.0,13625.0,2061.75,2061.75,2061.75,2061.75,1461375.0,0.0
NIFTY,26-DEC-2024,26000.0,20-12-2024 11:34:00,2.15,2.25,2.15,2.25,10796400.0,63800.0,2061.75,2061.75,2061.75,2061.75,1461375.0,0.0
NIFTY,26-DEC-2024,26000.0,20-12-2024 11:35:00,2.2,2.25,2.2,2.2,10796400.0,2525.0,2061.75,2061.75,2040.0,2040.0,1461375.0,200.0
NIFTY,26-DEC-2024,26000.0,20-12-2024 11:36:00,2.25,2.25,2.2,2.2,10796400.0,16700.0,2040.0,2040.0,2037.2,2037.2,1461375.0,25.0
NIFTY,26-DEC-2024,26000.0,20-12-2024 11:37:00,2.25,2.25,2.15,2.15,10777800.0,102825.0,2037.2,2037.2,2032.9,2032.9,1461150.0,75.0
NIFTY,26-DEC-2024,26000.0,20-12-2024 11:38:00,2.2,2.25,2.15,2.2,10777800.0,57975.0,2032.9,2032.9,2032.9,2032.9,1461150.0,0.0
NIFTY,26-DEC-2024,26000.0,20-12-2024 11:39:00,2.25,2.25,2.2,2.2,10777800.0,17200.0,2032.9,2043.55,2032.9,2043.55,1461150.0,175.0
NIFTY,26-DEC-2024,26000.0,20-12-2024 11:40:00,2.25,2.25,2.2,2.25,10773600.0,4750.0,2043.55,2043.55,2032.85,2033.9,1461125.0,150.0
NIFTY,26-DEC-2024,26000.0,20-12-2024 11:41:00,2.2,2.25,2.2,2.2,10773600.0,5000.0,2033.9,2037.55,2030.95,2037.55,1461125.0,125.0
NIFTY,26-DEC-2024,26000.0,20-12-2024 11:42:00,2.2,2.3,2.2,2.3,10773600.0,54975.0,2037.55,2037.55,2037.55,2037.55,1461125.0,0.0
NIFTY,26-DEC-2024,26000.0,20-12-2024 11:43:00,2.25,2.3,2.25,2.3,10777425.0,15550.0,2037.55,2039.2,2037.55,2039.2,1460975.0,125.0
NIFTY,26-DEC-2024,26000.0,20-12-2024 11:44:00,2.3,2.3,2.25,2.25,10777425.0,8675.0,2039.2,2040.0,2037.4,2037.4,1460975.0,200.0
NIFTY,26-DEC-2024,26000.0,20-12-2024 11:45:00,2.25,2.3,2.25,2.25,10777425.0,10600.0,2037.4,2037.4,2037.4,2037.4,1460975.0,0.0
NIFTY,26-DEC-2024,26000.0,20-12-2024 11:46:00,2.25,2.3,2.25,2.25,10780200.0,11850.0,2037.4,2046.95,2037.4,2046.95,1461225.0,325.0
NIFTY,26-DEC-2024,26000.0,20-12-2024 11:47:00,2.3,2.35,2.3,2.35,10780200.0,55175.0,2046.95,2046.95,2046.95,2046.95,1461225.0,0.0
NIFTY,26-DEC-2024,26000.0,20-12-2024 11:48:00,2.3,2.4,2.3,2.35,10780200.0,53750.0,2046.95,2046.95,2046.95,2046.95,1461225.0,0.0
NIFTY,26-DEC-2024,26000.0,20-12-2024 11:49:00,2.35,2.35,2.3,2.35,10729875.0,13300.0,2046.95,2046.95,2046.95,2046.95,1461225.0,0.0
NIFTY,26-DEC-2024,26000.0,20-12-2024 11:50:00,2.35,2.35,2.3,2.3,10729875.0,11350.0,2046.95,2046.95,2046.95,2046.95,1461225.0,0.0
NIFTY,26-DEC-2024,26000.0,20-12-2024 11:51:00,2.3,2.35,2.3,2.35,10729875.0,22425.0,2046.95,2046.95,2030.65,2030.65,1461225.0,200.0
NIFTY,26-DEC-2024,26000.0,20-12-2024 11:52:00,2.35,2.4,2.3,2.4,10731975.0,41525.0,2030.65,2030.65,2030.65,2030.65,1461225.0,0.0
NIFTY,26-DEC-2024,26000.0,20-12-2024 11:53:00,2.35,2.4,2.35,2.4,10731975.0,20475.0,2030.65,2030.65,2030.65,2030.65,1461225.0,0.0
NIFTY,26-DEC-2024,26000.0,20-12-2024 11:54:00,2.4,2.4,2.35,2.35,10731975.0,14725.0,2034.75,2034.75,2034.75,2034.75,1461225.0,25.0
NIFTY,26-DEC-2024,26000.0,20-12-2024 11:55:00,2.35,2.4,2.35,2.35,10721300.0,11725.0,2034.75,2034.75,2034.4,2034.4,1461225.0,50.0
NIFTY,26-DEC-2024,26000.0,20-12-2024 11:56:00,2.35,2.45,2.35,2.45,10721300.0,33400.0,2034.4,2034.4,2034.4,2034.4,1461225.0,0.0
NIFTY,26-DEC-2024,26000.0,20-12-2024 11:57:00,2.45,2.45,2.4,2.45,10721300.0,4625.0,2034.4,2034.4,2034.4,2034.4,1461225.0,0.0
NIFTY,26-DEC-2024,26000.0,20-12-2024 11:58:00,2.45,2.45,2.4,2.4,10738175.0,3625.0,2034.4,2034.4,2034.4,2034.4,1461225.0,0.0
NIFTY,26-DEC-2024,26000.0,20-12-2024 11:59:00,2.45,2.45,2.35,2.4,10738175.0,65775.0,2034.4,2034.4,2011.55,2011.55,1461225.0,50.0
NIFTY,26-DEC-2024,26000.0,20-12-2024 12:00:00,2.4,2.5,2.4,2.5,10738175.0,97525.0,2011.55,2011.55,2011.55,2011.55,1461225.0,0.0
NIFTY,26-DEC-2024,26000.0,20-12-2024 12:01:00,2.45,2.55,2.45,2.5,10730850.0,124075.0,2011.55,2019.05,2011.55,2019.05,1460900.0,25.0
NIFTY,26-DEC-2024,26000.0,20-12-2024 12:02:00,2.5,2.55,2.45,2.5,10730850.0,64200.0,2019.05,2021.45,2019.05,2021.45,1460900.0,100.0
NIFTY,26-DEC-2024,26000.0,20-12-2024 12:03:00,2.5,2.55,2.45,2.5,10730850.0,74175.0,2025.35,2035.0,2025.35,2035.0,1460900.0,75.0
NIFTY,26-DEC-2024,26000.0,20-12-2024 12:04:00,2.45,2.5,2.45,2.5,10734975.0,14475.0,2035.0,2035.0,2035.0,2035.0,1460900.0,0.0
NIFTY,26-DEC-2024,26000.0,20-12-2024 12:05:00,2.5,2.55,2.5,2.5,10734975.0,53050.0,2035.0,2035.0,2035.0,2035.0,1460900.0,0.0
NIFTY,26-DEC-2024,26000.0,20-12-2024 12:06:00,2.5,2.55,2.5,2.55,10734975.0,103700.0,2035.0,2035.0,2035.0,2035.0,1460900.0,0.0
NIFTY,26-DEC-2024,26000.0,20-12-2024 12:07:00,2.55,2.55,2.45,2.5,10683150.0,49425.0,2035.0,2038.15,2035.0,2038.15,1460800.0,50.0
NIFTY,26-DEC-2024,26000.0,20-12-2024 12:08:00,2.5,2.55,2.35,2.4,10683150.0,14100.0,2038.15,2038.15,2038.15,2038.15,1460800.0,0.0
NIFTY,26-DEC-2024,26000.0,20-12-2024 12:09:00,2.4,2.4,2.3,2.35,10683150.0,264425.0,2038.15,2038.15,2038.15,2038.15,1460800.0,0.0
NIFTY,26-DEC-2024,26000.0,20-12-2024 12:10:00,2.35,2.4,2.3,2.35,10662050.0,137250.0,2038.15,2038.15,2034.55,2034.55,1460750.0,75.0
NIFTY,26-DEC-2024,26000.0,20-12-2024 12:11:00,2.35,2.4,2.3,2.35,10662050.0,27000.0,2034.55,2041.8,2034.55,2041.8,1460750.0,50.0
NIFTY,26-DEC-2024,26000.0,20-12-2024 12:12:00,2.35,2.4,2.35,2.35,10662050.0,37325.0,2041.8,2041.8,2041.8,2041.8,1460750.0,0.0
NIFTY,26-DEC-2024,26000.0,20-12-2024 12:13:00,2.35,2.35,2.3,2.35,10610525.0,11750.0,2041.8,2041.8,2041.8,2041.8,1460750.0,0.0
NIFTY,26-DEC-2024,26000.0,20-12-2024 12:14:00,2.35,2.35,2.35,2.35,10610525.0,33150.0,2057.0,2066.0,2057.0,2066.0,1460625.0,325.0
NIFTY,26-DEC-2024,26000.0,20-12-2024 12:15:00,2.35,2.45,2.35,2.4,10610525.0,40900.0,2066.0,2109.25,2066.0,2098.15,1460625.0,225.0
NIFTY,26-DEC-2024,26000.0,20-12-2024 12:16:00,2.4,2.45,2.4,2.45,10601225.0,0.0,2098.15,2108.1,2098.15,2108.1,1460250.0,100.0
NIFTY,26-DEC-2024,26000.0,20-12-2024 12:17:00,2.5,2.5,2.4,2.45,10601225.0,94200.0,2108.1,2108.1,2100.0,2100.0,1460250.0,50.0
NIFTY,26-DEC-2024,26000.0,20-12-2024 12:18:00,2.45,2.5,2.4,2.45,10601225.0,40750.0,2100.0,2112.65,2099.15,2112.65,1460250.0,75.0
NIFTY,26-DEC-2024,26000.0,20-12-2024 12:19:00,2.5,2.5,2.45,2.5,10554275.0,87625.0,2112.65,2112.65,2111.95,2111.95,1460250.0,25.0
NIFTY,26-DEC-2024,26000.0,20-12-2024 12:20:00,2.5,2.5,2.45,2.5,10554275.0,11075.0,2111.95,2111.95,2111.95,2111.95,1460250.0,0.0
NIFTY,26-DEC-2024,26000.0,20-12-2024 12:21:00,2.5,2.55,2.5,2.5,10554275.0,46750.0,2111.95,2111.95,2111.0,2111.05,1460250.0,1900.0
NIFTY,26-DEC-2024,26000.0,20-12-2024 12:22:00,2.55,2.55,2.5,2.5,10555800.0,37025.0,2115.0,2136.95,2114.0,2114.0,1458450.0,1125.0
NIFTY,26-DEC-2024,26000.0,20-12-2024 12:23:00,2.45,2.55,2.45,2.5,10555800.0,0.0,2114.0,2114.65,2107.25,2114.65,1458450.0,25.0
NIFTY,26-DEC-2024,26000.0,20-12-2024 12:24:00,2.5,2.55,2.5,2.5,10555800.0,84450.0,2114.65,2114.65,2114.0,2114.0,1458450.0,50.0
NIFTY,26-DEC-2024,26000.0,20-12-2024 12:25:00,2.5,2.5,2.45,2.5,10541675.0,23125.0,2114.0,2114.0,2104.9,2104.9,1459275.0,1825.0
NIFTY,26-DEC-2024,26000.0,20-12-2024 12:26:00,2.5,2.5,2.45,2.45,10541675.0,66325.0,2104.9,2104.9,2093.55,2098.0,1459275.0,1175.0
NIFTY,26-DEC-2024,26000.0,20-12-2024 12:27:00,2.45,2.45,2.4,2.45,10541675.0,21275.0,2102.35,2102.35,2102.35,2102.35,1459275.0,25.0
NIFTY,26-DEC-2024,26000.0,20-12-2024 12:28:00,2.4,2.45,2.4,2.45,10539300.0,63100.0,2102.35,2112.7,2102.35,2112.7,1456450.0,50.0
NIFTY,26-DEC-2024,26000.0,20-12-2024 12:29:00,2.45,2.45,2.4,2.45,10539300.0,88375.0,2112.7,2112.7,2112.7,2112.7,1456450.0,0.0
NIFTY,26-DEC-2024,26000.0,20-12-2024 12:30:00,2.4,2.45,2.4,2.4,10539300.0,72475.0,2112.7,2120.0,2112.7,2120.0,1456450.0,200.0
NIFTY,26-DEC-2024,26000.0,20-12-2024 12:31:00,2.4,2.4,2.35,2.4,10513550.0,13050.0,2120.0,2120.0,2098.05,2107.65,1456300.0,275.0
NIFTY,26-DEC-2024,26000.0,20-12-2024 12:32:00,2.4,2.4,2.35,2.4,10513550.0,31400.0,2107.65,2110.3,2104.5,2110.3,1456300.0,3300.0
NIFTY,26-DEC-2024,26000.0,20-12-2024 12:33:00,2.4,2.4,2.35,2.35,10513550.0,17650.0,2110.3,2112.55,2108.85,2108.85,1456300.0,75.0
NIFTY,26-DEC-2024,26000.0,20-12-2024 12:34:00,2.35,2.4,2.35,2.4,10496725.0,64000.0,2108.85,2108.85,2108.85,2108.85,1456300.0,0.0
NIFTY,26-DEC-2024,26000.0,20-12-2024 12:35:00,2.4,2.45,2.4,2.45,10496725.0,11225.0,2108.85,2108.85,2103.65,2103.65,1453175.0,2800.0
NIFTY,26-DEC-2024,26000.0,20-12-2024 12:36:00,2.4,2.45,2.4,2.4,10496725.0,11475.0,2103.65,2103.65,2098.4,2098.4,1453175.0,50.0
NIFTY,26-DEC-2024,26000.0,20-12-2024 12:37:00,2.45,2.45,2.4,2.4,10465375.0,20225.0,2098.4,2110.6,2098.4,2110.6,1450300.0,250.0
NIFTY,26-DEC-2024,26000.0,20-12-2024 12:38:00,2.45,2.45,2.4,2.45,10465375.0,9150.0,2110.6,2115.55,2109.8,2109.8,1450300.0,125.0
NIFTY,26-DEC-2024,26000.0,20-12-2024 12:39:00,2.4,2.45,2.4,2.45,10465375.0,11325.0,2109.8,2109.8,2109.8,2109.8,1450300.0,0.0
NIFTY,26-DEC-2024,26000.0,20-12-2024 12:40:00,2.45,2.45,2.4,2.45,10463225.0,14225.0,2109.8,2109.8,2109.8,2109.8,1450300.0,0.0
NIFTY,26-DEC-2024,26000.0,20-12-2024 12:41:00,2.4,2.45,2.4,2.45,10463225.0,15100.0,2109.8,2125.3,2109.8,2125.3,1450275.0,25.0
NIFTY,26-DEC-2024,26000.0,20-12-2024 12:42:00,2.45,2.5,2.4,2.45,10463225.0,45875.0,2125.3,2125.3,2125.3,2125.3,1450275.0,0.0
NIFTY,26-DEC-2024,26000.0,20-12-2024 12:43:00,2.45,2.5,2.45,2.5,10457850.0,1050.0,2125.3,2126.0,2125.0,2125.0,1450275.0,925.0
NIFTY,26-DEC-2024,26000.0,20-12-2024 12:44:00,2.5,2.5,2.45,2.45,10457850.0,33025.0,2125.0,2155.35,2125.0,2150.6,1450050.0,875.0
NIFTY,26-DEC-2024,26000.0,20-12-2024 12:45:00,2.45,2.5,2.45,2.45,10457850.0,46650.0,2150.6,2173.7,2145.0,2173.7,1450050.0,450.0
NIFTY,26-DEC-2024,26000.0,20-12-2024 12:46:00,2.5,2.5,2.45,2.5,10456775.0,15600.0,2170.9,2170.9,2170.9,2170.9,1450050.0,150.0
NIFTY,26-DEC-2024,26000.0,20-12-2024 12:47:00,2.5,2.55,2.45,2.5,10456775.0,55425.0,2170.9,2170.9,2162.35,2166.75,1449200.0,75.0
NIFTY,26-DEC-2024,26000.0,20-12-2024 12:48:00,2.55,2.55,2.5,2.55,10456775.0,95750.0,2177.4,2190.05,2177.4,2182.3,1449200.0,1425.0
NIFTY,26-DEC-2024,26000.0,20-12-2024 12:49:00,2.55,2.55,2.5,2.55,10385225.0,40600.0,2186.8,2196.0,2186.8,2196.0,1448075.0,875.0
NIFTY,26-DEC-2024,26000.0,20-12-2024 12:50:00,2.5,2.6,2.5,2.6,10385225.0,0.0,2196.0,2210.75,2194.75,2210.75,1448075.0,625.0
NIFTY,26-DEC-2024,26000.0,20-12-2024 12:51:00,2.55,2.6,2.55,2.6,10385225.0,63900.0,2210.75,2211.35,2191.4,2193.85,1448075.0,2300.0
NIFTY,26-DEC-2024,26000.0,20-12-2024 12:52:00,2.55,2.6,2.55,2.6,10372900.0,11475.0,2195.2,2199.65,2195.2,2199.65,1448075.0,725.0
NIFTY,26-DEC-2024,26000.0,20-12-2024 12:53:00,2.6,2.65,2.55,2.6,10372900.0,67200.0,2199.65,2199.65,2190.0,2190.0,1447900.0,50.0
NIFTY,26-DEC-2024,26000.0,20-12-2024 12:54:00,2.6,2.65,2.6,2.6,10372900.0,34000.0,2190.0,2190.0,2190.0,2190.0,1447900.0,0.0
NIFTY,26-DEC-2024,26000.0,20-12-2024 12:55:00,2.6,2.65,2.6,2.65,10380800.0,14650.0,2190.0,2211.0,2190.0,2193.25,1447775.0,1325.0
NIFTY,26-DEC-2024,26000.0,20-12-2024 12:56:00,2.6,2.65,2.6,2.6,10380800.0,31525.0,2193.25,2199.3,2193.25,2199.3,1447775.0,125.0
NIFTY,26-DEC-2024,26000.0,20-12-2024 12:57:00,2.65,2.65,2.6,2.65,10380800.0,19125.0,2199.8,2205.0,2199.8,2205.0,1447775.0,75.0
NIFTY,26-DEC-2024,26000.0,20-12-2024 12:58:00,2.65,2.65,2.6,2.6,10386700.0,3150.0,2205.0,2205.0,2205.0,2205.0,1447775.0,0.0
NIFTY,26-DEC-2024,26000.0,20-12-2024 12:59:00,2.65,2.65,2.6,2.65,10386700.0,4825.0,2205.0,2205.0,2205.0,2205.0,1447775.0,25.0
NIFTY,26-DEC-2024,26000.0,20-12-2024 13:00:00,2.65,2.65,2.6,2.65,10386700.0,11225.0,2205.0,2217.0,2205.0,2208.0,1446550.0,575.0
NIFTY,26-DEC-2024,26000.0,20-12-2024 13:01:00,2.65,2.65,2.6,2.6,10384525.0,101700.0,2208.0,2208.0,2192.2,2192.2,1446500.0,150.0
NIFTY,26-DEC-2024,26000.0,20-12-2024 13:02:00,2.6,2.65,2.6,2.6,10384525.0,27200.0,2192.2,2192.2,2192.2,2192.2,1446500.0,0.0
NIFTY,26-DEC-2024,26000.0,20-12-2024 13:03:00,2.65,2.65,2.6,2.6,10384525.0,30650.0,2192.2,2225.0,2192.2,2225.0,1446500.0,25.0
NIFTY,26-DEC-2024,26000.0,20-12-2024 13:04:00,2.6,2.7,2.6,2.7,10329425.0,103625.0,2225.0,2235.0,2225.0,2230.0,1446475.0,175.0
NIFTY,26-DEC-2024,26000.0,20-12-2024 13:05:00,2.7,2.7,2.65,2.7,10329425.0,78225.0,2230.0,2240.55,2230.0,2236.25,1446475.0,925.0
NIFTY,26-DEC-2024,26000.0,20-12-2024 13:06:00,2.7,2.7,2.65,2.65,10329425.0,11850.0,2236.25,2240.9,2231.0,2231.0,1446475.0,325.0
NIFTY,26-DEC-2024,26000.0,20-12-2024 13:07:00,2.7,2.7,2.65,2.65,10288725.0,22275.0,2231.0,2231.0,2217.95,2217.95,1446475.0,325.0
NIFTY,26-DEC-2024,26000.0,20-12-2024 13:08:00,2.65,2.7,2.65,2.7,10288725.0,46675.0,2217.95,2224.65,2217.95,2217.95,1445250.0,550.0
NIFTY,26-DEC-2024,26000.0,20-12-2024 13:09:00,2.7,2.7,2.65,2.7,10288725.0,8375.0,2217.95,2234.4,2217.95,2234.4,1445250.0,75.0
NIFTY,26-DEC-2024,26000.0,20-12-2024 13:10:00,2.7,2.75,2.7,2.75,10280625.0,75625.0,2234.4,2241.55,2234.4,2240.0,1444150.0,1400.0
NIFTY,26-DEC-2024,26000.0,20-12-2024 13:11:00,2.75,2.9,2.7,2.85,10280625.0,91950.0,2240.0,2250.0,2235.2,2235.2,1444150.0,225.0
NIFTY,26-DEC-2024,26000.0,20-12-2024 13:12:00,2.85,2.9,2.8,2.9,10280625.0,177275.0,2235.2,2238.05,2232.0,2237.75,1444150.0,150.0
NIFTY,26-DEC-2024,26000.0,20-12-2024 13:13:00,2.9,3.0,2.9,3.0,10167575.0,96650.0,2237.75,2242.15,2237.75,2240.0,1443050.0,125.0
NIFTY,26-DEC-2024,26000.0,20-12-2024 13:14:00,3.0,3.05,2.95,3.05,10167575.0,46300.0,2240.0,2241.2,2234.25,2236.1,1443050.0,125.0
NIFTY,26-DEC-2024,26000.0,20-12-2024 13:15:00,3.05,3.1,3.0,3.1,10167575.0,204875.0,2236.1,2236.1,2226.6,2232.05,1443050.0,75.0
NIFTY,26-DEC-2024,26000.0,20-12-2024 13:16:00,3.15,3.15,2.95,2.95,10173725.0,83575.0,2232.05,2232.05,2232.05,2232.05,1443050.0,0.0
NIFTY,26-DEC-2024,26000.0,20-12-2024 13:17:00,2.95,3.0,2.9,2.95,10173725.0,47575.0,2232.05,2235.0,2232.05,2235.0,1442825.0,25.0
NIFTY,26-DEC-2024,26000.0,20-12-2024 13:18:00,2.95,2.95,2.85,2.85,10173725.0,34175.0,2235.0,2237.05,2235.0,2237.05,1442825.0,25.0
NIFTY,26-DEC-2024,26000.0,20-12-2024 13:19:00,2.85,2.9,2.8,2.8,10155650.0,29000.0,2237.05,2237.05,2237.05,2237.05,1442825.0,100.0
NIFTY,26-DEC-2024,26000.0,20-12-2024 13:20:00,2.8,2.85,2.8,2.85,10155650.0,47375.0,2237.05,2237.05,2237.05,2237.05,1442825.0,0.0
NIFTY,26-DEC-2024,26000.0,20-12-2024 13:21:00,2.85,2.9,2.85,2.85,10155650.0,68150.0,2237.05,2255.0,2237.05,2255.0,1442775.0,75.0
NIFTY,26-DEC-2024,26000.0,20-12-2024 13:22:00,2.85,2.9,2.8,2.9,10069900.0,58900.0,2255.0,2255.0,2235.45,2239.8,1442825.0,675.0
NIFTY,26-DEC-2024,26000.0,20-12-2024 13:23:00,2.85,3.0,2.85,2.95,10069900.0,70375.0,2232.05,2232.05,2226.1,2228.9,1442825.0,775.0
NIFTY,26-DEC-2024,26000.0,20-12-2024 13:24:00,3.0,3.0,2.9,2.9,10069900.0,106550.0,2228.9,2228.9,2220.4,2220.4,1442825.0,300.0
NIFTY,26-DEC-2024,26000.0,20-12-2024 13:25:00,2.85,2.95,2.85,2.95,10031050.0,130175.0,2229.7,2229.7,2217.15,2217.15,1442825.0,225.0
NIFTY,26-DEC-2024,26000.0,20-12-2024 13:26:00,2.9,2.95,2.9,2.9,10031050.0,56825.0,2217.15,2217.15,2217.15,2217.15,1442825.0,0.0
NIFTY,26-DEC-2024,26000.0,20-12-2024 13:27:00,2.95,2.95,2.9,2.9,10031050.0,21875.0,2217.15,2217.15,2215.0,2215.0,1442400.0,250.0
NIFTY,26-DEC-2024,26000.0,20-12-2024 13:28:00,2.9,2.95,2.85,2.9,10092975.0,78600.0,2215.0,2215.0,2207.4,2208.7,1441950.0,225.0
NIFTY,26-DEC-2024,26000.0,20-12-2024 13:29:00,2.9,2.9,2.85,2.9,10092975.0,65675.0,2208.7,2217.3,2208.25,2217.3,1441950.0,75.0
NIFTY,26-DEC-2024,26000.0,20-12-2024 13:30:00,2.85,2.9,2.85,2.85,10092975.0,62050.0,2217.3,2217.85,2217.0,2217.0,1441950.0,75.0
NIFTY,26-DEC-2024,26000.0,20-12-2024 13:31:00,2.85,2.95,2.85,2.9,10010100.0,10075.0,2217.0,2219.8,2217.0,2219.35,1442000.0,175.0
NIFTY,26-DEC-2024,26000.0,20-12-2024 13:32:00,2.9,2.95,2.9,2.95,10010100.0,4700.0,2207.0,2210.0,2207.0,2210.0,1442000.0,150.0
NIFTY,26-DEC-2024,26000.0,20-12-2024 13:33:00,2.95,2.95,2.9,2.9,10010100.0,0.0,2210.0,2216.6,2208.85,2216.6,1442000.0,425.0
NIFTY,26-DEC-2024,26000.0,20-12-2024 13:34:00,2.9,2.95,2.9,2.9,10005700.0,52400.0,2216.6,2216.6,2216.6,2216.6,1442000.0,0.0
NIFTY,26-DEC-2024,26000.0,20-12-2024 13:35:00,2.95,2.95,2.95,2.95,10005700.0,71175.0,2216.6,2220.0,2216.6,2218.05,1442125.0,1000.0
NIFTY,26-DEC-2024,26000.0,20-12-2024 13:36:00,3.0,3.15,2.9,3.15,10005700.0,40950.0,2218.05,2231.0,2218.05,2231.0,1442125.0,25.0
NIFTY,26-DEC-2024,26000.0,20-12-2024 13:37:00,3.15,3.2,3.1,3.1,9960850.0,265000.0,2231.0,2235.0,2228.85,2235.0,1442125.0,2350.0
NIFTY,26-DEC-2024,26000.0,20-12-2024 13:38:00,3.15,3.15,3.1,3.15,9960850.0,72275.0,2233.95,2252.0,2233.95,2246.0,1441150.0,4550.0
NIFTY,26-DEC-2024,26000.0,20-12-2024 13:39:00,3.15,3.15,3.1,3.15,9960850.0,8250.0,2246.0,2248.55,2240.0,2240.0,1441150.0,175.0
NIFTY,26-DEC-2024,26000.0,20-12-2024 13:40:00,3.15,3.2,3.1,3.15,9924525.0,100025.0,2240.0,2246.1,2240.0,2242.0,1436300.0,1050.0
NIFTY,26-DEC-2024,26000.0,20-12-2024 13:41:00,3.2,3.2,3.15,3.15,9924525.0,74700.0,2245.15,2260.05,2245.0,2257.6,1436300.0,2475.0
NIFTY,26-DEC-2024,26000.0,20-12-2024 13:42:00,3.15,3.25,3.15,3.2,9924525.0,128000.0,2260.95,2268.05,2259.0,2259.0,1436300.0,975.0
NIFTY,26-DEC-2024,26000.0,20-12-2024 13:43:00,3.2,3.25,3.2,3.2,9839425.0,36450.0,2259.0,2259.0,2259.0,2259.0,1436300.0,50.0
NIFTY,26-DEC-2024,26000.0,20-12-2024 13:44:00,3.2,3.25,3.2,3.25,9839425.0,31325.0,2259.0,2259.0,2254.9,2254.9,1438600.0,325.0
NIFTY,26-DEC-2024,26000.0,20-12-2024 13:45:00,3.2,3.25,3.2,3.2,9839425.0,44300.0,2254.9,2254.9,2250.6,2252.7,1438600.0,1375.0
NIFTY,26-DEC-2024,26000.0,20-12-2024 13:46:00,3.25,3.3,3.2,3.25,9804275.0,48900.0,2251.25,2265.55,2251.25,2265.55,1437975.0,100.0
NIFTY,26-DEC-2024,26000.0,20-12-2024 13:47:00,3.2,3.25,3.2,3.2,9804275.0,28425.0,2265.55,2267.95,2265.0,2267.95,1437975.0,250.0
NIFTY,26-DEC-2024,26000.0,20-12-2024 13:48:00,3.2,3.25,3.15,3.2,9804275.0,151325.0,2267.95,2273.0,2267.95,2273.0,1437975.0,1050.0
NIFTY,26-DEC-2024,26000.0,20-12-2024 13:49:00,3.25,3.3,3.2,3.25,9763875.0,42450.0,2272.0,2272.0,2272.0,2272.0,1437975.0,25.0
NIFTY,26-DEC-2024,26000.0,20-12-2024 13:50:00,3.25,3.3,3.2,3.2,9763875.0,74525.0,2272.0,2280.0,2261.95,2261.95,1437150.0,450.0
NIFTY,26-DEC-2024,26000.0,20-12-2024 13:51:00,3.2,3.25,3.2,3.2,9763875.0,46700.0,2261.95,2261.95,2260.7,2260.7,1437150.0,350.0
NIFTY,26-DEC-2024,26000.0,20-12-2024 13:52:00,3.25,3.25,3.2,3.2,9747725.0,31400.0,2260.7,2260.7,2260.7,2260.7,1437150.0,0.0
NIFTY,26-DEC-2024,26000.0,20-12-2024 13:53:00,3.25,3.25,3.15,3.15,9747725.0,59725.0,2260.7,2260.7,2260.7,2260.7,1437150.0,25.0
NIFTY,26-DEC-2024,26000.0,20-12-2024 13:54:00,3.1,3.25,3.1,3.25,9747725.0,89050.0,2260.7,2260.7,2260.7,2260.7,1436750.0,150.0
NIFTY,26-DEC-2024,26000.0,20-12-2024 13:55:00,3.25,3.25,3.2,3.2,9703225.0,89150.0,2260.7,2266.45,2260.7,2266.45,1436750.0,25.0
NIFTY,26-DEC-2024,26000.0,20-12-2024 13:56:00,3.2,3.25,3.2,3.25,9703225.0,50875.0,2266.45,2266.45,2266.45,2266.45,1436750.0,150.0
NIFTY,26-DEC-2024,26000.0,20-12-2024 13:57:00,3.2,3.25,3.15,3.2,9703225.0,50150.0,2266.45,2266.45,2244.15,2244.15,1436750.0,175.0
NIFTY,26-DEC-2024,26000.0,20-12-2024 13:58:00,3.2,3.2,3.15,3.15,9711400.0,12300.0,2244.15,2244.15,2244.15,2244.15,1436750.0,0.0
NIFTY,26-DEC-2024,26000.0,20-12-2024 13:59:00,3.15,3.2,3.1,3.1,9711400.0,35125.0,2244.15,2245.0,2244.15,2245.0,1436375.0,900.0
NIFTY,26-DEC-2024,26000.0,20-12-2024 14:00:00,3.15,3.15,3.1,3.1,9711400.0,12000.0,2245.0,2273.9,2245.0,2273.9,1436375.0,175.0
NIFTY,26-DEC-2024,26000.0,20-12-2024 14:01:00,3.1,3.15,3.1,3.1,9723975.0,20825.0,2270.0,2270.0,2270.0,2270.0,1436375.0,75.0
NIFTY,26-DEC-2024,26000.0,20-12-2024 14:02:00,3.1,3.15,3.05,3.05,9723975.0,64750.0,2270.0,2284.55,2270.0,2284.55,1437100.0,25.0
NIFTY,26-DEC-2024,26000.0,20-12-2024 14:03:00,3.05,3.1,3.05,3.05,9723975.0,39675.0,2284.55,2284.55,2284.55,2284.55,1437100.0,500.0
NIFTY,26-DEC-2024,26000.0,20-12-2024 14:04:00,3.05,3.1,3.05,3.05,9700200.0,85075.0,2284.55,2284.55,2280.35,2280.35,1437100.0,200.0
NIFTY,26-DEC-2024,26000.0,20-12-2024 14:05:00,3.05,3.05,2.95,2.95,9700200.0,88400.0,2280.35,2280.35,2280.05,2280.05,1436425.0,100.0
NIFTY,26-DEC-2024,26000.0,20-12-2024 14:06:00,3.0,3.0,2.95,2.95,9700200.0,22600.0,2280.05,2280.05,2275.0,2275.0,1436425.0,25.0
NIFTY,26-DEC-2024,26000.0,20-12-2024 14:07:00,3.0,3.0,2.95,3.0,9689050.0,39050.0,2275.0,2282.55,2275.0,2282.0,1436000.0,300.0
NIFTY,26-DEC-2024,26000.0,20-12-2024 14:08:00,2.95,3.0,2.95,3.0,9689050.0,71775.0,2282.0,2296.0,2282.0,2296.0,1436000.0,25.0
NIFTY,26-DEC-2024,26000.0,20-12-2024 14:09:00,3.0,3.05,3.0,3.05,9689050.0,58750.0,2299.0,2299.0,2287.6,2295.0,1436000.0,1550.0
NIFTY,26-DEC-2024,26000.0,20-12-2024 14:10:00,3.0,3.05,3.0,3.0,9614500.0,7200.0,2295.0,2299.25,2293.5,2295.2,1434975.0,1125.0
NIFTY,26-DEC-2024,26000.0,20-12-2024 14:11:00,3.05,3.05,3.0,3.0,9614500.0,29325.0,2298.1,2300.6,2292.75,2300.3,1434975.0,975.0
NIFTY,26-DEC-2024,26000.0,20-12-2024 14:12:00,3.05,3.15,3.0,3.15,9614500.0,187300.0,2299.8,2305.15,2299.8,2300.15,1434975.0,4475.0
NIFTY,26-DEC-2024,26000.0,20-12-2024 14:13:00,3.15,3.15,3.1,3.1,9549875.0,66225.0,2301.05,2301.05,2282.4,2288.65,1428375.0,2375.0
NIFTY,26-DEC-2024,26000.0,20-12-2024 14:14:00,3.15,3.2,3.1,3.15,9549875.0,22150.0,2288.25,2291.2,2285.05,2290.8,1428375.0,2375.0
NIFTY,26-DEC-2024,26000.0,20-12-2024 14:15:00,3.1,3.15,3.1,3.1,9549875.0,53150.0,2292.05,2294.45,2284.95,2286.35,1428375.0,1500.0
NIFTY,26-DEC-2024,26000.0,20-12-2024 14:16:00,3.15,3.15,3.05,3.1,9528175.0,7275.0,2285.5,2285.5,2275.0,2278.85,1422475.0,725.0
NIFTY,26-DEC-2024,26000.0,20-12-2024 14:17:00,3.05,3.1,3.05,3.1,9528175.0,59975.0,2278.15,2281.15,2274.95,2281.15,1422475.0,2350.0
NIFTY,26-DEC-2024,26000.0,20-12-2024 14:18:00,3.1,3.1,3.05,3.05,9528175.0,34075.0,2281.15,2286.45,2280.4,2280.4,1422475.0,2100.0
NIFTY,26-DEC-2024,26000.0,20-12-2024 14:19:00,3.05,3.05,3.05,3.05,9532100.0,58075.0,2280.4,2280.4,2278.1,2278.1,1422475.0,900.0
NIFTY,26-DEC-2024,26000.0,20-12-2024 14:20:00,3.05,3.1,3.0,3.05,9532100.0,14375.0,2278.1,2278.1,2278.1,2278.1,1422475.0,0.0
NIFTY,26-DEC-2024,26000.0,20-12-2024 14:21:00,3.0,3.05,3.0,3.05,9532100.0,14975.0,2278.1,2278.1,2268.0,2268.5,1416750.0,2725.0
NIFTY,26-DEC-2024,26000.0,20-12-2024 14:22:00,3.0,3.05,3.0,3.0,9559050.0,47875.0,2268.5,2268.5,2258.95,2262.45,1413875.0,2000.0
NIFTY,26-DEC-2024,26000.0,20-12-2024 14:23:00,3.0,3.05,2.95,2.95,9559050.0,25300.0,2262.45,2264.0,2262.45,2264.0,1413875.0,25.0
NIFTY,26-DEC-2024,26000.0,20-12-2024 14:24:00,3.0,3.0,2.9,2.95,9559050.0,32750.0,2264.0,2264.0,2253.8,2253.8,1413875.0,300.0
NIFTY,26-DEC-2024,26000.0,20-12-2024 14:25:00,2.9,2.95,2.9,2.95,9544025.0,20850.0,2260.0,2260.0,2259.0,2259.0,1413875.0,100.0
NIFTY,26-DEC-2024,26000.0,20-12-2024 14:26:00,2.9,2.95,2.85,2.85,9544025.0,129225.0,2259.0,2261.55,2258.75,2258.75,1412350.0,925.0
NIFTY,26-DEC-2024,26000.0,20-12-2024 14:27:00,2.8,2.9,2.8,2.9,9544025.0,133550.0,2258.75,2269.05,2258.75,2269.05,1412350.0,700.0
NIFTY,26-DEC-2024,26000.0,20-12-2024 14:28:00,2.9,2.9,2.85,2.85,9426875.0,10350.0,2269.05,2269.05,2260.0,2260.0,1412350.0,225.0
NIFTY,26-DEC-2024,26000.0,20-12-2024 14:29:00,2.85,2.9,2.85,2.9,9426875.0,19175.0,2260.0,2260.0,2260.0,2260.0,1412350.0,0.0
NIFTY,26-DEC-2024,26000.0,20-12-2024 14:30:00,2.85,2.9,2.85,2.85,9426875.0,25225.0,2260.0,2260.0,2260.0,2260.0,1412350.0,0.0
NIFTY,26-DEC-2024,26000.0,20-12-2024 14:31:00,2.85,2.9,2.85,2.85,9409850.0,29975.0,2260.0,2279.95,2260.0,2279.95,1412350.0,75.0
NIFTY,26-DEC-2024,26000.0,20-12-2024 14:32:00,2.85,2.9,2.85,2.9,9409850.0,16000.0,2279.95,2279.95,2279.95,2279.95,1412350.0,0.0
NIFTY,26-DEC-2024,26000.0,20-12-2024 14:33:00,2.85,2.9,2.85,2.85,9409850.0,45700.0,2279.95,2279.95,2279.95,2279.95,1412350.0,0.0
NIFTY,26-DEC-2024,26000.0,20-12-2024 14:34:00,2.85,2.95,2.85,2.9,9377750.0,154950.0,2279.95,2287.85,2279.95,2287.85,1410775.0,100.0
NIFTY,26-DEC-2024,26000.0,20-12-2024 14:35:00,2.95,2.95,2.9,2.9,9377750.0,15600.0,2287.85,2297.15,2287.85,2294.0,1410650.0,875.0
NIFTY,26-DEC-2024,26000.0,20-12-2024 14:36:00,2.9,2.95,2.9,2.9,9377750.0,24925.0,2294.0,2294.0,2294.0,2294.0,1410650.0,0.0
NIFTY,26-DEC-2024,26000.0,20-12-2024 14:37:00,2.85,2.95,2.85,2.95,9339700.0,92075.0,2294.0,2294.0,2290.35,2290.35,1410650.0,50.0
NIFTY,26-DEC-2024,26000.0,20-12-2024 14:38:00,2.9,2.95,2.9,2.9,9339700.0,33025.0,2290.35,2313.6,2290.35,2308.0,1409775.0,1300.0
NIFTY,26-DEC-2024,26000.0,20-12-2024 14:39:00,2.95,2.95,2.9,2.95,9339700.0,58200.0,2308.0,2310.5,2301.0,2307.9,1409775.0,800.0
NIFTY,26-DEC-2024,26000.0,20-12-2024 14:40:00,2.9,2.95,2.9,2.95,9297775.0,68425.0,2307.9,2307.9,2300.0,2300.55,1407425.0,850.0
NIFTY,26-DEC-2024,26000.0,20-12-2024 14:41:00,2.9,2.95,2.9,2.95,9297775.0,30800.0,2300.55,2309.9,2300.35,2304.05,1407425.0,775.0
NIFTY,26-DEC-2024,26000.0,20-12-2024 14:42:00,2.95,3.0,2.9,2.95,9297775.0,22775.0,2304.05,2304.05,2290.65,2290.65,1407425.0,775.0
NIFTY,26-DEC-2024,26000.0,20-12-2024 14:43:00,3.0,3.0,2.9,2.9,9267175.0,114275.0,2290.65,2290.65,2284.0,2287.0,1405025.0,950.0
NIFTY,26-DEC-2024,26000.0,20-12-2024 14:44:00,2.9,2.95,2.9,2.95,9267175.0,60350.0,2287.0,2297.1,2287.0,2297.1,1405025.0,675.0
NIFTY,26-DEC-2024,26000.0,20-12-2024 14:45:00,2.95,2.95,2.85,2.95,9267175.0,142100.0,2297.1,2301.9,2294.1,2301.9,1405025.0,750.0
NIFTY,26-DEC-2024,26000.0,20-12-2024 14:46:00,2.95,2.95,2.85,2.9,9223225.0,66325.0,2301.9,2314.1,2300.65,2314.1,1403300.0,700.0
NIFTY,26-DEC-2024,26000.0,20-12-2024 14:47:00,2.9,2.9,2.85,2.9,9223225.0,47025.0,2314.1,2319.45,2310.0,2312.95,1403300.0,950.0
NIFTY,26-DEC-2024,26000.0,20-12-2024 14:48:00,2.9,2.95,2.85,2.9,9223225.0,68475.0,2312.95,2316.05,2308.65,2316.05,1403300.0,1250.0
NIFTY,26-DEC-2024,26000.0,20-12-2024 14:49:00,2.9,2.9,2.85,2.9,9172575.0,76575.0,2316.05,2320.8,2314.05,2320.0,1400600.0,750.0
NIFTY,26-DEC-2024,26000.0,20-12-2024 14:50:00,2.9,2.9,2.85,2.9,9172575.0,8950.0,2317.0,2320.65,2311.0,2320.65,1400600.0,1450.0
NIFTY,26-DEC-2024,26000.0,20-12-2024 14:51:00,2.9,2.9,2.85,2.9,9172575.0,16175.0,2320.65,2335.2,2320.65,2331.5,1400600.0,875.0
NIFTY,26-DEC-2024,26000.0,20-12-2024 14:52:00,2.85,2.9,2.85,2.85,9172350.0,19150.0,2331.5,2339.55,2329.4,2339.55,1397525.0,1675.0
NIFTY,26-DEC-2024,26000.0,20-12-2024 14:53:00,2.85,2.85,2.8,2.8,9172350.0,28050.0,2337.7,2337.7,2330.0,2331.35,1397525.0,1400.0
NIFTY,26-DEC-2024,26000.0,20-12-2024 14:54:00,2.8,2.85,2.8,2.85,9172350.0,40300.0,2331.35,2342.6,2331.35,2338.9,1397525.0,750.0
NIFTY,26-DEC-2024,26000.0,20-12-2024 14:55:00,2.8,2.85,2.8,2.85,9166100.0,32675.0,2338.9,2346.3,2333.0,2346.3,1393500.0,1375.0
NIFTY,26-DEC-2024,26000.0,20-12-2024 14:56:00,2.8,2.85,2.8,2.85,9166100.0,33475.0,2346.3,2346.3,2341.7,2341.7,1393500.0,750.0
NIFTY,26-DEC-2024,26000.0,20-12-2024 14:57:00,2.85,2.85,2.75,2.75,9166100.0,103600.0,2341.7,2341.7,2330.0,2331.0,1393500.0,925.0
NIFTY,26-DEC-2024,26000.0,20-12-2024 14:58:00,2.75,2.8,2.7,2.75,9129325.0,81975.0,2331.0,2345.0,2327.9,2345.0,1391100.0,775.0
NIFTY,26-DEC-2024,26000.0,20-12-2024 14:59:00,2.75,2.8,2.7,2.8,9129325.0,41825.0,2345.0,2363.15,2345.0,2359.0,1391100.0,1225.0
NIFTY,26-DEC-2024,26000.0,20-12-2024 15:00:00,2.75,2.85,2.75,2.8,9129325.0,47975.0,2359.0,2374.35,2355.8,2372.8,1391100.0,1075.0
NIFTY,26-DEC-2024,26000.0,20-12-2024 15:01:00,2.8,2.8,2.55,2.55,9130100.0,123025.0,2371.15,2383.35,2361.05,2361.05,1388400.0,775.0
NIFTY,26-DEC-2024,26000.0,20-12-2024 15:02:00,2.6,2.6,2.45,2.45,9130100.0,139450.0,2366.05,2369.95,2362.75,2363.95,1388400.0,750.0
NIFTY,26-DEC-2024,26000.0,20-12-2024 15:03:00,2.45,2.45,2.35,2.4,9130100.0,205050.0,2363.95,2367.45,2352.4,2367.45,1388400.0,800.0
NIFTY,26-DEC-2024,26000.0,20-12-2024 15:04:00,2.4,2.45,2.35,2.45,9000300.0,276150.0,2367.45,2389.25,2367.45,2384.95,1388400.0,1025.0
NIFTY,26-DEC-2024,26000.0,20-12-2024 15:05:00,2.45,2.45,2.4,2.4,9000300.0,65200.0,2384.95,2390.35,2384.95,2390.0,1386350.0,275.0
NIFTY,26-DEC-2024,26000.0,20-12-2024 15:06:00,2.4,2.45,2.4,2.4,9000300.0,106325.0,2390.0,2399.9,2390.0,2399.9,1386350.0,75.0
NIFTY,26-DEC-2024,26000.0,20-12-2024 15:07:00,2.4,2.5,2.4,2.5,8906625.0,77825.0,2399.9,2399.9,2399.9,2399.9,1386350.0,0.0
NIFTY,26-DEC-2024,26000.0,20-12-2024 15:08:00,2.45,2.5,2.4,2.5,8906625.0,89150.0,2399.9,2399.9,2389.95,2389.95,1385925.0,100.0
NIFTY,26-DEC-2024,26000.0,20-12-2024 15:09:00,2.5,2.5,2.35,2.4,8906625.0,157450.0,2389.95,2392.55,2381.8,2381.8,1385925.0,825.0
NIFTY,26-DEC-2024,26000.0,20-12-2024 15:10:00,2.4,2.4,2.35,2.4,8875925.0,59050.0,2382.05,2390.0,2375.0,2390.0,1385925.0,200.0
NIFTY,26-DEC-2024,26000.0,20-12-2024 15:11:00,2.4,2.45,2.35,2.4,8875925.0,77950.0,2390.0,2390.0,2390.0,2390.0,1385925.0,150.0
NIFTY,26-DEC-2024,26000.0,20-12-2024 15:12:00,2.4,2.45,2.4,2.4,8875925.0,93050.0,2390.0,2390.5,2380.05,2388.0,1385925.0,525.0
NIFTY,26-DEC-2024,26000.0,20-12-2024 15:13:00,2.45,2.45,2.4,2.45,8814400.0,43650.0,2388.0,2402.45,2386.8,2398.25,1385475.0,900.0
NIFTY,26-DEC-2024,26000.0,20-12-2024 15:14:00,2.5,2.5,2.45,2.45,8814400.0,225825.0,2398.75,2427.95,2393.45,2420.6,1385475.0,5300.0
NIFTY,26-DEC-2024,26000.0,20-12-2024 15:15:00,2.5,2.5,2.3,2.35,8814400.0,108800.0,2420.6,2420.6,2385.1,2385.55,1385475.0,850.0
NIFTY,26-DEC-2024,26000.0,20-12-2024 15:16:00,2.3,2.35,2.2,2.25,8786800.0,240000.0,2387.95,2389.65,2380.5,2388.25,1391150.0,800.0
NIFTY,26-DEC-2024,26000.0,20-12-2024 15:17:00,2.25,2.3,2.2,2.2,8786800.0,152275.0,2388.25,2390.2,2377.45,2380.45,1391150.0,825.0
NIFTY,26-DEC-2024,26000.0,20-12-2024 15:18:00,2.2,2.25,2.2,2.25,8786800.0,63550.0,2380.45,2383.45,2370.05,2370.05,1391150.0,4050.0
NIFTY,26-DEC-2024,26000.0,20-12-2024 15:19:00,2.2,2.25,2.15,2.15,8761175.0,131850.0,2370.05,2370.8,2361.55,2368.75,1389850.0,2700.0
NIFTY,26-DEC-2024,26000.0,20-12-2024 15:20:00,2.15,2.2,2.1,2.1,8761175.0,128175.0,2368.75,2368.75,2350.0,2350.0,1389850.0,175.0
NIFTY,26-DEC-2024,26000.0,20-12-2024 15:21:00,2.15,2.15,2.0,2.05,8761175.0,249725.0,2350.0,2350.0,2333.9,2340.0,1389850.0,125.0
NIFTY,26-DEC-2024,26000.0,20-12-2024 15:22:00,2.05,2.05,1.9,1.95,8714700.0,389925.0,2340.0,2350.55,2340.0,2350.55,1389850.0,25.0
NIFTY,26-DEC-2024,26000.0,20-12-2024 15:23:00,1.95,2.0,1.9,2.0,8714700.0,277725.0,2350.55,2358.95,2350.55,2358.95,1391100.0,25.0
NIFTY,26-DEC-2024,26000.0,20-12-2024 15:24:00,2.0,2.0,1.95,2.0,8714700.0,239675.0,2358.95,2366.05,2358.0,2362.0,1391100.0,3725.0
NIFTY,26-DEC-2024,26000.0,20-12-2024 15:25:00,2.0,2.0,1.9,1.95,8667275.0,89950.0,2362.0,2362.0,2350.0,2354.95,1394400.0,275.0
NIFTY,26-DEC-2024,26000.0,20-12-2024 15:26:00,1.9,1.9,1.85,1.85,8667275.0,233975.0,2354.95,2360.05,2354.95,2360.05,1394400.0,475.0
NIFTY,26-DEC-2024,26000.0,20-12-2024 15:27:00,1.9,2.05,1.9,2.05,8667275.0,416325.0,2360.05,2366.2,2360.05,2366.2,1394400.0,25.0
NIFTY,26-DEC-2024,26000.0,20-12-2024 15:28:00,2.0,2.35,2.0,2.1,8667975.0,334525.0,2366.2,2366.2,2352.0,2352.0,1394650.0,300.0
NIFTY,26-DEC-2024,26000.0,20-12-2024 15:29:00,2.1,2.2,2.0,2.1,8667975.0,233125.0,2352.0,2360.75,2352.0,2360.75,1394650.0,50.0
NIFTY,26-DEC-2024,26000.0,23-12-2024 09:15:00,2.05,2.4,1.85,2.4,8719450.0,220725.0,2389.1,2389.1,2217.65,2217.65,1393825.0,925.0
NIFTY,26-DEC-2024,26000.0,23-12-2024 09:16:00,2.35,2.4,2.2,2.25,8719450.0,302575.0,2217.15,2217.4,2191.5,2195.0,1393825.0,2525.0
NIFTY,26-DEC-2024,26000.0,23-12-2024 09:17:00,2.2,2.2,2.05,2.05,8719450.0,217375.0,2204.0,2204.0,2202.0,2202.0,1393825.0,75.0
NIFTY,26-DEC-2024,26000.0,23-12-2024 09:18:00,2.05,2.1,1.95,2.0,8811550.0,157700.0,2224.6,2224.6,2217.95,2217.95,1393825.0,325.0
NIFTY,26-DEC-2024,26000.0,23-12-2024 09:19:00,2.0,2.0,1.85,1.85,8811550.0,285900.0,2217.95,2228.15,2212.0,2212.0,1391100.0,2925.0
NIFTY,26-DEC-2024,26000.0,23-12-2024 09:20:00,1.85,1.9,1.8,1.9,8811550.0,223875.0,2212.0,2213.4,2202.0,2210.0,1391100.0,775.0
NIFTY,26-DEC-2024,26000.0,23-12-2024 09:21:00,1.85,1.9,1.8,1.85,8843425.0,85025.0,2209.8,2225.0,2209.8,2221.9,1386450.0,2100.0
NIFTY,26-DEC-2024,26000.0,23-12-2024 09:22:00,1.85,1.85,1.8,1.85,8843425.0,62125.0,2221.9,2222.65,2191.0,2191.0,1386450.0,2475.0
NIFTY,26-DEC-2024,26000.0,23-12-2024 09:23:00,1.8,1.85,1.75,1.75,8843425.0,226700.0,2191.0,2200.0,2186.0,2200.0,1386450.0,1950.0
NIFTY,26-DEC-2024,26000.0,23-12-2024 09:24:00,1.75,1.8,1.75,1.75,8922150.0,167925.0,2200.0,2204.7,2199.0,2199.0,1386450.0,300.0
NIFTY,26-DEC-2024,26000.0,23-12-2024 09:25:00,1.7,1.75,1.65,1.7,8922150.0,299675.0,2199.0,2199.0,2199.0,2199.0,1386450.0,0.0
NIFTY,26-DEC-2024,26000.0,23-12-2024 09:26:00,1.65,1.7,1.6,1.7,8922150.0,417450.0,2199.0,2230.0,2199.0,2230.0,1381375.0,600.0
NIFTY,26-DEC-2024,26000.0,23-12-2024 09:27:00,1.7,1.7,1.65,1.65,8967075.0,86800.0,2236.0,2236.0,2228.0,2235.0,1381375.0,2475.0
NIFTY,26-DEC-2024,26000.0,23-12-2024 09:28:00,1.65,1.65,1.6,1.6,8967075.0,125250.0,2235.0,2251.9,2235.0,2250.0,1379925.0,3075.0
NIFTY,26-DEC-2024,26000.0,23-12-2024 09:29:00,1.65,1.65,1.6,1.6,8967075.0,166275.0,2250.0,2253.3,2240.0,2240.0,1379925.0,50.0
NIFTY,26-DEC-2024,26000.0,23-12-2024 09:30:00,1.55,1.6,1.55,1.6,8934475.0,49050.0,2240.0,2240.0,2188.0,2197.35,1373475.0,3650.0
NIFTY,26-DEC-2024,26000.0,23-12-2024 09:31:00,1.6,1.6,1.55,1.6,8934475.0,77900.0,2197.35,2197.35,2185.0,2185.0,1373475.0,100.0
NIFTY,26-DEC-2024,26000.0,23-12-2024 09:32:00,1.6,1.6,1.55,1.6,8934475.0,16475.0,2196.3,2200.75,2193.75,2195.4,1373475.0,500.0
NIFTY,26-DEC-2024,26000.0,23-12-2024 09:33:00,1.55,1.6,1.5,1.5,8880800.0,233825.0,2195.4,2201.4,2178.15,2183.65,1371675.0,700.0
NIFTY,26-DEC-2024,26000.0,23-12-2024 09:34:00,1.5,1.55,1.45,1.45,8880800.0,100500.0,2183.65,2198.35,2182.7,2198.35,1371675.0,375.0
NIFTY,26-DEC-2024,26000.0,23-12-2024 09:35:00,1.5,1.5,1.45,1.5,8880800.0,45225.0,2198.35,2212.5,2198.35,2212.5,1371675.0,225.0
NIFTY,26-DEC-2024,26000.0,23-12-2024 09:36:00,1.5,1.5,1.45,1.5,8857450.0,32225.0,2212.5,2233.15,2212.5,2228.75,1370650.0,500.0
NIFTY,26-DEC-2024,26000.0,23-12-2024 09:37:00,1.5,1.5,1.45,1.5,8857450.0,80300.0,2228.75,2262.75,2228.75,2262.75,1370650.0,350.0
NIFTY,26-DEC-2024,26000.0,23-12-2024 09:38:00,1.5,1.5,1.4,1.4,8857450.0,0.0,2262.75,2266.0,2249.05,2252.4,1370650.0,1275.0
NIFTY,26-DEC-2024,26000.0,23-12-2024 09:39:00,1.4,1.45,1.4,1.4,8823725.0,254150.0,2252.4,2257.1,2239.95,2239.95,1370650.0,1300.0
NIFTY,26-DEC-2024,26000.0,23-12-2024 09:40:00,1.45,1.5,1.4,1.5,8823725.0,347950.0,2239.95,2276.75,2239.95,2276.75,1368750.0,300.0
NIFTY,26-DEC-2024,26000.0,23-12-2024 09:41:00,1.45,1.55,1.45,1.5,8823725.0,32225.0,2276.75,2276.75,2250.0,2253.0,1368750.0,575.0
NIFTY,26-DEC-2024,26000.0,23-12-2024 09:42:00,1.5,1.55,1.5,1.5,8735225.0,307875.0,2253.0,2253.0,2217.9,2223.8,1368750.0,575.0
NIFTY,26-DEC-2024,26000.0,23-12-2024 09:43:00,1.5,1.55,1.5,1.5,8735225.0,34675.0,2223.8,2236.05,2223.15,2236.05,1366575.0,100.0
NIFTY,26-DEC-2024,26000.0,23-12-2024 09:44:00,1.5,1.55,1.5,1.55,8735225.0,56425.0,2230.0,2234.0,2230.0,2234.0,1366575.0,550.0
NIFTY,26-DEC-2024,26000.0,23-12-2024 09:45:00,1.55,1.55,1.45,1.5,8744975.0,373225.0,2234.0,2241.1,2230.0,2236.6,1365800.0,175.0
NIFTY,26-DEC-2024,26000.0,23-12-2024 09:46:00,1.55,1.55,1.5,1.5,8744975.0,20175.0,2235.8,2239.3,2229.45,2229.45,1365800.0,950.0
NIFTY,26-DEC-2024,26000.0,23-12-2024 09:47:00,1.5,1.55,1.5,1.5,8744975.0,113625.0,2229.45,2232.45,2221.0,2221.0,1365800.0,475.0
NIFTY,26-DEC-2024,26000.0,23-12-2024 09:48:00,1.5,1.55,1.5,1.55,8723800.0,67850.0,2221.0,2221.0,2220.0,2220.0,1365800.0,500.0
NIFTY,26-DEC-2024,26000.0,23-12-2024 09:49:00,1.5,1.55,1.5,1.55,8723800.0,15175.0,2223.9,2223.9,2223.9,2223.9,1363850.0,25.0
NIFTY,26-DEC-2024,26000.0,23-12-2024 09:50:00,1.55,1.55,1.5,1.55,8723800.0,26375.0,2223.9,2225.0,2220.0,2220.0,1363850.0,200.0
NIFTY,26-DEC-2024,26000.0,23-12-2024 09:51:00,1.55,1.55,1.5,1.55,8693100.0,49300.0,2220.0,2220.0,2207.05,2207.05,1363850.0,225.0
NIFTY,26-DEC-2024,26000.0,23-12-2024 09:52:00,1.55,1.55,1.5,1.55,8693100.0,18825.0,2207.05,2207.05,2207.05,2207.05,1363850.0,0.0
NIFTY,26-DEC-2024,26000.0,23-12-2024 09:53:00,1.55,1.55,1.5,1.55,8693100.0,94750.0,2207.05,2222.05,2207.05,2216.0,1363425.0,375.0
NIFTY,26-DEC-2024,26000.0,23-12-2024 09:54:00,1.5,1.55,1.5,1.5,8714925.0,30850.0,2216.0,2230.0,2216.0,2230.0,1363425.0,75.0
NIFTY,26-DEC-2024,26000.0,23-12-2024 09:55:00,1.5,1.55,1.45,1.5,8714925.0,145000.0,2230.0,2250.0,2230.0,2245.0,1363000.0,1000.0
NIFTY,26-DEC-2024,26000.0,23-12-2024 09:56:00,1.5,1.5,1.45,1.45,8714925.0,191225.0,2245.0,2270.1,2245.0,2267.45,1363000.0,1200.0
NIFTY,26-DEC-2024,26000.0,23-12-2024 09:57:00,1.5,1.5,1.45,1.45,8706450.0,20000.0,2267.45,2268.05,2260.0,2262.65,1363000.0,875.0
NIFTY,26-DEC-2024,26000.0,23-12-2024 09:58:00,1.45,1.5,1.45,1.5,8706450.0,25250.0,2262.65,2262.65,2257.4,2257.4,1361100.0,200.0
NIFTY,26-DEC-2024,26000.0,23-12-2024 09:59:00,1.45,1.55,1.45,1.5,8706450.0,260700.0,2257.4,2263.25,2248.1,2248.1,1361100.0,1100.0
NIFTY,26-DEC-2024,26000.0,23-12-2024 10:00:00,1.5,1.55,1.45,1.5,8602975.0,117350.0,2250.95,2263.25,2250.45,2263.25,1361100.0,975.0
NIFTY,26-DEC-2024,26000.0,23-12-2024 10:01:00,1.5,1.55,1.5,1.5,8602975.0,137100.0,2263.25,2263.25,2238.55,2238.55,1358825.0,1250.0
NIFTY,26-DEC-2024,26000.0,23-12-2024 10:02:00,1.5,1.55,1.5,1.5,8602975.0,10725.0,2238.55,2238.55,2226.95,2227.15,1358825.0,475.0
NIFTY,26-DEC-2024,26000.0,23-12-2024 10:03:00,1.55,1.55,1.5,1.55,8539300.0,13425.0,2227.15,2227.15,2200.0,2202.0,1356950.0,300.0
NIFTY,26-DEC-2024,26000.0,23-12-2024 10:04:00,1.5,1.55,1.5,1.5,8539300.0,108000.0,2202.0,2202.85,2184.5,2187.95,1356950.0,2300.0
NIFTY,26-DEC-2024,26000.0,23-12-2024 10:05:00,1.45,1.5,1.45,1.5,8539300.0,100675.0,2191.1,2197.1,2186.2,2191.85,1356950.0,400.0
NIFTY,26-DEC-2024,26000.0,23-12-2024 10:06:00,1.5,1.55,1.5,1.55,8562825.0,69450.0,2191.85,2194.3,2175.0,2187.7,1356950.0,275.0
NIFTY,26-DEC-2024,26000.0,23-12-2024 10:07:00,1.55,1.55,1.45,1.45,8562825.0,88350.0,2187.7,2207.2,2187.7,2199.0,1354650.0,850.0
NIFTY,26-DEC-2024,26000.0,23-12-2024 10:08:00,1.45,1.5,1.45,1.45,8562825.0,11250.0,2199.0,2205.55,2190.6,2193.55,1354650.0,725.0
NIFTY,26-DEC-2024,26000.0,23-12-2024 10:09:00,1.5,1.5,1.45,1.45,8562825.0,20225.0,2193.55,2193.55,2180.0,2181.15,1354650.0,1550.0
NIFTY,26-DEC-2024,26000.0,23-12-2024 10:10:00,1.5,1.5,1.45,1.5,8543350.0,8750.0,2180.0,2183.75,2172.7,2181.0,1351675.0,800.0
NIFTY,26-DEC-2024,26000.0,23-12-2024 10:11:00,1.5,1.5,1.45,1.5,8543350.0,3575.0,2181.0,2185.7,2181.0,2185.7,1351675.0,25.0
NIFTY,26-DEC-2024,26000.0,23-12-2024 10:12:00,1.5,1.5,1.45,1.5,8542400.0,39675.0,2196.15,2196.15,2194.55,2194.55,1351675.0,225.0
NIFTY,26-DEC-2024,26000.0,23-12-2024 10:13:00,1.5,1.5,1.45,1.45,8542400.0,43700.0,2194.55,2194.55,2170.95,2177.3,1350625.0,575.0
NIFTY,26-DEC-2024,26000.0,23-12-2024 10:14:00,1.45,1.5,1.4,1.45,8542400.0,144550.0,2177.3,2206.0,2177.3,2206.0,1350625.0,150.0
NIFTY,26-DEC-2024,26000.0,23-12-2024 10:15:00,1.4,1.45,1.4,1.45,8542400.0,11475.0,2206.0,2208.7,2196.9,2196.9,1350625.0,150.0
NIFTY,26-DEC-2024,26000.0,23-12-2024 10:16:00,1.45,1.45,1.4,1.4,8547025.0,19675.0,2195.9,2213.7,2190.25,2213.7,1349750.0,325.0
NIFTY,26-DEC-2024,26000.0,23-12-2024 10:17:00,1.4,1.45,1.4,1.45,8547025.0,59825.0,2213.7,2213.7,2198.6,2201.5,1349750.0,200.0
NIFTY,26-DEC-2024,26000.0,23-12-2024 10:18:00,1.4,1.45,1.4,1.45,8542225.0,11075.0,2201.5,2211.4,2201.5,2208.4,1349125.0,100.0
NIFTY,26-DEC-2024,26000.0,23-12-2024 10:19:00,1.4,1.45,1.35,1.4,8542225.0,79775.0,2208.4,2213.4,2206.55,2206.55,1349125.0,175.0
NIFTY,26-DEC-2024,26000.0,23-12-2024 10:20:00,1.35,1.4,1.35,1.4,8542225.0,63425.0,2206.05,2208.35,2199.8,2201.85,1349125.0,225.0
NIFTY,26-DEC-2024,26000.0,23-12-2024 10:21:00,1.4,1.4,1.35,1.4,8542225.0,2450.0,2201.85,2205.0,2201.85,2205.0,1349125.0,150.0
NIFTY,26-DEC-2024,26000.0,23-12-2024 10:22:00,1.4,1.4,1.3,1.3,8515450.0,163000.0,2205.0,2207.0,2205.0,2205.0,1348575.0,575.0
NIFTY,26-DEC-2024,26000.0,23-12-2024 10:23:00,1.35,1.35,1.3,1.35,8515450.0,23175.0,2205.0,2211.95,2205.0,2208.3,1348575.0,100.0
NIFTY,26-DEC-2024,26000.0,23-12-2024 10:24:00,1.35,1.35,1.3,1.3,8515450.0,12350.0,2208.3,2212.0,2206.75,2206.75,1348575.0,1275.0
NIFTY,26-DEC-2024,26000.0,23-12-2024 10:25:00,1.35,1.35,1.3,1.3,8543350.0,22775.0,2206.75,2213.0,2206.75,2210.0,1346750.0,875.0
NIFTY,26-DEC-2024,26000.0,23-12-2024 10:26:00,1.3,1.35,1.3,1.3,8543350.0,50025.0,2210.0,2210.0,2210.0,2210.0,1346750.0,0.0
NIFTY,26-DEC-2024,26000.0,23-12-2024 10:27:00,1.3,1.35,1.3,1.35,8543350.0,20000.0,2210.0,2222.0,2210.0,2222.0,1346750.0,550.0
NIFTY,26-DEC-2024,26000.0,23-12-2024 10:28:00,1.3,1.35,1.3,1.35,8538475.0,18775.0,2222.0,2222.0,2222.0,2222.0,1346750.0,0.0
NIFTY,26-DEC-2024,26000.0,23-12-2024 10:29:00,1.35,1.35,1.3,1.3,8538475.0,22075.0,2222.0,2222.0,2175.0,2175.0,1345375.0,825.0
NIFTY,26-DEC-2024,26000.0,23-12-2024 10:30:00,1.35,1.35,1.3,1.35,8538475.0,5975.0,2175.0,2187.0,2175.0,2187.0,1345375.0,100.0
NIFTY,26-DEC-2024,26000.0,23-12-2024 10:31:00,1.3,1.35,1.3,1.35,8538600.0,8275.0,2187.0,2187.0,2187.0,2187.0,1345375.0,0.0
NIFTY,26-DEC-2024,26000.0,23-12-2024 10:32:00,1.35,1.35,1.3,1.35,8538600.0,19625.0,2187.0,2198.0,2187.0,2192.45,1344550.0,1100.0
NIFTY,26-DEC-2024,26000.0,23-12-2024 10:33:00,1.35,1.35,1.3,1.35,8538600.0,15925.0,2192.45,2192.45,2178.35,2185.3,1344550.0,450.0
NIFTY,26-DEC-2024,26000.0,23-12-2024 10:34:00,1.35,1.35,1.3,1.3,8534950.0,57500.0,2181.6,2184.7,2174.0,2181.15,1343150.0,1700.0
NIFTY,26-DEC-2024,26000.0,23-12-2024 10:35:00,1.3,1.4,1.3,1.35,8534950.0,243675.0,2181.15,2188.55,2181.15,2183.0,1343150.0,225.0
NIFTY,26-DEC-2024,26000.0,23-12-2024 10:36:00,1.4,1.4,1.35,1.4,8534950.0,136100.0,2183.0,2186.0,2177.0,2178.0,1343150.0,1750.0
NIFTY,26-DEC-2024,26000.0,23-12-2024 10:37:00,1.35,1.4,1.35,1.4,8445875.0,45525.0,2178.0,2180.0,2166.9,2168.9,1341325.0,1325.0
NIFTY,26-DEC-2024,26000.0,23-12-2024 10:38:00,1.35,1.4,1.35,1.35,8445875.0,16600.0,2168.9,2172.0,2168.9,2168.95,1341325.0,1125.0
NIFTY,26-DEC-2024,26000.0,23-12-2024 10:39:00,1.4,1.4,1.35,1.4,8445875.0,4650.0,2168.95,2180.0,2168.95,2175.0,1341325.0,1425.0
NIFTY,26-DEC-2024,26000.0,23-12-2024 10:40:00,1.4,1.4,1.3,1.3,8439475.0,19350.0,2175.0,2175.7,2164.55,2165.5,1337875.0,525.0
NIFTY,26-DEC-2024,26000.0,23-12-2024 10:41:00,1.3,1.35,1.25,1.25,8439475.0,289550.0,2164.35,2173.45,2164.35,2173.45,1337875.0,200.0
NIFTY,26-DEC-2024,26000.0,23-12-2024 10:42:00,1.3,1.3,1.25,1.3,8439475.0,251350.0,2173.45,2176.0,2172.0,2173.05,1337875.0,1275.0
NIFTY,26-DEC-2024,26000.0,23-12-2024 10:43:00,1.25,1.35,1.25,1.35,8630150.0,271250.0,2173.05,2176.25,2173.05,2174.4,1336450.0,50.0
NIFTY,26-DEC-2024,26000.0,23-12-2024 10:44:00,1.35,1.45,1.35,1.45,8630150.0,263575.0,2174.4,2189.0,2174.4,2189.0,1336450.0,350.0
NIFTY,26-DEC-2024,26000.0,23-12-2024 10:45:00,1.45,1.6,1.45,1.6,8630150.0,213075.0,2189.0,2190.0,2185.8,2190.0,1336450.0,1900.0
NIFTY,26-DEC-2024,26000.0,23-12-2024 10:46:00,1.6,1.75,1.6,1.7,8631225.0,232850.0,2190.0,2190.0,2178.65,2184.5,1334350.0,1600.0
NIFTY,26-DEC-2024,26000.0,23-12-2024 10:47:00,1.75,1.85,1.7,1.8,8631225.0,153475.0,2190.2,2194.55,2185.0,2193.1,1334350.0,3000.0
NIFTY,26-DEC-2024,26000.0,23-12-2024 10:48:00,1.8,1.8,1.65,1.8,8631225.0,191425.0,2193.1,2199.0,2189.35,2189.35,1334350.0,3200.0
NIFTY,26-DEC-2024,26000.0,23-12-2024 10:49:00,1.8,1.8,1.75,1.8,8702000.0,53500.0,2189.35,2197.3,2183.0,2183.0,1328725.0,225.0
NIFTY,26-DEC-2024,26000.0,23-12-2024 10:50:00,1.8,1.95,1.8,1.95,8702000.0,162800.0,2182.65,2184.9,2177.0,2177.0,1328725.0,1050.0
NIFTY,26-DEC-2024,26000.0,23-12-2024 10:51:00,1.9,2.0,1.9,2.0,8702000.0,74100.0,2177.0,2179.95,2177.0,2179.95,1328725.0,25.0
NIFTY,26-DEC-2024,26000.0,23-12-2024 10:52:00,1.95,2.05,1.95,2.0,8697250.0,146075.0,2179.95,2181.5,2179.95,2181.5,1328725.0,25.0
NIFTY,26-DEC-2024,26000.0,23-12-2024 10:53:00,1.9,2.0,1.9,2.0,8697250.0,181550.0,2181.5,2181.5,2171.0,2171.0,1328725.0,350.0
NIFTY,26-DEC-2024,26000.0,23-12-2024 10:54:00,2.0,2.0,1.95,1.95,8697250.0,85675.0,2171.0,2176.9,2170.0,2172.25,1328525.0,825.0
NIFTY,26-DEC-2024,26000.0,23-12-2024 10:55:00,2.0,2.0,1.9,1.95,8732375.0,333450.0,2172.25,2179.85,2168.0,2179.85,1327775.0,350.0
NIFTY,26-DEC-2024,26000.0,23-12-2024 10:56:00,1.9,2.0,1.9,1.95,8732375.0,120150.0,2179.85,2181.3,2179.85,2181.3,1327775.0,550.0
NIFTY,26-DEC-2024,26000.0,23-12-2024 10:57:00,1.95,2.0,1.85,1.9,8732375.0,74500.0,2181.3,2181.3,2156.0,2163.8,1327775.0,1075.0
NIFTY,26-DEC-2024,26000.0,23-12-2024 10:58:00,1.85,1.9,1.85,1.85,8310675.0,91100.0,2163.8,2163.8,2142.85,2142.85,1326625.0,425.0
NIFTY,26-DEC-2024,26000.0,23-12-2024 10:59:00,1.9,1.9,1.75,1.8,8310675.0,125100.0,2142.85,2142.85,2128.0,2128.0,1326625.0,500.0
NIFTY,26-DEC-2024,26000.0,23-12-2024 11:00:00,1.75,1.8,1.7,1.75,8310675.0,32350.0,2125.0,2125.0,2106.0,2116.55,1326625.0,725.0
NIFTY,26-DEC-2024,26000.0,23-12-2024 11:01:00,1.7,1.75,1.7,1.75,8282425.0,53425.0,2116.55,2121.15,2115.0,2120.0,1325925.0,925.0
NIFTY,26-DEC-2024,26000.0,23-12-2024 11:02:00,1.75,1.75,1.6,1.6,8282425.0,65950.0,2120.0,2128.65,2120.0,2124.0,1325925.0,375.0
NIFTY,26-DEC-2024,26000.0,23-12-2024 11:03:00,1.6,1.65,1.55,1.55,8282425.0,54600.0,2124.0,2124.0,2115.1,2115.1,1325925.0,325.0
NIFTY,26-DEC-2024,26000.0,23-12-2024 11:04:00,1.55,1.6,1.5,1.55,8289950.0,51200.0,2115.1,2115.1,2113.95,2113.95,1325200.0,150.0
NIFTY,26-DEC-2024,26000.0,23-12-2024 11:05:00,1.5,1.55,1.4,1.4,8289950.0,145500.0,2113.95,2115.4,2109.65,2115.4,1325200.0,1350.0
NIFTY,26-DEC-2024,26000.0,23-12-2024 11:06:00,1.45,1.45,1.4,1.4,8289950.0,30325.0,2118.35,2132.45,2118.35,2130.0,1325200.0,400.0
NIFTY,26-DEC-2024,26000.0,23-12-2024 11:07:00,1.45,1.45,1.4,1.45,8315325.0,27575.0,2128.6,2128.6,2118.0,2118.0,1323825.0,75.0
NIFTY,26-DEC-2024,26000.0,23-12-2024 11:08:00,1.45,1.45,1.4,1.45,8315325.0,42125.0,2118.0,2121.0,2118.0,2120.0,1323825.0,350.0
NIFTY,26-DEC-2024,26000.0,23-12-2024 11:09:00,1.4,1.55,1.4,1.55,8315325.0,54000.0,2120.0,2120.0,2101.55,2101.55,1323825.0,2175.0
NIFTY,26-DEC-2024,26000.0,23-12-2024 11:10:00,1.55,1.55,1.45,1.55,8322750.0,96125.0,2104.05,2114.0,2104.05,2110.0,1323000.0,1000.0
NIFTY,26-DEC-2024,26000.0,23-12-2024 11:11:00,1.55,1.55,1.5,1.5,8322750.0,24375.0,2110.0,2119.8,2110.0,2113.0,1323000.0,450.0
NIFTY,26-DEC-2024,26000.0,23-12-2024 11:12:00,1.5,1.55,1.5,1.5,8322750.0,6400.0,2113.0,2115.0,2109.8,2109.8,1323000.0,1475.0
NIFTY,26-DEC-2024,26000.0,23-12-2024 11:13:00,1.5,1.55,1.5,1.5,8289875.0,20175.0,2109.8,2116.9,2109.8,2116.9,1323000.0,25.0
NIFTY,26-DEC-2024,26000.0,23-12-2024 11:14:00,1.55,1.55,1.5,1.5,8289875.0,16825.0,2116.9,2116.9,2116.0,2116.0,1321800.0,400.0
NIFTY,26-DEC-2024,26000.0,23-12-2024 11:15:00,1.5,1.55,1.5,1.55,8289875.0,14375.0,2116.0,2116.8,2114.95,2116.8,1321800.0,325.0
NIFTY,26-DEC-2024,26000.0,23-12-2024 11:16:00,1.55,1.55,1.5,1.5,8290725.0,3550.0,2116.8,2117.7,2105.05,2105.55,1321025.0,925.0
NIFTY,26-DEC-2024,26000.0,23-12-2024 11:17:00,1.5,1.55,1.5,1.5,8290725.0,44425.0,2103.1,2107.65,2102.0,2106.45,1321025.0,650.0
NIFTY,26-DEC-2024,26000.0,23-12-2024 11:18:00,1.55,1.55,1.5,1.5,8290725.0,5225.0,2106.45,2110.3,2100.0,2110.3,1321025.0,400.0
NIFTY,26-DEC-2024,26000.0,23-12-2024 11:19:00,1.5,1.55,1.5,1.5,8290800.0,70650.0,2110.3,2112.75,2110.0,2110.0,1319600.0,150.0
NIFTY,26-DEC-2024,26000.0,23-12-2024 11:20:00,1.5,1.55,1.5,1.5,8290800.0,4025.0,2110.0,2111.4,2107.9,2107.9,1319600.0,250.0
NIFTY,26-DEC-2024,26000.0,23-12-2024 11:21:00,1.5,1.55,1.5,1.55,8290800.0,27800.0,2107.9,2116.1,2107.9,2108.4,1319600.0,150.0
NIFTY,26-DEC-2024,26000.0,23-12-2024 11:22:00,1.55,1.55,1.5,1.5,8261275.0,11525.0,2108.4,2112.5,2105.2,2105.55,1319075.0,525.0
NIFTY,26-DEC-2024,26000.0,23-12-2024 11:23:00,1.5,1.55,1.5,1.5,8261275.0,8950.0,2105.4,2116.05,2100.0,2109.7,1319075.0,400.0
NIFTY,26-DEC-2024,26000.0,23-12-2024 11:24:00,1.5,1.55,1.5,1.5,8261275.0,49750.0,2122.3,2122.3,2112.95,2113.3,1319075.0,450.0
NIFTY,26-DEC-2024,26000.0,23-12-2024 11:25:00,1.5,1.55,1.5,1.55,8247900.0,12675.0,2113.3,2115.5,2113.0,2113.0,1317900.0,375.0
NIFTY,26-DEC-2024,26000.0,23-12-2024 11:26:00,1.55,1.6,1.55,1.6,8247900.0,34075.0,2113.0,2113.0,2101.7,2101.7,1317900.0,2875.0
NIFTY,26-DEC-2024,26000.0,23-12-2024 11:27:00,1.6,1.6,1.55,1.6,8247900.0,5100.0,2101.7,2109.65,2101.6,2109.65,1317900.0,650.0
NIFTY,26-DEC-2024,26000.0,23-12-2024 11:28:00,1.6,1.6,1.55,1.55,8235100.0,8825.0,2107.05,2113.05,2103.6,2103.6,1315125.0,600.0
NIFTY,26-DEC-2024,26000.0,23-12-2024 11:29:00,1.55,1.6,1.55,1.6,8235100.0,7575.0,2103.6,2103.6,2103.6,2103.6,1315125.0,0.0
NIFTY,26-DEC-2024,26000.0,23-12-2024 11:30:00,1.6,1.6,1.55,1.55,8235100.0,20050.0,2103.6,2113.15,2103.5,2113.15,1315125.0,2025.0
NIFTY,26-DEC-2024,26000.0,23-12-2024 11:31:00,1.6,1.6,1.55,1.6,8213675.0,275.0,2113.15,2113.15,2106.0,2106.0,1313100.0,275.0
NIFTY,26-DEC-2024,26000.0,23-12-2024 11:32:00,1.6,1.6,1.55,1.6,8213675.0,31025.0,2106.0,2112.5,2105.0,2112.5,1313100.0,2075.0
NIFTY,26-DEC-2024,26000.0,23-12-2024 11:33:00,1.55,1.6,1.55,1.6,8213675.0,2900.0,2112.5,2120.0,2112.5,2118.35,1313100.0,500.0
NIFTY,26-DEC-2024,26000.0,23-12-2024 11:34:00,1.6,1.6,1.55,1.6,8204725.0,3175.0,2118.35,2118.35,2116.0,2116.0,1311100.0,50.0
NIFTY,26-DEC-2024,26000.0,23-12-2024 11:35:00,1.6,1.6,1.55,1.55,8204725.0,53750.0,2116.0,2116.0,2110.5,2115.0,1311100.0,475.0
NIFTY,26-DEC-2024,26000.0,23-12-2024 11:36:00,1.55,1.6,1.5,1.5,8204725.0,18950.0,2115.0,2115.0,2110.0,2111.05,1311100.0,200.0
NIFTY,26-DEC-2024,26000.0,23-12-2024 11:37:00,1.5,1.55,1.5,1.55,8178950.0,8100.0,2111.05,2130.65,2111.05,2129.25,1310750.0,4700.0
NIFTY,26-DEC-2024,26000.0,23-12-2024 11:38:00,1.55,1.55,1.5,1.55,8178950.0,25800.0,2129.25,2135.0,2129.25,2135.0,1310750.0,4100.0
NIFTY,26-DEC-2024,26000.0,23-12-2024 11:39:00,1.55,1.55,1.5,1.55,8178950.0,15075.0,2134.6,2134.6,2130.0,2130.95,1310750.0,5050.0
NIFTY,26-DEC-2024,26000.0,23-12-2024 11:40:00,1.55,1.55,1.5,1.5,8178275.0,11625.0,2129.8,2131.15,2125.4,2125.4,1306300.0,2425.0
NIFTY,26-DEC-2024,26000.0,23-12-2024 11:41:00,1.55,1.55,1.5,1.5,8178275.0,12875.0,2130.45,2139.75,2130.45,2139.75,1306300.0,50.0
NIFTY,26-DEC-2024,26000.0,23-12-2024 11:42:00,1.5,1.55,1.5,1.55,8178275.0,4550.0,2137.7,2137.7,2124.35,2130.9,1306300.0,4900.0
NIFTY,26-DEC-2024,26000.0,23-12-2024 11:43:00,1.55,1.55,1.5,1.55,8176500.0,8275.0,2130.9,2130.9,2123.25,2125.0,1301700.0,2750.0
NIFTY,26-DEC-2024,26000.0,23-12-2024 11:44:00,1.55,1.55,1.55,1.55,8176500.0,4375.0,2125.0,2135.35,2125.0,2130.6,1301700.0,2225.0
NIFTY,26-DEC-2024,26000.0,23-12-2024 11:45:00,1.55,1.55,1.5,1.55,8176500.0,9450.0,2130.6,2130.6,2115.8,2115.8,1301700.0,575.0
NIFTY,26-DEC-2024,26000.0,23-12-2024 11:46:00,1.55,1.6,1.5,1.6,8168575.0,17025.0,2115.8,2120.0,2115.05,2117.0,1299575.0,275.0
NIFTY,26-DEC-2024,26000.0,23-12-2024 11:47:00,1.55,1.6,1.55,1.55,8168575.0,61950.0,2117.0,2122.3,2117.0,2122.3,1299575.0,200.0
NIFTY,26-DEC-2024,26000.0,23-12-2024 11:48:00,1.6,1.6,1.55,1.55,8168575.0,8675.0,2122.3,2130.0,2122.3,2130.0,1299575.0,775.0
NIFTY,26-DEC-2024,26000.0,23-12-2024 11:49:00,1.55,1.65,1.55,1.6,8152175.0,74800.0,2130.0,2130.0,2118.75,2120.6,1298250.0,1150.0
NIFTY,26-DEC-2024,26000.0,23-12-2024 11:50:00,1.6,1.65,1.55,1.6,8152175.0,70325.0,2120.6,2128.2,2120.6,2126.8,1298250.0,575.0
NIFTY,26-DEC-2024,26000.0,23-12-2024 11:51:00,1.6,1.6,1.55,1.6,8152175.0,16275.0,2126.8,2126.8,2123.0,2124.0,1298250.0,975.0
NIFTY,26-DEC-2024,26000.0,23-12-2024 11:52:00,1.6,1.6,1.6,1.6,8142600.0,40850.0,2124.0,2130.0,2123.0,2123.0,1296550.0,675.0
NIFTY,26-DEC-2024,26000.0,23-12-2024 11:53:00,1.6,1.65,1.6,1.65,8142600.0,4950.0,2123.0,2131.65,2123.0,2128.95,1296550.0,325.0
NIFTY,26-DEC-2024,26000.0,23-12-2024 11:54:00,1.6,1.65,1.6,1.65,8142600.0,11325.0,2128.7,2130.0,2120.55,2130.0,1296550.0,775.0
NIFTY,26-DEC-2024,26000.0,23-12-2024 11:55:00,1.6,1.65,1.6,1.6,8146225.0,6875.0,2130.0,2151.0,2130.0,2151.0,1295525.0,325.0
NIFTY,26-DEC-2024,26000.0,23-12-2024 11:56:00,1.6,1.6,1.55,1.55,8146225.0,68550.0,2151.0,2163.2,2149.15,2163.2,1295525.0,175.0
NIFTY,26-DEC-2024,26000.0,23-12-2024 11:57:00,1.55,1.6,1.55,1.55,8146225.0,6150.0,2163.2,2168.4,2163.0,2168.4,1295525.0,150.0
NIFTY,26-DEC-2024,26000.0,23-12-2024 11:58:00,1.6,1.6,1.55,1.6,8145525.0,8125.0,2168.4,2170.4,2165.0,2170.0,1295075.0,850.0
NIFTY,26-DEC-2024,26000.0,23-12-2024 11:59:00,1.6,1.6,1.55,1.55,8145525.0,6275.0,2170.0,2172.0,2165.15,2172.0,1295075.0,175.0
NIFTY,26-DEC-2024,26000.0,23-12-2024 12:00:00,1.6,1.6,1.55,1.55,8145525.0,1625.0,2181.65,2190.05,2177.15,2190.05,1295075.0,1975.0
NIFTY,26-DEC-2024,26000.0,23-12-2024 12:01:00,1.6,1.6,1.55,1.55,8139175.0,1300.0,2190.05,2190.05,2176.55,2179.7,1293750.0,500.0
NIFTY,26-DEC-2024,26000.0,23-12-2024 12:02:00,1.55,1.6,1.55,1.6,8139175.0,8825.0,2179.7,2184.3,2176.0,2176.0,1293750.0,325.0
NIFTY,26-DEC-2024,26000.0,23-12-2024 12:03:00,1.6,1.6,1.6,1.6,8139175.0,12300.0,2176.0,2176.0,2165.0,2165.0,1293750.0,50.0
NIFTY,26-DEC-2024,26000.0,23-12-2024 12:04:00,1.6,1.6,1.55,1.6,8132450.0,19200.0,2165.0,2202.85,2165.0,2202.6,1293225.0,400.0
NIFTY,26-DEC-2024,26000.0,23-12-2024 12:05:00,1.55,1.6,1.55,1.55,8132450.0,4550.0,2202.6,2202.6,2195.0,2195.0,1293225.0,50.0
NIFTY,26-DEC-2024,26000.0,23-12-2024 12:06:00,1.55,1.6,1.55,1.6,8132450.0,10750.0,2195.0,2200.0,2190.35,2190.35,1293225.0,3575.0
NIFTY,26-DEC-2024,26000.0,23-12-2024 12:07:00,1.55,1.6,1.55,1.55,8131225.0,3575.0,2190.35,2206.3,2190.35,2206.3,1293225.0,200.0
NIFTY,26-DEC-2024,26000.0,23-12-2024 12:08:00,1.55,1.6,1.55,1.55,8131225.0,8975.0,2206.3,2212.0,2202.95,2209.7,1291800.0,750.0
NIFTY,26-DEC-2024,26000.0,23-12-2024 12:09:00,1.55,1.6,1.55,1.55,8131225.0,50800.0,2209.7,2209.7,2198.75,2205.65,1291800.0,650.0
NIFTY,26-DEC-2024,26000.0,23-12-2024 12:10:00,1.55,1.6,1.55,1.55,8130850.0,64800.0,2205.65,2213.7,2205.3,2213.7,1290725.0,450.0
NIFTY,26-DEC-2024,26000.0,23-12-2024 12:11:00,1.55,1.6,1.55,1.55,8130850.0,11750.0,2219.0,2220.0,2210.65,2214.8,1290725.0,450.0
NIFTY,26-DEC-2024,26000.0,23-12-2024 12:12:00,1.6,1.6,1.55,1.55,8130850.0,23050.0,2214.8,2219.55,2211.15,2219.0,1290725.0,825.0
NIFTY,26-DEC-2024,26000.0,23-12-2024 12:13:00,1.55,1.6,1.55,1.6,8131550.0,3450.0,2219.0,2219.0,2203.5,2203.5,1289550.0,425.0
NIFTY,26-DEC-2024,26000.0,23-12-2024 12:14:00,1.6,1.6,1.55,1.6,8131550.0,18250.0,2203.5,2205.0,2196.0,2205.0,1289550.0,850.0
NIFTY,26-DEC-2024,26000.0,23-12-2024 12:15:00,1.6,1.6,1.55,1.55,8131550.0,14075.0,2206.4,2218.7,2206.4,2217.35,1289550.0,575.0
NIFTY,26-DEC-2024,26000.0,23-12-2024 12:16:00,1.55,1.6,1.55,1.55,8140225.0,14875.0,2218.7,2221.7,2211.7,2216.9,1288475.0,1175.0
NIFTY,26-DEC-2024,26000.0,23-12-2024 12:17:00,1.6,1.6,1.55,1.55,8140225.0,23750.0,2216.8,2216.8,2195.4,2200.0,1288475.0,1275.0
NIFTY,26-DEC-2024,26000.0,23-12-2024 12:18:00,1.55,1.6,1.55,1.55,8140225.0,2225.0,2202.5,2209.2,2198.2,2198.2,1288475.0,550.0
NIFTY,26-DEC-2024,26000.0,23-12-2024 12:19:00,1.6,1.6,1.55,1.6,8158825.0,2725.0,2198.2,2208.95,2198.2,2202.15,1286150.0,500.0
NIFTY,26-DEC-2024,26000.0,23-12-2024 12:20:00,1.6,1.65,1.55,1.6,8158825.0,127425.0,2209.45,2210.8,2204.55,2207.0,1286150.0,500.0
NIFTY,26-DEC-2024,26000.0,23-12-2024 12:21:00,1.6,1.65,1.6,1.65,8158825.0,3450.0,2207.0,2212.75,2199.0,2200.25,1286150.0,650.0
NIFTY,26-DEC-2024,26000.0,23-12-2024 12:22:00,1.65,1.65,1.6,1.65,8175725.0,5450.0,2200.25,2225.35,2200.25,2225.35,1286150.0,175.0
NIFTY,26-DEC-2024,26000.0,23-12-2024 12:23:00,1.65,1.7,1.6,1.65,8175725.0,86175.0,2234.1,2234.1,2223.05,2230.0,1285175.0,375.0
NIFTY,26-DEC-2024,26000.0,23-12-2024 12:24:00,1.65,1.65,1.6,1.65,8175725.0,3300.0,2230.0,2230.0,2224.95,2227.8,1285175.0,375.0
NIFTY,26-DEC-2024,26000.0,23-12-2024 12:25:00,1.6,1.65,1.6,1.65,8174975.0,7875.0,2227.8,2239.4,2223.85,2239.4,1284500.0,600.0
NIFTY,26-DEC-2024,26000.0,23-12-2024 12:26:00,1.65,1.65,1.6,1.65,8174975.0,35125.0,2239.4,2239.4,2221.25,2231.5,1284500.0,350.0
NIFTY,26-DEC-2024,26000.0,23-12-2024 12:27:00,1.65,1.65,1.6,1.6,8174975.0,15875.0,2231.5,2243.25,2231.5,2243.25,1284500.0,75.0
NIFTY,26-DEC-2024,26000.0,23-12-2024 12:28:00,1.65,1.65,1.6,1.65,8176600.0,24075.0,2243.25,2249.25,2242.95,2246.4,1284025.0,525.0
NIFTY,26-DEC-2024,26000.0,23-12-2024 12:29:00,1.65,1.7,1.6,1.7,8176600.0,68825.0,2246.4,2252.1,2243.0,2245.0,1284025.0,950.0
NIFTY,26-DEC-2024,26000.0,23-12-2024 12:30:00,1.7,1.75,1.65,1.75,8176600.0,96450.0,2245.0,2267.9,2245.0,2267.9,1284025.0,75.0
NIFTY,26-DEC-2024,26000.0,23-12-2024 12:31:00,1.75,1.75,1.7,1.7,8160875.0,35325.0,2267.9,2267.9,2267.1,2267.1,1282550.0,700.0
NIFTY,26-DEC-2024,26000.0,23-12-2024 12:32:00,1.7,1.75,1.65,1.7,8160875.0,94375.0,2267.1,2267.1,2256.35,2256.4,1282550.0,600.0
NIFTY,26-DEC-2024,26000.0,23-12-2024 12:33:00,1.7,1.75,1.7,1.7,8160875.0,16550.0,2256.4,2256.4,2251.05,2252.35,1282550.0,600.0
NIFTY,26-DEC-2024,26000.0,23-12-2024 12:34:00,1.75,1.75,1.7,1.7,8129675.0,7750.0,2252.35,2255.0,2252.35,2255.0,1282550.0,500.0
NIFTY,26-DEC-2024,26000.0,23-12-2024 12:35:00,1.7,1.75,1.65,1.65,8129675.0,56250.0,2255.0,2271.15,2255.0,2271.15,1281675.0,150.0
NIFTY,26-DEC-2024,26000.0,23-12-2024 12:36:00,1.7,1.7,1.65,1.65,8129675.0,13250.0,2271.15,2271.15,2265.0,2265.0,1281675.0,600.0
NIFTY,26-DEC-2024,26000.0,23-12-2024 12:37:00,1.7,1.7,1.65,1.7,8116800.0,47900.0,2265.0,2265.0,2260.95,2261.0,1281675.0,75.0
NIFTY,26-DEC-2024,26000.0,23-12-2024 12:38:00,1.7,1.75,1.7,1.75,8116800.0,56300.0,2261.0,2276.95,2261.0,2276.95,1281675.0,400.0
NIFTY,26-DEC-2024,26000.0,23-12-2024 12:39:00,1.7,1.75,1.7,1.7,8116800.0,25850.0,2276.95,2277.0,2276.95,2277.0,1280575.0,550.0
NIFTY,26-DEC-2024,26000.0,23-12-2024 12:40:00,1.65,1.7,1.65,1.7,8100575.0,39800.0,2277.0,2278.9,2270.0,2270.0,1279875.0,525.0
NIFTY,26-DEC-2024,26000.0,23-12-2024 12:41:00,1.7,1.7,1.65,1.7,8100575.0,12350.0,2265.0,2265.0,2257.7,2257.9,1279875.0,525.0
NIFTY,26-DEC-2024,26000.0,23-12-2024 12:42:00,1.7,1.7,1.65,1.7,8100575.0,6825.0,2261.55,2261.55,2251.25,2251.25,1279875.0,225.0
NIFTY,26-DEC-2024,26000.0,23-12-2024 12:43:00,1.7,1.7,1.65,1.65,8089300.0,20050.0,2251.25,2259.2,2248.6,2248.6,1279150.0,800.0
NIFTY,26-DEC-2024,26000.0,23-12-2024 12:44:00,1.65,1.7,1.65,1.65,8089300.0,26250.0,2248.6,2249.05,2246.25,2247.3,1279150.0,100.0
NIFTY,26-DEC-2024,26000.0,23-12-2024 12:45:00,1.65,1.7,1.65,1.7,8089300.0,0.0,2249.95,2259.6,2249.95,2254.15,1279150.0,700.0
NIFTY,26-DEC-2024,26000.0,23-12-2024 12:46:00,1.65,1.7,1.65,1.7,8055600.0,23950.0,2254.15,2254.15,2247.05,2250.0,1278200.0,700.0
NIFTY,26-DEC-2024,26000.0,23-12-2024 12:47:00,1.65,1.7,1.65,1.65,8055600.0,7325.0,2250.0,2251.0,2242.8,2242.8,1278200.0,1700.0
NIFTY,26-DEC-2024,26000.0,23-12-2024 12:48:00,1.65,1.7,1.65,1.65,8055600.0,19700.0,2255.95,2272.0,2255.95,2270.4,1278200.0,525.0
NIFTY,26-DEC-2024,26000.0,23-12-2024 12:49:00,1.65,1.65,1.6,1.65,8052500.0,3200.0,2270.4,2280.0,2268.65,2277.4,1276750.0,500.0
NIFTY,26-DEC-2024,26000.0,23-12-2024 12:50:00,1.65,1.65,1.6,1.65,8052500.0,19725.0,2277.4,2285.0,2277.4,2282.85,1276750.0,1500.0
NIFTY,26-DEC-2024,26000.0,23-12-2024 12:51:00,1.6,1.65,1.6,1.65,8052500.0,11825.0,2277.55,2287.35,2277.55,2287.35,1276750.0,1100.0
NIFTY,26-DEC-2024,26000.0,23-12-2024 12:52:00,1.65,1.65,1.6,1.65,8042675.0,4300.0,2279.75,2284.9,2279.75,2284.3,1276750.0,200.0
NIFTY,26-DEC-2024,26000.0,23-12-2024 12:53:00,1.6,1.65,1.6,1.6,8042675.0,8500.0,2281.9,2300.0,2281.25,2300.0,1275150.0,1625.0
NIFTY,26-DEC-2024,26000.0,23-12-2024 12:54:00,1.6,1.65,1.6,1.65,8042675.0,127250.0,2300.0,2305.2,2296.05,2296.75,1275150.0,775.0
NIFTY,26-DEC-2024,26000.0,23-12-2024 12:55:00,1.6,1.65,1.6,1.65,8048275.0,3550.0,2293.3,2294.45,2290.55,2290.95,1275150.0,1825.0
NIFTY,26-DEC-2024,26000.0,23-12-2024 12:56:00,1.65,1.65,1.6,1.65,8048275.0,15500.0,2289.5,2302.0,2289.5,2301.65,1274525.0,450.0
NIFTY,26-DEC-2024,26000.0,23-12-2024 12:57:00,1.6,1.65,1.6,1.65,8048275.0,5200.0,2302.05,2305.3,2299.35,2300.8,1274525.0,250.0
NIFTY,26-DEC-2024,26000.0,23-12-2024 12:58:00,1.65,1.65,1.6,1.6,8043150.0,14700.0,2300.8,2300.95,2297.45,2299.3,1273600.0,275.0
NIFTY,26-DEC-2024,26000.0,23-12-2024 12:59:00,1.6,1.6,1.6,1.6,8043150.0,2725.0,2299.3,2301.3,2295.6,2301.3,1273600.0,125.0
NIFTY,26-DEC-2024,26000.0,23-12-2024 13:00:00,1.6,1.65,1.6,1.65,8043150.0,950.0,2301.3,2301.3,2296.1,2296.1,1273600.0,75.0
NIFTY,26-DEC-2024,26000.0,23-12-2024 13:01:00,1.65,1.7,1.65,1.65,8062075.0,120925.0,2296.1,2296.1,2296.1,2296.1,1273375.0,50.0
NIFTY,26-DEC-2024,26000.0,23-12-2024 13:02:00,1.6,1.7,1.6,1.65,8062075.0,51975.0,2296.1,2296.1,2290.0,2290.0,1273375.0,75.0
NIFTY,26-DEC-2024,26000.0,23-12-2024 13:03:00,1.65,1.7,1.65,1.7,8062075.0,3200.0,2290.0,2290.0,2290.0,2290.0,1273375.0,0.0
NIFTY,26-DEC-2024,26000.0,23-12-2024 13:04:00,1.7,1.7,1.65,1.7,8058700.0,11100.0,2290.0,2290.0,2278.35,2281.8,1273025.0,350.0
NIFTY,26-DEC-2024,26000.0,23-12-2024 13:05:00,1.7,1.75,1.65,1.7,8058700.0,14700.0,2281.8,2281.8,2281.8,2281.8,1273025.0,0.0
NIFTY,26-DEC-2024,26000.0,23-12-2024 13:06:00,1.7,1.75,1.65,1.7,8058700.0,102250.0,2285.0,2291.85,2285.0,2290.75,1273025.0,250.0
NIFTY,26-DEC-2024,26000.0,23-12-2024 13:07:00,1.7,1.7,1.65,1.7,8054650.0,26375.0,2292.05,2294.55,2292.05,2294.55,1273025.0,50.0
NIFTY,26-DEC-2024,26000.0,23-12-2024 13:08:00,1.7,1.75,1.65,1.75,8054650.0,18900.0,2294.55,2294.55,2294.55,2294.55,1273025.0,0.0
NIFTY,26-DEC-2024,26000.0,23-12-2024 13:09:00,1.7,1.75,1.7,1.7,8054650.0,73275.0,2294.55,2318.4,2294.55,2318.4,1272875.0,350.0
NIFTY,26-DEC-2024,26000.0,23-12-2024 13:10:00,1.7,1.75,1.7,1.7,8061875.0,16000.0,2318.4,2319.1,2310.55,2310.55,1272575.0,350.0
NIFTY,26-DEC-2024,26000.0,23-12-2024 13:11:00,1.75,1.75,1.7,1.75,8061875.0,3850.0,2300.4,2310.0,2300.4,2307.15,1272575.0,275.0
NIFTY,26-DEC-2024,26000.0,23-12-2024 13:12:00,1.75,1.75,1.7,1.7,8061875.0,24325.0,2309.0,2314.4,2306.2,2306.2,1272575.0,925.0
NIFTY,26-DEC-2024,26000.0,23-12-2024 13:13:00,1.7,1.75,1.7,1.7,8050675.0,7400.0,2307.55,2319.65,2307.55,2315.0,1271600.0,775.0
NIFTY,26-DEC-2024,26000.0,23-12-2024 13:14:00,1.75,1.75,1.7,1.75,8050675.0,2025.0,2315.0,2315.0,2308.15,2315.0,1271600.0,775.0
NIFTY,26-DEC-2024,26000.0,23-12-2024 13:15:00,1.75,1.75,1.7,1.7,8050675.0,0.0,2315.0,2320.5,2301.2,2301.2,1271600.0,375.0
NIFTY,26-DEC-2024,26000.0,23-12-2024 13:16:00,1.7,1.75,1.7,1.75,8049500.0,13875.0,2296.0,2297.25,2293.45,2293.45,1270350.0,400.0
NIFTY,26-DEC-2024,26000.0,23-12-2024 13:17:00,1.75,1.75,1.7,1.75,8049500.0,22750.0,2293.45,2299.15,2289.8,2289.8,1270350.0,275.0
NIFTY,26-DEC-2024,26000.0,23-12-2024 13:18:00,1.75,1.75,1.7,1.7,8049500.0,25.0,2289.8,2300.55,2289.8,2300.55,1270350.0,75.0
NIFTY,26-DEC-2024,26000.0,23-12-2024 13:19:00,1.7,1.8,1.7,1.75,8057175.0,73125.0,2300.55,2316.15,2300.55,2316.15,1269950.0,25.0
NIFTY,26-DEC-2024,26000.0,23-12-2024 13:20:00,1.75,1.8,1.75,1.75,8057175.0,28525.0,2316.15,2316.15,2305.35,2308.0,1269950.0,150.0
NIFTY,26-DEC-2024,26000.0,23-12-2024 13:21:00,1.75,1.8,1.75,1.8,8057175.0,8625.0,2308.0,2309.45,2302.6,2305.0,1269950.0,500.0
NIFTY,26-DEC-2024,26000.0,23-12-2024 13:22:00,1.8,1.8,1.75,1.75,8057175.0,775.0,2305.0,2311.0,2305.0,2311.0,1269950.0,250.0
NIFTY,26-DEC-2024,26000.0,23-12-2024 13:23:00,1.75,1.8,1.75,1.75,8063575.0,56750.0,2311.0,2315.0,2307.8,2310.0,1269500.0,625.0
NIFTY,26-DEC-2024,26000.0,23-12-2024 13:24:00,1.75,1.75,1.7,1.75,8063575.0,3950.0,2310.0,2310.0,2291.1,2291.1,1269500.0,3125.0
NIFTY,26-DEC-2024,26000.0,23-12-2024 13:25:00,1.7,1.75,1.7,1.75,8059350.0,2125.0,2291.1,2300.0,2291.1,2300.0,1265850.0,550.0
NIFTY,26-DEC-2024,26000.0,23-12-2024 13:26:00,1.75,1.75,1.7,1.75,8059350.0,39100.0,2300.0,2310.2,2299.75,2310.2,1265850.0,75.0
NIFTY,26-DEC-2024,26000.0,23-12-2024 13:27:00,1.7,1.7,1.65,1.7,8059350.0,21600.0,2310.2,2310.65,2301.0,2310.65,1265850.0,175.0
NIFTY,26-DEC-2024,26000.0,23-12-2024 13:28:00,1.65,1.7,1.65,1.7,8079700.0,8850.0,2310.65,2327.35,2305.1,2327.35,1265300.0,675.0
NIFTY,26-DEC-2024,26000.0,23-12-2024 13:29:00,1.7,1.75,1.65,1.7,8079700.0,168550.0,2330.75,2332.35,2315.4,2316.0,1265300.0,550.0
NIFTY,26-DEC-2024,26000.0,23-12-2024 13:30:00,1.75,1.75,1.7,1.75,8079700.0,20750.0,2316.0,2324.95,2316.0,2324.0,1265300.0,675.0
NIFTY,26-DEC-2024,26000.0,23-12-2024 13:31:00,1.75,1.75,1.7,1.75,8083575.0,24200.0,2324.0,2327.0,2317.65,2327.0,1263450.0,275.0
NIFTY,26-DEC-2024,26000.0,23-12-2024 13:32:00,1.75,1.8,1.7,1.8,8083575.0,97500.0,2327.0,2330.8,2325.0,2325.0,1263450.0,250.0
NIFTY,26-DEC-2024,26000.0,23-12-2024 13:33:00,1.8,1.8,1.75,1.8,8083575.0,26000.0,2325.0,2330.0,2325.0,2325.0,1263450.0,650.0
NIFTY,26-DEC-2024,26000.0,23-12-2024 13:34:00,1.75,1.8,1.75,1.75,8085925.0,6700.0,2325.0,2337.0,2325.0,2335.7,1262975.0,325.0
NIFTY,26-DEC-2024,26000.0,23-12-2024 13:35:00,1.75,1.75,1.7,1.75,8085925.0,54950.0,2335.75,2335.75,2323.75,2332.35,1262975.0,250.0
NIFTY,26-DEC-2024,26000.0,23-12-2024 13:36:00,1.75,1.8,1.7,1.75,8085925.0,48075.0,2332.35,2332.35,2323.05,2329.35,1262975.0,800.0
NIFTY,26-DEC-2024,26000.0,23-12-2024 13:37:00,1.75,1.75,1.65,1.7,8082125.0,122300.0,2329.35,2332.15,2329.35,2330.0,1262975.0,1025.0
NIFTY,26-DEC-2024,26000.0,23-12-2024 13:38:00,1.75,1.75,1.7,1.75,8082125.0,60100.0,2330.0,2330.0,2301.0,2301.0,1261075.0,225.0
NIFTY,26-DEC-2024,26000.0,23-12-2024 13:39:00,1.75,1.75,1.7,1.7,8082125.0,1225.0,2301.0,2310.05,2301.0,2310.05,1261075.0,150.0
NIFTY,26-DEC-2024,26000.0,23-12-2024 13:40:00,1.65,1.7,1.65,1.7,8072175.0,151975.0,2310.05,2317.0,2309.8,2315.0,1260625.0,500.0
NIFTY,26-DEC-2024,26000.0,23-12-2024 13:41:00,1.7,1.7,1.7,1.7,8072175.0,1525.0,2315.0,2315.0,2306.05,2307.0,1260625.0,75.0
NIFTY,26-DEC-2024,26000.0,23-12-2024 13:42:00,1.7,1.7,1.6,1.6,8072175.0,101400.0,2312.25,2312.25,2291.0,2291.0,1260625.0,150.0
NIFTY,26-DEC-2024,26000.0,23-12-2024 13:43:00,1.65,1.65,1.6,1.6,8059550.0,29525.0,2291.0,2291.3,2276.15,2287.3,1260150.0,250.0
NIFTY,26-DEC-2024,26000.0,23-12-2024 13:44:00,1.6,1.65,1.6,1.6,8059550.0,44600.0,2292.0,2292.0,2273.9,2277.05,1260150.0,625.0
NIFTY,26-DEC-2024,26000.0,23-12-2024 13:45:00,1.6,1.65,1.6,1.65,8059550.0,2200.0,2278.0,2291.15,2276.05,2286.6,1260150.0,175.0
NIFTY,26-DEC-2024,26000.0,23-12-2024 13:46:00,1.65,1.65,1.6,1.6,8054825.0,36000.0,2289.4,2289.4,2284.2,2284.2,1259550.0,175.0
NIFTY,26-DEC-2024,26000.0,23-12-2024 13:47:00,1.6,1.65,1.6,1.65,8054825.0,5475.0,2284.2,2284.2,2279.65,2279.65,1259550.0,350.0
NIFTY,26-DEC-2024,26000.0,23-12-2024 13:48:00,1.65,1.65,1.6,1.6,8054825.0,11150.0,2279.65,2281.5,2277.0,2281.5,1259550.0,300.0
NIFTY,26-DEC-2024,26000.0,23-12-2024 13:49:00,1.7,1.7,1.6,1.6,8047525.0,73300.0,2281.5,2287.0,2281.5,2287.0,1258975.0,300.0
NIFTY,26-DEC-2024,26000.0,23-12-2024 13:50:00,1.6,1.7,1.6,1.65,8047525.0,26425.0,2287.0,2296.45,2287.0,2296.45,1258975.0,750.0
NIFTY,26-DEC-2024,26000.0,23-12-2024 13:51:00,1.6,1.7,1.6,1.65,8047525.0,46850.0,2296.5,2300.0,2294.0,2297.2,1258975.0,400.0
NIFTY,26-DEC-2024,26000.0,23-12-2024 13:52:00,1.7,1.7,1.65,1.7,8046475.0,7950.0,2297.2,2297.2,2293.6,2294.95,1257850.0,700.0
NIFTY,26-DEC-2024,26000.0,23-12-2024 13:53:00,1.7,1.7,1.65,1.7,8046475.0,675.0,2294.95,2301.9,2290.0,2301.9,1257850.0,150.0
NIFTY,26-DEC-2024,26000.0,23-12-2024 13:54:00,1.65,1.7,1.65,1.7,8046475.0,2900.0,2301.9,2306.05,2301.9,2303.65,1257850.0,200.0
NIFTY,26-DEC-2024,26000.0,23-12-2024 13:55:00,1.65,1.7,1.65,1.7,8045750.0,15025.0,2303.65,2312.2,2303.65,2312.2,1256975.0,50.0
NIFTY,26-DEC-2024,26000.0,23-12-2024 13:56:00,1.7,1.7,1.65,1.65,8045750.0,2750.0,2312.2,2312.85,2305.0,2312.85,1256975.0,150.0
NIFTY,26-DEC-2024,26000.0,23-12-2024 13:57:00,1.7,1.7,1.65,1.7,8045750.0,1600.0,2312.85,2312.85,2306.75,2310.0,1256975.0,525.0
NIFTY,26-DEC-2024,26000.0,23-12-2024 13:58:00,1.7,1.7,1.65,1.65,8045750.0,2850.0,2310.0,2315.0,2310.0,2315.0,1256975.0,25.0
NIFTY,26-DEC-2024,26000.0,23-12-2024 13:59:00,1.7,1.7,1.65,1.7,8045550.0,725.0,2314.0,2315.65,2314.0,2315.65,1256775.0,150.0
NIFTY,26-DEC-2024,26000.0,23-12-2024 14:00:00,1.65,1.7,1.65,1.7,8045550.0,3300.0,2315.65,2320.0,2315.65,2320.0,1256775.0,650.0
NIFTY,26-DEC-2024,26000.0,23-12-2024 14:01:00,1.65,1.7,1.65,1.7,8045175.0,7075.0,2320.0,2324.0,2320.0,2322.0,1256675.0,275.0
NIFTY,26-DEC-2024,26000.0,23-12-2024 14:02:00,1.7,1.7,1.65,1.65,8045175.0,5175.0,2322.0,2324.0,2322.0,2324.0,1256675.0,500.0
NIFTY,26-DEC-2024,26000.0,23-12-2024 14:03:00,1.7,1.7,1.65,1.65,8045175.0,3025.0,2324.0,2327.2,2324.0,2327.2,1256675.0,100.0
NIFTY,26-DEC-2024,26000.0,23-12-2024 14:04:00,1.65,1.7,1.65,1.7,8044925.0,4775.0,2327.2,2329.2,2321.2,2329.2,1256675.0,75.0
NIFTY,26-DEC-2024,26000.0,23-12-2024 14:05:00,1.65,1.7,1.65,1.7,8044925.0,5750.0,2329.2,2332.0,2329.2,2330.0,1256675.0,525.0
NIFTY,26-DEC-2024,26000.0,23-12-2024 14:06:00,1.65,1.7,1.65,1.65,8044925.0,1100.0,2330.0,2330.0,2318.65,2318.65,1256375.0,275.0
NIFTY,26-DEC-2024,26000.0,23-12-2024 14:07:00,1.7,1.7,1.65,1.7,8042200.0,88275.0,2318.65,2322.45,2314.05,2314.05,1256375.0,650.0
NIFTY,26-DEC-2024,26000.0,23-12-2024 14:08:00,1.7,1.7,1.7,1.7,8042200.0,61025.0,2310.65,2318.0,2307.45,2315.0,1255450.0,475.0
NIFTY,26-DEC-2024,26000.0,23-12-2024 14:09:00,1.65,1.7,1.65,1.7,8042200.0,2175.0,2315.0,2316.0,2315.0,2316.0,1255450.0,25.0
NIFTY,26-DEC-2024,26000.0,23-12-2024 14:10:00,1.65,1.7,1.65,1.65,8041275.0,5200.0,2316.0,2316.0,2302.45,2303.65,1255450.0,625.0
NIFTY,26-DEC-2024,26000.0,23-12-2024 14:11:00,1.65,1.65,1.65,1.65,8041275.0,18900.0,2303.65,2310.0,2303.65,2310.0,1254500.0,250.0
NIFTY,26-DEC-2024,26000.0,23-12-2024 14:12:00,1.65,1.7,1.65,1.65,8041275.0,12125.0,2310.0,2311.0,2310.0,2311.0,1254500.0,50.0
NIFTY,26-DEC-2024,26000.0,23-12-2024 14:13:00,1.65,1.7,1.65,1.65,8038350.0,3625.0,2311.0,2311.0,2298.7,2298.7,1254200.0,750.0
NIFTY,26-DEC-2024,26000.0,23-12-2024 14:14:00,1.65,1.7,1.65,1.65,8038350.0,70425.0,2298.7,2298.7,2290.0,2290.0,1254200.0,275.0
NIFTY,26-DEC-2024,26000.0,23-12-2024 14:15:00,1.65,1.7,1.6,1.65,8038350.0,50375.0,2287.55,2293.0,2287.55,2293.0,1254200.0,250.0
NIFTY,26-DEC-2024,26000.0,23-12-2024 14:16:00,1.6,1.65,1.6,1.6,8036425.0,4150.0,2290.95,2290.95,2280.0,2280.0,1253925.0,100.0
NIFTY,26-DEC-2024,26000.0,23-12-2024 14:17:00,1.6,1.65,1.6,1.6,8036425.0,21700.0,2280.0,2285.1,2280.0,2284.9,1253925.0,125.0
NIFTY,26-DEC-2024,26000.0,23-12-2024 14:18:00,1.65,1.65,1.5,1.55,8036425.0,31100.0,2280.0,2280.0,2240.7,2240.7,1253925.0,450.0
NIFTY,26-DEC-2024,26000.0,23-12-2024 14:19:00,1.5,1.55,1.45,1.5,7990975.0,126750.0,2240.7,2255.0,2236.0,2249.45,1253925.0,325.0
NIFTY,26-DEC-2024,26000.0,23-12-2024 14:20:00,1.5,1.5,1.45,1.5,7990975.0,60200.0,2245.1,2250.0,2240.0,2240.0,1253275.0,175.0
NIFTY,26-DEC-2024,26000.0,23-12-2024 14:21:00,1.45,1.5,1.4,1.45,7990975.0,4975.0,2240.0,2240.0,2240.0,2240.0,1253275.0,0.0
NIFTY,26-DEC-2024,26000.0,23-12-2024 14:22:00,1.45,1.5,1.45,1.45,8000000.0,151900.0,2230.0,2246.9,2230.0,2246.9,1252975.0,200.0
NIFTY,26-DEC-2024,26000.0,23-12-2024 14:23:00,1.4,1.45,1.4,1.45,8000000.0,93275.0,2246.9,2255.0,2246.9,2254.0,1252975.0,600.0
NIFTY,26-DEC-2024,26000.0,23-12-2024 14:24:00,1.45,1.5,1.45,1.45,8000000.0,30550.0,2254.0,2255.0,2254.0,2255.0,1252975.0,100.0
NIFTY,26-DEC-2024,26000.0,23-12-2024 14:25:00,1.5,1.5,1.45,1.5,7991600.0,7375.0,2255.0,2255.0,2245.0,2245.0,1252975.0,725.0
NIFTY,26-DEC-2024,26000.0,23-12-2024 14:26:00,1.45,1.5,1.45,1.5,7991600.0,1575.0,2245.0,2251.0,2245.0,2250.0,1251575.0,0.0
NIFTY,26-DEC-2024,26000.0,23-12-2024 14:27:00,1.45,1.5,1.45,1.45,7991600.0,0.0,2247.0,2263.65,2247.0,2263.65,1251575.0,800.0
NIFTY,26-DEC-2024,26000.0,23-12-2024 14:28:00,1.5,1.5,1.45,1.5,7988250.0,33300.0,2254.4,2254.4,2246.0,2246.0,1250750.0,1200.0
NIFTY,26-DEC-2024,26000.0,23-12-2024 14:29:00,1.5,1.5,1.45,1.45,7988250.0,49775.0,2246.0,2246.0,2231.25,2235.8,1250750.0,1000.0
NIFTY,26-DEC-2024,26000.0,23-12-2024 14:30:00,1.45,1.55,1.45,1.55,7988250.0,75925.0,2235.8,2240.65,2233.0,2238.05,1250750.0,550.0
NIFTY,26-DEC-2024,26000.0,23-12-2024 14:31:00,1.5,1.55,1.5,1.55,7971475.0,27525.0,2238.05,2238.05,2235.0,2235.0,1248475.0,375.0
NIFTY,26-DEC-2024,26000.0,23-12-2024 14:32:00,1.55,1.55,1.5,1.55,7971475.0,22425.0,2235.0,2235.0,2225.0,2227.0,1248475.0,375.0
NIFTY,26-DEC-2024,26000.0,23-12-2024 14:33:00,1.5,1.55,1.5,1.55,7971475.0,9925.0,2227.0,2238.25,2227.0,2237.0,1248475.0,1425.0
NIFTY,26-DEC-2024,26000.0,23-12-2024 14:34:00,1.55,1.55,1.5,1.55,7976175.0,94375.0,2237.0,2241.85,2234.0,2236.0,1246950.0,1100.0
NIFTY,26-DEC-2024,26000.0,23-12-2024 14:35:00,1.55,1.55,1.5,1.55,7976175.0,4500.0,2236.0,2236.9,2230.65,2230.65,1246950.0,2375.0
NIFTY,26-DEC-2024,26000.0,23-12-2024 14:36:00,1.55,1.55,1.5,1.5,7976175.0,7950.0,2230.65,2242.0,2230.65,2235.0,1246950.0,875.0
NIFTY,26-DEC-2024,26000.0,23-12-2024 14:37:00,1.55,1.55,1.45,1.45,7973300.0,51125.0,2235.0,2235.0,2225.5,2225.5,1246950.0,825.0
NIFTY,26-DEC-2024,26000.0,23-12-2024 14:38:00,1.5,1.5,1.45,1.5,7973300.0,19200.0,2225.5,2225.5,2224.0,2224.0,1243625.0,125.0
NIFTY,26-DEC-2024,26000.0,23-12-2024 14:39:00,1.5,1.5,1.45,1.5,7973300.0,28375.0,2224.0,2224.0,2220.0,2220.0,1243625.0,525.0
NIFTY,26-DEC-2024,26000.0,23-12-2024 14:40:00,1.5,1.5,1.45,1.45,7968975.0,24425.0,2210.25,2210.25,2210.25,2210.25,1243625.0,25.0
NIFTY,26-DEC-2024,26000.0,23-12-2024 14:41:00,1.45,1.5,1.45,1.5,7968975.0,8300.0,2210.25,2214.95,2210.25,2214.95,1242950.0,100.0
NIFTY,26-DEC-2024,26000.0,23-12-2024 14:42:00,1.5,1.5,1.45,1.45,7968975.0,5500.0,2214.95,2222.0,2214.95,2222.0,1242950.0,150.0
NIFTY,26-DEC-2024,26000.0,23-12-2024 14:43:00,1.45,1.5,1.45,1.45,7964200.0,18600.0,2222.0,2222.0,2222.0,2222.0,1242950.0,0.0
NIFTY,26-DEC-2024,26000.0,23-12-2024 14:44:00,1.45,1.5,1.4,1.45,7964200.0,59525.0,2222.0,2238.0,2222.0,2238.0,1242800.0,150.0
NIFTY,26-DEC-2024,26000.0,23-12-2024 14:45:00,1.45,1.5,1.4,1.5,7964200.0,5150.0,2238.0,2240.0,2235.0,2235.05,1242800.0,550.0
NIFTY,26-DEC-2024,26000.0,23-12-2024 14:46:00,1.5,1.55,1.5,1.5,7958800.0,66775.0,2235.05,2238.3,2235.0,2238.3,1242800.0,400.0
NIFTY,26-DEC-2024,26000.0,23-12-2024 14:47:00,1.5,1.55,1.5,1.5,7958800.0,13825.0,2238.3,2243.6,2234.65,2243.6,1242150.0,425.0
NIFTY,26-DEC-2024,26000.0,23-12-2024 14:48:00,1.5,1.55,1.45,1.45,7958800.0,29875.0,2243.6,2243.6,2236.75,2237.6,1242150.0,1275.0
NIFTY,26-DEC-2024,26000.0,23-12-2024 14:49:00,1.5,1.5,1.45,1.5,7948675.0,19875.0,2245.15,2248.45,2243.7,2247.75,1242150.0,650.0
NIFTY,26-DEC-2024,26000.0,23-12-2024 14:50:00,1.5,1.5,1.45,1.45,7948675.0,5725.0,2250.0,2256.75,2249.7,2251.95,1241300.0,650.0
NIFTY,26-DEC-2024,26000.0,23-12-2024 14:51:00,1.45,1.5,1.45,1.45,7948675.0,7875.0,2251.95,2251.95,2240.1,2240.1,1241300.0,175.0
NIFTY,26-DEC-2024,26000.0,23-12-2024 14:52:00,1.5,1.5,1.45,1.45,7933300.0,11025.0,2237.0,2237.0,2233.0,2233.0,1241300.0,350.0
NIFTY,26-DEC-2024,26000.0,23-12-2024 14:53:00,1.45,1.5,1.45,1.5,7933300.0,9975.0,2233.0,2237.45,2233.0,2237.45,1240875.0,75.0
NIFTY,26-DEC-2024,26000.0,23-12-2024 14:54:00,1.45,1.5,1.45,1.45,7933300.0,19400.0,2237.45,2240.0,2237.45,2240.0,1240875.0,150.0
NIFTY,26-DEC-2024,26000.0,23-12-2024 14:55:00,1.45,1.5,1.45,1.5,7925175.0,4000.0,2240.0,2244.0,2238.0,2244.0,1240525.0,225.0
NIFTY,26-DEC-2024,26000.0,23-12-2024 14:56:00,1.5,1.5,1.45,1.5,7925175.0,15200.0,2244.0,2246.0,2244.0,2246.0,1240525.0,25.0
NIFTY,26-DEC-2024,26000.0,23-12-2024 14:57:00,1.5,1.5,1.45,1.45,7925175.0,57050.0,2243.0,2243.0,2231.4,2231.4,1240525.0,700.0
NIFTY,26-DEC-2024,26000.0,23-12-2024 14:58:00,1.5,1.5,1.45,1.45,7919850.0,400.0,2231.4,2231.4,2231.4,2231.4,1240525.0,0.0
NIFTY,26-DEC-2024,26000.0,23-12-2024 14:59:00,1.5,1.5,1.45,1.45,7919850.0,700.0,2234.15,2245.65,2233.0,2237.25,1240000.0,1050.0
NIFTY,26-DEC-2024,26000.0,23-12-2024 15:00:00,1.45,1.5,1.45,1.5,7919850.0,0.0,2237.25,2237.25,2233.0,2233.0,1240000.0,150.0
NIFTY,26-DEC-2024,26000.0,23-12-2024 15:01:00,1.45,1.5,1.4,1.45,7919700.0,69875.0,2233.0,2249.0,2233.0,2249.0,1239025.0,150.0
NIFTY,26-DEC-2024,26000.0,23-12-2024 15:02:00,1.45,1.45,1.4,1.4,7919700.0,9400.0,2249.0,2252.2,2245.35,2252.2,1239025.0,225.0
NIFTY,26-DEC-2024,26000.0,23-12-2024 15:03:00,1.4,1.45,1.4,1.45,7919700.0,0.0,2252.2,2252.2,2251.0,2251.0,1239025.0,500.0
NIFTY,26-DEC-2024,26000.0,23-12-2024 15:04:00,1.4,1.4,1.35,1.35,7899525.0,258400.0,2247.0,2247.0,2240.0,2240.0,1239025.0,300.0
NIFTY,26-DEC-2024,26000.0,23-12-2024 15:05:00,1.4,1.45,1.35,1.45,7899525.0,137125.0,2240.0,2240.0,2227.45,2227.45,1238950.0,875.0
NIFTY,26-DEC-2024,26000.0,23-12-2024 15:06:00,1.45,1.45,1.4,1.45,7899525.0,224675.0,2227.45,2232.0,2227.45,2230.45,1238950.0,350.0
NIFTY,26-DEC-2024,26000.0,23-12-2024 15:07:00,1.45,1.5,1.4,1.5,7877750.0,77625.0,2230.45,2244.55,2230.45,2238.0,1238350.0,675.0
NIFTY,26-DEC-2024,26000.0,23-12-2024 15:08:00,1.45,1.5,1.4,1.4,7877750.0,83000.0,2238.0,2238.7,2236.3,2236.3,1238350.0,550.0
NIFTY,26-DEC-2024,26000.0,23-12-2024 15:09:00,1.45,1.45,1.4,1.45,7877750.0,18375.0,2236.3,2243.15,2236.0,2236.8,1238350.0,925.0
NIFTY,26-DEC-2024,26000.0,23-12-2024 15:10:00,1.45,1.45,1.4,1.45,7870075.0,0.0,2236.8,2236.8,2229.0,2231.0,1237350.0,1300.0
NIFTY,26-DEC-2024,26000.0,23-12-2024 15:11:00,1.45,1.45,1.4,1.4,7870075.0,68650.0,2227.0,2233.15,2227.0,2230.0,1237350.0,750.0
NIFTY,26-DEC-2024,26000.0,23-12-2024 15:12:00,1.4,1.45,1.4,1.4,7870075.0,131525.0,2230.0,2230.0,2222.0,2225.85,1237350.0,775.0
NIFTY,26-DEC-2024,26000.0,23-12-2024 15:13:00,1.4,1.45,1.4,1.45,7855725.0,63450.0,2223.0,2230.0,2223.0,2226.0,1235275.0,1275.0
NIFTY,26-DEC-2024,26000.0,23-12-2024 15:14:00,1.4,1.45,1.4,1.45,7855725.0,5675.0,2226.0,2228.0,2223.5,2223.5,1235275.0,200.0
NIFTY,26-DEC-2024,26000.0,23-12-2024 15:15:00,1.45,1.45,1.4,1.4,7855725.0,42325.0,2223.5,2230.1,2223.5,2230.1,1235275.0,400.0
NIFTY,26-DEC-2024,26000.0,23-12-2024 15:16:00,1.45,1.45,1.4,1.4,7846975.0,58200.0,2233.0,2235.1,2233.0,2233.0,1235275.0,1000.0
NIFTY,26-DEC-2024,26000.0,23-12-2024 15:17:00,1.4,1.45,1.4,1.4,7846975.0,14700.0,2233.0,2233.35,2228.8,2230.0,1235050.0,2150.0
NIFTY,26-DEC-2024,26000.0,23-12-2024 15:18:00,1.45,1.45,1.4,1.4,7846975.0,65650.0,2230.0,2230.0,2224.7,2227.0,1235050.0,750.0
NIFTY,26-DEC-2024,26000.0,23-12-2024 15:19:00,1.4,1.4,1.35,1.4,7837450.0,18125.0,2230.0,2230.0,2225.0,2225.0,1234325.0,1775.0
NIFTY,26-DEC-2024,26000.0,23-12-2024 15:20:00,1.4,1.4,1.35,1.4,7837450.0,24350.0,2225.0,2228.0,2225.0,2228.0,1234325.0,1225.0
NIFTY,26-DEC-2024,26000.0,23-12-2024 15:21:00,1.35,1.4,1.35,1.4,7837450.0,23825.0,2228.0,2228.0,2223.0,2223.0,1234325.0,1700.0
NIFTY,26-DEC-2024,26000.0,23-12-2024 15:22:00,1.35,1.4,1.35,1.35,7824700.0,12600.0,2223.0,2225.75,2220.55,2220.55,1234325.0,750.0
NIFTY,26-DEC-2024,26000.0,23-12-2024 15:23:00,1.4,1.4,1.3,1.3,7824700.0,38325.0,2220.0,2223.55,2220.0,2223.55,1234150.0,650.0
NIFTY,26-DEC-2024,26000.0,23-12-2024 15:24:00,1.3,1.4,1.3,1.4,7824700.0,106450.0,2223.55,2230.0,2223.55,2230.0,1234150.0,700.0
NIFTY,26-DEC-2024,26000.0,23-12-2024 15:25:00,1.4,1.4,1.3,1.35,7804025.0,98500.0,2230.0,2233.3,2230.0,2232.0,1234150.0,125.0
NIFTY,26-DEC-2024,26000.0,23-12-2024 15:26:00,1.35,1.35,1.3,1.35,7804025.0,38000.0,2232.0,2235.65,2231.0,2233.15,1234075.0,375.0
NIFTY,26-DEC-2024,26000.0,23-12-2024 15:27:00,1.3,1.35,1.3,1.35,7804025.0,57425.0,2233.15,2233.15,2233.15,2233.15,1234075.0,0.0
NIFTY,26-DEC-2024,26000.0,23-12-2024 15:28:00,1.3,1.35,1.3,1.35,7798875.0,39800.0,2233.15,2233.15,2232.25,2232.25,1233925.0,75.0
NIFTY,26-DEC-2024,26000.0,23-12-2024 15:29:00,1.35,1.4,1.3,1.35,7798875.0,65200.0,2232.25,2235.0,2232.0,2235.0,1233925.0,100.0
NIFTY,26-DEC-2024,26000.0,24-12-2024 09:15:00,1.45,1.65,1.2,1.5,7794225.0,289875.0,2235.0,2255.0,2235.0,2240.0,1233925.0,300.0
NIFTY,26-DEC-2024,26000.0,24-12-2024 09:16:00,1.45,1.5,1.4,1.5,7794225.0,92275.0,2240.0,2244.0,2235.0,2239.4,1233925.0,1025.0
NIFTY,26-DEC-2024,26000.0,24-12-2024 09:17:00,1.5,1.55,1.45,1.5,7794225.0,141975.0,2239.4,2247.35,2239.4,2243.05,1233925.0,525.0
NIFTY,26-DEC-2024,26000.0,24-12-2024 09:18:00,1.5,1.6,1.5,1.55,7761375.0,142175.0,2243.05,2243.05,2230.0,2230.0,1233700.0,325.0
NIFTY,26-DEC-2024,26000.0,24-12-2024 09:19:00,1.6,1.6,1.45,1.5,7761375.0,126800.0,2230.0,2230.0,2230.0,2230.0,1233700.0,0.0
NIFTY,26-DEC-2024,26000.0,24-12-2024 09:20:00,1.45,1.5,1.45,1.45,7761375.0,26100.0,2230.0,2230.0,2230.0,2230.0,1233700.0,0.0
NIFTY,26-DEC-2024,26000.0,24-12-2024 09:21:00,1.45,1.5,1.45,1.5,7779650.0,61350.0,2230.0,2230.0,2225.0,2225.0,1233700.0,200.0
NIFTY,26-DEC-2024,26000.0,24-12-2024 09:22:00,1.45,1.5,1.45,1.45,7779650.0,92275.0,2225.0,2225.0,2222.3,2222.3,1233650.0,100.0
NIFTY,26-DEC-2024,26000.0,24-12-2024 09:23:00,1.5,1.5,1.45,1.45,7779650.0,20175.0,2222.3,2228.05,2218.5,2218.5,1233650.0,875.0
NIFTY,26-DEC-2024,26000.0,24-12-2024 09:24:00,1.45,1.55,1.45,1.5,7738625.0,103825.0,2218.5,2225.0,2218.5,2225.0,1233650.0,175.0
NIFTY,26-DEC-2024,26000.0,24-12-2024 09:25:00,1.5,1.55,1.5,1.55,7738625.0,23375.0,2225.0,2238.45,2225.0,2238.45,1233300.0,500.0
NIFTY,26-DEC-2024,26000.0,24-12-2024 09:26:00,1.55,1.6,1.5,1.55,7738625.0,119225.0,2238.45,2238.45,2225.1,2230.0,1233300.0,550.0
NIFTY,26-DEC-2024,26000.0,24-12-2024 09:27:00,1.55,1.6,1.5,1.55,7754000.0,92650.0,2230.0,2230.7,2226.65,2226.65,1232875.0,100.0
NIFTY,26-DEC-2024,26000.0,24-12-2024 09:28:00,1.55,1.6,1.5,1.55,7754000.0,43100.0,2226.65,2229.9,2226.65,2228.6,1232875.0,250.0
NIFTY,26-DEC-2024,26000.0,24-12-2024 09:29:00,1.55,1.55,1.5,1.55,7754000.0,17600.0,2228.6,2228.6,2226.7,2227.3,1232875.0,575.0
NIFTY,26-DEC-2024,26000.0,24-12-2024 09:30:00,1.5,1.5,1.45,1.45,7754000.0,233125.0,2227.3,2230.9,2227.3,2230.9,1232875.0,300.0
NIFTY,26-DEC-2024,26000.0,24-12-2024 09:31:00,1.5,1.5,1.5,1.5,7828025.0,23425.0,2230.9,2240.0,2230.9,2240.0,1232400.0,350.0
NIFTY,26-DEC-2024,26000.0,24-12-2024 09:32:00,1.45,1.55,1.45,1.55,7828025.0,118375.0,2240.0,2270.0,2240.0,2265.0,1232400.0,200.0
NIFTY,26-DEC-2024,26000.0,24-12-2024 09:33:00,1.55,1.55,1.5,1.55,7757125.0,8700.0,2265.0,2274.05,2265.0,2271.85,1232400.0,2800.0
NIFTY,26-DEC-2024,26000.0,24-12-2024 09:34:00,1.55,1.55,1.5,1.55,7757125.0,13375.0,2271.85,2281.95,2271.85,2281.95,1231775.0,1250.0
NIFTY,26-DEC-2024,26000.0,24-12-2024 09:35:00,1.55,1.55,1.5,1.55,7757125.0,41075.0,2281.95,2281.95,2265.0,2266.0,1231775.0,550.0
NIFTY,26-DEC-2024,26000.0,24-12-2024 09:36:00,1.55,1.55,1.45,1.5,7784075.0,134500.0,2266.0,2275.0,2262.5,2275.0,1231250.0,450.0
NIFTY,26-DEC-2024,26000.0,24-12-2024 09:37:00,1.5,1.5,1.4,1.45,7784075.0,57550.0,2275.0,2277.2,2272.3,2275.6,1231250.0,475.0
NIFTY,26-DEC-2024,26000.0,24-12-2024 09:38:00,1.45,1.45,1.35,1.35,7784075.0,24900.0,2275.6,2275.6,2275.0,2275.0,1231250.0,300.0
NIFTY,26-DEC-2024,26000.0,24-12-2024 09:39:00,1.35,1.4,1.35,1.35,7765600.0,9350.0,2275.0,2278.7,2275.0,2276.75,1231250.0,475.0
NIFTY,26-DEC-2024,26000.0,24-12-2024 09:40:00,1.4,1.4,1.35,1.35,7765600.0,38175.0,2275.0,2275.0,2270.65,2270.65,1230950.0,175.0
NIFTY,26-DEC-2024,26000.0,24-12-2024 09:41:00,1.4,1.4,1.35,1.4,7765600.0,7200.0,2271.45,2277.4,2271.45,2277.1,1230950.0,250.0
NIFTY,26-DEC-2024,26000.0,24-12-2024 09:42:00,1.4,1.4,1.35,1.35,7770450.0,7925.0,2277.1,2277.1,2269.0,2269.0,1230950.0,250.0
NIFTY,26-DEC-2024,26000.0,24-12-2024 09:43:00,1.35,1.4,1.3,1.35,7770450.0,72625.0,2269.0,2271.35,2269.0,2271.35,1230800.0,625.0
NIFTY,26-DEC-2024,26000.0,24-12-2024 09:44:00,1.35,1.4,1.3,1.4,7770450.0,89325.0,2271.35,2271.35,2264.65,2264.65,1230800.0,25.0
NIFTY,26-DEC-2024,26000.0,24-12-2024 09:45:00,1.35,1.4,1.35,1.4,7757450.0,1925.0,2264.65,2264.65,2230.0,2239.25,1230425.0,150.0
NIFTY,26-DEC-2024,26000.0,24-12-2024 09:46:00,1.4,1.4,1.35,1.4,7757450.0,10900.0,2239.25,2245.95,2238.5,2238.5,1230425.0,125.0
NIFTY,26-DEC-2024,26000.0,24-12-2024 09:47:00,1.35,1.4,1.3,1.3,7757450.0,151200.0,2238.5,2238.5,2226.0,2226.0,1230425.0,75.0
NIFTY,26-DEC-2024,26000.0,24-12-2024 09:48:00,1.35,1.35,1.3,1.35,7748275.0,11100.0,2226.0,2228.8,2226.0,2228.8,1230425.0,125.0
NIFTY,26-DEC-2024,26000.0,24-12-2024 09:49:00,1.3,1.35,1.3,1.35,7748275.0,6775.0,2228.8,2228.8,2220.0,2220.0,1230325.0,950.0
NIFTY,26-DEC-2024,26000.0,24-12-2024 09:50:00,1.35,1.35,1.25,1.3,7748275.0,48800.0,2220.0,2220.0,2215.0,2215.95,1230325.0,75.0
NIFTY,26-DEC-2024,26000.0,24-12-2024 09:51:00,1.3,1.3,1.25,1.25,7751225.0,13675.0,2225.0,2225.0,2220.0,2220.0,1230325.0,900.0
NIFTY,26-DEC-2024,26000.0,24-12-2024 09:52:00,1.3,1.3,1.25,1.3,7751225.0,30850.0,2220.0,2220.0,2200.0,2200.0,1229775.0,375.0
NIFTY,26-DEC-2024,26000.0,24-12-2024 09:53:00,1.3,1.3,1.25,1.3,7751225.0,26750.0,2200.0,2215.0,2200.0,2209.95,1229775.0,125.0
NIFTY,26-DEC-2024,26000.0,24-12-2024 09:54:00,1.3,1.3,1.25,1.3,7751225.0,4750.0,2209.95,2210.0,2209.95,2210.0,1229775.0,25.0
NIFTY,26-DEC-2024,26000.0,24-12-2024 09:55:00,1.3,1.3,1.25,1.25,7749900.0,2500.0,2210.0,2220.0,2210.0,2220.0,1229675.0,75.0
NIFTY,26-DEC-2024,26000.0,24-12-2024 09:56:00,1.25,1.25,1.2,1.2,7749900.0,51725.0,2220.0,2226.9,2214.2,2214.2,1229675.0,2950.0
NIFTY,26-DEC-2024,26000.0,24-12-2024 09:57:00,1.2,1.25,1.2,1.2,7749900.0,25125.0,2214.2,2214.2,2207.1,2210.0,1229675.0,650.0
NIFTY,26-DEC-2024,26000.0,24-12-2024 09:58:00,1.2,1.2,1.15,1.2,7739125.0,85400.0,2208.2,2213.2,2203.1,2203.1,1227525.0,1950.0
NIFTY,26-DEC-2024,26000.0,24-12-2024 09:59:00,1.2,1.2,1.15,1.2,7739125.0,113750.0,2203.1,2204.0,2186.0,2186.0,1227525.0,2600.0
NIFTY,26-DEC-2024,26000.0,24-12-2024 10:00:00,1.2,1.2,1.15,1.15,7704025.0,220925.0,2190.4,2192.3,2176.0,2176.0,1223000.0,6800.0
NIFTY,26-DEC-2024,26000.0,24-12-2024 10:01:00,1.15,1.2,1.15,1.2,7704025.0,14475.0,2176.0,2191.4,2176.0,2191.4,1223000.0,1025.0
NIFTY,26-DEC-2024,26000.0,24-12-2024 10:02:00,1.2,1.2,1.15,1.15,7704025.0,12800.0,2191.4,2191.4,2180.0,2181.0,1223000.0,4300.0
NIFTY,26-DEC-2024,26000.0,24-12-2024 10:03:00,1.15,1.2,1.15,1.15,7696800.0,13000.0,2181.0,2185.0,2180.65,2185.0,1223000.0,450.0
NIFTY,26-DEC-2024,26000.0,24-12-2024 10:04:00,1.15,1.2,1.15,1.15,7696800.0,6050.0,2185.0,2186.65,2161.05,2161.05,1220000.0,2175.0
NIFTY,26-DEC-2024,26000.0,24-12-2024 10:05:00,1.15,1.2,1.15,1.2,7696800.0,9025.0,2161.05,2178.05,2161.05,2178.05,1220000.0,200.0
NIFTY,26-DEC-2024,26000.0,24-12-2024 10:06:00,1.15,1.2,1.15,1.15,7689800.0,4350.0,2178.0,2191.5,2178.0,2185.45,1217675.0,625.0
NIFTY,26-DEC-2024,26000.0,24-12-2024 10:07:00,1.15,1.15,1.1,1.15,7689800.0,117625.0,2185.45,2185.45,2169.0,2170.85,1217675.0,1025.0
NIFTY,26-DEC-2024,26000.0,24-12-2024 10:08:00,1.15,1.2,1.15,1.2,7689800.0,114150.0,2170.85,2178.0,2165.1,2165.1,1217675.0,775.0
NIFTY,26-DEC-2024,26000.0,24-12-2024 10:09:00,1.2,1.2,1.15,1.15,7689800.0,36575.0,2165.1,2170.05,2160.0,2160.0,1217675.0,500.0
NIFTY,26-DEC-2024,26000.0,24-12-2024 10:10:00,1.15,1.2,1.15,1.2,7680550.0,5675.0,2160.0,2164.0,2159.1,2160.6,1216250.0,200.0
NIFTY,26-DEC-2024,26000.0,24-12-2024 10:11:00,1.2,1.2,1.15,1.15,7680550.0,2775.0,2160.6,2168.6,2160.6,2168.6,1216250.0,175.0
NIFTY,26-DEC-2024,26000.0,24-12-2024 10:12:00,1.2,1.2,1.15,1.2,7680550.0,2225.0,2168.6,2172.65,2168.6,2170.8,1216250.0,200.0
NIFTY,26-DEC-2024,26000.0,24-12-2024 10:13:00,1.15,1.2,1.15,1.15,7677950.0,5925.0,2170.8,2170.8,2170.8,2170.8,1216250.0,0.0
NIFTY,26-DEC-2024,26000.0,24-12-2024 10:14:00,1.2,1.2,1.15,1.15,7677950.0,4700.0,2170.8,2178.85,2170.45,2178.85,1215425.0,225.0
NIFTY,26-DEC-2024,26000.0,24-12-2024 10:15:00,1.15,1.2,1.15,1.2,7675425.0,8325.0,2178.85,2178.85,2170.75,2170.75,1214800.0,550.0
NIFTY,26-DEC-2024,26000.0,24-12-2024 10:16:00,1.2,1.2,1.15,1.15,7675425.0,9350.0,2170.75,2170.75,2163.55,2167.85,1214800.0,500.0
NIFTY,26-DEC-2024,26000.0,24-12-2024 10:17:00,1.2,1.2,1.15,1.2,7675425.0,98875.0,2167.85,2167.85,2140.0,2140.0,1214800.0,1925.0
NIFTY,26-DEC-2024,26000.0,24-12-2024 10:18:00,1.2,1.2,1.1,1.15,7671075.0,51275.0,2140.0,2142.0,2133.35,2133.35,1211925.0,1025.0
NIFTY,26-DEC-2024,26000.0,24-12-2024 10:19:00,1.1,1.15,1.05,1.1,7671075.0,113425.0,2133.35,2137.2,2133.35,2137.2,1211925.0,400.0
NIFTY,26-DEC-2024,26000.0,24-12-2024 10:20:00,1.1,1.1,1.0,1.05,7671075.0,119375.0,2136.55,2140.0,2128.25,2128.25,1211925.0,700.0
NIFTY,26-DEC-2024,26000.0,24-12-2024 10:21:00,1.05,1.05,1.0,1.05,7653575.0,14625.0,2128.25,2136.4,2128.25,2133.0,1207125.0,4650.0
NIFTY,26-DEC-2024,26000.0,24-12-2024 10:22:00,1.0,1.05,1.0,1.0,7653575.0,23100.0,2133.0,2133.0,2128.85,2128.85,1207125.0,150.0
NIFTY,26-DEC-2024,26000.0,24-12-2024 10:23:00,1.05,1.05,1.0,1.0,7653575.0,16750.0,2130.0,2140.0,2128.25,2140.0,1207125.0,4975.0
NIFTY,26-DEC-2024,26000.0,24-12-2024 10:24:00,1.05,1.05,1.0,1.0,7651600.0,12450.0,2140.0,2146.05,2140.0,2140.0,1207125.0,900.0
NIFTY,26-DEC-2024,26000.0,24-12-2024 10:25:00,1.05,1.05,1.0,1.0,7651600.0,8225.0,2140.0,2151.1,2140.0,2150.0,1202225.0,150.0
NIFTY,26-DEC-2024,26000.0,24-12-2024 10:26:00,1.05,1.05,1.0,1.05,7651600.0,6375.0,2150.0,2150.8,2141.8,2141.8,1202225.0,650.0
NIFTY,26-DEC-2024,26000.0,24-12-2024 10:27:00,1.05,1.05,1.0,1.05,7651600.0,7875.0,2141.95,2141.95,2130.0,2130.0,1202225.0,975.0
NIFTY,26-DEC-2024,26000.0,24-12-2024 10:28:00,1.05,1.05,1.0,1.0,7652750.0,5975.0,2125.0,2131.8,2125.0,2130.0,1200500.0,200.0
NIFTY,26-DEC-2024,26000.0,24-12-2024 10:29:00,1.05,1.05,1.0,1.05,7652750.0,6025.0,2128.0,2131.5,2128.0,2131.2,1200500.0,1075.0
NIFTY,26-DEC-2024,26000.0,24-12-2024 10:30:00,1.05,1.05,1.0,1.05,7652750.0,6400.0,2130.1,2136.2,2128.6,2136.2,1200500.0,1600.0
NIFTY,26-DEC-2024,26000.0,24-12-2024 10:31:00,1.05,1.05,1.0,1.05,7647600.0,0.0,2136.2,2136.2,2124.6,2132.25,1197800.0,300.0
NIFTY,26-DEC-2024,26000.0,24-12-2024 10:32:00,1.05,1.05,1.0,1.0,7647600.0,70350.0,2132.2,2132.2,2127.0,2127.0,1197800.0,425.0
NIFTY,26-DEC-2024,26000.0,24-12-2024 10:33:00,1.05,1.05,1.0,1.05,7647600.0,7075.0,2127.0,2133.15,2127.0,2129.95,1197800.0,1375.0
NIFTY,26-DEC-2024,26000.0,24-12-2024 10:34:00,1.05,1.05,1.0,1.05,7652225.0,7575.0,2129.95,2131.95,2129.95,2130.85,1197800.0,325.0
NIFTY,26-DEC-2024,26000.0,24-12-2024 10:35:00,1.05,1.05,1.0,1.05,7652225.0,10000.0,2127.05,2131.2,2127.05,2131.2,1196550.0,750.0
NIFTY,26-DEC-2024,26000.0,24-12-2024 10:36:00,1.05,1.05,1.0,1.05,7652225.0,1325.0,2138.5,2143.85,2138.5,2140.0,1196550.0,2125.0
NIFTY,26-DEC-2024,26000.0,24-12-2024 10:37:00,1.05,1.05,1.0,1.0,7646775.0,12550.0,2140.0,2140.0,2130.25,2135.0,1193550.0,1775.0
NIFTY,26-DEC-2024,26000.0,24-12-2024 10:38:00,1.0,1.05,1.0,1.0,7646775.0,19900.0,2135.0,2140.75,2135.0,2136.0,1193550.0,175.0
NIFTY,26-DEC-2024,26000.0,24-12-2024 10:39:00,1.05,1.05,1.0,1.05,7646775.0,3675.0,2136.0,2138.6,2134.0,2138.0,1193550.0,1000.0
NIFTY,26-DEC-2024,26000.0,24-12-2024 10:40:00,1.0,1.0,0.95,0.95,7640875.0,43100.0,2138.0,2138.55,2131.95,2138.55,1191200.0,725.0
NIFTY,26-DEC-2024,26000.0,24-12-2024 10:41:00,1.0,1.0,0.95,1.0,7640875.0,7075.0,2138.65,2146.65,2138.65,2144.0,1191200.0,1525.0
NIFTY,26-DEC-2024,26000.0,24-12-2024 10:42:00,1.0,1.0,0.95,1.0,7640875.0,16500.0,2144.0,2160.0,2144.0,2155.0,1191200.0,900.0
NIFTY,26-DEC-2024,26000.0,24-12-2024 10:43:00,1.0,1.0,0.95,1.0,7643000.0,13725.0,2155.0,2162.6,2155.0,2155.0,1188800.0,800.0
NIFTY,26-DEC-2024,26000.0,24-12-2024 10:44:00,1.0,1.0,0.95,1.0,7643000.0,19000.0,2155.0,2162.2,2155.0,2162.2,1188800.0,600.0
NIFTY,26-DEC-2024,26000.0,24-12-2024 10:45:00,1.0,1.0,0.95,1.0,7643000.0,39800.0,2162.2,2162.2,2155.0,2155.0,1188800.0,1100.0
NIFTY,26-DEC-2024,26000.0,24-12-2024 10:46:00,0.95,1.0,0.95,0.95,7631600.0,89650.0,2155.0,2168.6,2155.0,2166.85,1186575.0,350.0
NIFTY,26-DEC-2024,26000.0,24-12-2024 10:47:00,0.95,1.0,0.95,1.0,7631600.0,28225.0,2166.85,2166.85,2152.1,2152.1,1186575.0,875.0
NIFTY,26-DEC-2024,26000.0,24-12-2024 10:48:00,0.95,1.0,0.95,1.0,7631600.0,30200.0,2152.1,2156.4,2147.3,2147.3,1186575.0,475.0
NIFTY,26-DEC-2024,26000.0,24-12-2024 10:49:00,1.0,1.05,0.95,1.05,7573425.0,188175.0,2147.3,2150.5,2147.3,2150.5,1186575.0,100.0
NIFTY,26-DEC-2024,26000.0,24-12-2024 10:50:00,1.05,1.05,1.0,1.05,7573425.0,6850.0,2150.5,2165.0,2150.5,2165.0,1185400.0,750.0
NIFTY,26-DEC-2024,26000.0,24-12-2024 10:51:00,1.0,1.05,1.0,1.05,7573425.0,5100.0,2165.0,2165.0,2158.75,2162.0,1185400.0,350.0
NIFTY,26-DEC-2024,26000.0,24-12-2024 10:52:00,1.05,1.05,0.95,1.0,7593050.0,116050.0,2157.55,2157.55,2157.55,2157.55,1185400.0,25.0
NIFTY,26-DEC-2024,26000.0,24-12-2024 10:53:00,1.0,1.05,0.95,1.0,7593050.0,86975.0,2157.55,2168.45,2157.55,2166.0,1184375.0,1425.0
NIFTY,26-DEC-2024,26000.0,24-12-2024 10:54:00,1.05,1.05,1.0,1.0,7593050.0,8775.0,2166.0,2166.0,2152.0,2152.35,1184375.0,1375.0
NIFTY,26-DEC-2024,26000.0,24-12-2024 10:55:00,1.0,1.05,1.0,1.05,7605000.0,9850.0,2152.35,2152.35,2139.0,2139.05,1182025.0,1125.0
NIFTY,26-DEC-2024,26000.0,24-12-2024 10:56:00,1.05,1.05,1.0,1.05,7605000.0,4050.0,2139.05,2146.75,2139.05,2140.6,1182025.0,750.0
NIFTY,26-DEC-2024,26000.0,24-12-2024 10:57:00,1.05,1.05,1.0,1.0,7605000.0,2825.0,2140.6,2142.65,2139.45,2139.45,1182025.0,150.0
NIFTY,26-DEC-2024,26000.0,24-12-2024 10:58:00,1.05,1.05,1.0,1.0,7607375.0,1900.0,2139.45,2142.05,2139.45,2142.05,1180075.0,100.0
NIFTY,26-DEC-2024,26000.0,24-12-2024 10:59:00,1.05,1.05,1.05,1.05,7607375.0,11925.0,2142.05,2160.0,2142.05,2155.0,1180075.0,825.0
NIFTY,26-DEC-2024,26000.0,24-12-2024 11:00:00,1.0,1.05,1.0,1.0,7607375.0,9425.0,2155.0,2155.0,2150.0,2150.0,1180075.0,150.0
NIFTY,26-DEC-2024,26000.0,24-12-2024 11:01:00,1.05,1.05,1.0,1.0,7622100.0,9375.0,2150.0,2150.0,2137.1,2140.0,1179075.0,150.0
NIFTY,26-DEC-2024,26000.0,24-12-2024 11:02:00,1.05,1.05,1.0,1.0,7622100.0,15550.0,2137.0,2140.75,2137.0,2140.1,1179075.0,225.0
NIFTY,26-DEC-2024,26000.0,24-12-2024 11:03:00,1.0,1.05,1.0,1.05,7622100.0,10400.0,2140.1,2140.1,2136.75,2137.0,1179075.0,75.0
NIFTY,26-DEC-2024,26000.0,24-12-2024 11:04:00,1.05,1.05,1.0,1.0,7638000.0,2700.0,2140.0,2140.0,2133.2,2133.2,1178500.0,450.0
NIFTY,26-DEC-2024,26000.0,24-12-2024 11:05:00,1.0,1.05,1.0,1.0,7638000.0,4150.0,2133.2,2138.3,2133.2,2137.0,1178500.0,700.0
NIFTY,26-DEC-2024,26000.0,24-12-2024 11:06:00,1.0,1.05,1.0,1.0,7638000.0,12175.0,2137.0,2144.0,2137.0,2139.6,1178500.0,100.0
NIFTY,26-DEC-2024,26000.0,24-12-2024 11:07:00,1.05,1.05,1.0,1.05,7651250.0,8900.0,2139.6,2147.45,2139.6,2147.45,1176725.0,925.0
NIFTY,26-DEC-2024,26000.0,24-12-2024 11:08:00,1.0,1.05,1.0,1.05,7651250.0,4800.0,2147.1,2153.0,2145.75,2145.85,1176725.0,300.0
NIFTY,26-DEC-2024,26000.0,24-12-2024 11:09:00,1.05,1.05,1.0,1.05,7651250.0,4325.0,2146.05,2146.05,2141.55,2141.55,1176725.0,300.0
NIFTY,26-DEC-2024,26000.0,24-12-2024 11:10:00,1.05,1.05,1.0,1.05,7656075.0,2975.0,2141.55,2144.95,2140.0,2140.0,1175825.0,800.0
NIFTY,26-DEC-2024,26000.0,24-12-2024 11:11:00,1.05,1.05,1.0,1.05,7656075.0,23550.0,2140.0,2143.05,2140.0,2142.0,1175825.0,475.0
NIFTY,26-DEC-2024,26000.0,24-12-2024 11:12:00,1.0,1.05,1.0,1.05,7656075.0,28425.0,2142.0,2151.0,2142.0,2149.0,1175825.0,825.0
NIFTY,26-DEC-2024,26000.0,24-12-2024 11:13:00,1.05,1.05,1.0,1.05,7669750.0,32675.0,2153.0,2154.75,2150.0,2153.0,1173525.0,675.0
NIFTY,26-DEC-2024,26000.0,24-12-2024 11:14:00,1.05,1.05,1.0,1.05,7669750.0,9375.0,2153.0,2156.5,2153.0,2156.5,1173525.0,1575.0
NIFTY,26-DEC-2024,26000.0,24-12-2024 11:15:00,1.05,1.05,1.0,1.05,7669750.0,29775.0,2156.5,2156.5,2150.0,2150.0,1173525.0,250.0
NIFTY,26-DEC-2024,26000.0,24-12-2024 11:16:00,1.0,1.05,1.0,1.05,7641025.0,106200.0,2150.0,2150.0,2136.7,2139.4,1170825.0,925.0
NIFTY,26-DEC-2024,26000.0,24-12-2024 11:17:00,1.05,1.1,1.0,1.1,7641025.0,154450.0,2139.4,2142.05,2139.4,2139.4,1170825.0,300.0
NIFTY,26-DEC-2024,26000.0,24-12-2024 11:18:00,1.05,1.1,1.05,1.1,7641025.0,7325.0,2134.35,2137.0,2128.0,2130.0,1170825.0,1150.0
NIFTY,26-DEC-2024,26000.0,24-12-2024 11:19:00,1.05,1.05,1.0,1.0,7657300.0,44725.0,2130.0,2137.25,2130.0,2136.0,1169075.0,450.0
NIFTY,26-DEC-2024,26000.0,24-12-2024 11:20:00,1.0,1.05,1.0,1.0,7657300.0,4225.0,2136.0,2136.0,2132.0,2135.65,1169075.0,725.0
NIFTY,26-DEC-2024,26000.0,24-12-2024 11:21:00,1.05,1.05,1.0,1.05,7657300.0,31875.0,2136.95,2142.65,2136.95,2141.9,1169075.0,1175.0
NIFTY,26-DEC-2024,26000.0,24-12-2024 11:22:00,1.05,1.05,1.0,1.05,7667800.0,20275.0,2141.9,2141.9,2135.1,2138.75,1166725.0,375.0
NIFTY,26-DEC-2024,26000.0,24-12-2024 11:23:00,1.0,1.05,1.0,1.05,7667800.0,6800.0,2138.75,2138.8,2134.45,2137.25,1166725.0,1325.0
NIFTY,26-DEC-2024,26000.0,24-12-2024 11:24:00,1.05,1.05,1.0,1.05,7667800.0,2950.0,2137.25,2144.1,2137.25,2143.0,1166725.0,125.0
NIFTY,26-DEC-2024,26000.0,24-12-2024 11:25:00,1.05,1.05,1.0,1.05,7658825.0,9525.0,2143.0,2144.25,2140.15,2140.15,1166725.0,75.0
NIFTY,26-DEC-2024,26000.0,24-12-2024 11:26:00,1.05,1.05,1.0,1.05,7658825.0,13775.0,2140.15,2145.4,2140.15,2145.2,1164850.0,25.0
NIFTY,26-DEC-2024,26000.0,24-12-2024 11:27:00,1.05,1.05,1.05,1.05,7658825.0,2400.0,2145.2,2147.9,2145.0,2147.9,1164850.0,600.0
NIFTY,26-DEC-2024,26000.0,24-12-2024 11:28:00,1.05,1.05,1.0,1.05,7664475.0,6525.0,2147.9,2150.05,2142.3,2149.0,1164200.0,1050.0
NIFTY,26-DEC-2024,26000.0,24-12-2024 11:29:00,1.0,1.05,1.0,1.05,7664475.0,18425.0,2149.0,2149.0,2144.85,2144.85,1164200.0,600.0
NIFTY,26-DEC-2024,26000.0,24-12-2024 11:30:00,1.05,1.05,1.05,1.05,7664475.0,1350.0,2144.85,2145.75,2143.35,2145.75,1164200.0,75.0
NIFTY,26-DEC-2024,26000.0,24-12-2024 11:31:00,1.05,1.05,1.0,1.05,7675650.0,700.0,2145.75,2158.0,2145.75,2157.45,1162475.0,1425.0
NIFTY,26-DEC-2024,26000.0,24-12-2024 11:32:00,1.05,1.1,1.0,1.05,7675650.0,260525.0,2157.45,2157.45,2148.2,2150.85,1162475.0,475.0
NIFTY,26-DEC-2024,26000.0,24-12-2024 11:33:00,1.0,1.05,1.0,1.05,7675650.0,3350.0,2150.85,2156.85,2150.85,2155.85,1162475.0,300.0
NIFTY,26-DEC-2024,26000.0,24-12-2024 11:34:00,1.05,1.05,1.0,1.05,7698625.0,25850.0,2155.85,2155.85,2152.95,2152.95,1160300.0,600.0
NIFTY,26-DEC-2024,26000.0,24-12-2024 11:35:00,1.0,1.05,1.0,1.0,7698625.0,6425.0,2152.95,2152.95,2145.0,2145.0,1160300.0,175.0
NIFTY,26-DEC-2024,26000.0,24-12-2024 11:36:00,1.0,1.05,1.0,1.0,7698625.0,4300.0,2145.0,2163.75,2145.0,2160.25,1160300.0,900.0
NIFTY,26-DEC-2024,26000.0,24-12-2024 11:37:00,1.05,1.05,1.0,1.05,7716050.0,14450.0,2160.25,2160.25,2155.0,2155.0,1158725.0,25.0
NIFTY,26-DEC-2024,26000.0,24-12-2024 11:38:00,1.0,1.05,1.0,1.05,7716050.0,1750.0,2155.8,2155.8,2153.95,2153.95,1158725.0,300.0
NIFTY,26-DEC-2024,26000.0,24-12-2024 11:39:00,1.05,1.05,1.0,1.05,7716050.0,27750.0,2151.8,2152.0,2145.9,2145.9,1158725.0,2500.0
NIFTY,26-DEC-2024,26000.0,24-12-2024 11:40:00,1.05,1.05,1.0,1.05,7738675.0,4175.0,2147.75,2148.0,2145.0,2146.5,1155600.0,575.0
NIFTY,26-DEC-2024,26000.0,24-12-2024 11:41:00,1.05,1.05,1.0,1.05,7738675.0,12400.0,2143.05,2146.05,2141.0,2143.6,1155600.0,450.0
NIFTY,26-DEC-2024,26000.0,24-12-2024 11:42:00,1.05,1.05,1.0,1.0,7738675.0,5325.0,2143.6,2149.4,2143.0,2144.9,1155600.0,1275.0
NIFTY,26-DEC-2024,26000.0,24-12-2024 11:43:00,1.0,1.05,1.0,1.05,7730225.0,9450.0,2144.9,2151.85,2144.9,2151.85,1153700.0,300.0
NIFTY,26-DEC-2024,26000.0,24-12-2024 11:44:00,1.05,1.05,1.0,1.05,7730225.0,2150.0,2151.85,2151.85,2148.25,2149.7,1153700.0,500.0
NIFTY,26-DEC-2024,26000.0,24-12-2024 11:45:00,1.05,1.05,1.0,1.05,7730225.0,1500.0,2149.7,2149.7,2147.0,2148.25,1153700.0,750.0
NIFTY,26-DEC-2024,26000.0,24-12-2024 11:46:00,1.05,1.05,1.0,1.05,7722250.0,4300.0,2148.25,2148.25,2144.0,2144.0,1152825.0,400.0
NIFTY,26-DEC-2024,26000.0,24-12-2024 11:47:00,1.05,1.05,1.0,1.0,7722250.0,1200.0,2144.0,2144.0,2141.0,2141.0,1152825.0,250.0
NIFTY,26-DEC-2024,26000.0,24-12-2024 11:48:00,1.05,1.05,1.0,1.05,7722250.0,2600.0,2141.0,2156.0,2141.0,2156.0,1152825.0,75.0
NIFTY,26-DEC-2024,26000.0,24-12-2024 11:49:00,1.05,1.05,1.0,1.0,7725250.0,4075.0,2156.0,2159.4,2155.0,2155.0,1152025.0,1050.0
NIFTY,26-DEC-2024,26000.0,24-12-2024 11:50:00,1.05,1.05,1.05,1.05,7725250.0,2125.0,2155.0,2160.5,2155.0,2160.5,1152025.0,250.0
NIFTY,26-DEC-2024,26000.0,24-12-2024 11:51:00,1.05,1.05,1.0,1.05,7725250.0,7150.0,2160.5,2160.9,2156.5,2158.0,1152025.0,600.0
NIFTY,26-DEC-2024,26000.0,24-12-2024 11:52:00,1.0,1.05,1.0,1.05,7723350.0,12600.0,2158.0,2158.0,2158.0,2158.0,1152025.0,50.0
NIFTY,26-DEC-2024,26000.0,24-12-2024 11:53:00,1.05,1.05,1.0,1.0,7723350.0,22025.0,2158.0,2158.0,2155.0,2155.0,1152025.0,100.0
NIFTY,26-DEC-2024,26000.0,24-12-2024 11:54:00,1.0,1.05,1.0,1.05,7723350.0,18225.0,2155.0,2155.0,2155.0,2155.0,1152025.0,0.0
NIFTY,26-DEC-2024,26000.0,24-12-2024 11:55:00,1.05,1.05,1.0,1.0,7740225.0,1000.0,2155.0,2155.0,2148.0,2148.0,1151100.0,1100.0
NIFTY,26-DEC-2024,26000.0,24-12-2024 11:56:00,1.0,1.05,1.0,1.05,7740225.0,22950.0,2148.0,2154.8,2148.0,2154.8,1151100.0,475.0
NIFTY,26-DEC-2024,26000.0,24-12-2024 11:57:00,1.05,1.05,1.0,1.05,7740225.0,1775.0,2154.8,2156.55,2154.0,2156.55,1151100.0,625.0
NIFTY,26-DEC-2024,26000.0,24-12-2024 11:58:00,1.0,1.05,1.0,1.0,7733625.0,13425.0,2156.55,2161.9,2156.55,2160.85,1151100.0,4050.0
NIFTY,26-DEC-2024,26000.0,24-12-2024 11:59:00,1.05,1.05,1.0,1.0,7733625.0,3150.0,2155.0,2155.0,2155.0,2155.0,1145100.0,675.0
NIFTY,26-DEC-2024,26000.0,24-12-2024 12:00:00,1.0,1.05,1.0,1.0,7733625.0,1125.0,2155.0,2158.0,2155.0,2158.0,1145100.0,50.0
NIFTY,26-DEC-2024,26000.0,24-12-2024 12:01:00,1.05,1.05,1.0,1.0,7728825.0,0.0,2158.0,2160.0,2158.0,2160.0,1145100.0,50.0
NIFTY,26-DEC-2024,26000.0,24-12-2024 12:02:00,1.0,1.05,1.0,1.0,7728825.0,6975.0,2160.0,2173.05,2160.0,2170.75,1144375.0,375.0
NIFTY,26-DEC-2024,26000.0,24-12-2024 12:03:00,1.05,1.05,1.0,1.0,7728825.0,3600.0,2172.7,2175.7,2172.7,2175.7,1144375.0,800.0
NIFTY,26-DEC-2024,26000.0,24-12-2024 12:04:00,1.05,1.05,1.0,1.0,7724150.0,5575.0,2175.7,2182.0,2175.7,2182.0,1143525.0,75.0
NIFTY,26-DEC-2024,26000.0,24-12-2024 12:05:00,1.05,1.05,1.0,1.0,7724150.0,22050.0,2182.0,2187.1,2182.0,2182.7,1143525.0,1050.0
NIFTY,26-DEC-2024,26000.0,24-12-2024 12:06:00,1.05,1.05,1.0,1.05,7724150.0,66400.0,2180.0,2183.0,2179.55,2183.0,1143525.0,1025.0
NIFTY,26-DEC-2024,26000.0,24-12-2024 12:07:00,1.05,1.05,1.0,1.0,7664275.0,1525.0,2183.0,2183.0,2177.95,2177.95,1143525.0,150.0
NIFTY,26-DEC-2024,26000.0,24-12-2024 12:08:00,1.0,1.05,1.0,1.0,7664275.0,191025.0,2177.95,2181.75,2177.95,2181.75,1142600.0,750.0
NIFTY,26-DEC-2024,26000.0,24-12-2024 12:09:00,0.95,1.0,0.95,1.0,7664275.0,14550.0,2181.75,2185.0,2181.75,2182.55,1142600.0,150.0
NIFTY,26-DEC-2024,26000.0,24-12-2024 12:10:00,1.0,1.0,0.95,1.0,7641025.0,14700.0,2182.55,2196.25,2182.55,2190.1,1141700.0,275.0
NIFTY,26-DEC-2024,26000.0,24-12-2024 12:11:00,0.95,1.0,0.95,1.0,7641025.0,12725.0,2190.1,2193.0,2190.1,2193.0,1141700.0,500.0
NIFTY,26-DEC-2024,26000.0,24-12-2024 12:12:00,1.0,1.0,0.95,0.95,7641025.0,12700.0,2190.1,2190.1,2190.0,2190.0,1141700.0,175.0
NIFTY,26-DEC-2024,26000.0,24-12-2024 12:13:00,1.0,1.0,0.95,1.0,7663700.0,23100.0,2190.0,2194.35,2190.0,2190.0,1140625.0,250.0
NIFTY,26-DEC-2024,26000.0,24-12-2024 12:14:00,1.0,1.0,0.95,1.0,7663700.0,16825.0,2190.0,2195.0,2188.0,2191.2,1140625.0,900.0
NIFTY,26-DEC-2024,26000.0,24-12-2024 12:15:00,1.0,1.0,0.95,0.95,7663700.0,5325.0,2191.2,2203.55,2191.2,2203.55,1140625.0,175.0
NIFTY,26-DEC-2024,26000.0,24-12-2024 12:16:00,0.95,1.0,0.9,0.95,7656525.0,143450.0,2203.55,2206.25,2197.95,2202.2,1139375.0,2350.0
NIFTY,26-DEC-2024,26000.0,24-12-2024 12:17:00,0.95,0.95,0.9,0.9,7656525.0,95400.0,2202.2,2206.55,2202.2,2204.9,1139375.0,200.0
NIFTY,26-DEC-2024,26000.0,24-12-2024 12:18:00,0.9,0.95,0.9,0.9,7656525.0,16175.0,2204.9,2212.6,2202.45,2205.0,1139375.0,850.0
NIFTY,26-DEC-2024,26000.0,24-12-2024 12:19:00,0.95,0.95,0.9,0.9,7587175.0,2775.0,2205.0,2205.0,2205.0,2205.0,1139375.0,0.0
NIFTY,26-DEC-2024,26000.0,24-12-2024 12:20:00,0.95,0.95,0.9,0.9,7587175.0,4025.0,2204.25,2209.15,2204.25,2207.05,1137075.0,225.0
NIFTY,26-DEC-2024,26000.0,24-12-2024 12:21:00,0.9,0.95,0.9,0.95,7587175.0,4975.0,2207.05,2218.45,2207.05,2218.45,1137075.0,400.0
NIFTY,26-DEC-2024,26000.0,24-12-2024 12:22:00,0.95,1.0,0.9,0.9,7586675.0,154950.0,2218.45,2218.45,2214.0,2214.0,1136525.0,675.0
NIFTY,26-DEC-2024,26000.0,24-12-2024 12:23:00,0.95,0.95,0.9,0.9,7586675.0,21850.0,2214.0,2214.0,2211.0,2212.0,1136525.0,275.0
NIFTY,26-DEC-2024,26000.0,24-12-2024 12:24:00,0.9,0.95,0.9,0.95,7586675.0,3325.0,2212.0,2212.0,2212.0,2212.0,1136525.0,0.0
NIFTY,26-DEC-2024,26000.0,24-12-2024 12:25:00,0.9,0.95,0.9,0.95,7593550.0,5800.0,2212.0,2212.0,2212.0,2212.0,1135825.0,150.0
NIFTY,26-DEC-2024,26000.0,24-12-2024 12:26:00,0.9,0.95,0.9,0.95,7593550.0,8650.0,2212.0,2212.0,2206.0,2208.4,1135825.0,175.0
NIFTY,26-DEC-2024,26000.0,24-12-2024 12:27:00,0.95,0.95,0.9,0.9,7593550.0,6475.0,2217.05,2222.0,2212.6,2212.6,1135825.0,575.0
NIFTY,26-DEC-2024,26000.0,24-12-2024 12:28:00,0.9,0.95,0.9,0.9,7594975.0,900.0,2212.6,2212.6,2212.6,2212.6,1135825.0,0.0
NIFTY,26-DEC-2024,26000.0,24-12-2024 12:29:00,0.9,0.95,0.9,0.95,7594975.0,99775.0,2212.6,2212.6,2203.95,2203.95,1134950.0,125.0
NIFTY,26-DEC-2024,26000.0,24-12-2024 12:30:00,1.0,1.0,0.95,0.95,7594975.0,20450.0,2203.95,2212.0,2203.95,2207.0,1134950.0,250.0
NIFTY,26-DEC-2024,26000.0,24-12-2024 12:31:00,1.0,1.0,0.95,1.0,7555575.0,33650.0,2207.0,2209.3,2193.9,2193.9,1134325.0,850.0
NIFTY,26-DEC-2024,26000.0,24-12-2024 12:32:00,0.95,1.0,0.95,1.0,7555575.0,9250.0,2193.9,2201.95,2193.9,2201.95,1134325.0,325.0
NIFTY,26-DEC-2024,26000.0,24-12-2024 12:33:00,1.0,1.0,0.95,1.0,7555575.0,2800.0,2201.95,2204.25,2194.8,2194.8,1134325.0,275.0
NIFTY,26-DEC-2024,26000.0,24-12-2024 12:34:00,1.0,1.0,0.95,0.95,7554775.0,1600.0,2194.8,2195.6,2190.0,2190.0,1133350.0,250.0
NIFTY,26-DEC-2024,26000.0,24-12-2024 12:35:00,1.0,1.0,0.95,1.0,7554775.0,3850.0,2190.0,2195.4,2190.0,2195.4,1133350.0,200.0
NIFTY,26-DEC-2024,26000.0,24-12-2024 12:36:00,1.0,1.0,0.95,1.0,7554775.0,3550.0,2195.4,2195.4,2185.0,2189.45,1133350.0,475.0
NIFTY,26-DEC-2024,26000.0,24-12-2024 12:37:00,1.0,1.0,0.95,0.95,7559200.0,7800.0,2189.45,2189.45,2184.0,2184.0,1133350.0,100.0
NIFTY,26-DEC-2024,26000.0,24-12-2024 12:38:00,1.0,1.0,0.95,1.0,7559200.0,239350.0,2184.0,2184.0,2180.0,2184.0,1132600.0,25.0
NIFTY,26-DEC-2024,26000.0,24-12-2024 12:39:00,1.0,1.0,0.95,1.0,7559200.0,27350.0,2182.0,2185.0,2182.0,2185.0,1132600.0,200.0
NIFTY,26-DEC-2024,26000.0,24-12-2024 12:40:00,1.0,1.0,1.0,1.0,7484725.0,69050.0,2185.0,2185.0,2179.6,2179.6,1132375.0,575.0
NIFTY,26-DEC-2024,26000.0,24-12-2024 12:41:00,1.0,1.0,0.95,1.0,7484725.0,115125.0,2181.0,2181.0,2176.75,2176.75,1132375.0,75.0
NIFTY,26-DEC-2024,26000.0,24-12-2024 12:42:00,1.0,1.0,0.95,1.0,7484725.0,18975.0,2175.0,2179.2,2175.0,2179.2,1132375.0,325.0
NIFTY,26-DEC-2024,26000.0,24-12-2024 12:43:00,1.0,1.0,0.95,1.0,7393100.0,31750.0,2177.0,2181.7,2177.0,2179.0,1131200.0,550.0
NIFTY,26-DEC-2024,26000.0,24-12-2024 12:44:00,1.0,1.0,0.95,1.0,7393100.0,5500.0,2179.7,2183.0,2178.0,2178.0,1131200.0,250.0
NIFTY,26-DEC-2024,26000.0,24-12-2024 12:45:00,0.95,1.0,0.95,0.95,7393100.0,7975.0,2178.45,2178.45,2170.0,2170.0,1131200.0,675.0
NIFTY,26-DEC-2024,26000.0,24-12-2024 12:46:00,1.0,1.0,0.95,0.95,7389475.0,12325.0,2170.0,2170.0,2160.0,2166.25,1129725.0,350.0
NIFTY,26-DEC-2024,26000.0,24-12-2024 12:47:00,0.95,1.0,0.95,1.0,7389475.0,8650.0,2166.25,2171.0,2166.25,2171.0,1129725.0,175.0
NIFTY,26-DEC-2024,26000.0,24-12-2024 12:48:00,0.95,1.0,0.95,1.0,7389475.0,41600.0,2171.0,2173.0,2171.0,2172.0,1129725.0,450.0
NIFTY,26-DEC-2024,26000.0,24-12-2024 12:49:00,1.0,1.0,0.9,0.9,7384025.0,29400.0,2172.0,2181.05,2172.0,2181.0,1128950.0,200.0
NIFTY,26-DEC-2024,26000.0,24-12-2024 12:50:00,0.95,0.95,0.9,0.9,7384025.0,11725.0,2181.0,2185.0,2180.0,2180.0,1128950.0,250.0
NIFTY,26-DEC-2024,26000.0,24-12-2024 12:51:00,0.9,0.95,0.9,0.9,7384025.0,2525.0,2180.0,2182.95,2180.0,2181.8,1128950.0,250.0
NIFTY,26-DEC-2024,26000.0,24-12-2024 12:52:00,0.95,0.95,0.9,0.95,7395650.0,4925.0,2181.25,2181.25,2178.0,2179.25,1128650.0,775.0
NIFTY,26-DEC-2024,26000.0,24-12-2024 12:53:00,0.95,0.95,0.9,0.9,7395650.0,5800.0,2179.25,2184.45,2179.25,2180.95,1128650.0,225.0
NIFTY,26-DEC-2024,26000.0,24-12-2024 12:54:00,0.9,0.95,0.9,0.9,7395650.0,33625.0,2180.95,2188.4,2180.95,2188.4,1128650.0,150.0
NIFTY,26-DEC-2024,26000.0,24-12-2024 12:55:00,0.85,0.9,0.85,0.9,7358250.0,40050.0,2185.75,2187.35,2185.75,2187.35,1127025.0,200.0
NIFTY,26-DEC-2024,26000.0,24-12-2024 12:56:00,0.85,0.9,0.85,0.85,7358250.0,9825.0,2187.35,2191.0,2185.8,2185.8,1127025.0,150.0
NIFTY,26-DEC-2024,26000.0,24-12-2024 12:57:00,0.85,0.9,0.85,0.85,7358250.0,1575.0,2185.8,2189.9,2185.8,2189.9,1127025.0,100.0
NIFTY,26-DEC-2024,26000.0,24-12-2024 12:58:00,0.85,0.9,0.85,0.85,7357275.0,20500.0,2189.9,2189.9,2187.0,2187.0,1126725.0,100.0
NIFTY,26-DEC-2024,26000.0,24-12-2024 12:59:00,0.85,0.9,0.85,0.85,7357275.0,17725.0,2187.0,2190.0,2187.0,2188.25,1126725.0,125.0
NIFTY,26-DEC-2024,26000.0,24-12-2024 13:00:00,0.85,0.9,0.85,0.9,7357275.0,30825.0,2188.25,2189.65,2188.0,2189.65,1126725.0,500.0
NIFTY,26-DEC-2024,26000.0,24-12-2024 13:01:00,0.85,0.9,0.85,0.85,7392875.0,16825.0,2189.65,2191.95,2189.65,2191.95,1126725.0,125.0
NIFTY,26-DEC-2024,26000.0,24-12-2024 13:02:00,0.85,0.85,0.85,0.85,7392875.0,5150.0,2191.95,2191.95,2191.95,2191.95,1126725.0,0.0
NIFTY,26-DEC-2024,26000.0,24-12-2024 13:03:00,0.9,0.9,0.85,0.85,7392875.0,3325.0,2190.0,2193.2,2184.9,2193.2,1125900.0,175.0
NIFTY,26-DEC-2024,26000.0,24-12-2024 13:04:00,0.9,0.9,0.85,0.85,7348450.0,89875.0,2193.2,2196.45,2193.2,2195.85,1125700.0,475.0
NIFTY,26-DEC-2024,26000.0,24-12-2024 13:05:00,0.9,0.9,0.85,0.9,7348450.0,42425.0,2195.85,2200.15,2195.85,2200.15,1125700.0,100.0
NIFTY,26-DEC-2024,26000.0,24-12-2024 13:06:00,0.9,0.9,0.9,0.9,7348450.0,92425.0,2200.15,2202.0,2200.15,2202.0,1125700.0,125.0
NIFTY,26-DEC-2024,26000.0,24-12-2024 13:07:00,0.9,0.9,0.85,0.9,7249500.0,35800.0,2202.0,2202.0,2198.05,2198.05,1125125.0,50.0
NIFTY,26-DEC-2024,26000.0,24-12-2024 13:08:00,0.9,0.9,0.85,0.9,7249500.0,5025.0,2198.0,2200.0,2196.0,2196.85,1125125.0,350.0
NIFTY,26-DEC-2024,26000.0,24-12-2024 13:09:00,0.9,0.9,0.85,0.9,7249500.0,2475.0,2196.85,2197.4,2196.85,2197.4,1125125.0,50.0
NIFTY,26-DEC-2024,26000.0,24-12-2024 13:10:00,0.9,0.9,0.85,0.85,7244050.0,2575.0,2197.4,2197.4,2194.0,2194.0,1125125.0,100.0
NIFTY,26-DEC-2024,26000.0,24-12-2024 13:11:00,0.85,0.9,0.85,0.9,7244050.0,18600.0,2194.0,2194.0,2194.0,2194.0,1125125.0,0.0
NIFTY,26-DEC-2024,26000.0,24-12-2024 13:12:00,0.9,0.9,0.85,0.85,7244050.0,15775.0,2194.0,2198.0,2194.0,2198.0,1124750.0,100.0
NIFTY,26-DEC-2024,26000.0,24-12-2024 13:13:00,0.85,0.9,0.85,0.85,7238925.0,1800.0,2198.0,2198.95,2195.35,2195.35,1124550.0,200.0
NIFTY,26-DEC-2024,26000.0,24-12-2024 13:14:00,0.85,0.9,0.85,0.9,7238925.0,550.0,2195.35,2198.0,2190.1,2190.1,1124550.0,325.0
NIFTY,26-DEC-2024,26000.0,24-12-2024 13:15:00,0.9,0.95,0.85,0.9,7238925.0,66525.0,2190.1,2190.1,2187.0,2187.0,1124550.0,75.0
NIFTY,26-DEC-2024,26000.0,24-12-2024 13:16:00,0.9,0.95,0.9,0.9,7191875.0,7975.0,2187.0,2190.0,2187.0,2187.0,1123975.0,225.0
NIFTY,26-DEC-2024,26000.0,24-12-2024 13:17:00,0.9,0.95,0.9,0.95,7191875.0,34225.0,2187.0,2196.25,2187.0,2196.25,1123975.0,250.0
NIFTY,26-DEC-2024,26000.0,24-12-2024 13:18:00,0.95,0.95,0.9,0.9,7191875.0,13275.0,2196.25,2197.9,2190.85,2194.35,1123975.0,950.0
NIFTY,26-DEC-2024,26000.0,24-12-2024 13:19:00,0.9,0.95,0.9,0.9,7168200.0,19075.0,2194.35,2198.3,2194.35,2198.3,1123975.0,150.0
NIFTY,26-DEC-2024,26000.0,24-12-2024 13:20:00,0.9,0.95,0.9,0.9,7168200.0,28475.0,2198.3,2199.35,2195.0,2195.0,1122400.0,1425.0
NIFTY,26-DEC-2024,26000.0,24-12-2024 13:21:00,0.9,0.95,0.85,0.85,7168200.0,44875.0,2195.0,2196.0,2194.35,2196.0,1122400.0,225.0
NIFTY,26-DEC-2024,26000.0,24-12-2024 13:22:00,0.9,0.9,0.85,0.85,7127200.0,2350.0,2196.0,2196.0,2193.0,2193.0,1120950.0,450.0
NIFTY,26-DEC-2024,26000.0,24-12-2024 13:23:00,0.85,0.9,0.85,0.9,7127200.0,1500.0,2193.0,2196.75,2193.0,2194.0,1120950.0,325.0
NIFTY,26-DEC-2024,26000.0,24-12-2024 13:24:00,0.9,0.9,0.85,0.9,7127200.0,3625.0,2194.0,2196.0,2186.0,2186.0,1120950.0,900.0
NIFTY,26-DEC-2024,26000.0,24-12-2024 13:25:00,0.85,0.9,0.85,0.9,7123200.0,1550.0,2186.0,2194.2,2186.0,2194.2,1120950.0,500.0
NIFTY,26-DEC-2024,26000.0,24-12-2024 13:26:00,0.85,0.9,0.85,0.9,7123200.0,2900.0,2194.2,2197.85,2194.2,2197.7,1119475.0,325.0
NIFTY,26-DEC-2024,26000.0,24-12-2024 13:27:00,0.9,0.9,0.85,0.85,7123200.0,17625.0,2197.7,2201.4,2193.7,2199.55,1119475.0,625.0
NIFTY,26-DEC-2024,26000.0,24-12-2024 13:28:00,0.9,0.9,0.85,0.9,7119225.0,10500.0,2199.7,2201.05,2197.05,2199.95,1118625.0,975.0
NIFTY,26-DEC-2024,26000.0,24-12-2024 13:29:00,0.85,0.9,0.85,0.9,7119225.0,12825.0,2199.95,2202.3,2199.95,2201.9,1118625.0,575.0
NIFTY,26-DEC-2024,26000.0,24-12-2024 13:30:00,0.9,0.9,0.85,0.9,7119225.0,2675.0,2201.9,2203.25,2200.0,2202.0,1118625.0,650.0
NIFTY,26-DEC-2024,26000.0,24-12-2024 13:31:00,0.9,0.9,0.85,0.85,7107000.0,4675.0,2202.0,2202.0,2200.75,2200.75,1116175.0,475.0
NIFTY,26-DEC-2024,26000.0,24-12-2024 13:32:00,0.9,0.9,0.85,0.85,7107000.0,3525.0,2200.75,2202.45,2200.75,2202.45,1116175.0,300.0
NIFTY,26-DEC-2024,26000.0,24-12-2024 13:33:00,0.85,0.9,0.85,0.85,7107000.0,1925.0,2202.45,2202.9,2202.2,2202.9,1116175.0,325.0
NIFTY,26-DEC-2024,26000.0,24-12-2024 13:34:00,0.85,0.9,0.85,0.85,7106300.0,8325.0,2202.9,2202.9,2202.9,2202.9,1116175.0,75.0
NIFTY,26-DEC-2024,26000.0,24-12-2024 13:35:00,0.9,0.9,0.85,0.85,7106300.0,4875.0,2200.0,2201.1,2195.55,2195.55,1115475.0,500.0
NIFTY,26-DEC-2024,26000.0,24-12-2024 13:36:00,0.85,0.9,0.85,0.85,7106300.0,7600.0,2195.55,2198.25,2195.55,2198.0,1115475.0,175.0
NIFTY,26-DEC-2024,26000.0,24-12-2024 13:37:00,0.85,0.9,0.85,0.85,7102050.0,18925.0,2200.0,2200.0,2200.0,2200.0,1115475.0,150.0
NIFTY,26-DEC-2024,26000.0,24-12-2024 13:38:00,0.85,0.9,0.85,0.85,7102050.0,2525.0,2200.0,2200.0,2200.0,2200.0,1114825.0,150.0
NIFTY,26-DEC-2024,26000.0,24-12-2024 13:39:00,0.85,0.9,0.85,0.85,7102050.0,5500.0,2200.0,2205.5,2200.0,2205.5,1114825.0,200.0
NIFTY,26-DEC-2024,26000.0,24-12-2024 13:40:00,0.85,0.9,0.85,0.85,7097475.0,8300.0,2205.5,2219.65,2205.5,2219.65,1114450.0,225.0
NIFTY,26-DEC-2024,26000.0,24-12-2024 13:41:00,0.85,0.9,0.8,0.8,7097475.0,29600.0,2219.65,2219.65,2214.35,2214.35,1114450.0,600.0
NIFTY,26-DEC-2024,26000.0,24-12-2024 13:42:00,0.85,0.85,0.8,0.85,7097475.0,18350.0,2214.35,2229.2,2214.35,2229.05,1114450.0,150.0
NIFTY,26-DEC-2024,26000.0,24-12-2024 13:43:00,0.85,0.85,0.8,0.8,7096100.0,28600.0,2229.05,2233.25,2229.05,2233.25,1114450.0,275.0
NIFTY,26-DEC-2024,26000.0,24-12-2024 13:44:00,0.8,0.85,0.8,0.8,7096100.0,12850.0,2233.25,2237.15,2232.0,2237.15,1113575.0,100.0
NIFTY,26-DEC-2024,26000.0,24-12-2024 13:45:00,0.8,0.85,0.8,0.8,7096100.0,14875.0,2237.15,2242.5,2237.15,2242.5,1113575.0,100.0
NIFTY,26-DEC-2024,26000.0,24-12-2024 13:46:00,0.8,0.85,0.75,0.8,7077250.0,58800.0,2242.5,2246.5,2242.5,2246.5,1113250.0,300.0
NIFTY,26-DEC-2024,26000.0,24-12-2024 13:47:00,0.75,0.8,0.75,0.75,7077250.0,9800.0,2246.5,2246.5,2242.35,2243.2,1113250.0,150.0
NIFTY,26-DEC-2024,26000.0,24-12-2024 13:48:00,0.8,0.8,0.75,0.8,7077250.0,21500.0,2243.2,2246.55,2240.0,2246.55,1113250.0,50.0
NIFTY,26-DEC-2024,26000.0,24-12-2024 13:49:00,0.8,0.8,0.75,0.8,7053425.0,115975.0,2245.0,2249.0,2241.0,2249.0,1112875.0,875.0
NIFTY,26-DEC-2024,26000.0,24-12-2024 13:50:00,0.8,0.8,0.75,0.8,7053425.0,27875.0,2249.0,2249.0,2240.0,2243.5,1112875.0,300.0
NIFTY,26-DEC-2024,26000.0,24-12-2024 13:51:00,0.8,0.8,0.75,0.75,7053425.0,9825.0,2243.5,2245.4,2235.0,2235.0,1112875.0,250.0
NIFTY,26-DEC-2024,26000.0,24-12-2024 13:52:00,0.75,0.8,0.75,0.8,7044525.0,27075.0,2235.0,2235.0,2230.0,2230.0,1112675.0,275.0
NIFTY,26-DEC-2024,26000.0,24-12-2024 13:53:00,0.75,0.8,0.75,0.75,7044525.0,24125.0,2230.0,2234.65,2229.75,2229.75,1112675.0,200.0
NIFTY,26-DEC-2024,26000.0,24-12-2024 13:54:00,0.75,0.8,0.75,0.75,7044525.0,25625.0,2229.75,2231.4,2225.45,2227.95,1112675.0,600.0
NIFTY,26-DEC-2024,26000.0,24-12-2024 13:55:00,0.75,0.8,0.75,0.8,7028775.0,4950.0,2227.95,2233.5,2227.95,2232.0,1111550.0,550.0
NIFTY,26-DEC-2024,26000.0,24-12-2024 13:56:00,0.8,0.8,0.75,0.8,7028775.0,49775.0,2233.6,2237.8,2232.85,2237.4,1111550.0,325.0
NIFTY,26-DEC-2024,26000.0,24-12-2024 13:57:00,0.8,0.8,0.75,0.75,7028775.0,48750.0,2237.3,2237.3,2230.85,2230.85,1111550.0,600.0
NIFTY,26-DEC-2024,26000.0,24-12-2024 13:58:00,0.75,0.8,0.75,0.75,7052850.0,36425.0,2236.95,2236.95,2233.75,2233.75,1110750.0,375.0
NIFTY,26-DEC-2024,26000.0,24-12-2024 13:59:00,0.75,0.8,0.75,0.8,7052850.0,1325.0,2233.75,2238.05,2233.75,2238.05,1110750.0,225.0
NIFTY,26-DEC-2024,26000.0,24-12-2024 14:00:00,0.75,0.8,0.75,0.8,7052850.0,1075.0,2238.05,2244.8,2238.05,2244.8,1110750.0,375.0
NIFTY,26-DEC-2024,26000.0,24-12-2024 14:01:00,0.8,0.8,0.75,0.8,7047775.0,13650.0,2244.8,2244.8,2240.65,2240.65,1110750.0,625.0
NIFTY,26-DEC-2024,26000.0,24-12-2024 14:02:00,0.8,0.8,0.75,0.8,7047775.0,10575.0,2240.65,2246.0,2240.65,2243.0,1109600.0,650.0
NIFTY,26-DEC-2024,26000.0,24-12-2024 14:03:00,0.75,0.8,0.75,0.8,7047775.0,900.0,2243.0,2243.0,2242.0,2242.0,1109600.0,75.0
NIFTY,26-DEC-2024,26000.0,24-12-2024 14:04:00,0.75,0.8,0.75,0.75,7037525.0,2425.0,2242.0,2242.0,2235.8,2235.8,1108875.0,25.0
NIFTY,26-DEC-2024,26000.0,24-12-2024 14:05:00,0.75,0.85,0.75,0.8,7037525.0,146250.0,2235.8,2244.5,2235.8,2243.0,1108875.0,600.0
NIFTY,26-DEC-2024,26000.0,24-12-2024 14:06:00,0.85,0.85,0.8,0.8,7037525.0,14875.0,2243.0,2244.4,2243.0,2244.4,1108875.0,800.0
NIFTY,26-DEC-2024,26000.0,24-12-2024 14:07:00,0.75,0.8,0.75,0.75,7011175.0,1050.0,2244.4,2252.1,2244.4,2252.1,1107750.0,350.0
NIFTY,26-DEC-2024,26000.0,24-12-2024 14:08:00,0.75,0.85,0.75,0.8,7011175.0,0.0,2251.8,2256.6,2251.8,2256.6,1107750.0,225.0
NIFTY,26-DEC-2024,26000.0,24-12-2024 14:09:00,0.85,0.85,0.8,0.85,7011175.0,61825.0,2256.6,2256.6,2250.0,2250.0,1107750.0,100.0
NIFTY,26-DEC-2024,26000.0,24-12-2024 14:10:00,0.85,0.85,0.75,0.8,7010275.0,20425.0,2250.0,2250.0,2250.0,2250.0,1107750.0,0.0
NIFTY,26-DEC-2024,26000.0,24-12-2024 14:11:00,0.8,0.8,0.75,0.8,7010275.0,7575.0,2250.0,2251.0,2250.0,2251.0,1107600.0,100.0
NIFTY,26-DEC-2024,26000.0,24-12-2024 14:12:00,0.8,0.8,0.75,0.8,7010275.0,3850.0,2251.0,2251.0,2240.0,2242.4,1107600.0,875.0
NIFTY,26-DEC-2024,26000.0,24-12-2024 14:13:00,0.8,0.8,0.75,0.75,7002050.0,17250.0,2242.4,2242.4,2219.5,2220.0,1107600.0,1375.0
NIFTY,26-DEC-2024,26000.0,24-12-2024 14:14:00,0.75,0.8,0.75,0.8,7002050.0,110775.0,2221.0,2228.85,2221.0,2224.8,1106375.0,200.0
NIFTY,26-DEC-2024,26000.0,24-12-2024 14:15:00,0.75,0.8,0.75,0.75,7002050.0,7475.0,2224.8,2230.0,2224.8,2230.0,1106375.0,100.0
NIFTY,26-DEC-2024,26000.0,24-12-2024 14:16:00,0.75,0.8,0.75,0.75,7054225.0,4600.0,2230.0,2235.55,2230.0,2232.55,1105600.0,925.0
NIFTY,26-DEC-2024,26000.0,24-12-2024 14:17:00,0.8,0.8,0.75,0.8,7054225.0,2400.0,2232.55,2258.15,2232.55,2258.15,1105600.0,950.0
NIFTY,26-DEC-2024,26000.0,24-12-2024 14:18:00,0.75,0.75,0.75,0.75,7054225.0,3050.0,2261.25,2270.0,2261.25,2264.7,1105600.0,325.0
NIFTY,26-DEC-2024,26000.0,24-12-2024 14:19:00,0.75,0.8,0.75,0.75,7044700.0,49325.0,2264.7,2271.5,2264.0,2269.8,1103950.0,2725.0
NIFTY,26-DEC-2024,26000.0,24-12-2024 14:20:00,0.75,0.8,0.75,0.75,7044700.0,76875.0,2269.8,2270.0,2267.6,2267.6,1103950.0,5350.0
NIFTY,26-DEC-2024,26000.0,24-12-2024 14:21:00,0.75,0.8,0.75,0.75,7044700.0,8925.0,2267.6,2270.0,2266.0,2266.0,1103950.0,2500.0
NIFTY,26-DEC-2024,26000.0,24-12-2024 14:22:00,0.75,0.8,0.75,0.8,6974625.0,7500.0,2266.0,2269.95,2262.05,2262.05,1103950.0,1600.0
NIFTY,26-DEC-2024,26000.0,24-12-2024 14:23:00,0.75,0.8,0.75,0.75,6974625.0,3875.0,2262.05,2265.0,2258.85,2258.85,1097875.0,2375.0
NIFTY,26-DEC-2024,26000.0,24-12-2024 14:24:00,0.75,0.8,0.75,0.75,6974625.0,6100.0,2258.85,2265.3,2258.85,2260.85,1097875.0,2675.0
NIFTY,26-DEC-2024,26000.0,24-12-2024 14:25:00,0.75,0.8,0.75,0.75,6971525.0,5200.0,2260.85,2260.85,2252.9,2252.9,1097875.0,2550.0
NIFTY,26-DEC-2024,26000.0,24-12-2024 14:26:00,0.8,0.8,0.75,0.8,6971525.0,8200.0,2252.9,2255.0,2247.2,2255.0,1094900.0,1050.0
NIFTY,26-DEC-2024,26000.0,24-12-2024 14:27:00,0.8,0.8,0.7,0.7,6971525.0,38500.0,2255.0,2257.6,2250.15,2257.6,1094900.0,2625.0
NIFTY,26-DEC-2024,26000.0,24-12-2024 14:28:00,0.7,0.75,0.7,0.75,6959050.0,7150.0,2257.6,2257.6,2246.1,2246.1,1091700.0,600.0
NIFTY,26-DEC-2024,26000.0,24-12-2024 14:29:00,0.7,0.75,0.7,0.75,6959050.0,15550.0,2245.0,2246.1,2240.0,2246.1,1091700.0,150.0
NIFTY,26-DEC-2024,26000.0,24-12-2024 14:30:00,0.75,0.75,0.7,0.75,6959050.0,5150.0,2246.1,2246.1,2238.0,2238.0,1091700.0,175.0
NIFTY,26-DEC-2024,26000.0,24-12-2024 14:31:00,0.7,0.75,0.7,0.75,6951150.0,16700.0,2238.0,2239.0,2235.95,2239.0,1091050.0,150.0
NIFTY,26-DEC-2024,26000.0,24-12-2024 14:32:00,0.75,0.75,0.7,0.7,6951150.0,68100.0,2239.0,2243.05,2238.0,2243.05,1091050.0,150.0
NIFTY,26-DEC-2024,26000.0,24-12-2024 14:33:00,0.7,0.7,0.65,0.7,6951150.0,5575.0,2243.05,2250.65,2242.9,2247.0,1091050.0,175.0
NIFTY,26-DEC-2024,26000.0,24-12-2024 14:34:00,0.7,0.7,0.65,0.65,6949250.0,10725.0,2247.0,2249.55,2246.7,2248.0,1090550.0,400.0
NIFTY,26-DEC-2024,26000.0,24-12-2024 14:35:00,0.65,0.7,0.65,0.7,6949250.0,18550.0,2248.0,2248.0,2248.0,2248.0,1090550.0,150.0
NIFTY,26-DEC-2024,26000.0,24-12-2024 14:36:00,0.7,0.7,0.65,0.7,6949250.0,16300.0,2248.0,2251.55,2248.0,2248.0,1090550.0,1300.0
NIFTY,26-DEC-2024,26000.0,24-12-2024 14:37:00,0.65,0.7,0.65,0.65,6933250.0,11325.0,2248.0,2250.6,2246.25,2250.6,1090550.0,275.0
NIFTY,26-DEC-2024,26000.0,24-12-2024 14:38:00,0.65,0.7,0.65,0.7,6933250.0,1225.0,2250.6,2253.0,2246.0,2253.0,1088925.0,200.0
NIFTY,26-DEC-2024,26000.0,24-12-2024 14:39:00,0.65,0.7,0.65,0.65,6933250.0,10050.0,2253.0,2255.8,2246.0,2250.35,1088925.0,600.0
NIFTY,26-DEC-2024,26000.0,24-12-2024 14:40:00,0.65,0.7,0.65,0.7,6914125.0,27550.0,2250.35,2251.9,2248.85,2251.1,1088075.0,250.0
NIFTY,26-DEC-2024,26000.0,24-12-2024 14:41:00,0.7,0.7,0.65,0.7,6914125.0,19600.0,2251.1,2253.7,2248.7,2248.7,1088075.0,225.0
NIFTY,26-DEC-2024,26000.0,24-12-2024 14:42:00,0.65,0.7,0.65,0.65,6914125.0,4075.0,2248.7,2254.8,2246.5,2246.5,1088075.0,300.0
NIFTY,26-DEC-2024,26000.0,24-12-2024 14:43:00,0.7,0.7,0.65,0.65,6899225.0,1750.0,2246.5,2253.0,2246.5,2252.65,1088075.0,750.0
NIFTY,26-DEC-2024,26000.0,24-12-2024 14:44:00,0.65,0.7,0.65,0.7,6899225.0,6700.0,2252.65,2252.65,2240.3,2241.8,1086875.0,575.0
NIFTY,26-DEC-2024,26000.0,24-12-2024 14:45:00,0.65,0.7,0.65,0.7,6899225.0,1575.0,2241.8,2245.35,2240.95,2245.1,1086875.0,850.0
NIFTY,26-DEC-2024,26000.0,24-12-2024 14:46:00,0.65,0.7,0.65,0.7,6895650.0,4250.0,2245.1,2250.1,2245.1,2250.1,1085500.0,525.0
NIFTY,26-DEC-2024,26000.0,24-12-2024 14:47:00,0.7,0.7,0.65,0.7,6895650.0,1750.0,2250.1,2251.1,2248.1,2251.1,1085500.0,1125.0
NIFTY,26-DEC-2024,26000.0,24-12-2024 14:48:00,0.65,0.7,0.65,0.65,6895650.0,9500.0,2251.1,2251.1,2247.35,2247.5,1085500.0,700.0
NIFTY,26-DEC-2024,26000.0,24-12-2024 14:49:00,0.7,0.7,0.65,0.7,6890950.0,4000.0,2247.5,2250.95,2245.0,2249.4,1082725.0,1575.0
NIFTY,26-DEC-2024,26000.0,24-12-2024 14:50:00,0.65,0.7,0.65,0.65,6890950.0,15650.0,2249.4,2253.65,2247.0,2247.75,1082725.0,875.0
NIFTY,26-DEC-2024,26000.0,24-12-2024 14:51:00,0.7,0.7,0.65,0.65,6890950.0,24575.0,2247.75,2251.75,2246.0,2250.0,1082725.0,1375.0
NIFTY,26-DEC-2024,26000.0,24-12-2024 14:52:00,0.7,0.7,0.65,0.7,6887550.0,9900.0,2251.0,2251.0,2246.0,2246.0,1082725.0,1775.0
NIFTY,26-DEC-2024,26000.0,24-12-2024 14:53:00,0.7,0.7,0.65,0.65,6887550.0,3575.0,2246.0,2246.55,2242.0,2242.0,1078375.0,350.0
NIFTY,26-DEC-2024,26000.0,24-12-2024 14:54:00,0.7,0.7,0.65,0.7,6887550.0,8350.0,2242.0,2242.0,2234.0,2238.6,1078375.0,300.0
NIFTY,26-DEC-2024,26000.0,24-12-2024 14:55:00,0.7,0.7,0.65,0.7,6875250.0,2700.0,2238.6,2239.1,2238.0,2238.5,1077775.0,550.0
NIFTY,26-DEC-2024,26000.0,24-12-2024 14:56:00,0.65,0.7,0.65,0.7,6875250.0,7275.0,2238.5,2241.0,2238.5,2241.0,1077775.0,900.0
NIFTY,26-DEC-2024,26000.0,24-12-2024 14:57:00,0.65,0.7,0.65,0.7,6875250.0,39300.0,2241.0,2241.1,2238.65,2238.65,1077775.0,525.0
NIFTY,26-DEC-2024,26000.0,24-12-2024 14:58:00,0.7,0.7,0.65,0.65,6834175.0,31475.0,2235.85,2235.85,2227.75,2232.0,1075125.0,1975.0
NIFTY,26-DEC-2024,26000.0,24-12-2024 14:59:00,0.7,0.7,0.65,0.65,6834175.0,8625.0,2230.0,2230.0,2230.0,2230.0,1075125.0,75.0
NIFTY,26-DEC-2024,26000.0,24-12-2024 15:00:00,0.65,0.7,0.65,0.7,6834175.0,62225.0,2230.0,2237.05,2230.0,2233.0,1075125.0,600.0
NIFTY,26-DEC-2024,26000.0,24-12-2024 15:01:00,0.65,0.7,0.65,0.65,6795850.0,30950.0,2233.0,2246.15,2233.0,2240.0,1073400.0,1100.0
NIFTY,26-DEC-2024,26000.0,24-12-2024 15:02:00,0.65,0.7,0.65,0.65,6795850.0,1450.0,2240.0,2244.0,2233.05,2233.05,1073400.0,775.0
NIFTY,26-DEC-2024,26000.0,24-12-2024 15:03:00,0.65,0.7,0.65,0.7,6795850.0,26750.0,2233.05,2233.05,2231.0,2231.0,1073400.0,100.0
NIFTY,26-DEC-2024,26000.0,24-12-2024 15:04:00,0.65,0.7,0.6,0.65,6761975.0,31200.0,2231.0,2240.0,2231.0,2240.0,1073400.0,150.0
NIFTY,26-DEC-2024,26000.0,24-12-2024 15:05:00,0.65,0.7,0.65,0.65,6761975.0,80225.0,2240.0,2240.0,2237.0,2237.0,1072325.0,1600.0
NIFTY,26-DEC-2024,26000.0,24-12-2024 15:06:00,0.65,0.7,0.65,0.7,6761975.0,54325.0,2237.0,2246.05,2237.0,2243.0,1072325.0,1025.0
NIFTY,26-DEC-2024,26000.0,24-12-2024 15:07:00,0.7,0.7,0.65,0.65,6757750.0,12275.0,2243.0,2243.7,2240.75,2240.75,1069200.0,700.0
NIFTY,26-DEC-2024,26000.0,24-12-2024 15:08:00,0.7,0.7,0.65,0.65,6757750.0,4925.0,2244.8,2244.95,2238.0,2240.85,1069200.0,1425.0
NIFTY,26-DEC-2024,26000.0,24-12-2024 15:09:00,0.65,0.65,0.6,0.65,6757750.0,30375.0,2240.85,2243.0,2236.05,2240.0,1069200.0,975.0
NIFTY,26-DEC-2024,26000.0,24-12-2024 15:10:00,0.65,0.65,0.6,0.65,6744125.0,87600.0,2240.0,2240.0,2232.35,2238.0,1066250.0,1275.0
NIFTY,26-DEC-2024,26000.0,24-12-2024 15:11:00,0.65,0.65,0.6,0.6,6744125.0,43425.0,2238.0,2240.0,2238.0,2240.0,1066250.0,1650.0
NIFTY,26-DEC-2024,26000.0,24-12-2024 15:12:00,0.6,0.65,0.6,0.65,6744125.0,4375.0,2240.0,2240.85,2238.25,2240.85,1066250.0,700.0
NIFTY,26-DEC-2024,26000.0,24-12-2024 15:13:00,0.6,0.7,0.6,0.65,6747400.0,52850.0,2240.85,2243.0,2240.0,2240.0,1062600.0,1350.0
NIFTY,26-DEC-2024,26000.0,24-12-2024 15:14:00,0.65,0.7,0.65,0.65,6747400.0,3200.0,2240.0,2240.0,2238.85,2239.7,1062600.0,150.0
NIFTY,26-DEC-2024,26000.0,24-12-2024 15:15:00,0.7,0.7,0.65,0.65,6747400.0,54250.0,2240.0,2240.0,2230.1,2230.1,1062600.0,1050.0
NIFTY,26-DEC-2024,26000.0,24-12-2024 15:16:00,0.65,0.7,0.65,0.65,6756150.0,16225.0,2230.1,2233.95,2228.1,2228.1,1060250.0,1675.0
NIFTY,26-DEC-2024,26000.0,24-12-2024 15:17:00,0.65,0.7,0.65,0.65,6756150.0,29750.0,2228.1,2230.7,2225.0,2225.0,1060250.0,2400.0
NIFTY,26-DEC-2024,26000.0,24-12-2024 15:18:00,0.65,0.7,0.6,0.6,6756150.0,29300.0,2225.0,2230.8,2225.0,2229.15,1060250.0,800.0
NIFTY,26-DEC-2024,26000.0,24-12-2024 15:19:00,0.6,0.65,0.6,0.6,6756525.0,15150.0,2228.5,2231.0,2226.7,2227.4,1055625.0,3650.0
NIFTY,26-DEC-2024,26000.0,24-12-2024 15:20:00,0.65,0.65,0.6,0.65,6756525.0,89725.0,2230.6,2230.6,2224.25,2227.75,1055625.0,4550.0
NIFTY,26-DEC-2024,26000.0,24-12-2024 15:21:00,0.6,0.65,0.6,0.6,6756525.0,25025.0,2227.75,2234.1,2225.05,2226.9,1055625.0,7150.0
NIFTY,26-DEC-2024,26000.0,24-12-2024 15:22:00,0.6,0.7,0.6,0.6,6728175.0,15750.0,2226.9,2230.0,2226.0,2227.4,1055625.0,5700.0
NIFTY,26-DEC-2024,26000.0,24-12-2024 15:23:00,0.65,0.65,0.6,0.6,6728175.0,9650.0,2226.3,2228.7,2225.45,2227.05,1042150.0,1350.0
NIFTY,26-DEC-2024,26000.0,24-12-2024 15:24:00,0.65,0.65,0.6,0.6,6728175.0,38825.0,2227.0,2229.15,2227.0,2227.05,1042150.0,850.0
NIFTY,26-DEC-2024,26000.0,24-12-2024 15:25:00,0.65,0.65,0.6,0.6,6720750.0,15050.0,2227.05,2227.95,2227.0,2227.95,1039525.0,500.0
NIFTY,26-DEC-2024,26000.0,24-12-2024 15:26:00,0.6,0.65,0.6,0.65,6720750.0,78175.0,2227.95,2229.0,2226.5,2229.0,1039525.0,450.0
NIFTY,26-DEC-2024,26000.0,24-12-2024 15:27:00,0.65,0.65,0.6,0.6,6720750.0,9975.0,2229.0,2229.0,2225.0,2227.0,1039525.0,1125.0
NIFTY,26-DEC-2024,26000.0,24-12-2024 15:28:00,0.6,0.65,0.6,0.65,6727950.0,19100.0,2227.0,2229.35,2225.95,2225.95,1037150.0,1225.0
NIFTY,26-DEC-2024,26000.0,24-12-2024 15:29:00,0.65,0.65,0.55,0.65,6727950.0,37300.0,2225.95,2228.5,2225.9,2227.2,1037150.0,775.0
NIFTY,26-DEC-2024,26000.0,26-12-2024 09:15:00,0.55,0.6,0.5,0.6,6711850.0,189350.0,2227.2,2227.2,2190.0,2190.0,1036000.0,200.0
NIFTY,26-DEC-2024,26000.0,26-12-2024 09:16:00,0.55,0.6,0.45,0.5,6711850.0,481150.0,2190.0,2190.85,2175.0,2175.0,1035950.0,1025.0
NIFTY,26-DEC-2024,26000.0,26-12-2024 09:17:00,0.45,0.5,0.45,0.5,6711850.0,87325.0,2173.5,2174.5,2160.3,2160.3,1035950.0,3400.0
NIFTY,26-DEC-2024,26000.0,26-12-2024 09:18:00,0.45,0.45,0.35,0.4,6845475.0,361625.0,2156.35,2165.05,2156.35,2164.55,1034625.0,5150.0
NIFTY,26-DEC-2024,26000.0,26-12-2024 09:19:00,0.4,0.45,0.35,0.4,6845475.0,217025.0,2162.55,2163.0,2151.0,2153.25,1034625.0,2975.0
NIFTY,26-DEC-2024,26000.0,26-12-2024 09:20:00,0.4,0.45,0.35,0.45,6845475.0,154750.0,2151.0,2151.0,2146.75,2150.0,1034625.0,3400.0
NIFTY,26-DEC-2024,26000.0,26-12-2024 09:21:00,0.45,0.45,0.4,0.45,6736275.0,116675.0,2150.0,2153.45,2141.2,2141.2,1033800.0,2025.0
NIFTY,26-DEC-2024,26000.0,26-12-2024 09:22:00,0.4,0.45,0.35,0.35,6736275.0,144900.0,2146.75,2148.1,2139.0,2141.8,1033800.0,1775.0
NIFTY,26-DEC-2024,26000.0,26-12-2024 09:23:00,0.35,0.4,0.35,0.35,6736275.0,20400.0,2141.8,2150.0,2141.8,2150.0,1033800.0,1950.0
NIFTY,26-DEC-2024,26000.0,26-12-2024 09:24:00,0.4,0.4,0.35,0.4,6715775.0,68475.0,2150.0,2160.05,2150.0,2155.6,1033150.0,850.0
NIFTY,26-DEC-2024,26000.0,26-12-2024 09:25:00,0.4,0.4,0.4,0.4,6715775.0,46175.0,2155.6,2160.95,2153.0,2155.3,1033150.0,3775.0
NIFTY,26-DEC-2024,26000.0,26-12-2024 09:26:00,0.4,0.4,0.4,0.4,6715775.0,31000.0,2155.3,2172.0,2155.3,2172.0,1033150.0,325.0
NIFTY,26-DEC-2024,26000.0,26-12-2024 09:27:00,0.4,0.4,0.35,0.4,6627200.0,32275.0,2172.0,2172.0,2141.5,2141.5,1033175.0,2350.0
NIFTY,26-DEC-2024,26000.0,26-12-2024 09:28:00,0.4,0.4,0.35,0.4,6627200.0,227325.0,2139.9,2150.0,2139.0,2149.35,1033175.0,4375.0
NIFTY,26-DEC-2024,26000.0,26-12-2024 09:29:00,0.4,0.45,0.4,0.4,6627200.0,77200.0,2149.35,2163.9,2149.35,2162.1,1033175.0,225.0
NIFTY,26-DEC-2024,26000.0,26-12-2024 09:30:00,0.45,0.45,0.35,0.4,6497525.0,170475.0,2160.0,2166.0,2160.0,2166.0,1033175.0,425.0
NIFTY,26-DEC-2024,26000.0,26-12-2024 09:31:00,0.4,0.4,0.35,0.4,6497525.0,86425.0,2162.0,2162.0,2159.35,2162.0,1033175.0,2425.0
NIFTY,26-DEC-2024,26000.0,26-12-2024 09:32:00,0.4,0.45,0.4,0.4,6497525.0,152850.0,2162.0,2166.25,2154.6,2154.6,1033175.0,1225.0
NIFTY,26-DEC-2024,26000.0,26-12-2024 09:33:00,0.4,0.45,0.4,0.4,6296600.0,224950.0,2154.6,2171.75,2154.6,2170.0,1031900.0,800.0
NIFTY,26-DEC-2024,26000.0,26-12-2024 09:34:00,0.4,0.4,0.35,0.4,6296600.0,67375.0,2170.0,2176.2,2167.4,2175.5,1031900.0,800.0
NIFTY,26-DEC-2024,26000.0,26-12-2024 09:35:00,0.4,0.4,0.35,0.4,6296600.0,9575.0,2173.95,2182.95,2171.25,2179.65,1031900.0,1475.0
NIFTY,26-DEC-2024,26000.0,26-12-2024 09:36:00,0.35,0.4,0.35,0.35,6283700.0,38125.0,2179.65,2185.45,2175.95,2182.9,1029950.0,1425.0
NIFTY,26-DEC-2024,26000.0,26-12-2024 09:37:00,0.35,0.4,0.35,0.4,6283700.0,47600.0,2182.9,2182.9,2174.45,2176.3,1029950.0,2350.0
NIFTY,26-DEC-2024,26000.0,26-12-2024 09:38:00,0.4,0.4,0.35,0.4,6283700.0,28725.0,2176.3,2179.45,2170.0,2170.1,1029950.0,3225.0
NIFTY,26-DEC-2024,26000.0,26-12-2024 09:39:00,0.35,0.4,0.35,0.4,6265450.0,18875.0,2170.1,2170.1,2152.05,2165.0,1029950.0,1175.0
NIFTY,26-DEC-2024,26000.0,26-12-2024 09:40:00,0.4,0.4,0.35,0.35,6265450.0,31325.0,2165.0,2180.0,2165.0,2176.8,1024950.0,1000.0
NIFTY,26-DEC-2024,26000.0,26-12-2024 09:41:00,0.4,0.4,0.35,0.4,6265450.0,12025.0,2175.3,2186.35,2172.9,2185.55,1024950.0,825.0
NIFTY,26-DEC-2024,26000.0,26-12-2024 09:42:00,0.4,0.4,0.35,0.4,6258625.0,7000.0,2185.55,2189.35,2185.0,2189.15,1023875.0,750.0
NIFTY,26-DEC-2024,26000.0,26-12-2024 09:43:00,0.35,0.4,0.35,0.4,6258625.0,18475.0,2189.15,2194.6,2188.65,2194.6,1023875.0,850.0
NIFTY,26-DEC-2024,26000.0,26-12-2024 09:44:00,0.4,0.4,0.35,0.35,6258625.0,5325.0,2195.25,2195.25,2188.0,2189.05,1023875.0,625.0
NIFTY,26-DEC-2024,26000.0,26-12-2024 09:45:00,0.35,0.4,0.3,0.4,6224925.0,462825.0,2189.2,2193.25,2182.45,2189.3,1022175.0,650.0
NIFTY,26-DEC-2024,26000.0,26-12-2024 09:46:00,0.4,0.4,0.35,0.4,6224925.0,71150.0,2189.3,2201.35,2189.3,2201.35,1022175.0,575.0
NIFTY,26-DEC-2024,26000.0,26-12-2024 09:47:00,0.4,0.4,0.35,0.4,6224925.0,24400.0,2197.25,2197.25,2187.15,2187.15,1022175.0,1975.0
NIFTY,26-DEC-2024,26000.0,26-12-2024 09:48:00,0.4,0.4,0.35,0.35,6208400.0,36500.0,2187.15,2195.65,2187.15,2193.9,1019100.0,1500.0
NIFTY,26-DEC-2024,26000.0,26-12-2024 09:49:00,0.35,0.4,0.3,0.35,6208400.0,91625.0,2193.9,2201.95,2193.9,2200.0,1019100.0,1200.0
NIFTY,26-DEC-2024,26000.0,26-12-2024 09:50:00,0.35,0.35,0.3,0.35,6208400.0,65925.0,2200.0,2202.35,2200.0,2202.2,1019100.0,725.0
NIFTY,26-DEC-2024,26000.0,26-12-2024 09:51:00,0.35,0.4,0.35,0.4,6196675.0,98825.0,2207.2,2207.2,2199.0,2199.0,1019100.0,1200.0
NIFTY,26-DEC-2024,26000.0,26-12-2024 09:52:00,0.4,0.4,0.35,0.35,6196675.0,22250.0,2199.0,2207.35,2199.0,2207.35,1016525.0,375.0
NIFTY,26-DEC-2024,26000.0,26-12-2024 09:53:00,0.35,0.4,0.35,0.4,6196675.0,35100.0,2207.35,2207.35,2192.1,2192.1,1016525.0,300.0
NIFTY,26-DEC-2024,26000.0,26-12-2024 09:54:00,0.4,0.4,0.3,0.35,6175700.0,115650.0,2192.1,2198.9,2192.1,2198.0,1015000.0,900.0
NIFTY,26-DEC-2024,26000.0,26-12-2024 09:55:00,0.35,0.35,0.3,0.35,6175700.0,15850.0,2198.0,2198.0,2191.25,2191.3,1015000.0,500.0
NIFTY,26-DEC-2024,26000.0,26-12-2024 09:56:00,0.3,0.35,0.3,0.35,6175700.0,6800.0,2191.3,2198.3,2190.0,2198.3,1015000.0,525.0
NIFTY,26-DEC-2024,26000.0,26-12-2024 09:57:00,0.35,0.35,0.3,0.35,6130900.0,12050.0,2198.3,2212.5,2198.3,2212.5,1015000.0,300.0
NIFTY,26-DEC-2024,26000.0,26-12-2024 09:58:00,0.35,0.35,0.3,0.35,6130900.0,26800.0,2212.5,2212.5,2210.0,2210.0,1014100.0,475.0
NIFTY,26-DEC-2024,26000.0,26-12-2024 09:59:00,0.35,0.35,0.3,0.35,6130900.0,8400.0,2205.0,2205.0,2204.0,2205.0,1014100.0,475.0
NIFTY,26-DEC-2024,26000.0,26-12-2024 10:00:00,0.35,0.35,0.3,0.3,6129650.0,1575.0,2200.0,2211.75,2200.0,2208.0,1013725.0,1725.0
NIFTY,26-DEC-2024,26000.0,26-12-2024 10:01:00,0.3,0.35,0.3,0.35,6129650.0,9525.0,2208.0,2235.75,2208.0,2235.75,1013725.0,350.0
NIFTY,26-DEC-2024,26000.0,26-12-2024 10:02:00,0.3,0.35,0.3,0.35,6129650.0,16700.0,2235.75,2235.75,2225.0,2226.0,1013725.0,1775.0
NIFTY,26-DEC-2024,26000.0,26-12-2024 10:03:00,0.3,0.35,0.3,0.35,6136600.0,8125.0,2226.0,2229.25,2220.0,2225.35,1013100.0,1025.0
NIFTY,26-DEC-2024,26000.0,26-12-2024 10:04:00,0.3,0.35,0.3,0.3,6136600.0,23350.0,2225.35,2227.2,2222.15,2227.2,1013100.0,125.0
NIFTY,26-DEC-2024,26000.0,26-12-2024 10:05:00,0.35,0.35,0.3,0.35,6136600.0,7000.0,2232.45,2242.1,2232.0,2235.0,1013100.0,1200.0
NIFTY,26-DEC-2024,26000.0,26-12-2024 10:06:00,0.3,0.35,0.3,0.35,6119175.0,7700.0,2235.0,2244.2,2234.7,2244.2,1013100.0,425.0
NIFTY,26-DEC-2024,26000.0,26-12-2024 10:07:00,0.35,0.4,0.35,0.35,6119175.0,288625.0,2255.35,2267.45,2255.35,2267.45,1011950.0,250.0
NIFTY,26-DEC-2024,26000.0,26-12-2024 10:08:00,0.35,0.35,0.3,0.35,6119175.0,152300.0,2260.0,2260.0,2259.95,2259.95,1011950.0,625.0
NIFTY,26-DEC-2024,26000.0,26-12-2024 10:09:00,0.3,0.35,0.3,0.3,6114625.0,6575.0,2263.15,2263.15,2255.35,2255.35,1011950.0,450.0
NIFTY,26-DEC-2024,26000.0,26-12-2024 10:10:00,0.3,0.35,0.3,0.3,6114625.0,500.0,2257.0,2260.0,2255.35,2260.0,1011450.0,250.0
NIFTY,26-DEC-2024,26000.0,26-12-2024 10:11:00,0.35,0.35,0.3,0.35,6114625.0,57400.0,2255.0,2255.0,2249.55,2250.5,1011450.0,1700.0
NIFTY,26-DEC-2024,26000.0,26-12-2024 10:12:00,0.35,0.35,0.3,0.35,6128100.0,7325.0,2247.8,2260.0,2247.8,2259.3,1009100.0,725.0
NIFTY,26-DEC-2024,26000.0,26-12-2024 10:13:00,0.3,0.35,0.3,0.35,6128100.0,3525.0,2259.3,2264.25,2258.6,2260.3,1009100.0,725.0
NIFTY,26-DEC-2024,26000.0,26-12-2024 10:14:00,0.35,0.35,0.3,0.35,6128100.0,4775.0,2261.35,2262.5,2256.45,2257.65,1009100.0,1025.0
NIFTY,26-DEC-2024,26000.0,26-12-2024 10:15:00,0.3,0.35,0.3,0.35,6123375.0,4525.0,2259.0,2259.0,2255.0,2259.0,1009100.0,700.0
NIFTY,26-DEC-2024,26000.0,26-12-2024 10:16:00,0.35,0.35,0.3,0.35,6123375.0,10575.0,2259.0,2262.2,2255.45,2262.2,1006800.0,800.0
NIFTY,26-DEC-2024,26000.0,26-12-2024 10:17:00,0.35,0.35,0.3,0.3,6123375.0,0.0,2262.2,2262.2,2247.65,2247.65,1006800.0,325.0
NIFTY,26-DEC-2024,26000.0,26-12-2024 10:18:00,0.3,0.35,0.3,0.3,6117100.0,0.0,2247.9,2256.35,2247.9,2256.35,1006800.0,100.0
NIFTY,26-DEC-2024,26000.0,26-12-2024 10:19:00,0.35,0.35,0.3,0.3,6117100.0,20400.0,2255.0,2262.9,2255.0,2262.9,1005600.0,1625.0
NIFTY,26-DEC-2024,26000.0,26-12-2024 10:20:00,0.35,0.35,0.3,0.35,6117100.0,8175.0,2264.45,2272.55,2262.7,2263.2,1005600.0,1100.0
NIFTY,26-DEC-2024,26000.0,26-12-2024 10:21:00,0.35,0.35,0.3,0.35,6110925.0,5000.0,2268.8,2272.15,2268.05,2270.0,1002625.0,1400.0
NIFTY,26-DEC-2024,26000.0,26-12-2024 10:22:00,0.3,0.35,0.3,0.35,6110925.0,13025.0,2270.0,2270.0,2263.6,2268.0,1002625.0,2000.0
NIFTY,26-DEC-2024,26000.0,26-12-2024 10:23:00,0.35,0.35,0.3,0.35,6110925.0,21350.0,2265.15,2267.05,2260.0,2265.0,1002625.0,1450.0
NIFTY,26-DEC-2024,26000.0,26-12-2024 10:24:00,0.35,0.35,0.3,0.3,6078725.0,8875.0,2265.0,2265.0,2260.0,2260.0,1002625.0,1500.0
NIFTY,26-DEC-2024,26000.0,26-12-2024 10:25:00,0.35,0.35,0.3,0.3,6078725.0,14750.0,2260.0,2267.2,2260.0,2265.15,998225.0,575.0
NIFTY,26-DEC-2024,26000.0,26-12-2024 10:26:00,0.3,0.35,0.3,0.35,6078725.0,36300.0,2265.15,2265.15,2261.4,2262.15,998225.0,650.0
NIFTY,26-DEC-2024,26000.0,26-12-2024 10:27:00,0.35,0.35,0.3,0.35,6029325.0,800.0,2262.15,2270.95,2262.15,2269.15,997200.0,1100.0
NIFTY,26-DEC-2024,26000.0,26-12-2024 10:28:00,0.3,0.35,0.3,0.35,6029325.0,54225.0,2269.15,2273.0,2269.0,2273.0,997200.0,100.0
NIFTY,26-DEC-2024,26000.0,26-12-2024 10:29:00,0.4,0.4,0.35,0.35,6029325.0,68325.0,2273.0,2275.0,2273.0,2275.0,997200.0,700.0
NIFTY,26-DEC-2024,26000.0,26-12-2024 10:30:00,0.35,0.4,0.35,0.35,5993500.0,4650.0,2275.0,2287.5,2275.0,2282.0,997200.0,1750.0
NIFTY,26-DEC-2024,26000.0,26-12-2024 10:31:00,0.35,0.4,0.3,0.35,5993500.0,7600.0,2280.1,2282.5,2270.95,2276.0,995775.0,4150.0
NIFTY,26-DEC-2024,26000.0,26-12-2024 10:32:00,0.35,0.4,0.3,0.35,5993500.0,150075.0,2276.0,2276.95,2270.0,2275.0,995775.0,1100.0
NIFTY,26-DEC-2024,26000.0,26-12-2024 10:33:00,0.35,0.4,0.3,0.35,5993500.0,58225.0,2275.0,2278.4,2270.85,2270.85,995775.0,1500.0
NIFTY,26-DEC-2024,26000.0,26-12-2024 10:34:00,0.35,0.4,0.35,0.4,6055050.0,9400.0,2270.85,2279.85,2270.85,2279.85,992225.0,75.0
NIFTY,26-DEC-2024,26000.0,26-12-2024 10:35:00,0.4,0.4,0.35,0.4,6055050.0,16325.0,2279.85,2279.85,2270.95,2270.95,992225.0,1325.0
NIFTY,26-DEC-2024,26000.0,26-12-2024 10:36:00,0.35,0.4,0.35,0.4,6053425.0,2625.0,2270.95,2272.0,2270.0,2270.0,992225.0,275.0
NIFTY,26-DEC-2024,26000.0,26-12-2024 10:37:00,0.35,0.4,0.35,0.4,6053425.0,35075.0,2270.0,2278.0,2270.0,2270.65,991350.0,550.0
NIFTY,26-DEC-2024,26000.0,26-12-2024 10:38:00,0.4,0.4,0.35,0.35,6053425.0,3075.0,2270.65,2277.85,2270.65,2277.85,991350.0,150.0
NIFTY,26-DEC-2024,26000.0,26-12-2024 10:39:00,0.4,0.4,0.35,0.35,6053425.0,525.0,2277.85,2277.85,2273.25,2275.45,991350.0,675.0
NIFTY,26-DEC-2024,26000.0,26-12-2024 10:40:00,0.4,0.4,0.35,0.35,6044950.0,4700.0,2275.45,2275.85,2271.65,2275.0,990100.0,1425.0
NIFTY,26-DEC-2024,26000.0,26-12-2024 10:41:00,0.35,0.4,0.35,0.4,6044950.0,1925.0,2275.0,2275.9,2270.0,2273.55,990100.0,425.0
NIFTY,26-DEC-2024,26000.0,26-12-2024 10:42:00,0.4,0.5,0.4,0.45,6078650.0,189125.0,2273.55,2273.55,2265.0,2265.0,990100.0,1350.0
NIFTY,26-DEC-2024,26000.0,26-12-2024 10:43:00,0.45,0.5,0.45,0.45,6078650.0,92425.0,2265.0,2266.45,2265.0,2266.45,987375.0,250.0
NIFTY,26-DEC-2024,26000.0,26-12-2024 10:44:00,0.45,0.45,0.45,0.45,6078650.0,14700.0,2266.45,2267.45,2266.45,2267.45,987375.0,75.0
NIFTY,26-DEC-2024,26000.0,26-12-2024 10:45:00,0.45,0.45,0.4,0.45,6078650.0,0.0,2267.45,2282.8,2267.45,2282.8,987375.0,250.0
NIFTY,26-DEC-2024,26000.0,26-12-2024 10:46:00,0.45,0.45,0.35,0.35,6077875.0,256825.0,2280.0,2280.0,2279.0,2279.0,987000.0,250.0
NIFTY,26-DEC-2024,26000.0,26-12-2024 10:47:00,0.35,0.4,0.35,0.4,6077875.0,185375.0,2279.0,2286.85,2279.0,2286.0,987000.0,575.0
NIFTY,26-DEC-2024,26000.0,26-12-2024 10:48:00,0.4,0.4,0.35,0.35,6032400.0,6775.0,2286.0,2292.0,2286.0,2292.0,987000.0,75.0
NIFTY,26-DEC-2024,26000.0,26-12-2024 10:49:00,0.35,0.35,0.3,0.35,6032400.0,42450.0,2292.0,2297.5,2292.0,2294.0,986275.0,1750.0
NIFTY,26-DEC-2024,26000.0,26-12-2024 10:50:00,0.35,0.4,0.35,0.4,6032400.0,85725.0,2292.0,2294.75,2289.0,2292.75,986275.0,900.0
NIFTY,26-DEC-2024,26000.0,26-12-2024 10:51:00,0.35,0.4,0.35,0.35,6032400.0,750.0,2292.75,2295.0,2290.0,2291.1,986275.0,825.0
NIFTY,26-DEC-2024,26000.0,26-12-2024 10:52:00,0.35,0.4,0.35,0.35,6065575.0,11475.0,2291.1,2306.6,2290.0,2290.0,984600.0,1075.0
NIFTY,26-DEC-2024,26000.0,26-12-2024 10:53:00,0.35,0.4,0.3,0.3,6065575.0,44475.0,2290.0,2290.0,2287.8,2287.8,984600.0,600.0
NIFTY,26-DEC-2024,26000.0,26-12-2024 10:54:00,0.35,0.35,0.3,0.3,6024900.0,9150.0,2287.8,2288.65,2287.8,2288.65,984600.0,200.0
NIFTY,26-DEC-2024,26000.0,26-12-2024 10:55:00,0.3,0.35,0.3,0.3,6024900.0,15475.0,2288.65,2292.7,2287.1,2287.1,983600.0,1425.0
NIFTY,26-DEC-2024,26000.0,26-12-2024 10:56:00,0.3,0.35,0.3,0.35,6024900.0,12025.0,2287.1,2287.1,2282.9,2282.9,983600.0,275.0
NIFTY,26-DEC-2024,26000.0,26-12-2024 10:57:00,0.3,0.35,0.3,0.35,6024900.0,23975.0,2282.9,2285.0,2280.6,2281.65,983600.0,2150.0
NIFTY,26-DEC-2024,26000.0,26-12-2024 10:58:00,0.4,0.4,0.4,0.4,6046125.0,1125.0,2281.65,2285.0,2280.0,2284.0,982575.0,800.0
NIFTY,26-DEC-2024,26000.0,26-12-2024 10:59:00,0.35,0.4,0.35,0.35,6046125.0,4625.0,2284.0,2284.0,2280.15,2280.75,982575.0,950.0
NIFTY,26-DEC-2024,26000.0,26-12-2024 11:00:00,0.35,0.4,0.35,0.4,6039100.0,13725.0,2280.75,2280.75,2269.0,2269.0,982575.0,6100.0
NIFTY,26-DEC-2024,26000.0,26-12-2024 11:01:00,0.35,0.35,0.35,0.35,6039100.0,5225.0,2269.0,2269.0,2265.75,2265.75,982600.0,3125.0
NIFTY,26-DEC-2024,26000.0,26-12-2024 11:02:00,0.4,0.4,0.35,0.35,6039100.0,16325.0,2265.75,2269.6,2265.75,2269.6,982600.0,125.0
NIFTY,26-DEC-2024,26000.0,26-12-2024 11:03:00,0.4,0.4,0.35,0.35,6027725.0,20525.0,2269.6,2272.35,2265.0,2265.0,982600.0,875.0
NIFTY,26-DEC-2024,26000.0,26-12-2024 11:04:00,0.35,0.4,0.35,0.35,6027725.0,4550.0,2265.0,2266.45,2262.05,2262.05,982475.0,250.0
NIFTY,26-DEC-2024,26000.0,26-12-2024 11:05:00,0.35,0.4,0.35,0.35,6027725.0,56475.0,2262.05,2269.0,2262.0,2262.0,982475.0,325.0
NIFTY,26-DEC-2024,26000.0,26-12-2024 11:06:00,0.35,0.35,0.35,0.35,6027725.0,3750.0,2262.0,2262.0,2262.0,2262.0,982475.0,0.0
NIFTY,26-DEC-2024,26000.0,26-12-2024 11:07:00,0.35,0.35,0.3,0.35,6042450.0,1600.0,2262.0,2275.65,2262.0,2273.85,982475.0,250.0
NIFTY,26-DEC-2024,26000.0,26-12-2024 11:08:00,0.35,0.35,0.3,0.3,6042450.0,1850.0,2273.85,2273.85,2269.2,2269.2,982250.0,500.0
NIFTY,26-DEC-2024,26000.0,26-12-2024 11:09:00,0.3,0.35,0.3,0.35,6042450.0,1800.0,2269.2,2269.2,2259.8,2259.8,982250.0,950.0
NIFTY,26-DEC-2024,26000.0,26-12-2024 11:10:00,0.3,0.35,0.3,0.35,6038950.0,4300.0,2259.8,2259.8,2253.3,2253.3,982225.0,875.0
NIFTY,26-DEC-2024,26000.0,26-12-2024 11:11:00,0.35,0.35,0.3,0.3,6038950.0,1950.0,2253.3,2259.15,2253.3,2256.0,982225.0,775.0
NIFTY,26-DEC-2024,26000.0,26-12-2024 11:12:00,0.3,0.35,0.3,0.3,6038950.0,1275.0,2256.0,2256.0,2256.0,2256.0,982225.0,25.0
NIFTY,26-DEC-2024,26000.0,26-12-2024 11:13:00,0.35,0.35,0.3,0.35,6033950.0,3825.0,2256.0,2256.0,2245.0,2245.25,982225.0,1875.0
NIFTY,26-DEC-2024,26000.0,26-12-2024 11:14:00,0.3,0.35,0.3,0.35,6033950.0,177025.0,2241.05,2244.25,2241.05,2244.25,982225.0,2075.0
NIFTY,26-DEC-2024,26000.0,26-12-2024 11:15:00,0.35,0.35,0.3,0.35,6033950.0,8600.0,2244.25,2244.25,2240.0,2240.0,982225.0,150.0
NIFTY,26-DEC-2024,26000.0,26-12-2024 11:16:00,0.35,0.35,0.3,0.3,6045800.0,8200.0,2240.0,2240.0,2240.0,2240.0,982125.0,500.0
NIFTY,26-DEC-2024,26000.0,26-12-2024 11:17:00,0.35,0.35,0.3,0.3,6045800.0,13100.0,2247.35,2252.2,2247.35,2252.2,982125.0,300.0
NIFTY,26-DEC-2024,26000.0,26-12-2024 11:18:00,0.3,0.3,0.3,0.3,6045800.0,3025.0,2252.2,2252.2,2252.2,2252.2,982125.0,0.0
NIFTY,26-DEC-2024,26000.0,26-12-2024 11:19:00,0.25,0.3,0.25,0.25,6049775.0,78900.0,2252.2,2252.2,2252.2,2252.2,982125.0,0.0
NIFTY,26-DEC-2024,26000.0,26-12-2024 11:20:00,0.3,0.3,0.25,0.25,6049775.0,12450.0,2252.2,2257.0,2252.2,2257.0,981650.0,650.0
NIFTY,26-DEC-2024,26000.0,26-12-2024 11:21:00,0.3,0.3,0.25,0.3,6049775.0,2625.0,2257.0,2258.6,2257.0,2258.6,981650.0,100.0
NIFTY,26-DEC-2024,26000.0,26-12-2024 11:22:00,0.3,0.3,0.25,0.25,6032925.0,325.0,2258.6,2260.75,2258.6,2260.25,981650.0,225.0
NIFTY,26-DEC-2024,26000.0,26-12-2024 11:23:00,0.3,0.3,0.25,0.3,6032925.0,3600.0,2260.25,2261.2,2253.55,2258.0,981650.0,1375.0
NIFTY,26-DEC-2024,26000.0,26-12-2024 11:24:00,0.3,0.3,0.25,0.3,6032925.0,10075.0,2258.0,2258.0,2245.8,2245.8,981650.0,1350.0
NIFTY,26-DEC-2024,26000.0,26-12-2024 11:25:00,0.25,0.3,0.25,0.25,6023850.0,5975.0,2245.8,2245.8,2245.8,2245.8,981650.0,0.0
NIFTY,26-DEC-2024,26000.0,26-12-2024 11:26:00,0.3,0.3,0.25,0.3,6023850.0,0.0,2245.8,2249.9,2245.8,2249.9,981575.0,1225.0
NIFTY,26-DEC-2024,26000.0,26-12-2024 11:27:00,0.3,0.3,0.3,0.3,6023850.0,3500.0,2250.35,2254.15,2245.8,2247.4,981575.0,750.0
NIFTY,26-DEC-2024,26000.0,26-12-2024 11:28:00,0.3,0.3,0.25,0.25,6023800.0,5450.0,2247.4,2250.0,2244.75,2244.9,981525.0,4550.0
NIFTY,26-DEC-2024,26000.0,26-12-2024 11:29:00,0.25,0.3,0.25,0.25,6023800.0,0.0,2244.9,2253.8,2244.9,2253.8,981525.0,150.0
NIFTY,26-DEC-2024,26000.0,26-12-2024 11:30:00,0.3,0.3,0.25,0.3,6023800.0,7250.0,2253.8,2253.8,2246.1,2250.25,981525.0,1100.0
NIFTY,26-DEC-2024,26000.0,26-12-2024 11:31:00,0.3,0.3,0.3,0.3,6023675.0,0.0,2250.25,2250.25,2248.5,2248.85,981400.0,1050.0
NIFTY,26-DEC-2024,26000.0,26-12-2024 11:32:00,0.3,0.3,0.25,0.3,6023675.0,3750.0,2247.9,2247.9,2234.75,2245.85,981400.0,1350.0
NIFTY,26-DEC-2024,26000.0,26-12-2024 11:33:00,0.25,0.3,0.25,0.3,6023675.0,625.0,2245.85,2249.7,2245.85,2249.7,981400.0,325.0
NIFTY,26-DEC-2024,26000.0,26-12-2024 11:34:00,0.25,0.3,0.25,0.3,6023500.0,1575.0,2249.7,2249.7,2245.0,2245.0,981300.0,450.0
NIFTY,26-DEC-2024,26000.0,26-12-2024 11:35:00,0.25,0.3,0.25,0.25,6023500.0,3050.0,2245.0,2252.95,2245.0,2252.95,981300.0,875.0
NIFTY,26-DEC-2024,26000.0,26-12-2024 11:36:00,0.3,0.3,0.25,0.3,6023500.0,3225.0,2252.95,2259.8,2251.85,2256.55,981300.0,500.0
NIFTY,26-DEC-2024,26000.0,26-12-2024 11:37:00,0.3,0.3,0.25,0.3,6025125.0,175.0,2256.55,2258.25,2256.55,2258.25,981150.0,50.0
NIFTY,26-DEC-2024,26000.0,26-12-2024 11:38:00,0.3,0.3,0.25,0.25,6025125.0,950.0,2258.25,2260.75,2256.1,2256.1,981150.0,150.0
NIFTY,26-DEC-2024,26000.0,26-12-2024 11:39:00,0.25,0.3,0.25,0.25,6025125.0,3850.0,2256.1,2260.0,2256.1,2257.2,981150.0,925.0
NIFTY,26-DEC-2024,26000.0,26-12-2024 11:40:00,0.25,0.3,0.25,0.3,6024875.0,375.0,2257.2,2260.05,2253.2,2253.2,980900.0,175.0
NIFTY,26-DEC-2024,26000.0,26-12-2024 11:41:00,0.3,0.3,0.3,0.3,6024875.0,175.0,2256.9,2257.2,2256.35,2256.35,980900.0,100.0
NIFTY,26-DEC-2024,26000.0,26-12-2024 11:42:00,0.25,0.3,0.25,0.3,6024875.0,0.0,2255.55,2259.85,2255.0,2259.85,980900.0,1325.0
NIFTY,26-DEC-2024,26000.0,26-12-2024 11:43:00,0.3,0.3,0.25,0.25,6005125.0,24800.0,2259.85,2259.85,2250.0,2250.0,980350.0,875.0
NIFTY,26-DEC-2024,26000.0,26-12-2024 11:44:00,0.25,0.3,0.25,0.3,6005125.0,9850.0,2253.35,2257.25,2253.35,2257.25,980350.0,50.0
NIFTY,26-DEC-2024,26000.0,26-12-2024 11:45:00,0.25,0.25,0.25,0.25,6005125.0,2475.0,2257.25,2257.25,2252.0,2253.1,980350.0,650.0
NIFTY,26-DEC-2024,26000.0,26-12-2024 11:46:00,0.25,0.3,0.25,0.3,6003875.0,3875.0,2250.0,2250.0,2244.9,2247.0,980350.0,525.0
NIFTY,26-DEC-2024,26000.0,26-12-2024 11:47:00,0.3,0.3,0.3,0.3,6003875.0,2150.0,2246.0,2247.0,2246.0,2247.0,980350.0,1425.0
NIFTY,26-DEC-2024,26000.0,26-12-2024 11:48:00,0.3,0.3,0.25,0.25,6003875.0,2350.0,2247.0,2249.25,2246.35,2249.25,980350.0,925.0
NIFTY,26-DEC-2024,26000.0,26-12-2024 11:49:00,0.25,0.3,0.25,0.25,6003875.0,9825.0,2247.95,2252.65,2247.95,2252.65,980350.0,1025.0
NIFTY,26-DEC-2024,26000.0,26-12-2024 11:50:00,0.25,0.3,0.25,0.3,6003875.0,4850.0,2252.65,2258.9,2248.55,2258.9,980350.0,2125.0
NIFTY,26-DEC-2024,26000.0,26-12-2024 11:51:00,0.3,0.3,0.25,0.3,6003875.0,6625.0,2258.9,2260.1,2253.0,2257.7,980350.0,1200.0
NIFTY,26-DEC-2024,26000.0,26-12-2024 11:52:00,0.3,0.3,0.25,0.25,6000975.0,4675.0,2257.7,2257.7,2245.0,2245.0,980275.0,4075.0
NIFTY,26-DEC-2024,26000.0,26-12-2024 11:53:00,0.25,0.3,0.25,0.3,6000975.0,4325.0,2245.0,2247.55,2245.0,2246.55,980275.0,1050.0
NIFTY,26-DEC-2024,26000.0,26-12-2024 11:54:00,0.25,0.3,0.25,0.3,6000975.0,11450.0,2246.55,2247.5,2246.05,2246.05,980275.0,150.0
NIFTY,26-DEC-2024,26000.0,26-12-2024 11:55:00,0.25,0.3,0.25,0.3,6001025.0,85125.0,2246.05,2250.15,2246.05,2247.05,980275.0,25.0
NIFTY,26-DEC-2024,26000.0,26-12-2024 11:56:00,0.3,0.3,0.25,0.3,6001025.0,32600.0,2246.05,2250.0,2246.05,2246.05,980275.0,575.0
NIFTY,26-DEC-2024,26000.0,26-12-2024 11:57:00,0.25,0.3,0.25,0.3,6001025.0,25450.0,2246.05,2246.85,2241.1,2241.1,980275.0,1600.0
NIFTY,26-DEC-2024,26000.0,26-12-2024 11:58:00,0.3,0.3,0.25,0.3,5884675.0,102075.0,2241.1,2247.05,2241.1,2246.0,980275.0,975.0
NIFTY,26-DEC-2024,26000.0,26-12-2024 11:59:00,0.3,0.3,0.25,0.3,5884675.0,7900.0,2246.0,2246.4,2243.1,2245.1,980275.0,2225.0
NIFTY,26-DEC-2024,26000.0,26-12-2024 12:00:00,0.25,0.3,0.25,0.3,5884675.0,1850.0,2245.1,2248.1,2240.0,2241.05,980275.0,1500.0
NIFTY,26-DEC-2024,26000.0,26-12-2024 12:01:00,0.3,0.3,0.3,0.3,5891850.0,4200.0,2241.05,2247.45,2241.05,2247.45,980300.0,3050.0
NIFTY,26-DEC-2024,26000.0,26-12-2024 12:02:00,0.3,0.3,0.25,0.25,5891850.0,3000.0,2247.45,2247.45,2246.45,2246.45,980300.0,1625.0
NIFTY,26-DEC-2024,26000.0,26-12-2024 12:03:00,0.25,0.3,0.25,0.3,5891850.0,725.0,2246.45,2251.7,2246.45,2247.9,980300.0,450.0
NIFTY,26-DEC-2024,26000.0,26-12-2024 12:04:00,0.3,0.3,0.25,0.25,5897100.0,450.0,2252.7,2253.1,2250.55,2252.75,980250.0,400.0
NIFTY,26-DEC-2024,26000.0,26-12-2024 12:05:00,0.3,0.3,0.25,0.3,5897100.0,6450.0,2252.75,2256.2,2252.05,2256.2,980250.0,200.0
NIFTY,26-DEC-2024,26000.0,26-12-2024 12:06:00,0.25,0.3,0.25,0.3,5897100.0,5125.0,2256.2,2256.2,2254.4,2254.4,980250.0,125.0
NIFTY,26-DEC-2024,26000.0,26-12-2024 12:07:00,0.3,0.3,0.25,0.25,5894150.0,6975.0,2252.0,2252.0,2252.0,2252.0,980250.0,900.0
NIFTY,26-DEC-2024,26000.0,26-12-2024 12:08:00,0.25,0.3,0.25,0.3,5894150.0,11675.0,2252.0,2257.65,2252.0,2257.0,980225.0,300.0
NIFTY,26-DEC-2024,26000.0,26-12-2024 12:09:00,0.3,0.3,0.25,0.25,5894150.0,5975.0,2257.85,2257.85,2257.85,2257.85,980225.0,300.0
NIFTY,26-DEC-2024,26000.0,26-12-2024 12:10:00,0.25,0.3,0.25,0.3,5886925.0,3475.0,2257.85,2266.35,2257.85,2265.5,980200.0,2175.0
NIFTY,26-DEC-2024,26000.0,26-12-2024 12:11:00,0.3,0.3,0.3,0.3,5886925.0,8325.0,2265.5,2267.0,2262.1,2266.35,980200.0,4100.0
NIFTY,26-DEC-2024,26000.0,26-12-2024 12:12:00,0.3,0.3,0.25,0.25,5886925.0,56050.0,2266.35,2269.15,2266.35,2268.85,980200.0,1000.0
NIFTY,26-DEC-2024,26000.0,26-12-2024 12:13:00,0.3,0.3,0.25,0.25,5819200.0,62425.0,2268.85,2268.85,2265.0,2265.65,980025.0,2075.0
NIFTY,26-DEC-2024,26000.0,26-12-2024 12:14:00,0.25,0.3,0.25,0.25,5819200.0,77825.0,2265.65,2269.85,2265.65,2269.85,980025.0,250.0
NIFTY,26-DEC-2024,26000.0,26-12-2024 12:15:00,0.25,0.3,0.2,0.25,5819200.0,200450.0,2269.85,2269.85,2265.0,2267.9,980025.0,600.0
NIFTY,26-DEC-2024,26000.0,26-12-2024 12:16:00,0.25,0.25,0.2,0.25,5865475.0,85800.0,2267.9,2267.9,2260.35,2260.35,979875.0,2175.0
NIFTY,26-DEC-2024,26000.0,26-12-2024 12:17:00,0.25,0.25,0.2,0.25,5865475.0,135150.0,2260.35,2266.0,2260.35,2263.9,979875.0,125.0
NIFTY,26-DEC-2024,26000.0,26-12-2024 12:18:00,0.25,0.3,0.25,0.25,5865475.0,154450.0,2263.9,2265.4,2260.0,2264.65,979875.0,1750.0
NIFTY,26-DEC-2024,26000.0,26-12-2024 12:19:00,0.25,0.25,0.2,0.25,5897675.0,79175.0,2265.15,2266.1,2264.1,2266.0,979425.0,4675.0
NIFTY,26-DEC-2024,26000.0,26-12-2024 12:20:00,0.25,0.25,0.2,0.25,5897675.0,78275.0,2266.0,2269.65,2266.0,2269.65,979425.0,1075.0
NIFTY,26-DEC-2024,26000.0,26-12-2024 12:21:00,0.25,0.25,0.2,0.25,5897675.0,16950.0,2269.65,2269.65,2268.2,2268.55,979425.0,525.0
NIFTY,26-DEC-2024,26000.0,26-12-2024 12:22:00,0.2,0.25,0.2,0.25,5893350.0,1925.0,2268.55,2268.55,2265.0,2265.9,979400.0,1500.0
NIFTY,26-DEC-2024,26000.0,26-12-2024 12:23:00,0.25,0.25,0.25,0.25,5893350.0,1650.0,2265.9,2266.55,2265.2,2266.05,979400.0,425.0
NIFTY,26-DEC-2024,26000.0,26-12-2024 12:24:00,0.2,0.2,0.2,0.2,5893350.0,3725.0,2267.0,2267.0,2265.0,2266.0,979400.0,300.0
NIFTY,26-DEC-2024,26000.0,26-12-2024 12:25:00,0.2,0.25,0.2,0.25,5891825.0,3125.0,2266.0,2270.25,2265.0,2270.25,978925.0,1300.0
NIFTY,26-DEC-2024,26000.0,26-12-2024 12:26:00,0.25,0.25,0.2,0.25,5891825.0,1275.0,2270.25,2270.25,2270.0,2270.0,978925.0,325.0
NIFTY,26-DEC-2024,26000.0,26-12-2024 12:27:00,0.25,0.25,0.2,0.25,5891825.0,1775.0,2269.55,2270.05,2267.0,2267.0,978925.0,825.0
NIFTY,26-DEC-2024,26000.0,26-12-2024 12:28:00,0.25,0.25,0.2,0.2,5890975.0,375.0,2267.0,2267.75,2263.4,2263.4,978725.0,1175.0
NIFTY,26-DEC-2024,26000.0,26-12-2024 12:29:00,0.2,0.25,0.2,0.25,5890975.0,9950.0,2263.4,2268.0,2263.0,2263.0,978725.0,600.0
NIFTY,26-DEC-2024,26000.0,26-12-2024 12:30:00,0.25,0.25,0.2,0.2,5890975.0,2500.0,2263.0,2266.15,2263.0,2266.15,978725.0,1325.0
NIFTY,26-DEC-2024,26000.0,26-12-2024 12:31:00,0.2,0.25,0.2,0.2,5888475.0,3250.0,2266.15,2266.15,2261.5,2261.5,978725.0,450.0
NIFTY,26-DEC-2024,26000.0,26-12-2024 12:32:00,0.25,0.25,0.2,0.2,5888475.0,3150.0,2261.5,2267.95,2261.5,2267.95,977450.0,450.0
NIFTY,26-DEC-2024,26000.0,26-12-2024 12:33:00,0.2,0.25,0.2,0.25,5888475.0,375.0,2267.95,2269.2,2267.95,2268.45,977450.0,225.0
NIFTY,26-DEC-2024,26000.0,26-12-2024 12:34:00,0.25,0.25,0.2,0.2,5892150.0,7225.0,2268.45,2270.45,2266.05,2266.05,977225.0,975.0
NIFTY,26-DEC-2024,26000.0,26-12-2024 12:35:00,0.25,0.25,0.2,0.25,5892150.0,5000.0,2266.05,2267.7,2264.95,2267.0,977225.0,1375.0
NIFTY,26-DEC-2024,26000.0,26-12-2024 12:36:00,0.25,0.25,0.2,0.2,5892150.0,2950.0,2267.0,2269.4,2267.0,2268.2,977225.0,1975.0
NIFTY,26-DEC-2024,26000.0,26-12-2024 12:37:00,0.2,0.25,0.2,0.25,5886475.0,2925.0,2268.2,2268.2,2267.9,2267.9,977200.0,50.0
NIFTY,26-DEC-2024,26000.0,26-12-2024 12:38:00,0.25,0.25,0.2,0.25,5886475.0,2100.0,2267.9,2268.45,2267.9,2268.0,977200.0,75.0
NIFTY,26-DEC-2024,26000.0,26-12-2024 12:39:00,0.25,0.25,0.2,0.2,5886475.0,4100.0,2268.0,2268.0,2266.4,2266.9,977200.0,3600.0
NIFTY,26-DEC-2024,26000.0,26-12-2024 12:40:00,0.25,0.25,0.2,0.2,5880425.0,13625.0,2266.9,2269.65,2266.4,2267.65,975250.0,2625.0
NIFTY,26-DEC-2024,26000.0,26-12-2024 12:41:00,0.2,0.25,0.2,0.2,5880425.0,81050.0,2267.0,2267.0,2265.0,2266.15,975250.0,2800.0
NIFTY,26-DEC-2024,26000.0,26-12-2024 12:42:00,0.2,0.25,0.2,0.2,5880425.0,68300.0,2266.9,2266.9,2262.0,2262.5,975250.0,5275.0
NIFTY,26-DEC-2024,26000.0,26-12-2024 12:43:00,0.2,0.2,0.2,0.2,5895575.0,78700.0,2262.5,2263.0,2260.0,2260.0,974375.0,1050.0
NIFTY,26-DEC-2024,26000.0,26-12-2024 12:44:00,0.2,0.2,0.15,0.2,5895575.0,9250.0,2260.0,2260.3,2259.4,2260.25,974375.0,3375.0
NIFTY,26-DEC-2024,26000.0,26-12-2024 12:45:00,0.2,0.2,0.15,0.2,5895575.0,9850.0,2260.25,2260.25,2259.0,2259.9,974375.0,900.0
NIFTY,26-DEC-2024,26000.0,26-12-2024 12:46:00,0.2,0.2,0.15,0.15,5895025.0,11975.0,2259.9,2259.9,2255.0,2255.0,974325.0,1625.0
NIFTY,26-DEC-2024,26000.0,26-12-2024 12:47:00,0.2,0.2,0.15,0.15,5895025.0,8475.0,2255.25,2257.75,2255.0,2256.0,974325.0,525.0
NIFTY,26-DEC-2024,26000.0,26-12-2024 12:48:00,0.2,0.2,0.15,0.15,5895025.0,73850.0,2256.0,2260.05,2255.0,2256.05,974325.0,4550.0
NIFTY,26-DEC-2024,26000.0,26-12-2024 12:49:00,0.15,0.2,0.15,0.15,5873050.0,146675.0,2257.4,2258.45,2254.35,2258.45,970525.0,2850.0
NIFTY,26-DEC-2024,26000.0,26-12-2024 12:50:00,0.15,0.2,0.15,0.15,5873050.0,100175.0,2258.45,2258.45,2257.4,2258.15,970525.0,2275.0
NIFTY,26-DEC-2024,26000.0,26-12-2024 12:51:00,0.15,0.15,0.1,0.15,5873050.0,55825.0,2258.15,2258.75,2254.1,2257.6,970525.0,2250.0
NIFTY,26-DEC-2024,26000.0,26-12-2024 12:52:00,0.15,0.15,0.1,0.15,5863175.0,26475.0,2257.6,2260.1,2257.6,2260.1,968875.0,275.0
NIFTY,26-DEC-2024,26000.0,26-12-2024 12:53:00,0.15,0.15,0.1,0.15,5863175.0,2975.0,2260.15,2260.15,2259.15,2259.15,968875.0,1875.0
NIFTY,26-DEC-2024,26000.0,26-12-2024 12:54:00,0.1,0.15,0.1,0.15,5863175.0,15750.0,2259.15,2259.15,2257.35,2258.6,968875.0,2075.0
NIFTY,26-DEC-2024,26000.0,26-12-2024 12:55:00,0.1,0.15,0.1,0.15,5857925.0,25625.0,2258.6,2259.55,2257.0,2258.0,967850.0,375.0
NIFTY,26-DEC-2024,26000.0,26-12-2024 12:56:00,0.1,0.15,0.1,0.1,5857925.0,34425.0,2258.0,2258.45,2258.0,2258.0,967850.0,475.0
NIFTY,26-DEC-2024,26000.0,26-12-2024 12:57:00,0.1,0.15,0.1,0.15,5857925.0,246925.0,2258.0,2258.0,2252.65,2253.8,967850.0,1075.0
NIFTY,26-DEC-2024,26000.0,26-12-2024 12:58:00,0.15,0.15,0.1,0.15,5854800.0,7150.0,2253.8,2258.15,2253.8,2257.85,966675.0,825.0
NIFTY,26-DEC-2024,26000.0,26-12-2024 12:59:00,0.1,0.15,0.1,0.15,5854800.0,32725.0,2257.85,2257.85,2257.15,2257.15,966675.0,225.0
NIFTY,26-DEC-2024,26000.0,26-12-2024 13:00:00,0.15,0.15,0.1,0.15,5854800.0,162200.0,2257.15,2261.15,2257.15,2261.15,966675.0,950.0
NIFTY,26-DEC-2024,26000.0,26-12-2024 13:01:00,0.15,0.15,0.05,0.1,5856875.0,154250.0,2261.0,2261.0,2257.85,2257.85,966125.0,1300.0
NIFTY,26-DEC-2024,26000.0,26-12-2024 13:02:00,0.1,0.1,0.1,0.1,5856875.0,13850.0,2257.85,2257.85,2255.0,2255.85,966125.0,850.0
NIFTY,26-DEC-2024,26000.0,26-12-2024 13:03:00,0.1,0.1,0.1,0.1,5856875.0,343150.0,2255.85,2257.65,2255.85,2257.0,966125.0,225.0
NIFTY,26-DEC-2024,26000.0,26-12-2024 13:04:00,0.1,0.1,0.05,0.1,5737950.0,22475.0,2257.0,2257.7,2257.0,2257.05,966125.0,175.0
NIFTY,26-DEC-2024,26000.0,26-12-2024 13:05:00,0.1,0.1,0.1,0.1,5737950.0,14450.0,2257.05,2257.4,2255.5,2257.4,965650.0,425.0
NIFTY,26-DEC-2024,26000.0,26-12-2024 13:06:00,0.1,0.1,0.1,0.1,5737950.0,53725.0,2257.4,2258.0,2256.0,2256.0,965650.0,200.0
NIFTY,26-DEC-2024,26000.0,26-12-2024 13:07:00,0.1,0.1,0.1,0.1,5700700.0,13550.0,2256.0,2260.0,2256.0,2260.0,965600.0,1800.0
NIFTY,26-DEC-2024,26000.0,26-12-2024 13:08:00,0.1,0.1,0.05,0.1,5700700.0,28750.0,2260.0,2261.05,2260.0,2260.15,965600.0,1050.0
NIFTY,26-DEC-2024,26000.0,26-12-2024 13:09:00,0.1,0.1,0.05,0.1,5700700.0,52925.0,2260.15,2260.15,2258.05,2259.0,965600.0,200.0
NIFTY,26-DEC-2024,26000.0,26-12-2024 13:10:00,0.1,0.1,0.05,0.1,5629000.0,177275.0,2259.0,2259.3,2257.0,2257.7,965400.0,600.0
NIFTY,26-DEC-2024,26000.0,26-12-2024 13:11:00,0.1,0.1,0.05,0.05,5629000.0,132800.0,2257.7,2258.25,2256.85,2257.0,965400.0,850.0
NIFTY,26-DEC-2024,26000.0,26-12-2024 13:12:00,0.05,0.1,0.05,0.1,5629000.0,116650.0,2257.0,2258.4,2257.0,2258.4,965400.0,1375.0
NIFTY,26-DEC-2024,26000.0,26-12-2024 13:13:00,0.1,0.1,0.05,0.1,5492625.0,109550.0,2258.4,2258.85,2257.35,2258.5,964150.0,3050.0
NIFTY,26-DEC-2024,26000.0,26-12-2024 13:14:00,0.1,0.1,0.05,0.1,5492625.0,109025.0,2258.5,2259.45,2256.95,2257.9,964150.0,1950.0
NIFTY,26-DEC-2024,26000.0,26-12-2024 13:15:00,0.1,0.1,0.05,0.1,5492625.0,226100.0,2257.9,2257.9,2256.3,2256.9,964150.0,4500.0
NIFTY,26-DEC-2024,26000.0,26-12-2024 13:16:00,0.1,0.1,0.05,0.1,5437025.0,193625.0,2256.9,2256.9,2255.0,2255.5,963475.0,1525.0
NIFTY,26-DEC-2024,26000.0,26-12-2024 13:17:00,0.1,0.1,0.1,0.1,5437025.0,39400.0,2255.5,2256.25,2253.0,2253.0,963475.0,2925.0
NIFTY,26-DEC-2024,26000.0,26-12-2024 13:18:00,0.1,0.1,0.05,0.05,5437025.0,17925.0,2253.0,2253.0,2250.15,2250.15,963475.0,1225.0
NIFTY,26-DEC-2024,26000.0,26-12-2024 13:19:00,0.1,0.1,0.1,0.1,5513000.0,22150.0,2250.15,2250.15,2250.0,2250.0,963475.0,50.0
NIFTY,26-DEC-2024,26000.0,26-12-2024 13:20:00,0.1,0.1,0.1,0.1,5513000.0,18225.0,2250.0,2254.8,2250.0,2254.8,962950.0,25.0
NIFTY,26-DEC-2024,26000.0,26-12-2024 13:21:00,0.1,0.1,0.05,0.1,5513000.0,22175.0,2254.8,2254.8,2250.0,2250.0,962950.0,1350.0
NIFTY,26-DEC-2024,26000.0,26-12-2024 13:22:00,0.1,0.1,0.05,0.1,5503825.0,15575.0,2250.0,2250.0,2250.0,2250.0,962950.0,0.0
NIFTY,26-DEC-2024,26000.0,26-12-2024 13:23:00,0.1,0.1,0.05,0.1,5503825.0,7175.0,2250.0,2255.0,2250.0,2255.0,962475.0,75.0
NIFTY,26-DEC-2024,26000.0,26-12-2024 13:24:00,0.1,0.1,0.05,0.1,5503825.0,4525.0,2255.0,2255.0,2254.0,2254.0,962475.0,275.0
NIFTY,26-DEC-2024,26000.0,26-12-2024 13:25:00,0.1,0.1,0.05,0.1,5498850.0,11500.0,2254.0,2254.9,2254.0,2254.0,962250.0,2525.0
NIFTY,26-DEC-2024,26000.0,26-12-2024 13:26:00,0.05,0.1,0.05,0.1,5498850.0,4000.0,2254.0,2255.15,2250.4,2253.0,962250.0,2125.0
NIFTY,26-DEC-2024,26000.0,26-12-2024 13:27:00,0.1,0.1,0.05,0.1,5498850.0,5425.0,2253.0,2255.1,2250.0,2255.0,962250.0,500.0
NIFTY,26-DEC-2024,26000.0,26-12-2024 13:28:00,0.05,0.1,0.05,0.1,5490725.0,5325.0,2255.0,2256.05,2255.0,2256.05,958625.0,125.0
NIFTY,26-DEC-2024,26000.0,26-12-2024 13:29:00,0.1,0.1,0.1,0.1,5490725.0,1525.0,2256.05,2260.25,2256.05,2260.25,958625.0,125.0
NIFTY,26-DEC-2024,26000.0,26-12-2024 13:30:00,0.1,0.1,0.05,0.05,5490725.0,7675.0,2260.25,2260.25,2255.0,2255.0,958625.0,400.0
NIFTY,26-DEC-2024,26000.0,26-12-2024 13:31:00,0.1,0.1,0.05,0.1,5483650.0,4225.0,2255.0,2259.05,2255.0,2257.0,958800.0,1900.0
NIFTY,26-DEC-2024,26000.0,26-12-2024 13:32:00,0.1,0.1,0.05,0.1,5483650.0,1400.0,2257.0,2258.25,2255.0,2258.25,958800.0,425.0
NIFTY,26-DEC-2024,26000.0,26-12-2024 13:33:00,0.1,0.1,0.05,0.05,5483650.0,97750.0,2258.25,2259.35,2254.1,2254.1,958800.0,575.0
NIFTY,26-DEC-2024,26000.0,26-12-2024 13:34:00,0.05,0.1,0.05,0.1,5385300.0,32725.0,2254.1,2296.05,2254.1,2276.4,958150.0,450.0
NIFTY,26-DEC-2024,26000.0,26-12-2024 13:35:00,0.1,0.1,0.05,0.1,5385300.0,9650.0,2325.0,2348.4,2289.7,2289.7,958150.0,2575.0
NIFTY,26-DEC-2024,26000.0,26-12-2024 13:36:00,0.1,0.1,0.05,0.1,5385300.0,33750.0,2289.7,2289.7,2275.0,2276.0,958150.0,2775.0
NIFTY,26-DEC-2024,26000.0,26-12-2024 13:37:00,0.1,0.1,0.05,0.1,5375425.0,0.0,2270.0,2270.0,2270.0,2270.0,958150.0,275.0
NIFTY,26-DEC-2024,26000.0,26-12-2024 13:38:00,0.1,0.1,0.05,0.05,5375425.0,23075.0,2270.0,2320.0,2270.0,2295.0,957650.0,1650.0
NIFTY,26-DEC-2024,26000.0,26-12-2024 13:39:00,0.05,0.1,0.05,0.05,5375425.0,57500.0,2313.0,2313.0,2303.0,2306.6,957650.0,2225.0
NIFTY,26-DEC-2024,26000.0,26-12-2024 13:40:00,0.05,0.1,0.05,0.1,5375425.0,6550.0,2306.6,2306.6,2290.0,2290.0,957550.0,1950.0
NIFTY,26-DEC-2024,26000.0,26-12-2024 13:41:00,0.05,0.1,0.05,0.1,5375425.0,0.0,2290.0,2301.0,2290.0,2301.0,957550.0,775.0
NIFTY,26-DEC-2024,26000.0,26-12-2024 13:42:00,0.05,0.1,0.05,0.1,5375425.0,3225.0,2301.0,2301.0,2282.0,2282.0,957550.0,475.0
NIFTY,26-DEC-2024,26000.0,26-12-2024 13:43:00,0.1,0.1,0.05,0.05,5346450.0,23300.0,2282.0,2282.0,2246.0,2246.0,955600.0,6025.0
NIFTY,26-DEC-2024,26000.0,26-12-2024 13:44:00,0.1,0.1,0.05,0.05,5346450.0,22625.0,2246.0,2256.65,2246.0,2256.65,955600.0,650.0
NIFTY,26-DEC-2024,26000.0,26-12-2024 13:45:00,0.05,0.1,0.05,0.1,5346450.0,30450.0,2256.65,2259.85,2252.0,2253.15,955600.0,250.0
NIFTY,26-DEC-2024,26000.0,26-12-2024 13:46:00,0.05,0.1,0.05,0.1,5340975.0,22700.0,2250.0,2250.0,2250.0,2250.0,955600.0,525.0
NIFTY,26-DEC-2024,26000.0,26-12-2024 13:47:00,0.1,0.1,0.05,0.1,5340975.0,6575.0,2250.0,2251.05,2247.0,2247.0,955400.0,1375.0
NIFTY,26-DEC-2024,26000.0,26-12-2024 13:48:00,0.1,0.1,0.05,0.1,5340975.0,22650.0,2247.0,2255.0,2247.0,2255.0,955400.0,775.0
NIFTY,26-DEC-2024,26000.0,26-12-2024 13:49:00,0.1,0.1,0.05,0.1,5338275.0,7375.0,2255.0,2265.0,2255.0,2265.0,955225.0,300.0
NIFTY,26-DEC-2024,26000.0,26-12-2024 13:50:00,0.1,0.1,0.05,0.1,5338275.0,6325.0,2265.0,2266.8,2262.0,2265.25,955225.0,4075.0
NIFTY,26-DEC-2024,26000.0,26-12-2024 13:51:00,0.1,0.1,0.05,0.05,5338275.0,17875.0,2265.25,2277.1,2265.25,2270.75,955225.0,2925.0
NIFTY,26-DEC-2024,26000.0,26-12-2024 13:52:00,0.05,0.1,0.05,0.1,5328775.0,14525.0,2270.75,2275.75,2266.0,2273.65,954850.0,1450.0
NIFTY,26-DEC-2024,26000.0,26-12-2024 13:53:00,0.1,0.1,0.05,0.1,5328775.0,5775.0,2273.65,2278.8,2270.0,2270.25,954850.0,525.0
NIFTY,26-DEC-2024,26000.0,26-12-2024 13:54:00,0.05,0.1,0.05,0.1,5328775.0,15350.0,2270.0,2270.0,2263.9,2270.0,954850.0,525.0
NIFTY,26-DEC-2024,26000.0,26-12-2024 13:55:00,0.1,0.1,0.05,0.1,5328700.0,2025.0,2270.0,2271.65,2266.0,2266.0,954000.0,2675.0
NIFTY,26-DEC-2024,26000.0,26-12-2024 13:56:00,0.1,0.1,0.05,0.05,5328700.0,7775.0,2266.0,2268.95,2260.85,2265.75,954000.0,2600.0
NIFTY,26-DEC-2024,26000.0,26-12-2024 13:57:00,0.1,0.1,0.05,0.1,5328700.0,2850.0,2265.75,2268.15,2262.0,2265.0,954000.0,1675.0
NIFTY,26-DEC-2024,26000.0,26-12-2024 13:58:00,0.1,0.1,0.05,0.1,5327425.0,5925.0,2265.9,2273.5,2265.3,2268.9,951375.0,700.0
NIFTY,26-DEC-2024,26000.0,26-12-2024 13:59:00,0.05,0.1,0.05,0.1,5327425.0,8025.0,2268.5,2270.0,2265.0,2270.0,951375.0,750.0
NIFTY,26-DEC-2024,26000.0,26-12-2024 14:00:00,0.1,0.1,0.05,0.05,5327425.0,5450.0,2270.0,2270.0,2262.35,2266.9,951375.0,3300.0
NIFTY,26-DEC-2024,26000.0,26-12-2024 14:01:00,0.05,0.1,0.05,0.05,5325200.0,7250.0,2266.8,2270.3,2266.0,2267.05,949975.0,900.0
NIFTY,26-DEC-2024,26000.0,26-12-2024 14:02:00,0.1,0.1,0.05,0.05,5325200.0,6975.0,2267.05,2267.05,2260.0,2260.0,949975.0,4425.0
NIFTY,26-DEC-2024,26000.0,26-12-2024 14:03:00,0.1,0.1,0.05,0.05,5325200.0,3750.0,2260.0,2260.0,2254.95,2254.95,949975.0,875.0
NIFTY,26-DEC-2024,26000.0,26-12-2024 14:04:00,0.05,0.1,0.05,0.05,5326650.0,925.0,2254.95,2255.65,2254.1,2255.4,948150.0,400.0
NIFTY,26-DEC-2024,26000.0,26-12-2024 14:05:00,0.05,0.1,0.05,0.1,5326650.0,1500.0,2255.4,2258.15,2255.4,2258.15,948150.0,200.0
NIFTY,26-DEC-2024,26000.0,26-12-2024 14:06:00,0.1,0.1,0.05,0.1,5326650.0,1025.0,2258.15,2259.5,2258.0,2258.05,948150.0,200.0
NIFTY,26-DEC-2024,26000.0,26-12-2024 14:07:00,0.1,0.1,0.05,0.1,5326650.0,7825.0,2258.05,2263.65,2258.0,2258.05,948000.0,475.0
NIFTY,26-DEC-2024,26000.0,26-12-2024 14:08:00,0.1,0.1,0.05,0.1,5326650.0,2625.0,2258.0,2260.8,2254.0,2258.75,948000.0,900.0
NIFTY,26-DEC-2024,26000.0,26-12-2024 14:09:00,0.1,0.1,0.05,0.1,5326650.0,40575.0,2258.75,2258.75,2251.1,2251.1,948000.0,425.0
NIFTY,26-DEC-2024,26000.0,26-12-2024 14:10:00,0.1,0.1,0.05,0.1,5294450.0,2500.0,2251.1,2257.7,2251.1,2253.15,947350.0,775.0
NIFTY,26-DEC-2024,26000.0,26-12-2024 14:11:00,0.1,0.1,0.05,0.1,5294450.0,6700.0,2253.15,2260.9,2253.15,2260.5,947350.0,350.0
NIFTY,26-DEC-2024,26000.0,26-12-2024 14:12:00,0.1,0.1,0.05,0.1,5294450.0,13125.0,2260.5,2261.55,2257.0,2260.0,947350.0,675.0
NIFTY,26-DEC-2024,26000.0,26-12-2024 14:13:00,0.05,0.1,0.05,0.1,5277050.0,1450.0,2260.0,2261.7,2258.0,2260.55,946800.0,900.0
NIFTY,26-DEC-2024,26000.0,26-12-2024 14:14:00,0.1,0.1,0.05,0.05,5277050.0,7775.0,2260.55,2260.55,2259.95,2259.95,946800.0,450.0
NIFTY,26-DEC-2024,26000.0,26-12-2024 14:15:00,0.1,0.1,0.05,0.05,5277050.0,4400.0,2259.95,2262.3,2259.95,2261.0,946800.0,1775.0
NIFTY,26-DEC-2024,26000.0,26-12-2024 14:16:00,0.05,0.1,0.05,0.1,5266650.0,2725.0,2261.0,2262.35,2258.1,2258.1,946325.0,3375.0
NIFTY,26-DEC-2024,26000.0,26-12-2024 14:17:00,0.1,0.1,0.05,0.1,5266650.0,3100.0,2258.1,2258.8,2257.75,2257.8,946325.0,1375.0
NIFTY,26-DEC-2024,26000.0,26-12-2024 14:18:00,0.05,0.1,0.05,0.05,5266650.0,3875.0,2257.8,2260.0,2256.55,2259.6,946325.0,1275.0
NIFTY,26-DEC-2024,26000.0,26-12-2024 14:19:00,0.1,0.1,0.05,0.05,5263400.0,1700.0,2259.35,2260.9,2256.55,2256.55,945325.0,1600.0
NIFTY,26-DEC-2024,26000.0,26-12-2024 14:20:00,0.05,0.1,0.05,0.1,5263400.0,200.0,2256.55,2260.5,2255.5,2259.05,945325.0,225.0
NIFTY,26-DEC-2024,26000.0,26-12-2024 14:21:00,0.1,0.1,0.05,0.1,5263400.0,2650.0,2260.05,2262.0,2259.05,2262.0,945325.0,900.0
NIFTY,26-DEC-2024,26000.0,26-12-2024 14:22:00,0.1,0.1,0.05,0.1,5258300.0,3775.0,2262.0,2263.9,2259.05,2261.1,944950.0,400.0
NIFTY,26-DEC-2024,26000.0,26-12-2024 14:23:00,0.1,0.1,0.05,0.1,5258300.0,2575.0,2261.1,2261.1,2256.0,2257.0,944950.0,2000.0
NIFTY,26-DEC-2024,26000.0,26-12-2024 14:24:00,0.05,0.1,0.05,0.1,5258300.0,4775.0,2257.8,2263.0,2257.8,2260.0,944950.0,1425.0
NIFTY,26-DEC-2024,26000.0,26-12-2024 14:25:00,0.05,0.1,0.05,0.05,5252875.0,4725.0,2260.0,2264.7,2258.4,2264.7,944950.0,300.0
NIFTY,26-DEC-2024,26000.0,26-12-2024 14:26:00,0.1,0.1,0.05,0.05,5252875.0,0.0,2262.0,2266.75,2262.0,2264.2,943425.0,900.0
NIFTY,26-DEC-2024,26000.0,26-12-2024 14:27:00,0.05,0.1,0.05,0.1,5252875.0,10450.0,2264.2,2265.55,2261.0,2263.9,943425.0,475.0
NIFTY,26-DEC-2024,26000.0,26-12-2024 14:28:00,0.05,0.1,0.05,0.1,5243550.0,10900.0,2263.9,2264.85,2261.3,2261.3,943425.0,6825.0
NIFTY,26-DEC-2024,26000.0,26-12-2024 14:29:00,0.05,0.1,0.05,0.05,5243550.0,2150.0,2262.1,2262.1,2259.35,2259.75,943425.0,2350.0
NIFTY,26-DEC-2024,26000.0,26-12-2024 14:30:00,0.1,0.1,0.05,0.05,5243550.0,5425.0,2260.5,2261.85,2259.0,2259.0,943425.0,2675.0
NIFTY,26-DEC-2024,26000.0,26-12-2024 14:31:00,0.1,0.1,0.05,0.1,5236075.0,5250.0,2260.0,2262.7,2259.0,2262.5,942925.0,1700.0
NIFTY,26-DEC-2024,26000.0,26-12-2024 14:32:00,0.1,0.1,0.05,0.05,5236075.0,3075.0,2262.7,2264.75,2262.7,2263.5,942925.0,1725.0
NIFTY,26-DEC-2024,26000.0,26-12-2024 14:33:00,0.1,0.1,0.05,0.1,5236075.0,3850.0,2263.5,2263.5,2261.2,2262.35,942925.0,275.0
NIFTY,26-DEC-2024,26000.0,26-12-2024 14:34:00,0.1,0.1,0.05,0.1,5230650.0,4425.0,2262.35,2262.95,2261.9,2262.9,942375.0,3550.0
NIFTY,26-DEC-2024,26000.0,26-12-2024 14:35:00,0.1,0.1,0.05,0.1,5230650.0,31800.0,2263.7,2263.7,2262.05,2262.5,942375.0,650.0
NIFTY,26-DEC-2024,26000.0,26-12-2024 14:36:00,0.1,0.1,0.05,0.1,5230650.0,10250.0,2262.0,2262.55,2261.0,2261.75,942375.0,1250.0
NIFTY,26-DEC-2024,26000.0,26-12-2024 14:37:00,0.1,0.1,0.05,0.1,5188075.0,2675.0,2261.75,2262.8,2261.35,2261.35,942350.0,775.0
NIFTY,26-DEC-2024,26000.0,26-12-2024 14:38:00,0.05,0.1,0.05,0.05,5188075.0,4150.0,2261.35,2261.95,2257.0,2257.0,942350.0,2450.0
NIFTY,26-DEC-2024,26000.0,26-12-2024 14:39:00,0.1,0.1,0.05,0.1,5188075.0,5175.0,2257.0,2259.8,2257.0,2259.8,942350.0,500.0
NIFTY,26-DEC-2024,26000.0,26-12-2024 14:40:00,0.1,0.1,0.05,0.05,5181625.0,950.0,2259.8,2259.8,2255.2,2257.7,942350.0,500.0
NIFTY,26-DEC-2024,26000.0,26-12-2024 14:41:00,0.05,0.1,0.05,0.05,5181625.0,5050.0,2257.7,2259.25,2257.7,2258.6,942025.0,775.0
NIFTY,26-DEC-2024,26000.0,26-12-2024 14:42:00,0.05,0.1,0.05,0.1,5181625.0,62325.0,2258.6,2258.6,2254.15,2254.15,942025.0,1975.0
NIFTY,26-DEC-2024,26000.0,26-12-2024 14:43:00,0.05,0.1,0.05,0.05,5108250.0,18850.0,2254.15,2254.9,2252.0,2252.0,942025.0,400.0
NIFTY,26-DEC-2024,26000.0,26-12-2024 14:44:00,0.05,0.1,0.05,0.05,5108250.0,7550.0,2252.0,2255.5,2252.0,2254.6,942025.0,300.0
NIFTY,26-DEC-2024,26000.0,26-12-2024 14:45:00,0.05,0.1,0.05,0.05,5108250.0,2925.0,2254.6,2254.75,2254.0,2254.0,942025.0,650.0
NIFTY,26-DEC-2024,26000.0,26-12-2024 14:46:00,0.05,0.1,0.05,0.05,5098450.0,4150.0,2254.0,2254.25,2253.75,2253.85,941875.0,925.0
NIFTY,26-DEC-2024,26000.0,26-12-2024 14:47:00,0.1,0.1,0.05,0.1,5098450.0,58350.0,2253.5,2255.9,2253.5,2254.9,941875.0,600.0
NIFTY,26-DEC-2024,26000.0,26-12-2024 14:48:00,0.05,0.1,0.05,0.05,5098450.0,10525.0,2254.9,2256.05,2254.9,2256.05,941875.0,25.0
NIFTY,26-DEC-2024,26000.0,26-12-2024 14:49:00,0.05,0.1,0.05,0.05,5077200.0,13550.0,2252.05,2255.65,2252.05,2255.65,941875.0,675.0
NIFTY,26-DEC-2024,26000.0,26-12-2024 14:50:00,0.05,0.1,0.05,0.05,5077200.0,7275.0,2255.65,2255.65,2255.0,2255.0,941625.0,950.0
NIFTY,26-DEC-2024,26000.0,26-12-2024 14:51:00,0.05,0.05,0.05,0.05,5077200.0,4625.0,2255.0,2257.2,2252.05,2257.2,941625.0,550.0
NIFTY,26-DEC-2024,26000.0,26-12-2024 14:52:00,0.1,0.1,0.05,0.05,5051775.0,10975.0,2257.2,2257.2,2255.9,2255.9,941550.0,375.0
NIFTY,26-DEC-2024,26000.0,26-12-2024 14:53:00,0.05,0.1,0.05,0.1,5051775.0,7900.0,2255.9,2255.9,2253.5,2253.5,941550.0,375.0
NIFTY,26-DEC-2024,26000.0,26-12-2024 14:54:00,0.05,0.1,0.05,0.1,5051775.0,8050.0,2253.5,2255.0,2253.5,2254.3,941550.0,4025.0
NIFTY,26-DEC-2024,26000.0,26-12-2024 14:55:00,0.05,0.1,0.05,0.1,5046550.0,5925.0,2254.3,2255.45,2254.0,2254.7,941425.0,5000.0
NIFTY,26-DEC-2024,26000.0,26-12-2024 14:56:00,0.1,0.1,0.05,0.1,5046550.0,15700.0,2254.7,2255.0,2252.5,2253.95,941425.0,6000.0
NIFTY,26-DEC-2024,26000.0,26-12-2024 14:57:00,0.1,0.1,0.05,0.1,5046550.0,16500.0,2253.75,2254.65,2250.05,2251.95,941425.0,4250.0
NIFTY,26-DEC-2024,26000.0,26-12-2024 14:58:00,0.1,0.1,0.05,0.1,5022725.0,5300.0,2253.0,2254.8,2250.0,2254.8,941325.0,2600.0
NIFTY,26-DEC-2024,26000.0,26-12-2024 14:59:00,0.1,0.1,0.05,0.1,5022725.0,10750.0,2254.8,2257.05,2254.8,2256.2,941325.0,4250.0
NIFTY,26-DEC-2024,26000.0,26-12-2024 15:00:00,0.1,0.1,0.05,0.1,5022725.0,9150.0,2256.2,2256.2,2253.45,2253.45,941325.0,100.0
NIFTY,26-DEC-2024,26000.0,26-12-2024 15:01:00,0.05,0.1,0.05,0.05,4994125.0,19050.0,2256.15,2256.15,2253.0,2256.05,941375.0,1250.0
NIFTY,26-DEC-2024,26000.0,26-12-2024 15:02:00,0.1,0.1,0.05,0.1,4994125.0,5350.0,2255.0,2257.0,2255.0,2257.0,941375.0,500.0
NIFTY,26-DEC-2024,26000.0,26-12-2024 15:03:00,0.05,0.1,0.05,0.1,4994125.0,3275.0,2256.25,2259.35,2255.0,2257.85,941375.0,900.0
NIFTY,26-DEC-2024,26000.0,26-12-2024 15:04:00,0.05,0.1,0.05,0.05,4981200.0,9775.0,2257.85,2258.2,2256.35,2258.2,941175.0,475.0
NIFTY,26-DEC-2024,26000.0,26-12-2024 15:05:00,0.05,0.1,0.05,0.05,4981200.0,22225.0,2258.2,2258.2,2257.65,2257.65,941175.0,850.0
NIFTY,26-DEC-2024,26000.0,26-12-2024 15:06:00,0.1,0.1,0.05,0.1,4981200.0,6000.0,2257.65,2258.85,2257.0,2257.8,941175.0,2925.0
NIFTY,26-DEC-2024,26000.0,26-12-2024 15:07:00,0.1,0.1,0.05,0.05,4977400.0,26425.0,2257.8,2257.8,2256.55,2257.1,941175.0,475.0
NIFTY,26-DEC-2024,26000.0,26-12-2024 15:08:00,0.05,0.1,0.05,0.05,4977400.0,41850.0,2257.0,2257.0,2252.0,2254.9,941125.0,1950.0
NIFTY,26-DEC-2024,26000.0,26-12-2024 15:09:00,0.05,0.1,0.05,0.1,4977400.0,11475.0,2254.9,2254.9,2252.0,2253.5,941125.0,5350.0
NIFTY,26-DEC-2024,26000.0,26-12-2024 15:10:00,0.1,0.1,0.05,0.1,4997425.0,22475.0,2253.9,2254.65,2252.0,2253.0,941075.0,8275.0
NIFTY,26-DEC-2024,26000.0,26-12-2024 15:11:00,0.1,0.1,0.1,0.1,4997425.0,8100.0,2254.0,2255.7,2252.2,2254.85,941075.0,10700.0
NIFTY,26-DEC-2024,26000.0,26-12-2024 15:12:00,0.1,0.1,0.05,0.1,4997425.0,29850.0,2254.95,2254.95,2252.0,2254.45,941075.0,15975.0
NIFTY,26-DEC-2024,26000.0,26-12-2024 15:13:00,0.1,0.1,0.05,0.1,5011350.0,2525.0,2254.4,2254.7,2253.05,2254.3,940425.0,2675.0
NIFTY,26-DEC-2024,26000.0,26-12-2024 15:14:00,0.05,0.1,0.05,0.1,5011350.0,5775.0,2254.3,2255.05,2254.0,2254.0,940425.0,1700.0
NIFTY,26-DEC-2024,26000.0,26-12-2024 15:15:00,0.05,0.05,0.05,0.05,5011350.0,16725.0,2253.9,2254.0,2252.05,2254.0,940425.0,1525.0
NIFTY,26-DEC-2024,26000.0,26-12-2024 15:16:00,0.05,0.1,0.05,0.1,4991625.0,9525.0,2254.0,2254.95,2253.95,2254.0,940250.0,2925.0
NIFTY,26-DEC-2024,26000.0,26-12-2024 15:17:00,0.1,0.1,0.05,0.1,4991625.0,9050.0,2254.0,2254.7,2253.9,2254.05,940250.0,3750.0
NIFTY,26-DEC-2024,26000.0,26-12-2024 15:18:00,0.1,0.1,0.05,0.1,4991625.0,20700.0,2253.9,2254.55,2253.0,2254.35,940250.0,9350.0
NIFTY,26-DEC-2024,26000.0,26-12-2024 15:19:00,0.1,0.1,0.05,0.1,4983825.0,21900.0,2254.65,2254.95,2254.45,2254.45,940200.0,2100.0
NIFTY,26-DEC-2024,26000.0,26-12-2024 15:20:00,0.1,0.1,0.05,0.05,4983825.0,11200.0,2254.45,2254.85,2254.4,2254.8,940200.0,2275.0
NIFTY,26-DEC-2024,26000.0,26-12-2024 15:21:00,0.05,0.1,0.05,0.1,4983825.0,6650.0,2254.8,2255.3,2254.5,2255.0,940200.0,4300.0
NIFTY,26-DEC-2024,26000.0,26-12-2024 15:22:00,0.1,0.1,0.05,0.05,4966675.0,17300.0,2255.1,2255.45,2254.4,2254.5,940175.0,6200.0
NIFTY,26-DEC-2024,26000.0,26-12-2024 15:23:00,0.05,0.1,0.05,0.05,4966675.0,2825.0,2254.3,2254.7,2254.0,2254.0,940175.0,500.0
NIFTY,26-DEC-2024,26000.0,26-12-2024 15:24:00,0.05,0.05,0.05,0.05,4966675.0,55325.0,2254.0,2254.95,2254.0,2254.75,940175.0,875.0
NIFTY,26-DEC-2024,26000.0,26-12-2024 15:25:00,0.05,0.05,0.05,0.05,4987125.0,900.0,2254.75,2254.75,2254.0,2254.6,939625.0,825.0
NIFTY,26-DEC-2024,26000.0,26-12-2024 15:26:00,0.05,0.05,0.05,0.05,4987125.0,4725.0,2254.0,2254.3,2254.0,2254.3,939625.0,175.0
NIFTY,26-DEC-2024,26000.0,26-12-2024 15:27:00,0.05,0.05,0.05,0.05,4987125.0,6000.0,2254.3,2254.3,2254.0,2254.0,939625.0,400.0
NIFTY,26-DEC-2024,26000.0,26-12-2024 15:28:00,0.05,0.05,0.05,0.05,4992050.0,1700.0,2253.95,2253.95,2253.0,2253.7,939625.0,1700.0
NIFTY,26-DEC-2024,26000.0,26-12-2024 15:29:00,0.05,0.05,0.05,0.05,4992050.0,725.0,2253.7,2254.0,2252.0,2253.75,938900.0,725.0
